token_id,ethscription_number,ethscription_id,attributes
665,6297854,0xc8dbfda3c7b868e74570f4e175b86eda394e474c6cb77979425676b00411abfb,"[{""trait_type"":""Background"",""value"":""Crimson King""},{""trait_type"":""Type"",""value"":""Gellar Spawn""},{""trait_type"":""Head"",""value"":""Antlers of Agony""},{""trait_type"":""Eyes"",""value"":""Hollowed""},{""trait_type"":""Rank"",""value"":""1""},{""trait_type"":""Ghostly Apparitions"",""value"":""Sigil of the Rug Lord""}]"
664,6297167,0xe766867b2d344901ad1b37fc1bc5faee60209e2b6e1027d61b1f94ea7cb1d004,"[{""trait_type"":""Background"",""value"":""Even dorker Dorkness""},{""trait_type"":""Type"",""value"":""Black and White Zombie""},{""trait_type"":""Mouth"",""value"":""CAAANDYYY!""},{""trait_type"":""Eyes"",""value"":""Revealed Skull""},{""trait_type"":""Rank"",""value"":""547""}]"
663,6297166,0xae0e50ee4f68671c8c7cf1e912d2444a1d751551d05bf0892e22a1b97cfd717e,"[{""trait_type"":""Background"",""value"":""Pumpin Pumpkin""},{""trait_type"":""Type"",""value"":""Purple People""},{""trait_type"":""Head"",""value"":""Wallet Drainer""},{""trait_type"":""Mouth"",""value"":""Vape""},{""trait_type"":""Eyes"",""value"":""Mask of the Dreadful Black Death""},{""trait_type"":""Rank"",""value"":""142""},{""trait_type"":""Cloths"",""value"":""BCPD Police Costume""}]"
662,6297165,0x3fe6ec42322abf8755d6756bea545ab2defb4b386d71b22fe7e1a09a5ac00b8a,"[{""trait_type"":""Background"",""value"":""Crimson King""},{""trait_type"":""Type"",""value"":""Smashed Pumpkin""},{""trait_type"":""Head"",""value"":""Fake Devil Horns""},{""trait_type"":""Eyes"",""value"":""BRAAINSSS""},{""trait_type"":""Rank"",""value"":""446""},{""trait_type"":""Ghostly Apparitions"",""value"":""Evil Smile""}]"
661,6297087,0x8250a5672aa394f60c6889788b19d29d9b3acaf9071e2c658b62c7f619351e10,"[{""trait_type"":""Background"",""value"":""Crimson King""},{""trait_type"":""Type"",""value"":""Human Melanin Level 30""},{""trait_type"":""Eyes"",""value"":""Death Cross Mask Mark II""},{""trait_type"":""Rank"",""value"":""387""},{""trait_type"":""Cloths"",""value"":""Hard Base Uniform""}]"
660,6297086,0xc5a83b20c7594bfb35d821c0b96ccd714b7bf94534f514c942555767a38fb59f,"[{""trait_type"":""Background"",""value"":""Vile Bile""},{""trait_type"":""Type"",""value"":""Black and White Zombie""},{""trait_type"":""Head"",""value"":""Wallet Drainer""},{""trait_type"":""Mouth"",""value"":""Ackchyually Gothy""},{""trait_type"":""Eyes"",""value"":""AutoSpooker Slim Edition""},{""trait_type"":""Rank"",""value"":""340""},{""trait_type"":""Cloths"",""value"":""Freddy Sweater""}]"
659,6297085,0xc852f5cbddf1b11a6ec998844e2dd2cb0a680927ffce8eaf6edf87348d5d0810,"[{""trait_type"":""Background"",""value"":""Full Moon over Block City""},{""trait_type"":""Type"",""value"":""Omega Block Zealots""},{""trait_type"":""Eyes"",""value"":""Zoned out""},{""trait_type"":""Rank"",""value"":""439""},{""trait_type"":""Cloths"",""value"":""Pumped Pumpkin Warrior""},{""trait_type"":""Full Face"",""value"":""Mask of the Dreadful Black Death""}]"
658,6297164,0xfc57eb48e8aa5e10be61b1272ca9de8091c1b15bd2a8be9ffc5264ac73d81ff3,"[{""trait_type"":""Background"",""value"":""Vile Bile""},{""trait_type"":""Type"",""value"":""Smashed Pumpkin""},{""trait_type"":""Rank"",""value"":""611""},{""trait_type"":""Cloths"",""value"":""Freddy Sweater""},{""trait_type"":""Full Face"",""value"":""Floored Ghost""}]"
657,6297163,0x2bcc54edf3511eead1920e1451c8b03473185709d0af466c3d2053d8e6e97fae,"[{""trait_type"":""Background"",""value"":""Even dorker Dorkness""},{""trait_type"":""Type"",""value"":""Zombie""},{""trait_type"":""Head"",""value"":""Fake Devil Horns""},{""trait_type"":""Mouth"",""value"":""ULULULULULUL""},{""trait_type"":""Eyes"",""value"":""Revealed Skull""},{""trait_type"":""Rank"",""value"":""215""}]"
656,6297162,0xf5c3ae01707ec59539b9ff23dfe758c660e2f9063ca95cd5db63e54f2887c5ce,"[{""trait_type"":""Background"",""value"":""Even dorker Dorkness""},{""trait_type"":""Type"",""value"":""Omega Block Zealots""},{""trait_type"":""Eyes"",""value"":""Empty Stare""},{""trait_type"":""Rank"",""value"":""607""}]"
655,6297081,0xdc9138257457422a0e4aef0a02c4196e28d350f27765f5a17888d875dc45c764,"[{""trait_type"":""Background"",""value"":""Even dorker Dorkness""},{""trait_type"":""Type"",""value"":""Bone People""},{""trait_type"":""Eyes"",""value"":""Pumpkin Vision""},{""trait_type"":""Rank"",""value"":""600""},{""trait_type"":""Full Face"",""value"":""Floored Ghost""}]"
654,6297080,0xe41ac9d1e7a9757112ee4e4dd7232a2b9fdc67973675b1aeb2ea41b7d3f654b4,"[{""trait_type"":""Background"",""value"":""Full Moon over Block City""},{""trait_type"":""Type"",""value"":""Bone People""},{""trait_type"":""Eyes"",""value"":""Death Cross Mask Mark II""},{""trait_type"":""Rank"",""value"":""616""},{""trait_type"":""Ghostly Apparitions"",""value"":""Sigil of the Rug Lord""},{""trait_type"":""Cloths"",""value"":""Dark Knight Costume""}]"
653,6297079,0x7b4e8b1466f6e740345cd8895346f926e50fb2613371664879a59202937d8530,"[{""trait_type"":""Background"",""value"":""Crimson King""},{""trait_type"":""Type"",""value"":""Bone People""},{""trait_type"":""Mouth"",""value"":""Vape""},{""trait_type"":""Eyes"",""value"":""Super cheap Ghost Mask""},{""trait_type"":""Rank"",""value"":""484""},{""trait_type"":""Cloths"",""value"":""Freddy Sweater""}]"
652,6297078,0x32f942df0c3630eed8952334c30f2fd12aa56a38cfa6ed23da357249632bf24b,"[{""trait_type"":""Background"",""value"":""Even dorker Dorkness""},{""trait_type"":""Type"",""value"":""Bone People""},{""trait_type"":""Eyes"",""value"":""Mask of the Dreadful Black Death""},{""trait_type"":""Rank"",""value"":""502""},{""trait_type"":""Ghostly Apparitions"",""value"":""Skull""},{""trait_type"":""Cloths"",""value"":""Fashion Hoodie""}]"
651,6297077,0x82897ca9f61eaa10c9bece57d7ec53257a91c11a0d756d27306c6608ff4ee2d5,"[{""trait_type"":""Background"",""value"":""Full Moon over Block City""},{""trait_type"":""Type"",""value"":""Black and White Zombie""},{""trait_type"":""Head"",""value"":""Dark Angel Wings""},{""trait_type"":""Mouth"",""value"":""Beard of the Dead""},{""trait_type"":""Eyes"",""value"":""Spooky MEV Bot Protector Blue""},{""trait_type"":""Rank"",""value"":""362""},{""trait_type"":""Cloths"",""value"":""Vampire Attack Attire""}]"
650,6297076,0x876b4a52bc24ce5888d6d3d244a759ead8f6a3daf882a5848628fed16a2fba2a,"[{""trait_type"":""Background"",""value"":""Full Moon over Block City""},{""trait_type"":""Type"",""value"":""Smashed Pumpkin""},{""trait_type"":""Head"",""value"":""Mohawk of Blood""},{""trait_type"":""Eyes"",""value"":""Zombie eyes""},{""trait_type"":""Rank"",""value"":""146""},{""trait_type"":""Ghostly Apparitions"",""value"":""Floorbagorb""},{""trait_type"":""Relics"",""value"":""Corrupted FUD Crystal""}]"
649,6297075,0xc39b131f565fcc10abed491d2c901f76ea9a6d7a3f0e50f68f9d9f7f5783e052,"[{""trait_type"":""Background"",""value"":""Crimson King""},{""trait_type"":""Type"",""value"":""Omega Block Zealots""},{""trait_type"":""Head"",""value"":""Rad Day of the Dead hat for Dads""},{""trait_type"":""Mouth"",""value"":""CAAANDYYY!""},{""trait_type"":""Eyes"",""value"":""Zombie Eye Patch""},{""trait_type"":""Rank"",""value"":""83""}]"
648,6297289,0xf416267aeac92312951d34f0874fb70ce1978122151a9f64dd3d937c0da8e174,"[{""trait_type"":""Background"",""value"":""Even dorker Dorkness""},{""trait_type"":""Type"",""value"":""Black and White Zombie""},{""trait_type"":""Mouth"",""value"":""Bone People Mouth""},{""trait_type"":""Eyes"",""value"":""Super cheap Ghost Mask""},{""trait_type"":""Rank"",""value"":""508""},{""trait_type"":""Cloths"",""value"":""Freddy Sweater""}]"
647,6297288,0x1462a13000541a782bc70033bcf758eae9468ba8350119c1c46dcc9e795e5353,"[{""trait_type"":""Background"",""value"":""Full Moon over Block City""},{""trait_type"":""Type"",""value"":""Bone People""},{""trait_type"":""Eyes"",""value"":""Death Cross Mask Mark II""},{""trait_type"":""Rank"",""value"":""471""},{""trait_type"":""Ghostly Apparitions"",""value"":""Floorbagorb""},{""trait_type"":""Cloths"",""value"":""Hard Base Uniform""}]"
646,6297287,0x163c81fddd8077b612f23365e136a16d94fa290dba1fc8e0c70af407c3fb237e,"[{""trait_type"":""Background"",""value"":""Even dorker Dorkness""},{""trait_type"":""Type"",""value"":""Omega Block Zealots""},{""trait_type"":""Head"",""value"":""Straight af""},{""trait_type"":""Mouth"",""value"":""White Pussy Magnet""},{""trait_type"":""Eyes"",""value"":""Cyclops with Hepatitis""},{""trait_type"":""Rank"",""value"":""138""},{""trait_type"":""Ghostly Apparitions"",""value"":""Sigil of the Rug Lord""},{""trait_type"":""Cloths"",""value"":""Dark Knight Costume""}]"
645,6297286,0xe763a20a74feb65f2ae89dd696faf9481cba265a699ca84a40849ac8009d5dae,"[{""trait_type"":""Background"",""value"":""Full Moon over Block City""},{""trait_type"":""Type"",""value"":""Omega Block Zealots""},{""trait_type"":""Head"",""value"":""Hash Mesh""},{""trait_type"":""Rank"",""value"":""159""},{""trait_type"":""Ghostly Apparitions"",""value"":""Evil Smile""},{""trait_type"":""Cloths"",""value"":""Classic Black Suit""},{""trait_type"":""Full Face"",""value"":""Fsvgvasdv""}]"
644,6297285,0xc35b8b6611987755382cf868f1ee93c7e0c9fa6c46b92d13812d15067adba7cf,"[{""trait_type"":""Background"",""value"":""Full Moon over Block City""},{""trait_type"":""Type"",""value"":""Bone People""},{""trait_type"":""Mouth"",""value"":""CAAANDYYY!""},{""trait_type"":""Eyes"",""value"":""Cyclops with Hepatitis""},{""trait_type"":""Rank"",""value"":""493""},{""trait_type"":""Cloths"",""value"":""Classic Black Suit""}]"
643,6297284,0x2873ef078a4d99791fe65f00eb6bdb0fe7b350e20896f18a5325fc26951742ba,"[{""trait_type"":""Background"",""value"":""Full Moon over Block City""},{""trait_type"":""Type"",""value"":""Human Melanin Level Goth""},{""trait_type"":""Head"",""value"":""Swimming Cap""},{""trait_type"":""Mouth"",""value"":""Throat of Darkness""},{""trait_type"":""Eyes"",""value"":""Sugar Rush""},{""trait_type"":""Rank"",""value"":""22""},{""trait_type"":""Cloths"",""value"":""Hard Base Uniform""}]"
642,6297283,0x2e9c59240be68066f031d147b967e1cc4786b425b8eee37e8930cae9778b1126,"[{""trait_type"":""Background"",""value"":""Even dorker Dorkness""},{""trait_type"":""Type"",""value"":""Smashed Pumpkin""},{""trait_type"":""Head"",""value"":""Spookytail Black""},{""trait_type"":""Rank"",""value"":""129""},{""trait_type"":""Cloths"",""value"":""Presidential Suit""},{""trait_type"":""Full Face"",""value"":""Floored Ghost""}]"
641,6297282,0x94af475176493757a731dc8d3cb77b6b3cfff2e2257de8e759eda3a0b517d0d2,"[{""trait_type"":""Background"",""value"":""Plums of Despair""},{""trait_type"":""Type"",""value"":""Pumpkin Suit""},{""trait_type"":""Head"",""value"":""Pigtails black""},{""trait_type"":""Eyes"",""value"":""Retarded Blood Mugger""},{""trait_type"":""Rank"",""value"":""5""},{""trait_type"":""Ghostly Apparitions"",""value"":""Floorbagorb""},{""trait_type"":""Cloths"",""value"":""Vampire Attack Attire""}]"
640,6297281,0x24df2c39eb64da2f7a3d36b67ea61e8b4e0e0f991ba49af2f20e045c3efac890,"[{""trait_type"":""Background"",""value"":""Plums of Despair""},{""trait_type"":""Type"",""value"":""Zombie""},{""trait_type"":""Head"",""value"":""Fancy Hair black""},{""trait_type"":""Mouth"",""value"":""Beard of the Dead""},{""trait_type"":""Eyes"",""value"":""Hollowed""},{""trait_type"":""Rank"",""value"":""128""},{""trait_type"":""Relics"",""value"":""Corrupted FUD Crystal""},{""trait_type"":""Cloths"",""value"":""Freddy Sweater""}]"
639,6297423,0x9fca5eefef99d74ab4e2fca59b7fe73ec85d92da883ecfb6fc6e8db887e6c9f5,"[{""trait_type"":""Background"",""value"":""Crimson King""},{""trait_type"":""Type"",""value"":""Black and White Zombie""},{""trait_type"":""Head"",""value"":""Crown of Sorrows""},{""trait_type"":""Eyes"",""value"":""Cyclops with Hepatitis""},{""trait_type"":""Rank"",""value"":""408""},{""trait_type"":""Cloths"",""value"":""Black Hoodie""}]"
638,6297371,0x3aa06158f3783e124b149615a86226360a2f60c753cd1d77d952070f7230a5e2,"[{""trait_type"":""Background"",""value"":""Full Moon over Block City""},{""trait_type"":""Type"",""value"":""Black and White Zombie""},{""trait_type"":""Head"",""value"":""Stylish Death Knight Horn Replicas""},{""trait_type"":""Mouth"",""value"":""Ackchyually Gothy""},{""trait_type"":""Eyes"",""value"":""Hollowed""},{""trait_type"":""Rank"",""value"":""411""},{""trait_type"":""Cloths"",""value"":""Dark Knight Costume""}]"
637,6297278,0x7d5491acf3a95d389edcf20cdf4eaa4c95a17018ee4d68d1109bc04623e4a9fc,"[{""trait_type"":""Background"",""value"":""Full Moon over Block City""},{""trait_type"":""Type"",""value"":""Pumpkin Suit""},{""trait_type"":""Mouth"",""value"":""Beard of the Dead""},{""trait_type"":""Eyes"",""value"":""Hollowed""},{""trait_type"":""Rank"",""value"":""584""},{""trait_type"":""Ghostly Apparitions"",""value"":""Ghost""}]"
636,6297277,0x65cc63bc21d066d6b6b859dca47c2ff99929482598833f2d665d81aabdc9e95e,"[{""trait_type"":""Background"",""value"":""Full Moon over Block City""},{""trait_type"":""Type"",""value"":""Human Melanin Level 80""},{""trait_type"":""Head"",""value"":""Wild Purple Hair""},{""trait_type"":""Mouth"",""value"":""Jack-o-Lantern""},{""trait_type"":""Eyes"",""value"":""Watching Interview with the Vampire""},{""trait_type"":""Rank"",""value"":""30""},{""trait_type"":""Ghostly Apparitions"",""value"":""Skull""}]"
635,6297276,0xa17c3c11c755065eb65936d7f3a8ea306920f292c9b325fe1fc165f63dc28f69,"[{""trait_type"":""Background"",""value"":""Crimson King""},{""trait_type"":""Type"",""value"":""Smashed Pumpkin""},{""trait_type"":""Mouth"",""value"":""Pumpkin Teeth""},{""trait_type"":""Eyes"",""value"":""Aviators""},{""trait_type"":""Rank"",""value"":""219""},{""trait_type"":""Ghostly Apparitions"",""value"":""Ghost""}]"
634,6297275,0x7e4fb4840197fef7f2fb00d736cb6d6259472eb76de825b5e72cf11ae3e55103,"[{""trait_type"":""Background"",""value"":""Even dorker Dorkness""},{""trait_type"":""Type"",""value"":""Ghost Chain People""},{""trait_type"":""Head"",""value"":""Fancy Hair blonde""},{""trait_type"":""Mouth"",""value"":""Genuine Jaw""},{""trait_type"":""Eyes"",""value"":""Gooey Scriboor Visoor""},{""trait_type"":""Rank"",""value"":""61""}]"
633,6297274,0xb9ce455e2a69c646b47121b18933654ec8bd9cfa31b6fb66f5e654e6a0a38e0d,"[{""trait_type"":""Background"",""value"":""Full Moon over Block City""},{""trait_type"":""Type"",""value"":""Omega Block Zealots""},{""trait_type"":""Mouth"",""value"":""Horny""},{""trait_type"":""Eyes"",""value"":""Pumpkin Vision""},{""trait_type"":""Rank"",""value"":""373""},{""trait_type"":""Ghostly Apparitions"",""value"":""Floorbagorb""},{""trait_type"":""Cloths"",""value"":""Vampire Attack Attire""}]"
632,6297273,0xbb5603b5a3dcae251252b9919b3d826044747a5be78e77ddd966bb5ccb52cf73,"[{""trait_type"":""Background"",""value"":""Full Moon over Block City""},{""trait_type"":""Type"",""value"":""Omega Block Zealots""},{""trait_type"":""Head"",""value"":""Fake Devil Horns""},{""trait_type"":""Mouth"",""value"":""Ackchyually Gothy""},{""trait_type"":""Eyes"",""value"":""Retarded Blood Mugger""},{""trait_type"":""Rank"",""value"":""496""}]"
631,6297272,0x8304c121f119f2bc5a3084da5c2992cf14d0e9db916014f808bed4231de8f614,"[{""trait_type"":""Background"",""value"":""Pumpin Pumpkin""},{""trait_type"":""Type"",""value"":""Human Melanin Level 80""},{""trait_type"":""Rank"",""value"":""323""},{""trait_type"":""Cloths"",""value"":""General of the Adeptus Cuborum""},{""trait_type"":""Full Face"",""value"":""Floored Ghost""}]"
630,6297271,0xad8b1e05e71ab85521b55e097ce98608eecbc12816549fae313f19401892cfa9,"[{""trait_type"":""Background"",""value"":""Even dorker Dorkness""},{""trait_type"":""Type"",""value"":""Black and White Zombie""},{""trait_type"":""Mouth"",""value"":""CAAANDYYY!""},{""trait_type"":""Eyes"",""value"":""BRAAINSSS""},{""trait_type"":""Rank"",""value"":""442""},{""trait_type"":""Ghostly Apparitions"",""value"":""Floorbagorb""},{""trait_type"":""Cloths"",""value"":""Dark Knight Costume""}]"
629,6297270,0x61589baf1db8440f3669d12699654efe2717e35932855c842c7b107f2a444662,"[{""trait_type"":""Background"",""value"":""Pumpin Pumpkin""},{""trait_type"":""Type"",""value"":""Black and White Zombie""},{""trait_type"":""Rank"",""value"":""580""},{""trait_type"":""Ghostly Apparitions"",""value"":""Sigil of the Rug Lord""},{""trait_type"":""Cloths"",""value"":""Pumped Pumpkin Warrior""},{""trait_type"":""Full Face"",""value"":""Mask of the Dreadful Black Death""}]"
628,6297269,0xc9398f787f97d29430f1ace5f5d30b3946ffde03d3cb0ae0fc8cfe3956342082,"[{""trait_type"":""Background"",""value"":""Full Moon over Block City""},{""trait_type"":""Type"",""value"":""Bone People""},{""trait_type"":""Head"",""value"":""Evil Wizard Hat""},{""trait_type"":""Eyes"",""value"":""Empty Stare""},{""trait_type"":""Rank"",""value"":""416""},{""trait_type"":""Cloths"",""value"":""Vampire Attack Attire""}]"
627,6297268,0x8338cf08e013905a755fae5adaae105700e040f335d27827f8085c255373546d,"[{""trait_type"":""Background"",""value"":""Even dorker Dorkness""},{""trait_type"":""Type"",""value"":""Zombie""},{""trait_type"":""Mouth"",""value"":""Jack-o-Lantern""},{""trait_type"":""Eyes"",""value"":""Spooky MEV Bot Protector Orange""},{""trait_type"":""Rank"",""value"":""358""},{""trait_type"":""Cloths"",""value"":""Vampire Attack Attire""}]"
626,6297267,0xad1d25782812e261246fc7e1317c81cba2fc2be924f4d8667ae3f5d9bd7fe791,"[{""trait_type"":""Background"",""value"":""Full Moon over Block City""},{""trait_type"":""Type"",""value"":""Smashed Pumpkin""},{""trait_type"":""Head"",""value"":""Spookytail Black""},{""trait_type"":""Mouth"",""value"":""Pumpkin Teeth""},{""trait_type"":""Eyes"",""value"":""Retarded Blood Mugger""},{""trait_type"":""Rank"",""value"":""103""},{""trait_type"":""Cloths"",""value"":""Freddy Sweater""}]"
625,6297266,0x920c4457d55503eca700eff9232190aed8d31aa944208765988f1aba28deaa28,"[{""trait_type"":""Background"",""value"":""Vile Bile""},{""trait_type"":""Type"",""value"":""Zombie""},{""trait_type"":""Head"",""value"":""Stylish Death Knight Horn Replicas""},{""trait_type"":""Mouth"",""value"":""White Pussy Magnet""},{""trait_type"":""Eyes"",""value"":""AutoSpooker Slim Edition""},{""trait_type"":""Rank"",""value"":""441""}]"
624,6297265,0x410e45e10306b992277d8ef5272e1286b1b381f9b9a4793ca17be3d552f0336d,"[{""trait_type"":""Background"",""value"":""Pumpin Pumpkin""},{""trait_type"":""Type"",""value"":""Bone People""},{""trait_type"":""Head"",""value"":""Stylish Death Knight Horn Replicas""},{""trait_type"":""Eyes"",""value"":""Death Cross Mask Mark II""},{""trait_type"":""Rank"",""value"":""568""}]"
623,6297264,0x89f6a618b69ecb9635a0bfa6d71584b2ab4a06b4c9587a6e34cb2578c3832c1f,"[{""trait_type"":""Background"",""value"":""Crimson King""},{""trait_type"":""Type"",""value"":""Smashed Pumpkin""},{""trait_type"":""Head"",""value"":""Slick""},{""trait_type"":""Mouth"",""value"":""Pumpkin Teeth""},{""trait_type"":""Eyes"",""value"":""Sugar Rush""},{""trait_type"":""Rank"",""value"":""64""}]"
622,6297263,0x0a5fa397fdb85f1260bae0690977c6bf7cc1d461745bd620d9dc174950cf7ac0,"[{""trait_type"":""Background"",""value"":""Pumpin Pumpkin""},{""trait_type"":""Type"",""value"":""Black and White Zombie""},{""trait_type"":""Mouth"",""value"":""Bone People Mouth""},{""trait_type"":""Eyes"",""value"":""Aviators""},{""trait_type"":""Rank"",""value"":""98""},{""trait_type"":""Ghostly Apparitions"",""value"":""Spooky Skull""},{""trait_type"":""Relics"",""value"":""Blessed Pile of Candy""}]"
621,6297262,0xe987421c6fe58d7940d99c217fa13922350a1d040a797818ef18ad192c77f994,"[{""trait_type"":""Background"",""value"":""Full Moon over Block City""},{""trait_type"":""Type"",""value"":""Bone People""},{""trait_type"":""Head"",""value"":""Slick""},{""trait_type"":""Mouth"",""value"":""Ackchyually Gothy""},{""trait_type"":""Eyes"",""value"":""BRAAINSSS""},{""trait_type"":""Rank"",""value"":""108""},{""trait_type"":""Cloths"",""value"":""Dark Knight Costume""}]"
620,6297261,0x0f71b31739cb07bafcf1f8a83ee1445deecd062ad96bcdf9cb1648b42f7868cb,"[{""trait_type"":""Background"",""value"":""Full Moon over Block City""},{""trait_type"":""Type"",""value"":""Zombie""},{""trait_type"":""Eyes"",""value"":""Sugar Rush""},{""trait_type"":""Rank"",""value"":""657""}]"
619,6297260,0xe0d6725700a2c2f1bf9ad18d6ce05752da3486aa2f153f1ed44398465e60196d,"[{""trait_type"":""Background"",""value"":""Even dorker Dorkness""},{""trait_type"":""Type"",""value"":""Omega Block Zealots""},{""trait_type"":""Head"",""value"":""Slick""},{""trait_type"":""Mouth"",""value"":""White Pussy Magnet""},{""trait_type"":""Eyes"",""value"":""AutoSpooker Slim Edition""},{""trait_type"":""Rank"",""value"":""162""}]"
618,6297259,0x392e63a473eca2cdff2dbc48e3c34e94c5349323227a0d917ded86d8dffbe639,"[{""trait_type"":""Background"",""value"":""Even dorker Dorkness""},{""trait_type"":""Type"",""value"":""Smashed Pumpkin""},{""trait_type"":""Head"",""value"":""Fancy Hair black""},{""trait_type"":""Mouth"",""value"":""Pumpkin Tongue""},{""trait_type"":""Eyes"",""value"":""SKULLS FOR THE SKULL GOD v2""},{""trait_type"":""Rank"",""value"":""85""}]"
617,6297258,0x3f38af381c3e28333a988af46ceb4f04eebcd4e0a2a4bf4e4ebf0a635974dc41,"[{""trait_type"":""Background"",""value"":""Even dorker Dorkness""},{""trait_type"":""Type"",""value"":""Sugar Skullz""},{""trait_type"":""Mouth"",""value"":""Genuine Jaw""},{""trait_type"":""Eyes"",""value"":""Hollowed""},{""trait_type"":""Rank"",""value"":""348""},{""trait_type"":""Ghostly Apparitions"",""value"":""Sigil of the Rug Lord""}]"
616,6297257,0x1ce900a55c41be2f4d3641e5e5c280ae7741e5773e08afcb4fe0844b01be8479,"[{""trait_type"":""Background"",""value"":""Even dorker Dorkness""},{""trait_type"":""Type"",""value"":""Zombie""},{""trait_type"":""Eyes"",""value"":""Hollowed""},{""trait_type"":""Rank"",""value"":""659""}]"
615,6297256,0x7cc15692ad09a9e7f1217b85cd6c0c7a956bdbdae2cde16287dc3ae64b412722,"[{""trait_type"":""Background"",""value"":""Dios de los Muertos""},{""trait_type"":""Type"",""value"":""Pumpkin Suit""},{""trait_type"":""Head"",""value"":""Stylish Death Knight Horn Replicas""},{""trait_type"":""Mouth"",""value"":""Jack-o-Lantern""},{""trait_type"":""Eyes"",""value"":""Gooey Scriboor Visoor""},{""trait_type"":""Rank"",""value"":""155""},{""trait_type"":""Ghostly Apparitions"",""value"":""Spooky Skull""}]"
614,6297255,0x7341666d5447222cd8ef71ef334e67e4dba44ddddf7ea58112e2c53c3b51ac8e,"[{""trait_type"":""Background"",""value"":""Even dorker Dorkness""},{""trait_type"":""Type"",""value"":""Zombie""},{""trait_type"":""Eyes"",""value"":""Sunken Eye""},{""trait_type"":""Rank"",""value"":""592""},{""trait_type"":""Cloths"",""value"":""Freddy Sweater""}]"
613,6297254,0x2164b0b8caa79b10f0ea02bda3b2227c694abbb865d4fa9dfbb3b73dcc083eef,"[{""trait_type"":""Background"",""value"":""Even dorker Dorkness""},{""trait_type"":""Type"",""value"":""Smashed Pumpkin""},{""trait_type"":""Mouth"",""value"":""Bonus Eye""},{""trait_type"":""Eyes"",""value"":""Skull Plate""},{""trait_type"":""Rank"",""value"":""150""}]"
612,6297253,0x144621940469dbbd204c852a076ae37d94bd2c795e4ceda055650144920a897d,"[{""trait_type"":""Background"",""value"":""Full Moon over Block City""},{""trait_type"":""Type"",""value"":""Omega Block Zealots""},{""trait_type"":""Rank"",""value"":""635""},{""trait_type"":""Cloths"",""value"":""Freddy Sweater""},{""trait_type"":""Full Face"",""value"":""Pirates of the Drain Plains Costume""}]"
611,6297252,0xb8899bbbf8153977393f3175b589bf3e70fc9bd41c54d8ad343d6b47cd6b4370,"[{""trait_type"":""Background"",""value"":""Full Moon over Block City""},{""trait_type"":""Type"",""value"":""Omega Block Zealots""},{""trait_type"":""Eyes"",""value"":""Retarded Blood Mugger""},{""trait_type"":""Rank"",""value"":""321""},{""trait_type"":""Relics"",""value"":""Jef's Scepter of Skullability""},{""trait_type"":""Cloths"",""value"":""Freddy Sweater""}]"
610,6297251,0xae901b8ece6bda51c41bee5f1608ae80f1b5ba762c692ea4e79d9eb966e78f3b,"[{""trait_type"":""Background"",""value"":""Even dorker Dorkness""},{""trait_type"":""Type"",""value"":""Black and White Zombie""},{""trait_type"":""Mouth"",""value"":""Beard of the Dead""},{""trait_type"":""Eyes"",""value"":""Zoned out""},{""trait_type"":""Rank"",""value"":""433""},{""trait_type"":""Ghostly Apparitions"",""value"":""Skull""},{""trait_type"":""Cloths"",""value"":""Dark Knight Costume""}]"
609,6297250,0x5d5d63c93572ac8f431e5cecaf27e8344434d16060800d2b2f2053b23fbb1f72,"[{""trait_type"":""Background"",""value"":""Blood Moon over Block City""},{""trait_type"":""Type"",""value"":""Gellar Spawn""},{""trait_type"":""Mouth"",""value"":""Throat of Darkness""},{""trait_type"":""Eyes"",""value"":""Sunken Eye""},{""trait_type"":""Rank"",""value"":""293""},{""trait_type"":""Ghostly Apparitions"",""value"":""Ghost""},{""trait_type"":""Cloths"",""value"":""Freddy Sweater""}]"
608,6297249,0x20cd328f0b5ff285198a2074187f08a7c464f994a7e9b38051b8744ce1239cc6,"[{""trait_type"":""Background"",""value"":""Pumpin Pumpkin""},{""trait_type"":""Type"",""value"":""Zombie""},{""trait_type"":""Mouth"",""value"":""Beard of the Dead""},{""trait_type"":""Eyes"",""value"":""BRAAINSSS""},{""trait_type"":""Rank"",""value"":""528""},{""trait_type"":""Cloths"",""value"":""Pumped Pumpkin Warrior""}]"
607,6297963,0x5ea4a767fba8081c700d4cc16b94ee733e84aaca3751b424c2410c1f2a1c78c5,"[{""trait_type"":""Background"",""value"":""Even dorker Dorkness""},{""trait_type"":""Type"",""value"":""Sugar Skullz""},{""trait_type"":""Head"",""value"":""Bone Crown""},{""trait_type"":""Eyes"",""value"":""Aviators""},{""trait_type"":""Rank"",""value"":""256""},{""trait_type"":""Ghostly Apparitions"",""value"":""Skull""}]"
606,6297247,0x0f30bcd0cfc288efb541df43280697381b69b5be210bc95ac15bb12a7d20f72d,"[{""trait_type"":""Background"",""value"":""Plums of Despair""},{""trait_type"":""Type"",""value"":""Bone People""},{""trait_type"":""Eyes"",""value"":""Insufferable Eye Extension""},{""trait_type"":""Rank"",""value"":""641""},{""trait_type"":""Cloths"",""value"":""Freddy Sweater""}]"
605,6297246,0x7f797c0ccfb4c6f7494b97537c47f6d26f1d0718c0d6e0f7dc905fbab06bdf1c,"[{""trait_type"":""Background"",""value"":""Crimson King""},{""trait_type"":""Type"",""value"":""Bone People""},{""trait_type"":""Head"",""value"":""Spookytail Blonde""},{""trait_type"":""Rank"",""value"":""66""},{""trait_type"":""Full Face"",""value"":""Fsvgvasdv""}]"
604,6297245,0x962a91473302daa30a9d4ae49431f326c37bbc1d3acaebec2ee81076c667d730,"[{""trait_type"":""Background"",""value"":""Full Moon over Block City""},{""trait_type"":""Type"",""value"":""Bone People""},{""trait_type"":""Head"",""value"":""Tippy Toppy Top Hat""},{""trait_type"":""Mouth"",""value"":""Candy Crusher 500 Kids Edition""},{""trait_type"":""Eyes"",""value"":""Retarded Blood Mugger""},{""trait_type"":""Rank"",""value"":""16""},{""trait_type"":""Cloths"",""value"":""BCPD Police Costume""}]"
603,6297244,0x9dffabeaebaedbcf75d2b28e12016881fd99978e816c07421d588e1633c43efc,"[{""trait_type"":""Background"",""value"":""Full Moon over Block City""},{""trait_type"":""Type"",""value"":""Black and White Zombie""},{""trait_type"":""Head"",""value"":""Spooky Void Bat Hat""},{""trait_type"":""Eyes"",""value"":""AutoSpooker Slim Edition""},{""trait_type"":""Rank"",""value"":""520""}]"
602,6297243,0x70e122831f52b98cebbe475c73abba5ad0c55a2f3facf8de7a333eb1c481fdc3,"[{""trait_type"":""Background"",""value"":""Full Moon over Block City""},{""trait_type"":""Type"",""value"":""Omega Block Zealots""},{""trait_type"":""Head"",""value"":""Bubble Tea Hair""},{""trait_type"":""Eyes"",""value"":""Orange Visoor""},{""trait_type"":""Rank"",""value"":""151""}]"
601,6297242,0x554831a537983ef413c6858d6f62de11636120922de147af0fb476da7d2b4403,"[{""trait_type"":""Background"",""value"":""Vile Bile""},{""trait_type"":""Type"",""value"":""Bone People""},{""trait_type"":""Head"",""value"":""Dark Angel Wings""},{""trait_type"":""Mouth"",""value"":""Candy Crusher 500 Kids Edition""},{""trait_type"":""Eyes"",""value"":""Cyclops with Hepatitis""},{""trait_type"":""Rank"",""value"":""305""},{""trait_type"":""Ghostly Apparitions"",""value"":""Floorbagorb""},{""trait_type"":""Cloths"",""value"":""Dark Knight Costume""}]"
600,6297241,0x608272fc0db0ed706cde6e35bce41279068b0a131ad0fa5f92ade3c6eacd7e46,"[{""trait_type"":""Background"",""value"":""Pumpin Pumpkin""},{""trait_type"":""Type"",""value"":""Zombie""},{""trait_type"":""Mouth"",""value"":""Sniffmaster 9000""},{""trait_type"":""Eyes"",""value"":""Revealed Skull""},{""trait_type"":""Rank"",""value"":""468""}]"
599,6297240,0x8e8c370e46ae3d0cc96fb309c3711666dad327b8ac425f439ea4b8a78744b4d1,"[{""trait_type"":""Background"",""value"":""Vile Bile""},{""trait_type"":""Type"",""value"":""Pumpkin Suit""},{""trait_type"":""Mouth"",""value"":""Throat of Darkness""},{""trait_type"":""Eyes"",""value"":""Retarded Blood Mugger""},{""trait_type"":""Rank"",""value"":""304""},{""trait_type"":""Ghostly Apparitions"",""value"":""Spooky Skull""},{""trait_type"":""Cloths"",""value"":""Shady Lawyer Suite""}]"
598,6297239,0x561390fd7013d8af8a8290df9897cfa835d651f01c4dbd7826b17d6e48dba4d9,"[{""trait_type"":""Background"",""value"":""Full Moon over Block City""},{""trait_type"":""Type"",""value"":""Sugar Skullz""},{""trait_type"":""Eyes"",""value"":""Inner Vision""},{""trait_type"":""Rank"",""value"":""571""},{""trait_type"":""Cloths"",""value"":""Freddy Sweater""}]"
597,6297238,0x68c6ed5430fe12b53e2aa6d73079aecbbd0237002bf79105fb8624d70fbd8c7d,"[{""trait_type"":""Background"",""value"":""Plums of Despair""},{""trait_type"":""Type"",""value"":""Omega Block Zealots""},{""trait_type"":""Head"",""value"":""Stuntman Helmet (PUNKAYC)""},{""trait_type"":""Eyes"",""value"":""AutoSpooker Slim Edition""},{""trait_type"":""Rank"",""value"":""69""},{""trait_type"":""Cloths"",""value"":""Dark Knight Costume""}]"
596,6297237,0x5b1c1a9b0abb7a5ec46de51d94cdef9a2a35e5e1c30684226332953b86b80887,"[{""trait_type"":""Background"",""value"":""Plums of Despair""},{""trait_type"":""Type"",""value"":""Omega Block Zealots""},{""trait_type"":""Head"",""value"":""Dark Knights Helmet""},{""trait_type"":""Eyes"",""value"":""Pumpkin Vision""},{""trait_type"":""Rank"",""value"":""160""},{""trait_type"":""Cloths"",""value"":""Dark Knight Costume""},{""trait_type"":""Relics"",""value"":""Sword of Discord""}]"
595,6297236,0x4fd8a4180c326ca54f6fb6ed5a6b889b359331e9d58b69535e7f1498401629fe,"[{""trait_type"":""Background"",""value"":""Even dorker Dorkness""},{""trait_type"":""Type"",""value"":""Zombie""},{""trait_type"":""Rank"",""value"":""655""},{""trait_type"":""Full Face"",""value"":""Floored Ghost""}]"
594,6297235,0x877df59f73f5c61aed0b3ede3c6c2ba315e45c48f2f6489cd261f24ab95acd84,"[{""trait_type"":""Background"",""value"":""Even dorker Dorkness""},{""trait_type"":""Type"",""value"":""Bone People""},{""trait_type"":""Mouth"",""value"":""Lick it""},{""trait_type"":""Eyes"",""value"":""Inner Vision""},{""trait_type"":""Rank"",""value"":""357""},{""trait_type"":""Cloths"",""value"":""Dark Knight Costume""}]"
593,6297234,0x16e6e6aa950fa0a6e768b078800cbaff4087a5320cb4238d9a15dfcf03a05c86,"[{""trait_type"":""Background"",""value"":""Full Moon over Block City""},{""trait_type"":""Type"",""value"":""Human Melanin Level 30""},{""trait_type"":""Head"",""value"":""Skull Bandana""},{""trait_type"":""Eyes"",""value"":""Terrfiying Scamlord Martha Focker Mask""},{""trait_type"":""Rank"",""value"":""156""},{""trait_type"":""Ghostly Apparitions"",""value"":""Evil Smile""},{""trait_type"":""Cloths"",""value"":""Fashion Hoodie""}]"
592,6297233,0xfbd427ef394fe38f3f827610426ff27caadce6cbbf4e29647f180c11c9d7704c,"[{""trait_type"":""Background"",""value"":""Vile Bile""},{""trait_type"":""Type"",""value"":""Omega Block Zealots""},{""trait_type"":""Eyes"",""value"":""Sugar Rush""},{""trait_type"":""Rank"",""value"":""651""}]"
591,6297232,0x82a526c070f5be2a53c93e40b60513ff17a7feae2d4c607634460bf092816089,"[{""trait_type"":""Background"",""value"":""Even dorker Dorkness""},{""trait_type"":""Type"",""value"":""Bone People""},{""trait_type"":""Head"",""value"":""Pumpkin Helmet""},{""trait_type"":""Eyes"",""value"":""Terrfiying Scamlord Martha Focker Mask""},{""trait_type"":""Rank"",""value"":""350""}]"
590,6297231,0x4c6cf07757e2a2dcc3769b30e1b803d513f180b7d31566eead1b511abcec43f0,"[{""trait_type"":""Background"",""value"":""Crimson King""},{""trait_type"":""Type"",""value"":""Black and White Zombie""},{""trait_type"":""Mouth"",""value"":""Beard of the Dead""},{""trait_type"":""Eyes"",""value"":""BRAAINSSS""},{""trait_type"":""Rank"",""value"":""532""},{""trait_type"":""Cloths"",""value"":""Pumped Pumpkin Warrior""}]"
589,6297230,0x68b7fdab79cd9db6d3821e0e1038179c55571a45bd1cf999238ff2b969d87823,"[{""trait_type"":""Background"",""value"":""Full Moon over Block City""},{""trait_type"":""Type"",""value"":""Gellar Spawn""},{""trait_type"":""Head"",""value"":""Dark Angel Wings""},{""trait_type"":""Mouth"",""value"":""Ackchyually Gothy""},{""trait_type"":""Eyes"",""value"":""Aviators""},{""trait_type"":""Rank"",""value"":""281""}]"
588,6297229,0x531f41e52b2a9f3c863f804414f5811d352cf42cef2c8f2630884ea71e7c882d,"[{""trait_type"":""Background"",""value"":""Full Moon over Block City""},{""trait_type"":""Type"",""value"":""Zombie""},{""trait_type"":""Mouth"",""value"":""Throat of Darkness""},{""trait_type"":""Eyes"",""value"":""AutoSpooker Slim Edition""},{""trait_type"":""Rank"",""value"":""470""},{""trait_type"":""Cloths"",""value"":""General of the Adeptus Cuborum""}]"
587,6297228,0x902bcaa881ad2b7eb4dc7ef8c4878cbc5c543a364632ec69eaa69f9c2893eaa2,"[{""trait_type"":""Background"",""value"":""Pumpin Pumpkin""},{""trait_type"":""Type"",""value"":""Zombie""},{""trait_type"":""Eyes"",""value"":""Death Cross Mask Mark II""},{""trait_type"":""Rank"",""value"":""609""},{""trait_type"":""Cloths"",""value"":""Vampire Attack Attire""}]"
586,6297227,0xb4ebb17d6e7b33a93caac1624be1a69a328a26dcb1eb78c892120f3e47c3cdfd,"[{""trait_type"":""Background"",""value"":""Plums of Despair""},{""trait_type"":""Type"",""value"":""Gellar Spawn""},{""trait_type"":""Head"",""value"":""Fancy Hair blonde""},{""trait_type"":""Mouth"",""value"":""Insecure Laughter""},{""trait_type"":""Eyes"",""value"":""Sugar Rush""},{""trait_type"":""Rank"",""value"":""27""},{""trait_type"":""Ghostly Apparitions"",""value"":""Skull""},{""trait_type"":""Cloths"",""value"":""Red Hoodie""}]"
585,6297177,0x77a9c5ed893ee4796a93e09286e9f3ccc9a62c6660c03a7a8e58954aee0ae222,"[{""trait_type"":""Background"",""value"":""Full Moon over Block City""},{""trait_type"":""Type"",""value"":""Pumpkin Suit""},{""trait_type"":""Head"",""value"":""Spookytail Black""},{""trait_type"":""Rank"",""value"":""200""},{""trait_type"":""Cloths"",""value"":""Red Hoodie""},{""trait_type"":""Full Face"",""value"":""Floored Ghost""}]"
584,6297176,0x3e32f54ba07da62cd42ad6be695c95817a6b2b50f863f22ef9b0ee687d7fc767,"[{""trait_type"":""Background"",""value"":""Even dorker Dorkness""},{""trait_type"":""Type"",""value"":""Omega Block Zealots""},{""trait_type"":""Rank"",""value"":""581""},{""trait_type"":""Ghostly Apparitions"",""value"":""Skull""},{""trait_type"":""Cloths"",""value"":""Vampire Attack Attire""},{""trait_type"":""Full Face"",""value"":""Pirates of the Drain Plains Costume""}]"
583,6297175,0x9b7783f88c42ab7c81c7e75381b78c68d2457c47656dd7553531ecb26b485f00,"[{""trait_type"":""Background"",""value"":""Full Moon over Block City""},{""trait_type"":""Type"",""value"":""Human Melanin Level Goth""},{""trait_type"":""Head"",""value"":""Evil Wizard Hat""},{""trait_type"":""Mouth"",""value"":""Bad Mood""},{""trait_type"":""Eyes"",""value"":""Spooky MEV Bot Protector Blue""},{""trait_type"":""Rank"",""value"":""131""}]"
582,6297174,0x2636252e5fbcd4de1f4fb33c3b2380e2efd6cbd9468a367e6de8646735bc72c6,"[{""trait_type"":""Background"",""value"":""Blood Moon over Block City""},{""trait_type"":""Type"",""value"":""Human Melanin Level Goth""},{""trait_type"":""Head"",""value"":""Fake Devil Horns""},{""trait_type"":""Mouth"",""value"":""CAAANDYYY!""},{""trait_type"":""Eyes"",""value"":""Sunken Eye""},{""trait_type"":""Rank"",""value"":""135""}]"
581,6297173,0x478fca9f944be3ec8862e4ec5a69bb03358f5371f80d4d062f1f767d46289ea0,"[{""trait_type"":""Background"",""value"":""Even dorker Dorkness""},{""trait_type"":""Type"",""value"":""Omega Block Zealots""},{""trait_type"":""Head"",""value"":""Evil Scriptoadz Companion""},{""trait_type"":""Eyes"",""value"":""Retarded Blood Mugger""},{""trait_type"":""Rank"",""value"":""437""},{""trait_type"":""Cloths"",""value"":""Dark Knight Costume""}]"
580,6297172,0x62a242ca6a617ad312598bb7559f7b169e406b9197423db2974b67ed9ef31825,"[{""trait_type"":""Background"",""value"":""Full Moon over Block City""},{""trait_type"":""Type"",""value"":""Black and White Zombie""},{""trait_type"":""Head"",""value"":""Skull Bandana""},{""trait_type"":""Mouth"",""value"":""Genuine Jaw""},{""trait_type"":""Eyes"",""value"":""Zombie Eye Patch""},{""trait_type"":""Rank"",""value"":""59""},{""trait_type"":""Cloths"",""value"":""Black Hoodie""}]"
579,6297171,0xcd375d95ffcf563fa151698619ac1ecb72858229345beac02a96a8fa26163be7,"[{""trait_type"":""Background"",""value"":""Full Moon over Block City""},{""trait_type"":""Type"",""value"":""Bone People""},{""trait_type"":""Mouth"",""value"":""Vape""},{""trait_type"":""Eyes"",""value"":""Shiny Official Rug Lord Fan Club Glasses""},{""trait_type"":""Rank"",""value"":""422""},{""trait_type"":""Ghostly Apparitions"",""value"":""Skull""}]"
578,6297226,0xb7b265affeafb12016dcd4808a76a9d2f10376e3ec5b0fb19d4ac3c9a4959a2d,"[{""trait_type"":""Background"",""value"":""Blood Moon over Block City""},{""trait_type"":""Type"",""value"":""Omega Block Zealots""},{""trait_type"":""Head"",""value"":""Fake Devil Horns""},{""trait_type"":""Eyes"",""value"":""Sunken Eye""},{""trait_type"":""Rank"",""value"":""169""},{""trait_type"":""Cloths"",""value"":""Shady Lawyer Suite""},{""trait_type"":""Full Face"",""value"":""Floored Ghost""}]"
577,6297225,0x251177456aef2d3cdfb81a5293748139b6ec09639da873125d4076cc01308eb5,"[{""trait_type"":""Background"",""value"":""Full Moon over Block City""},{""trait_type"":""Type"",""value"":""Gellar Spawn""},{""trait_type"":""Mouth"",""value"":""Proud af""},{""trait_type"":""Eyes"",""value"":""Retarded Blood Mugger""},{""trait_type"":""Rank"",""value"":""409""}]"
576,6297224,0xfe47afda8771065da44c122a1b8da90d1f1ab3c61136ca16085f0930d43bb7ff,"[{""trait_type"":""Background"",""value"":""Even dorker Dorkness""},{""trait_type"":""Type"",""value"":""Purple People""},{""trait_type"":""Head"",""value"":""Bone Crown""},{""trait_type"":""Eyes"",""value"":""Terrfiying Scamlord Martha Focker Mask""},{""trait_type"":""Rank"",""value"":""174""},{""trait_type"":""Ghostly Apparitions"",""value"":""Ghost""},{""trait_type"":""Cloths"",""value"":""Fashion Hoodie""}]"
575,6297223,0x70d9f2447853abf22657767d4724658cf36783748f356e2fd2e18eb721198c05,"[{""trait_type"":""Background"",""value"":""Even dorker Dorkness""},{""trait_type"":""Type"",""value"":""Black and White Zombie""},{""trait_type"":""Head"",""value"":""Death Cap Shower Cap""},{""trait_type"":""Eyes"",""value"":""Sugar Rush""},{""trait_type"":""Rank"",""value"":""480""}]"
574,6297222,0x0900723e54837293a2bb414185eb9ecea00f19b6cd5c94158e4b0f8967032991,"[{""trait_type"":""Background"",""value"":""Even dorker Dorkness""},{""trait_type"":""Type"",""value"":""Purple People""},{""trait_type"":""Head"",""value"":""Crown of Sorrows""},{""trait_type"":""Eyes"",""value"":""Sugar Rush""},{""trait_type"":""Rank"",""value"":""521""}]"
573,6297221,0x8cf3b2316edf99811ef93a9c4e434fbaf4dd6a73a0a0a0ce9a395429462e78d8,"[{""trait_type"":""Background"",""value"":""Full Moon over Block City""},{""trait_type"":""Type"",""value"":""Human Melanin Level 30""},{""trait_type"":""Mouth"",""value"":""Sniffmaster 9000""},{""trait_type"":""Eyes"",""value"":""Pumpkin Vision""},{""trait_type"":""Rank"",""value"":""414""}]"
572,6297191,0xafc55e4930bca10552d703d5c158b55be42958972094611bb0e68d5e8fa75c65,"[{""trait_type"":""Background"",""value"":""Even dorker Dorkness""},{""trait_type"":""Type"",""value"":""Black and White Zombie""},{""trait_type"":""Head"",""value"":""Mohawk of Blood""},{""trait_type"":""Mouth"",""value"":""Proud af""},{""trait_type"":""Eyes"",""value"":""Super cheap Ghost Mask""},{""trait_type"":""Rank"",""value"":""197""},{""trait_type"":""Cloths"",""value"":""Classic Black Suit""}]"
571,6297190,0x6eb1a069b6191920dc7faedab78639c63caae5625064aea66bdceca42abb95a1,"[{""trait_type"":""Background"",""value"":""Full Moon over Block City""},{""trait_type"":""Type"",""value"":""Gellar Spawn""},{""trait_type"":""Eyes"",""value"":""Skull Plate""},{""trait_type"":""Rank"",""value"":""543""}]"
570,6297220,0x596d9303650402dc9f702b23b202a6511c99544fd9e1b70fcf34244b56a50412,"[{""trait_type"":""Background"",""value"":""Plums of Despair""},{""trait_type"":""Type"",""value"":""Candy Bar Costume""},{""trait_type"":""Head"",""value"":""Pumpkin Helmet""},{""trait_type"":""Rank"",""value"":""263""},{""trait_type"":""Cloths"",""value"":""Dark Knight Costume""}]"
569,6297160,0x59004199ef8de6fe30c4ab29536bb873f7346b3922f241d55fed431ad94f51f1,"[{""trait_type"":""Background"",""value"":""Pumpin Pumpkin""},{""trait_type"":""Type"",""value"":""Pumpkin Suit""},{""trait_type"":""Head"",""value"":""Crown of Sorrows""},{""trait_type"":""Mouth"",""value"":""OY!!!!""},{""trait_type"":""Eyes"",""value"":""Pumpkin Vision""},{""trait_type"":""Rank"",""value"":""154""},{""trait_type"":""Cloths"",""value"":""Freddy Sweater""}]"
568,6297219,0xbb2cb5520e7a10d0d89a3b5cf3315b22d09bd86566404933b113524aef40b5b1,"[{""trait_type"":""Background"",""value"":""Even dorker Dorkness""},{""trait_type"":""Type"",""value"":""Ghost Chain People""},{""trait_type"":""Mouth"",""value"":""Bubblegum""},{""trait_type"":""Eyes"",""value"":""AutoSpooker Slim Edition""},{""trait_type"":""Rank"",""value"":""203""},{""trait_type"":""Cloths"",""value"":""Classic Black Suit""}]"
567,6297157,0xf4586c9fb947e51044c71e083862f09393f360de1636961217667f88607478d3,"[{""trait_type"":""Background"",""value"":""Even dorker Dorkness""},{""trait_type"":""Type"",""value"":""Pumpkin Suit""},{""trait_type"":""Head"",""value"":""Crown of Sorrows""},{""trait_type"":""Eyes"",""value"":""Hollowed""},{""trait_type"":""Rank"",""value"":""436""},{""trait_type"":""Ghostly Apparitions"",""value"":""Sigil of the Rug Lord""},{""trait_type"":""Cloths"",""value"":""Classic Black Suit""}]"
566,6297156,0x423eda0170b46eb0be6f35e9f72172cba97041ef3fdf22bedd72162eda01c142,"[{""trait_type"":""Background"",""value"":""Full Moon over Block City""},{""trait_type"":""Type"",""value"":""Zombie""},{""trait_type"":""Head"",""value"":""Mohawk of Blood""},{""trait_type"":""Mouth"",""value"":""Irresistible Bad Teeth""},{""trait_type"":""Eyes"",""value"":""AutoSpooker Slim Edition""},{""trait_type"":""Rank"",""value"":""417""}]"
565,6297218,0x4d83345afb7c3f9e210102020db27f69c981ecdc88484cede7031dabdaad62fa,"[{""trait_type"":""Background"",""value"":""Full Moon over Block City""},{""trait_type"":""Type"",""value"":""Black and White Zombie""},{""trait_type"":""Head"",""value"":""Evil Wizard Hat""},{""trait_type"":""Eyes"",""value"":""Pumpkin Vision""},{""trait_type"":""Rank"",""value"":""341""},{""trait_type"":""Cloths"",""value"":""General of the Adeptus Cuborum""}]"
564,6297152,0xe3ba01a4ac765bf13cc4c7a07708f6c88cceb7557cf3581835aa90a74ec86079,"[{""trait_type"":""Background"",""value"":""Full Moon over Block City""},{""trait_type"":""Type"",""value"":""Black and White Zombie""},{""trait_type"":""Head"",""value"":""Spookytail Black""},{""trait_type"":""Mouth"",""value"":""Stunned""},{""trait_type"":""Eyes"",""value"":""Hollow Eyes""},{""trait_type"":""Rank"",""value"":""126""},{""trait_type"":""Cloths"",""value"":""Freddy Sweater""}]"
563,6297151,0x757330edc5ee88da351620609aaff7c5156c78c046ec39821666fd3248c9648a,"[{""trait_type"":""Background"",""value"":""Even dorker Dorkness""},{""trait_type"":""Type"",""value"":""Sugar Skullz""},{""trait_type"":""Mouth"",""value"":""ULULULULULUL""},{""trait_type"":""Eyes"",""value"":""Mask of the Dreadful Black Death""},{""trait_type"":""Rank"",""value"":""245""}]"
562,6297150,0x00b8c06aa62503d975a531f30a0ca0e0309fd11d14a62e11e44224222bda3e0e,"[{""trait_type"":""Background"",""value"":""Even dorker Dorkness""},{""trait_type"":""Type"",""value"":""Ghost Chain People""},{""trait_type"":""Mouth"",""value"":""Lick it""},{""trait_type"":""Eyes"",""value"":""Sugar Rush""},{""trait_type"":""Rank"",""value"":""365""}]"
561,6297071,0x70ce041cf73ff0a44f6a0aba8b6f5cc5ffb9479439f6e3b61fc5584ac7ec5113,"[{""trait_type"":""Background"",""value"":""Even dorker Dorkness""},{""trait_type"":""Type"",""value"":""Gellar Spawn""},{""trait_type"":""Head"",""value"":""Crown of Sorrows""},{""trait_type"":""Eyes"",""value"":""Skull Plate""},{""trait_type"":""Rank"",""value"":""266""},{""trait_type"":""Ghostly Apparitions"",""value"":""Sigil of the Rug Lord""},{""trait_type"":""Cloths"",""value"":""Vampire Attack Attire""}]"
560,6297070,0xe591d7efb5f7a6131080e985962eccf2d3994a7ca589c860bb351f35fc3804de,"[{""trait_type"":""Background"",""value"":""Even dorker Dorkness""},{""trait_type"":""Type"",""value"":""Bone People""},{""trait_type"":""Mouth"",""value"":""Bone People Mouth""},{""trait_type"":""Rank"",""value"":""510""},{""trait_type"":""Full Face"",""value"":""Never Go Full Pumpkin""}]"
559,6297069,0xc7d8aee82c2de6d79458ad0f60620eab4505d69918deef12b05e11dfebbf89a7,"[{""trait_type"":""Background"",""value"":""Pumpin Pumpkin""},{""trait_type"":""Type"",""value"":""Purple People""},{""trait_type"":""Mouth"",""value"":""Stunned""},{""trait_type"":""Eyes"",""value"":""Mask of the Dreadful Black Death""},{""trait_type"":""Rank"",""value"":""328""},{""trait_type"":""Cloths"",""value"":""Black Hoodie""}]"
558,6297068,0x3b4477758ce5efa3910153a8c83fa601f183035f957b17176ab8ec1c445a5d58,"[{""trait_type"":""Background"",""value"":""Full Moon over Block City""},{""trait_type"":""Type"",""value"":""Black and White Zombie""},{""trait_type"":""Head"",""value"":""Dark Knights Helmet""},{""trait_type"":""Eyes"",""value"":""Death Cross Mask Mark II""},{""trait_type"":""Rank"",""value"":""501""},{""trait_type"":""Cloths"",""value"":""Pumped Pumpkin Warrior""}]"
557,6297067,0xcb6e044ff9ad7e57965d50f3f026a45a9d71f81558d8cf4881350315fc5ed7aa,"[{""trait_type"":""Background"",""value"":""Crimson King""},{""trait_type"":""Type"",""value"":""Bone People""},{""trait_type"":""Mouth"",""value"":""Jack-o-Lantern""},{""trait_type"":""Eyes"",""value"":""Open Minded""},{""trait_type"":""Rank"",""value"":""515""}]"
556,6297066,0xe75c23c035dd704a8404721391c2206d65607b56cbbfde0edd36946cbab85368,"[{""trait_type"":""Background"",""value"":""Even dorker Dorkness""},{""trait_type"":""Type"",""value"":""Bone People""},{""trait_type"":""Head"",""value"":""Death Cap Shower Cap""},{""trait_type"":""Mouth"",""value"":""Beard of the Dead""},{""trait_type"":""Eyes"",""value"":""Retarded Blood Mugger""},{""trait_type"":""Rank"",""value"":""423""}]"
555,6297065,0x66b8d2ea4bed527a745c4777af8ab1696195b27197529103afc2d5cb3e67b6b6,"[{""trait_type"":""Background"",""value"":""Full Moon over Block City""},{""trait_type"":""Type"",""value"":""Black and White Zombie""},{""trait_type"":""Rank"",""value"":""585""},{""trait_type"":""Cloths"",""value"":""Black Hoodie""},{""trait_type"":""Full Face"",""value"":""Fsvgvasdv""}]"
554,6297064,0x536882f30d436d483958717ac8da0d930289fb5120391ac38e4a6c4a8e508869,"[{""trait_type"":""Background"",""value"":""Even dorker Dorkness""},{""trait_type"":""Type"",""value"":""Ghost Chain People""},{""trait_type"":""Rank"",""value"":""561""},{""trait_type"":""Cloths"",""value"":""Pumped Pumpkin Warrior""},{""trait_type"":""Full Face"",""value"":""Floored Ghost""}]"
553,6297063,0x1fda4a770c8739a086fe25057d8e1ada3bea68874176563b7d91dff428b3a9c3,"[{""trait_type"":""Background"",""value"":""Full Moon over Block City""},{""trait_type"":""Type"",""value"":""Bone People""},{""trait_type"":""Head"",""value"":""Swimming Cap""},{""trait_type"":""Mouth"",""value"":""CAAANDYYY!""},{""trait_type"":""Eyes"",""value"":""Spooky MEV Bot Protector Blue""},{""trait_type"":""Rank"",""value"":""46""},{""trait_type"":""Cloths"",""value"":""Freddy Sweater""}]"
552,6297062,0x53190695c804e5e5cef4b59f472159051d3a4f750ea82094be3a629c3565b89c,"[{""trait_type"":""Background"",""value"":""Pumpin Pumpkin""},{""trait_type"":""Type"",""value"":""Smashed Pumpkin""},{""trait_type"":""Eyes"",""value"":""Terrfiying Scamlord Martha Focker Mask""},{""trait_type"":""Rank"",""value"":""533""},{""trait_type"":""Cloths"",""value"":""Black Hoodie""}]"
551,6297061,0x2c3c1b6100861bf667babd7c37f6ab0824bb4a7d48798656908872054794667a,"[{""trait_type"":""Background"",""value"":""Even dorker Dorkness""},{""trait_type"":""Type"",""value"":""Human Melanin Level Goth""},{""trait_type"":""Eyes"",""value"":""AutoSpooker Slim Edition""},{""trait_type"":""Rank"",""value"":""513""},{""trait_type"":""Cloths"",""value"":""Pumped Pumpkin Warrior""}]"
550,6297060,0xf9c986d1ea988b9ce13ce85b0dee211f0e784a91ca0fdb6e35b78767ef138a5c,"[{""trait_type"":""Background"",""value"":""Plums of Despair""},{""trait_type"":""Type"",""value"":""Gellar Spawn""},{""trait_type"":""Mouth"",""value"":""Foul mouthed""},{""trait_type"":""Eyes"",""value"":""AutoSpooker Slim Edition""},{""trait_type"":""Rank"",""value"":""147""},{""trait_type"":""Relics"",""value"":""Blessed Pile of Candy""}]"
549,6297059,0x463d491b39c1b12a0d00ac9de80b11e1a91ba41e0e215ac62e6a8c98098fc94a,"[{""trait_type"":""Background"",""value"":""Even dorker Dorkness""},{""trait_type"":""Type"",""value"":""Zombie""},{""trait_type"":""Head"",""value"":""Fancy Hair blonde""},{""trait_type"":""Mouth"",""value"":""CAAANDYYY!""},{""trait_type"":""Eyes"",""value"":""Pumpkin Vision""},{""trait_type"":""Rank"",""value"":""198""}]"
548,6297058,0x2f0667dc3f8a9f51c76ed6bb52b17a94801233bf0a5cae8018f06e1d90d8d4bf,"[{""trait_type"":""Background"",""value"":""Even dorker Dorkness""},{""trait_type"":""Type"",""value"":""Sugar Skullz""},{""trait_type"":""Eyes"",""value"":""Aviators""},{""trait_type"":""Rank"",""value"":""582""}]"
547,6297057,0x86a9a8bc5b904f63fba41766a77d5fd9e5b93cf5f355a1a075848ab846493cec,"[{""trait_type"":""Background"",""value"":""Crimson King""},{""trait_type"":""Type"",""value"":""Purple People""},{""trait_type"":""Head"",""value"":""Stylish Death Knight Horn Replicas""},{""trait_type"":""Mouth"",""value"":""White Pussy Magnet""},{""trait_type"":""Eyes"",""value"":""Hollowed""},{""trait_type"":""Rank"",""value"":""334""},{""trait_type"":""Ghostly Apparitions"",""value"":""Sigil of the Rug Lord""}]"
546,6297056,0x47cce71ac04950b9a41533453c52e4c87eff9147891975c6ce1f1c074252f948,"[{""trait_type"":""Background"",""value"":""Full Moon over Block City""},{""trait_type"":""Type"",""value"":""Black and White Zombie""},{""trait_type"":""Head"",""value"":""Maga Cap""},{""trait_type"":""Mouth"",""value"":""Single Use Doomsday Mask""},{""trait_type"":""Eyes"",""value"":""Spooky MEV Bot Protector Blue""},{""trait_type"":""Rank"",""value"":""40""},{""trait_type"":""Cloths"",""value"":""Flannel""}]"
545,6297525,0x78a6ac1d50bb3b9efade80016c22a2a7755f4356999e6d27dd662811967d8aee,"[{""trait_type"":""Background"",""value"":""Even dorker Dorkness""},{""trait_type"":""Type"",""value"":""Bone People""},{""trait_type"":""Head"",""value"":""Fancy Hair black""},{""trait_type"":""Eyes"",""value"":""Retarded Blood Mugger""},{""trait_type"":""Rank"",""value"":""586""}]"
544,6297524,0x2b1406a8769e86c8ca14745dc30685c7e01d93486607a462c867b373d91a6cd5,"[{""trait_type"":""Background"",""value"":""Full Moon over Block City""},{""trait_type"":""Type"",""value"":""Omega Block Zealots""},{""trait_type"":""Head"",""value"":""Dark Angel Wings""},{""trait_type"":""Eyes"",""value"":""Retarded Blood Mugger""},{""trait_type"":""Rank"",""value"":""434""},{""trait_type"":""Ghostly Apparitions"",""value"":""Floorbagorb""},{""trait_type"":""Cloths"",""value"":""Black Hoodie""}]"
543,6297521,0x1e54612a505af792dc6bce53180ad04b430c87bb9a3230992d8e1c3bd33d1913,"[{""trait_type"":""Background"",""value"":""Plums of Despair""},{""trait_type"":""Type"",""value"":""Bone People""},{""trait_type"":""Eyes"",""value"":""Open Minded""},{""trait_type"":""Rank"",""value"":""143""},{""trait_type"":""Relics"",""value"":""Jef's Scepter of Skullability""},{""trait_type"":""Cloths"",""value"":""General of the Adeptus Cuborum""}]"
542,6297547,0xeb7855adbf07f71c99313743f4d891e3e8da7e938dc7c287e98bdee169aaefa6,"[{""trait_type"":""Background"",""value"":""Full Moon over Block City""},{""trait_type"":""Type"",""value"":""Omega Block Zealots""},{""trait_type"":""Mouth"",""value"":""CAAANDYYY!""},{""trait_type"":""Eyes"",""value"":""Zombie eyes""},{""trait_type"":""Rank"",""value"":""544""},{""trait_type"":""Cloths"",""value"":""Pumped Pumpkin Warrior""}]"
541,6297518,0xb2cbec8d0fcb1db7594a83627eb552812233265acf018bbaabd74c981d2800ec,"[{""trait_type"":""Background"",""value"":""Blood Moon over Block City""},{""trait_type"":""Type"",""value"":""Gellar Spawn""},{""trait_type"":""Eyes"",""value"":""Strange Mouth Positioning""},{""trait_type"":""Rank"",""value"":""398""}]"
540,6297561,0xb7f27f065b742abc70fbe87a6a01bcd79d6164a3f673e49e3ceb3e177e1528cf,"[{""trait_type"":""Background"",""value"":""Pumpin Pumpkin""},{""trait_type"":""Type"",""value"":""Omega Block Zealots""},{""trait_type"":""Head"",""value"":""Stylish Death Knight Horn Replicas""},{""trait_type"":""Eyes"",""value"":""Revealed Skull""},{""trait_type"":""Rank"",""value"":""443""},{""trait_type"":""Ghostly Apparitions"",""value"":""Ghost""},{""trait_type"":""Cloths"",""value"":""Freddy Sweater""}]"
539,6297560,0xb60f0600331de9f7cbf3b6382d5fe72ecdf33157ff7a86f7330158284d9ff277,"[{""trait_type"":""Background"",""value"":""Dios de los Muertos""},{""trait_type"":""Type"",""value"":""Bone People""},{""trait_type"":""Head"",""value"":""Mohawk of Blood""},{""trait_type"":""Rank"",""value"":""255""},{""trait_type"":""Cloths"",""value"":""Hard Base Uniform""},{""trait_type"":""Full Face"",""value"":""Never Go Full Pumpkin""}]"
538,6297569,0x93cba36e17a52f548966126cbd3c5437b31faf011f01cf6b396d94bc919b783c,"[{""trait_type"":""Background"",""value"":""Even dorker Dorkness""},{""trait_type"":""Type"",""value"":""Bone People""},{""trait_type"":""Head"",""value"":""Hash Mesh""},{""trait_type"":""Mouth"",""value"":""Pumpkin Shield""},{""trait_type"":""Eyes"",""value"":""Spooky MEV Bot Protector Blue""},{""trait_type"":""Rank"",""value"":""96""}]"
537,6297511,0xc356adc7f170a2ee660df0b2a383d57d6403d16914f9de7235c618e6637cd163,"[{""trait_type"":""Background"",""value"":""Full Moon over Block City""},{""trait_type"":""Type"",""value"":""Pumpkin Suit""},{""trait_type"":""Head"",""value"":""Dark Angel Wings""},{""trait_type"":""Eyes"",""value"":""AutoSpooker Slim Edition""},{""trait_type"":""Rank"",""value"":""553""}]"
536,6297510,0x415dc2ce6df38c9935a609d2eb52b96611a84152cddf6216f5965c347a55d1b7,"[{""trait_type"":""Background"",""value"":""Full Moon over Block City""},{""trait_type"":""Type"",""value"":""Omega Block Zealots""},{""trait_type"":""Eyes"",""value"":""Orange Visoor""},{""trait_type"":""Rank"",""value"":""447""},{""trait_type"":""Cloths"",""value"":""Dark Knight Costume""}]"
535,6297509,0xcd18030f8c19ba690996faf83b3a36b1a5721a73a9d2af704fba8554bb28d219,"[{""trait_type"":""Background"",""value"":""Full Moon over Block City""},{""trait_type"":""Type"",""value"":""Human Melanin Level 80""},{""trait_type"":""Mouth"",""value"":""Stunned""},{""trait_type"":""Eyes"",""value"":""Sunken Eye""},{""trait_type"":""Rank"",""value"":""236""},{""trait_type"":""Cloths"",""value"":""Pumped Pumpkin Warrior""}]"
534,6297558,0x5b93e0e977ff8e885d89ed04043699a9892a0adf00af5967891900f5b1fb9443,"[{""trait_type"":""Background"",""value"":""Full Moon over Block City""},{""trait_type"":""Type"",""value"":""Smashed Pumpkin""},{""trait_type"":""Eyes"",""value"":""Terrfiying Scamlord Martha Focker Mask""},{""trait_type"":""Rank"",""value"":""576""},{""trait_type"":""Cloths"",""value"":""Classic Black Suit""}]"
533,6297568,0x90894079996dd3f96994265896d6cdff89359d1a8110d34b6503ffa1d90975a3,"[{""trait_type"":""Background"",""value"":""Even dorker Dorkness""},{""trait_type"":""Type"",""value"":""Ghost Chain People""},{""trait_type"":""Head"",""value"":""Hash Mesh""},{""trait_type"":""Rank"",""value"":""165""},{""trait_type"":""Full Face"",""value"":""Ghost Costume Full Face""}]"
532,6297535,0xbe30c8b9ab5fd273bac42d285c40443cb7b6541859eb5c8024b2f2e1b25dcde2,"[{""trait_type"":""Background"",""value"":""Vile Bile""},{""trait_type"":""Type"",""value"":""Candy Bar Costume""},{""trait_type"":""Head"",""value"":""Pumpkin Helmet""},{""trait_type"":""Rank"",""value"":""311""}]"
531,6297567,0xd8edd919f3855d86c306219adadc4c0b5cf5b67b798d554480c4f12766c6efab,"[{""trait_type"":""Background"",""value"":""Plums of Despair""},{""trait_type"":""Type"",""value"":""Sugar Skullz""},{""trait_type"":""Head"",""value"":""Spooky Headwind""},{""trait_type"":""Mouth"",""value"":""Candy Crusher 500 Kids Edition""},{""trait_type"":""Eyes"",""value"":""Spooky MEV Bot Protector Orange""},{""trait_type"":""Rank"",""value"":""112""},{""trait_type"":""Ghostly Apparitions"",""value"":""Spooky Skull""},{""trait_type"":""Cloths"",""value"":""Classic Black Suit""}]"
530,6297555,0x2021d5cf71849629496be37803befb3910d1f5131bedbf59d02899455a966597,"[{""trait_type"":""Background"",""value"":""Crimson King""},{""trait_type"":""Type"",""value"":""Omega Block Zealots""},{""trait_type"":""Mouth"",""value"":""Evil Robot Voice Modulator""},{""trait_type"":""Eyes"",""value"":""Strange Mouth Positioning""},{""trait_type"":""Rank"",""value"":""140""},{""trait_type"":""Cloths"",""value"":""Pumped Pumpkin Warrior""}]"
529,6297554,0x6214a42810f36cc84755443ea92dfc1a8ab0d3a6df0055102f776821013b5756,"[{""trait_type"":""Background"",""value"":""Full Moon over Block City""},{""trait_type"":""Type"",""value"":""Bone People""},{""trait_type"":""Head"",""value"":""Death Cap Shower Cap""},{""trait_type"":""Rank"",""value"":""482""},{""trait_type"":""Full Face"",""value"":""Floored Ghost""}]"
528,6297553,0xc389fbc9748beeb2c09dcdae9af14fa852a6b53c210d51e54845109905bc1b3c,"[{""trait_type"":""Background"",""value"":""Pumpin Pumpkin""},{""trait_type"":""Type"",""value"":""Human Melanin Level 80""},{""trait_type"":""Mouth"",""value"":""Candy Crusher 500 Kids Edition""},{""trait_type"":""Eyes"",""value"":""Revealed Skull""},{""trait_type"":""Rank"",""value"":""324""},{""trait_type"":""Ghostly Apparitions"",""value"":""Sigil of the Rug Lord""},{""trait_type"":""Cloths"",""value"":""Dark Knight Costume""}]"
527,6297527,0x6a662dcbc1e35769f30f19b13606666890abf8b85d5811007652feb0734336e5,"[{""trait_type"":""Background"",""value"":""Crimson King""},{""trait_type"":""Type"",""value"":""Zombie""},{""trait_type"":""Eyes"",""value"":""Sunken Eye""},{""trait_type"":""Rank"",""value"":""566""},{""trait_type"":""Cloths"",""value"":""Freddy Sweater""}]"
526,6297508,0x3ffa336317603ecb1eaa583a4b170e11f2f191ab42b3a90cb2de0963491f20a9,"[{""trait_type"":""Background"",""value"":""Vile Bile""},{""trait_type"":""Type"",""value"":""Gellar Spawn""},{""trait_type"":""Mouth"",""value"":""Beard of the Dead""},{""trait_type"":""Eyes"",""value"":""Inner Vision""},{""trait_type"":""Rank"",""value"":""524""}]"
525,6297504,0x8bec11ff4b7a752d9ac66b2f9c110084b8a2b2cadc635a2563066de6b3928815,"[{""trait_type"":""Background"",""value"":""Full Moon over Block City""},{""trait_type"":""Type"",""value"":""Zombie""},{""trait_type"":""Rank"",""value"":""483""},{""trait_type"":""Ghostly Apparitions"",""value"":""Ghost""},{""trait_type"":""Cloths"",""value"":""Shady Lawyer Suite""},{""trait_type"":""Full Face"",""value"":""Never Go Full Pumpkin""}]"
524,6297494,0xac38e3b763b533e730764edcb3b0c58b3d5e38828218a4e85d6d19796a2e8d0a,"[{""trait_type"":""Background"",""value"":""Blood Moon over Block City""},{""trait_type"":""Type"",""value"":""Zombie""},{""trait_type"":""Rank"",""value"":""283""},{""trait_type"":""Cloths"",""value"":""General of the Adeptus Cuborum""},{""trait_type"":""Full Face"",""value"":""Ghost Costume Full Face""}]"
523,6297458,0xdf816fb5dd04605413a82fc9b64edb0539bd0a3bb045164fc3447649a7417c50,"[{""trait_type"":""Background"",""value"":""Pumpin Pumpkin""},{""trait_type"":""Type"",""value"":""Black and White Zombie""},{""trait_type"":""Head"",""value"":""Evil Wizard Hat""},{""trait_type"":""Eyes"",""value"":""Zombie eyes""},{""trait_type"":""Rank"",""value"":""452""},{""trait_type"":""Ghostly Apparitions"",""value"":""Ghost""},{""trait_type"":""Cloths"",""value"":""Pumped Pumpkin Warrior""}]"
522,6297457,0x99c49e66087b6d0b5a4b72f1f0ea19d817c5a75fbc8a87629ffc3e91325665f0,"[{""trait_type"":""Background"",""value"":""Full Moon over Block City""},{""trait_type"":""Type"",""value"":""Smashed Pumpkin""},{""trait_type"":""Mouth"",""value"":""Candy Crusher 500 Kids Edition""},{""trait_type"":""Eyes"",""value"":""Aviators""},{""trait_type"":""Rank"",""value"":""497""},{""trait_type"":""Cloths"",""value"":""Dark Knight Costume""}]"
521,6297456,0x28b2de9811ac160b4ea45538e5507e8bc0e17fe30a53c19e689a4e2470693ebb,"[{""trait_type"":""Background"",""value"":""Even dorker Dorkness""},{""trait_type"":""Type"",""value"":""Black and White Zombie""},{""trait_type"":""Head"",""value"":""Bubble Tea Hair""},{""trait_type"":""Mouth"",""value"":""Throat of Darkness""},{""trait_type"":""Eyes"",""value"":""Insufferable Eye Extension""},{""trait_type"":""Rank"",""value"":""265""}]"
520,6297455,0x4c5a6f6fc94b1cd80fa13bbc62eabf63443f84c2a6ee0078a29a8407656b7242,"[{""trait_type"":""Background"",""value"":""Full Moon over Block City""},{""trait_type"":""Type"",""value"":""Smashed Pumpkin""},{""trait_type"":""Rank"",""value"":""605""},{""trait_type"":""Cloths"",""value"":""Dark Knight Costume""},{""trait_type"":""Full Face"",""value"":""Pirates of the Drain Plains Costume""}]"
519,6297454,0x6db93d9b073d2f9f4a0eb25948d69fac1d4565b110f965357210f0bb116ae08b,"[{""trait_type"":""Background"",""value"":""Pumpin Pumpkin""},{""trait_type"":""Type"",""value"":""Ghost Chain People""},{""trait_type"":""Mouth"",""value"":""Throat of Darkness""},{""trait_type"":""Eyes"",""value"":""Zombie eyes""},{""trait_type"":""Rank"",""value"":""526""}]"
518,6297453,0x53c94d3f1a9f1c3bd5d5f415f7b3cf84dab7676e98bde76420e17f861d090b93,"[{""trait_type"":""Background"",""value"":""Blood Moon over Block City""},{""trait_type"":""Type"",""value"":""Candy Bar Costume""},{""trait_type"":""Rank"",""value"":""277""},{""trait_type"":""Cloths"",""value"":""BCPD Police Costume""},{""trait_type"":""Full Face"",""value"":""Never Go Full Pumpkin""}]"
517,6297452,0xfc288c85a813b94c0fbaf5c320fc0f3a631dbb3ddfaf733a24ef9e5fabc51ab6,"[{""trait_type"":""Background"",""value"":""Plums of Despair""},{""trait_type"":""Type"",""value"":""Candy Bar Costume""},{""trait_type"":""Eyes"",""value"":""SKULLS FOR THE SKULL GOD v2""},{""trait_type"":""Rank"",""value"":""402""},{""trait_type"":""Ghostly Apparitions"",""value"":""Ghost""}]"
516,6297451,0xd67b3c9bf987736da8a091e0f8f7ab3a0c28c74559d9a97abce19830f93dcc8e,"[{""trait_type"":""Background"",""value"":""Even dorker Dorkness""},{""trait_type"":""Type"",""value"":""Human Melanin Level Goth""},{""trait_type"":""Mouth"",""value"":""ULULULULULUL""},{""trait_type"":""Eyes"",""value"":""Skull Plate""},{""trait_type"":""Rank"",""value"":""105""}]"
515,6297450,0xa571855f3182b856151c7757e302da3c0ff8899c0302656a765f23036f1d6bbc,"[{""trait_type"":""Background"",""value"":""Vile Bile""},{""trait_type"":""Type"",""value"":""Black and White Zombie""},{""trait_type"":""Mouth"",""value"":""Vape""},{""trait_type"":""Eyes"",""value"":""Shiny Official Rug Lord Fan Club Glasses""},{""trait_type"":""Rank"",""value"":""431""}]"
514,6297449,0x6ce96e4e60594379dd209405173410ff4ae71257d2b5b32d812acdf9cbf57e2c,"[{""trait_type"":""Background"",""value"":""Even dorker Dorkness""},{""trait_type"":""Type"",""value"":""Sugar Skullz""},{""trait_type"":""Mouth"",""value"":""Beard of the Dead""},{""trait_type"":""Eyes"",""value"":""Big Eyes""},{""trait_type"":""Rank"",""value"":""445""}]"
513,6297448,0xf90a1247e54339b76dfb9a81ca38dad16792ffc9cf3382f244b5acd2a505e956,"[{""trait_type"":""Background"",""value"":""Dios de los Muertos""},{""trait_type"":""Type"",""value"":""Bone People""},{""trait_type"":""Head"",""value"":""Crown of Sorrows""},{""trait_type"":""Mouth"",""value"":""Horny""},{""trait_type"":""Eyes"",""value"":""Spooky MEV Bot Protector Blue""},{""trait_type"":""Rank"",""value"":""275""}]"
512,6297447,0xb4075e0590001efb02e13233ae3d3130ab6b6785fff8ee1b01b7692e4680d923,"[{""trait_type"":""Background"",""value"":""Crimson King""},{""trait_type"":""Type"",""value"":""Zombie""},{""trait_type"":""Head"",""value"":""Fancy Hair black""},{""trait_type"":""Mouth"",""value"":""White Pussy Magnet""},{""trait_type"":""Eyes"",""value"":""Spooky MEV Bot Protector Orange""},{""trait_type"":""Rank"",""value"":""271""}]"
511,6297446,0xc126e15ff588972d8916907ed64b90b8bb2ad81a974958c2df18fa21f9d12a8e,"[{""trait_type"":""Background"",""value"":""Pumpin Pumpkin""},{""trait_type"":""Type"",""value"":""Sugar Skullz""},{""trait_type"":""Eyes"",""value"":""Watching Interview with the Vampire""},{""trait_type"":""Rank"",""value"":""178""}]"
510,6297445,0xcc21278d6821ff7b4da1d3b8e39c0c2efc595a648b5cd8d2c0d1b1d2353bf25a,"[{""trait_type"":""Background"",""value"":""Plums of Despair""},{""trait_type"":""Type"",""value"":""Sugar Skullz""},{""trait_type"":""Eyes"",""value"":""Shiny Official Rug Lord Fan Club Glasses""},{""trait_type"":""Rank"",""value"":""173""},{""trait_type"":""Relics"",""value"":""Sword of Discord""},{""trait_type"":""Cloths"",""value"":""Black Hoodie""}]"
509,6297444,0xf791c03aca09cc2022862c07f5f057c43a7f48b24c93b3fa65c6c55b333c4bb2,"[{""trait_type"":""Background"",""value"":""Even dorker Dorkness""},{""trait_type"":""Type"",""value"":""Omega Block Zealots""},{""trait_type"":""Head"",""value"":""Dark Knights Helmet""},{""trait_type"":""Mouth"",""value"":""Bloody Purr People Snout""},{""trait_type"":""Eyes"",""value"":""Sugar Rush""},{""trait_type"":""Rank"",""value"":""222""}]"
508,6297443,0xa446f423db389f39c8116fc76f2291ceea3eeb049c6099cacfcdf12b2f54489f,"[{""trait_type"":""Background"",""value"":""Even dorker Dorkness""},{""trait_type"":""Type"",""value"":""Zombie""},{""trait_type"":""Mouth"",""value"":""Throat of Darkness""},{""trait_type"":""Eyes"",""value"":""Revealed Skull""},{""trait_type"":""Rank"",""value"":""560""},{""trait_type"":""Ghostly Apparitions"",""value"":""Skull""}]"
507,6297442,0xff822c5fe8f0f93812c5ea7b7c67694db1b26a274246fc8d1427afebc29ee034,"[{""trait_type"":""Background"",""value"":""Vile Bile""},{""trait_type"":""Type"",""value"":""Smashed Pumpkin""},{""trait_type"":""Rank"",""value"":""599""},{""trait_type"":""Ghostly Apparitions"",""value"":""Skull""},{""trait_type"":""Full Face"",""value"":""Pirates of the Drain Plains Costume""}]"
506,6297441,0x459eae22b79e51c3686adb36e25830fcac84d5cae355214d30da29377382b2dc,"[{""trait_type"":""Background"",""value"":""Full Moon over Block City""},{""trait_type"":""Type"",""value"":""Omega Block Zealots""},{""trait_type"":""Eyes"",""value"":""Open Minded""},{""trait_type"":""Rank"",""value"":""516""},{""trait_type"":""Ghostly Apparitions"",""value"":""Skull""},{""trait_type"":""Cloths"",""value"":""Pumped Pumpkin Warrior""},{""trait_type"":""Full Face"",""value"":""Mask of the Dreadful Black Death""}]"
505,6297440,0xad4ff1f7d455cdab38bb19727d5cabd3986c5c4bb44dec9e750cba66b2fb97e6,"[{""trait_type"":""Background"",""value"":""Even dorker Dorkness""},{""trait_type"":""Type"",""value"":""Omega Block Zealots""},{""trait_type"":""Eyes"",""value"":""Zombie eyes""},{""trait_type"":""Rank"",""value"":""647""},{""trait_type"":""Ghostly Apparitions"",""value"":""Sigil of the Rug Lord""}]"
504,6297439,0x9703d8b2eb0fb3a0719a8b3eb03f9fc11300344113476db9e36f2a4c65f0ed32,"[{""trait_type"":""Background"",""value"":""Even dorker Dorkness""},{""trait_type"":""Type"",""value"":""Black and White Zombie""},{""trait_type"":""Head"",""value"":""Straight af""},{""trait_type"":""Mouth"",""value"":""Sniffmaster 9000""},{""trait_type"":""Eyes"",""value"":""Super cheap Ghost Mask""},{""trait_type"":""Rank"",""value"":""152""},{""trait_type"":""Cloths"",""value"":""Black Hoodie""}]"
503,6297438,0x365b9b0b739d032108ec590faa2503dd487462273c685f1244b338969e5734f4,"[{""trait_type"":""Background"",""value"":""Full Moon over Block City""},{""trait_type"":""Type"",""value"":""Omega Block Zealots""},{""trait_type"":""Head"",""value"":""Stylish Death Knight Horn Replicas""},{""trait_type"":""Eyes"",""value"":""Terrfiying Scamlord Martha Focker Mask""},{""trait_type"":""Rank"",""value"":""546""}]"
502,6297437,0xc9953f6e835c206a2ee1f29a6f1896b8ac9065c38dbe4ea14a2357805c747132,"[{""trait_type"":""Background"",""value"":""Full Moon over Block City""},{""trait_type"":""Type"",""value"":""Pumpkin Suit""},{""trait_type"":""Head"",""value"":""Wild Purple Hair""},{""trait_type"":""Mouth"",""value"":""Foul mouthed""},{""trait_type"":""Eyes"",""value"":""Empty Stare""},{""trait_type"":""Rank"",""value"":""93""},{""trait_type"":""Ghostly Apparitions"",""value"":""Ghost""}]"
501,6297436,0xbc19a6fac6a4f0a18a9abd02eed086b383358b19691507e90b010563bb2b08dd,"[{""trait_type"":""Background"",""value"":""Full Moon over Block City""},{""trait_type"":""Type"",""value"":""Zombie""},{""trait_type"":""Head"",""value"":""Bubble Tea Hair""},{""trait_type"":""Eyes"",""value"":""AutoSpooker Slim Edition""},{""trait_type"":""Rank"",""value"":""318""},{""trait_type"":""Cloths"",""value"":""Pumped Pumpkin Warrior""}]"
500,6297435,0xe037118ee908bdd7352d827631f00e3d28ef16a6cc3333fb40dfe48c0a6f4cd3,"[{""trait_type"":""Background"",""value"":""Even dorker Dorkness""},{""trait_type"":""Type"",""value"":""Black and White Zombie""},{""trait_type"":""Mouth"",""value"":""Candy Crusher 500 Kids Edition""},{""trait_type"":""Eyes"",""value"":""Mask of the Dreadful Black Death""},{""trait_type"":""Rank"",""value"":""558""},{""trait_type"":""Ghostly Apparitions"",""value"":""Skull""}]"
499,6297434,0xf521015c21d24190f273772fd256845346768326bd664f64e5b039f92e0b7681,"[{""trait_type"":""Background"",""value"":""Even dorker Dorkness""},{""trait_type"":""Type"",""value"":""Zombie""},{""trait_type"":""Head"",""value"":""Skull Bandana""},{""trait_type"":""Eyes"",""value"":""Cyclops with Hepatitis""},{""trait_type"":""Rank"",""value"":""316""},{""trait_type"":""Cloths"",""value"":""Red Hoodie""}]"
498,6297433,0x8bb8efe43b123ebc64a7dbb0757a3df3fc3cf3ec33ccdf621a803652033bb971,"[{""trait_type"":""Background"",""value"":""Blood Moon over Block City""},{""trait_type"":""Type"",""value"":""Zombie""},{""trait_type"":""Eyes"",""value"":""Cyclops with Hepatitis""},{""trait_type"":""Rank"",""value"":""517""},{""trait_type"":""Cloths"",""value"":""Dark Knight Costume""}]"
497,6297432,0x9f1c9252823ac7253e55fd938ba7a97665198a537fd0275dad4a257d36ca7ab8,"[{""trait_type"":""Background"",""value"":""Full Moon over Block City""},{""trait_type"":""Type"",""value"":""Black and White Zombie""},{""trait_type"":""Head"",""value"":""Slick""},{""trait_type"":""Mouth"",""value"":""Stunned""},{""trait_type"":""Eyes"",""value"":""Retarded Blood Mugger""},{""trait_type"":""Rank"",""value"":""132""}]"
496,6297431,0xafb909ae1ca9b433231cd73beb8d9736d2923521207b00fae803f38d97b14e28,"[{""trait_type"":""Background"",""value"":""Even dorker Dorkness""},{""trait_type"":""Type"",""value"":""Zombie""},{""trait_type"":""Mouth"",""value"":""Single Use Doomsday Mask""},{""trait_type"":""Eyes"",""value"":""Ready For Battle""},{""trait_type"":""Rank"",""value"":""55""},{""trait_type"":""Ghostly Apparitions"",""value"":""Ghost""}]"
495,6297430,0xcaf3106e4dd0efd27c838d1d8aa5179a2366d5a6887f83fa152a8b05f970793f,"[{""trait_type"":""Background"",""value"":""Even dorker Dorkness""},{""trait_type"":""Type"",""value"":""Smashed Pumpkin""},{""trait_type"":""Head"",""value"":""Spooky Headwind""},{""trait_type"":""Eyes"",""value"":""Pumpkin Vision""},{""trait_type"":""Rank"",""value"":""421""},{""trait_type"":""Cloths"",""value"":""Pumped Pumpkin Warrior""}]"
494,6297429,0xb37bad0feb53bf23adc0391c188ade09058646bda696cb6e1116a289c09727be,"[{""trait_type"":""Background"",""value"":""Full Moon over Block City""},{""trait_type"":""Type"",""value"":""Smashed Pumpkin""},{""trait_type"":""Head"",""value"":""Wild Purple Hair""},{""trait_type"":""Eyes"",""value"":""Open Minded""},{""trait_type"":""Rank"",""value"":""267""},{""trait_type"":""Cloths"",""value"":""Shady Lawyer Suite""}]"
493,6297428,0x467b21fd10d596721ee697814e744506716560b63668eedac04ab630662c3f79,"[{""trait_type"":""Background"",""value"":""Plums of Despair""},{""trait_type"":""Type"",""value"":""Zombie""},{""trait_type"":""Head"",""value"":""Evil Wizard Hat""},{""trait_type"":""Eyes"",""value"":""Sus af""},{""trait_type"":""Rank"",""value"":""144""},{""trait_type"":""Ghostly Apparitions"",""value"":""Spooky Skull""},{""trait_type"":""Cloths"",""value"":""BCPD Police Costume""}]"
492,6297427,0xec5e067a6a1510676845255c6df3b2abb5189cce2a8bd00919615570f457892c,"[{""trait_type"":""Background"",""value"":""Plums of Despair""},{""trait_type"":""Type"",""value"":""Zombie""},{""trait_type"":""Mouth"",""value"":""Beard of the Dead""},{""trait_type"":""Eyes"",""value"":""Mask of the Dreadful Black Death""},{""trait_type"":""Rank"",""value"":""260""},{""trait_type"":""Ghostly Apparitions"",""value"":""Evil Smile""},{""trait_type"":""Cloths"",""value"":""McD Uniform""}]"
491,6297426,0x45269e51659a518c1e93bcaa7d77fac590c2a3db15e199b5fd10c22afe5e0053,"[{""trait_type"":""Background"",""value"":""Pumpin Pumpkin""},{""trait_type"":""Type"",""value"":""Zombie""},{""trait_type"":""Mouth"",""value"":""Throat of Darkness""},{""trait_type"":""Eyes"",""value"":""Spooky MEV Bot Protector Orange""},{""trait_type"":""Rank"",""value"":""244""},{""trait_type"":""Ghostly Apparitions"",""value"":""Evil Smile""},{""trait_type"":""Cloths"",""value"":""Fashion Hoodie""}]"
490,6297425,0x30dfdb0efb929cc3a44864b2788295d01760a9e62f1ce4e0e0cba653fd6fc4b4,"[{""trait_type"":""Background"",""value"":""Crimson King""},{""trait_type"":""Type"",""value"":""Purple People""},{""trait_type"":""Mouth"",""value"":""But but but but""},{""trait_type"":""Eyes"",""value"":""Pumpkin Vision""},{""trait_type"":""Rank"",""value"":""213""},{""trait_type"":""Ghostly Apparitions"",""value"":""Sigil of the Rug Lord""}]"
489,6297424,0x5bf5efc5e827792044d2f7a833be03954d66623314519978fcce563e452ab050,"[{""trait_type"":""Background"",""value"":""Crimson King""},{""trait_type"":""Type"",""value"":""Zombie""},{""trait_type"":""Head"",""value"":""Captains Hat""},{""trait_type"":""Eyes"",""value"":""Evil Bot Visual Sensors""},{""trait_type"":""Rank"",""value"":""29""},{""trait_type"":""Ghostly Apparitions"",""value"":""Evil Smile""},{""trait_type"":""Cloths"",""value"":""Pumped Pumpkin Warrior""}]"
488,6297479,0x34e0ddd7515293c5ab695a21c3d05b5b594433781a668f88fa25c1218a2a9528,"[{""trait_type"":""Background"",""value"":""Plums of Despair""},{""trait_type"":""Type"",""value"":""Zombie""},{""trait_type"":""Mouth"",""value"":""Ackchyually Gothy""},{""trait_type"":""Eyes"",""value"":""Terrfiying Scamlord Martha Focker Mask""},{""trait_type"":""Rank"",""value"":""476""},{""trait_type"":""Cloths"",""value"":""Freddy Sweater""}]"
487,6297422,0x1b9516f597faff3c53c267dfcbf44dcacd7cca738cbdd9e278e8e2fc015e2bbb,"[{""trait_type"":""Background"",""value"":""Vile Bile""},{""trait_type"":""Type"",""value"":""Pumpkin Suit""},{""trait_type"":""Mouth"",""value"":""Bloody Purr People Snout""},{""trait_type"":""Eyes"",""value"":""Zombie Eye Patch""},{""trait_type"":""Rank"",""value"":""47""},{""trait_type"":""Ghostly Apparitions"",""value"":""Floorbagorb""},{""trait_type"":""Cloths"",""value"":""McD Uniform""}]"
486,6297421,0x791ca498c6e25c4cf2bc9826fb9e47dd302537562f22bbe22a1c7ca7182e68d6,"[{""trait_type"":""Background"",""value"":""Full Moon over Block City""},{""trait_type"":""Type"",""value"":""Bone People""},{""trait_type"":""Eyes"",""value"":""Hollowed""},{""trait_type"":""Rank"",""value"":""636""},{""trait_type"":""Ghostly Apparitions"",""value"":""Ghost""},{""trait_type"":""Cloths"",""value"":""Freddy Sweater""}]"
485,6297420,0x9b8c64da2ffa08e4e795c58049f35ea0c0fbb258768b4faef1ad2b5773712d0e,"[{""trait_type"":""Background"",""value"":""Dios de los Muertos""},{""trait_type"":""Type"",""value"":""Gellar Spawn""},{""trait_type"":""Head"",""value"":""Spooky Headwind""},{""trait_type"":""Mouth"",""value"":""ULULULULULUL""},{""trait_type"":""Eyes"",""value"":""Orange Visoor""},{""trait_type"":""Rank"",""value"":""51""}]"
484,6297419,0x9bc9d9d60eb9487fdd88fd2ff481af734b39e7fe11ea5691cb0b5c69cb365e56,"[{""trait_type"":""Background"",""value"":""Plums of Despair""},{""trait_type"":""Type"",""value"":""Purple People""},{""trait_type"":""Head"",""value"":""Skull Bandana""},{""trait_type"":""Mouth"",""value"":""Throat of Darkness""},{""trait_type"":""Eyes"",""value"":""Shiny Official Rug Lord Fan Club Glasses""},{""trait_type"":""Rank"",""value"":""192""},{""trait_type"":""Ghostly Apparitions"",""value"":""Ghost""},{""trait_type"":""Cloths"",""value"":""Pumped Pumpkin Warrior""}]"
483,6297418,0x6fee608822515ab771a0f3e9d765f2aea1519d75103ea25094b5203ba85a7eff,"[{""trait_type"":""Background"",""value"":""Even dorker Dorkness""},{""trait_type"":""Type"",""value"":""Bone People""},{""trait_type"":""Mouth"",""value"":""Candy Crusher 500 Kids Edition""},{""trait_type"":""Eyes"",""value"":""Strange Mouth Positioning""},{""trait_type"":""Rank"",""value"":""454""},{""trait_type"":""Ghostly Apparitions"",""value"":""Sigil of the Rug Lord""}]"
482,6297417,0x4b8db02ede9307a08008120cdff25e9be3d8a6a21656ba101638779603e91805,"[{""trait_type"":""Background"",""value"":""Full Moon over Block City""},{""trait_type"":""Type"",""value"":""Zombie""},{""trait_type"":""Head"",""value"":""Stylish Death Knight Horn Replicas""},{""trait_type"":""Eyes"",""value"":""Retarded Blood Mugger""},{""trait_type"":""Rank"",""value"":""602""}]"
481,6297478,0xebd65589838c412d2e76bcfbde939e3b14ea240d9103e1043088433586840cf5,"[{""trait_type"":""Background"",""value"":""Plums of Despair""},{""trait_type"":""Type"",""value"":""Black and White Zombie""},{""trait_type"":""Head"",""value"":""Spooky Void Bat Hat""},{""trait_type"":""Eyes"",""value"":""Purple Paranoia""},{""trait_type"":""Rank"",""value"":""176""},{""trait_type"":""Ghostly Apparitions"",""value"":""Ghost""},{""trait_type"":""Cloths"",""value"":""Freddy Sweater""}]"
480,6297477,0xcdf19951862ab17bcf2273acedf456ec419ecaa8627e8dfc139919d5e7a8f559,"[{""trait_type"":""Background"",""value"":""Even dorker Dorkness""},{""trait_type"":""Type"",""value"":""Omega Block Zealots""},{""trait_type"":""Head"",""value"":""Block Construction Forman Helmet""},{""trait_type"":""Mouth"",""value"":""Irresistible Bad Teeth""},{""trait_type"":""Eyes"",""value"":""AutoSpooker Slim Edition""},{""trait_type"":""Rank"",""value"":""17""}]"
479,6297415,0x69617195825898cc3ddff082db5570cb9e0638a8acff1918aa0c8947dd40f89d,"[{""trait_type"":""Background"",""value"":""Full Moon over Block City""},{""trait_type"":""Type"",""value"":""Omega Block Zealots""},{""trait_type"":""Eyes"",""value"":""Hollow Eyes""},{""trait_type"":""Rank"",""value"":""505""},{""trait_type"":""Cloths"",""value"":""BCPD Police Costume""}]"
478,6297414,0xe8e720f59e10f9282cd8e7adda453da69882209b02c3cb76debd8883963931b8,"[{""trait_type"":""Background"",""value"":""Dios de los Muertos""},{""trait_type"":""Type"",""value"":""Sugar Skullz""},{""trait_type"":""Eyes"",""value"":""Watching Interview with the Vampire""},{""trait_type"":""Rank"",""value"":""41""},{""trait_type"":""Ghostly Apparitions"",""value"":""Spooky Skull""},{""trait_type"":""Cloths"",""value"":""Black Hoodie""},{""trait_type"":""Full Face"",""value"":""Ghost Costume Full Face""}]"
477,6297365,0x4cddc60be394b09b50f7a1ea5c0dfff649848d4e47b9e34b2ef667b1687ddfed,"[{""trait_type"":""Background"",""value"":""Even dorker Dorkness""},{""trait_type"":""Type"",""value"":""Bone People""},{""trait_type"":""Head"",""value"":""Fancy Hair black""},{""trait_type"":""Eyes"",""value"":""Death Cross Mask Mark II""},{""trait_type"":""Rank"",""value"":""579""}]"
476,6297502,0x30d7c368c3bd598b1ce822ab0fb33c15566829d9fb3d5bdf5507acec7a708fd3,"[{""trait_type"":""Background"",""value"":""Vile Bile""},{""trait_type"":""Type"",""value"":""Black and White Zombie""},{""trait_type"":""Head"",""value"":""Wallet Drainer""},{""trait_type"":""Rank"",""value"":""451""},{""trait_type"":""Cloths"",""value"":""Freddy Sweater""},{""trait_type"":""Full Face"",""value"":""Pirates of the Drain Plains Costume""}]"
475,6297054,0x897465e5b2337389a616db9341a633a7170fd443a9124fd5e5564def53d71fe8,"[{""trait_type"":""Background"",""value"":""Plums of Despair""},{""trait_type"":""Type"",""value"":""Human Melanin Level 80""},{""trait_type"":""Head"",""value"":""Rad Day of the Dead hat for Dads""},{""trait_type"":""Eyes"",""value"":""Terrfiying Scamlord Martha Focker Mask""},{""trait_type"":""Rank"",""value"":""73""},{""trait_type"":""Cloths"",""value"":""Pink Hoodie""}]"
474,6297053,0x57ef7a8c1db3578f54c44da92ce2d84c6a2f9445fb3be66df7672b6ed62f6e2b,"[{""trait_type"":""Background"",""value"":""Even dorker Dorkness""},{""trait_type"":""Type"",""value"":""Black and White Zombie""},{""trait_type"":""Head"",""value"":""Rad Day of the Dead hat for Dads""},{""trait_type"":""Eyes"",""value"":""Terrfiying Scamlord Martha Focker Mask""},{""trait_type"":""Rank"",""value"":""384""}]"
473,6297052,0x4e2501da2535619e7e27be6c70f17d2150569e6e3fe1ae66b0f6c6aaddee86bb,"[{""trait_type"":""Background"",""value"":""Even dorker Dorkness""},{""trait_type"":""Type"",""value"":""Zombie""},{""trait_type"":""Head"",""value"":""BCPD Police Cap""},{""trait_type"":""Mouth"",""value"":""Proud af""},{""trait_type"":""Eyes"",""value"":""Spooky MEV Bot Protector Orange""},{""trait_type"":""Rank"",""value"":""88""}]"
472,6297051,0xaaba2a3d556c6b49798626d205f667601065d808c934edfca5c06a37de1cc65b,"[{""trait_type"":""Background"",""value"":""Full Moon over Block City""},{""trait_type"":""Type"",""value"":""Omega Block Zealots""},{""trait_type"":""Head"",""value"":""Ram Alamadingdong""},{""trait_type"":""Rank"",""value"":""226""},{""trait_type"":""Cloths"",""value"":""Vampire Attack Attire""},{""trait_type"":""Full Face"",""value"":""Fsvgvasdv""}]"
471,6297050,0x85777fdfef59a5d25619357e021fef6fa357c01dbc92363908983b2711706dd2,"[{""trait_type"":""Background"",""value"":""Blood Moon over Block City""},{""trait_type"":""Type"",""value"":""Ghost Chain People""},{""trait_type"":""Eyes"",""value"":""SKULLS FOR THE SKULL GOD v2""},{""trait_type"":""Rank"",""value"":""248""},{""trait_type"":""Cloths"",""value"":""Shady Lawyer Suite""}]"
470,6297049,0x58c0edc6ea5f170ab09fef7e1103b9ba378f93193939c50f7f2ca8f2361e85e3,"[{""trait_type"":""Background"",""value"":""Vile Bile""},{""trait_type"":""Type"",""value"":""Omega Block Zealots""},{""trait_type"":""Eyes"",""value"":""Spooky MEV Bot Protector Orange""},{""trait_type"":""Rank"",""value"":""368""},{""trait_type"":""Ghostly Apparitions"",""value"":""Skull""},{""trait_type"":""Cloths"",""value"":""Red Hoodie""}]"
469,6297048,0xd471eb77c6241a34c9a70f80f940ff2c55718fd9da54438f95670ecdf458d99b,"[{""trait_type"":""Background"",""value"":""Full Moon over Block City""},{""trait_type"":""Type"",""value"":""Omega Block Zealots""},{""trait_type"":""Head"",""value"":""Maga Cap""},{""trait_type"":""Mouth"",""value"":""Lick it""},{""trait_type"":""Eyes"",""value"":""Sus af""},{""trait_type"":""Rank"",""value"":""100""},{""trait_type"":""Ghostly Apparitions"",""value"":""Ghost""}]"
468,6297047,0x5f5150643cce06707428addaf2fc67560d9d6dd5c280cee1541ad1a0227a8030,"[{""trait_type"":""Background"",""value"":""Even dorker Dorkness""},{""trait_type"":""Type"",""value"":""Sugar Skullz""},{""trait_type"":""Mouth"",""value"":""Throat of Darkness""},{""trait_type"":""Eyes"",""value"":""Insufferable Eye Extension""},{""trait_type"":""Rank"",""value"":""538""},{""trait_type"":""Cloths"",""value"":""Dark Knight Costume""}]"
467,6297046,0xb24bbacb1d18c2f0236e042a186e61e7b21b6842bf631c9ae50fd7c33cdc5132,"[{""trait_type"":""Background"",""value"":""Full Moon over Block City""},{""trait_type"":""Type"",""value"":""Zombie""},{""trait_type"":""Eyes"",""value"":""Hollow Eyes""},{""trait_type"":""Rank"",""value"":""485""},{""trait_type"":""Cloths"",""value"":""Shady Lawyer Suite""}]"
466,6297045,0x61ae1767a844009229baa11f24af2b4d6e01255a6f502d694d9606fb71dbc874,"[{""trait_type"":""Background"",""value"":""Full Moon over Block City""},{""trait_type"":""Type"",""value"":""Omega Block Zealots""},{""trait_type"":""Head"",""value"":""Skull Bandana""},{""trait_type"":""Mouth"",""value"":""Vape""},{""trait_type"":""Eyes"",""value"":""BRAAINSSS""},{""trait_type"":""Rank"",""value"":""237""},{""trait_type"":""Cloths"",""value"":""Dark Knight Costume""}]"
465,6297044,0x2530b27005b1f35f2ae753b2fa1f79c2ab6b427215b53877f79957f413c04f3d,"[{""trait_type"":""Background"",""value"":""Crimson King""},{""trait_type"":""Type"",""value"":""Human Melanin Level Goth""},{""trait_type"":""Mouth"",""value"":""Irresistible Bad Teeth""},{""trait_type"":""Eyes"",""value"":""BRAAINSSS""},{""trait_type"":""Rank"",""value"":""53""},{""trait_type"":""Relics"",""value"":""Sword of Discord""},{""trait_type"":""Cloths"",""value"":""Red Hoodie""}]"
464,6297043,0x49e5db1ffa0d4b5aa5c294dd480ed3c1ddb0ca26eefbd90f1a3ad61827ca6a1e,"[{""trait_type"":""Background"",""value"":""Full Moon over Block City""},{""trait_type"":""Type"",""value"":""Omega Block Zealots""},{""trait_type"":""Head"",""value"":""Spookytail Purple""},{""trait_type"":""Mouth"",""value"":""Sniffmaster 9000""},{""trait_type"":""Eyes"",""value"":""Zoned out""},{""trait_type"":""Rank"",""value"":""34""},{""trait_type"":""Cloths"",""value"":""Red Hoodie""}]"
463,6297042,0xd6f345f0828ee275c9629ba141a639538ab1f040335aac1266c6e346fb4191ca,"[{""trait_type"":""Background"",""value"":""Full Moon over Block City""},{""trait_type"":""Type"",""value"":""Zombie""},{""trait_type"":""Head"",""value"":""Fancy Hair black""},{""trait_type"":""Eyes"",""value"":""Retarded Blood Mugger""},{""trait_type"":""Rank"",""value"":""536""},{""trait_type"":""Cloths"",""value"":""Dark Knight Costume""}]"
462,6297041,0x09ad83ffc87e7257c270ed76a42b2adc6e4cce5322b47b3070046c443076cfec,"[{""trait_type"":""Background"",""value"":""Even dorker Dorkness""},{""trait_type"":""Type"",""value"":""Smashed Pumpkin""},{""trait_type"":""Mouth"",""value"":""Traditional Kaiju-Cow Hunter Camouflage""},{""trait_type"":""Eyes"",""value"":""Retarded Blood Mugger""},{""trait_type"":""Rank"",""value"":""487""},{""trait_type"":""Ghostly Apparitions"",""value"":""Ghost""}]"
461,6297040,0x1faa796e8775dccd7e3df58d3449b1f8e897a87aa44e5033cd9c7ed3bbd18d59,"[{""trait_type"":""Background"",""value"":""Full Moon over Block City""},{""trait_type"":""Type"",""value"":""Sugar Skullz""},{""trait_type"":""Eyes"",""value"":""Hollowed""},{""trait_type"":""Rank"",""value"":""548""},{""trait_type"":""Ghostly Apparitions"",""value"":""Ghost""},{""trait_type"":""Cloths"",""value"":""Black Hoodie""}]"
460,6297039,0xb202f2ece2954c73cedae05426a8efde816c9b04e7477afcd91b6706378a14d2,"[{""trait_type"":""Background"",""value"":""Plums of Despair""},{""trait_type"":""Type"",""value"":""Black and White Zombie""},{""trait_type"":""Rank"",""value"":""228""},{""trait_type"":""Ghostly Apparitions"",""value"":""Skull""},{""trait_type"":""Relics"",""value"":""Jef's Scepter of Skullability""},{""trait_type"":""Full Face"",""value"":""Fsvgvasdv""}]"
459,6297038,0x3fdef6f8fa74369fda08650f03639550320a1fe44d2ea2ea821d53645c350c1a,"[{""trait_type"":""Background"",""value"":""Dios de los Muertos""},{""trait_type"":""Type"",""value"":""Black and White Zombie""},{""trait_type"":""Eyes"",""value"":""Death Cross Mask Mark II""},{""trait_type"":""Rank"",""value"":""617""},{""trait_type"":""Cloths"",""value"":""Freddy Sweater""}]"
458,6297037,0x5e8c259254b1ceae39747a7b937b4a74c00abbb323ea4daebb371b80cf56c708,"[{""trait_type"":""Background"",""value"":""Full Moon over Block City""},{""trait_type"":""Type"",""value"":""Black and White Zombie""},{""trait_type"":""Head"",""value"":""Blockchain Maintanance Helmet""},{""trait_type"":""Rank"",""value"":""20""},{""trait_type"":""Ghostly Apparitions"",""value"":""Ghost""},{""trait_type"":""Cloths"",""value"":""Freddy Sweater""},{""trait_type"":""Full Face"",""value"":""Never Go Full Pumpkin""}]"
457,6297036,0x0224fd7c75ee76f0a8df31cb4b792d79a8f7da00755e79e463c7a8399b507d43,"[{""trait_type"":""Background"",""value"":""Plums of Despair""},{""trait_type"":""Type"",""value"":""Bone People""},{""trait_type"":""Head"",""value"":""Circuit Hair""},{""trait_type"":""Mouth"",""value"":""Bubblegum""},{""trait_type"":""Eyes"",""value"":""AutoSpooker Slim Edition""},{""trait_type"":""Rank"",""value"":""8""},{""trait_type"":""Ghostly Apparitions"",""value"":""Ghost""}]"
456,6297035,0x6f84d6e305f247ecdf9f6c4bcbf520237e14d31be98da5712ac9aabdb22e4252,"[{""trait_type"":""Background"",""value"":""Full Moon over Block City""},{""trait_type"":""Type"",""value"":""Gellar Spawn""},{""trait_type"":""Head"",""value"":""Stylish Death Knight Horn Replicas""},{""trait_type"":""Mouth"",""value"":""Vape""},{""trait_type"":""Eyes"",""value"":""Hollow Eyes""},{""trait_type"":""Rank"",""value"":""115""},{""trait_type"":""Cloths"",""value"":""Hard Base Uniform""}]"
455,6297034,0x07cd569764758892031562b4c089c0c07612e82af124ba939a0e645ce32f6c21,"[{""trait_type"":""Background"",""value"":""Plums of Despair""},{""trait_type"":""Type"",""value"":""Purple People""},{""trait_type"":""Mouth"",""value"":""Irresistible Bad Teeth""},{""trait_type"":""Eyes"",""value"":""Death Cross Mask Mark II""},{""trait_type"":""Rank"",""value"":""438""},{""trait_type"":""Cloths"",""value"":""Pumped Pumpkin Warrior""}]"
454,6297033,0x877b2c36a3ecd55fcb3dd650ea25e120abbc1e366d565fcf33ab81ea695cac93,"[{""trait_type"":""Background"",""value"":""Pumpin Pumpkin""},{""trait_type"":""Type"",""value"":""Human Melanin Level 80""},{""trait_type"":""Eyes"",""value"":""Pumpkin Vision""},{""trait_type"":""Rank"",""value"":""395""},{""trait_type"":""Ghostly Apparitions"",""value"":""Ghost""},{""trait_type"":""Cloths"",""value"":""Classic Black Suit""}]"
453,6297032,0x4e7dc88db454aeb0c6cc9433de9c8c5cd78fb7abb970402a0d7581cae1cc1861,"[{""trait_type"":""Background"",""value"":""Full Moon over Block City""},{""trait_type"":""Type"",""value"":""Black and White Zombie""},{""trait_type"":""Head"",""value"":""Spookytail Purple""},{""trait_type"":""Eyes"",""value"":""Zombie eyes""},{""trait_type"":""Rank"",""value"":""153""},{""trait_type"":""Cloths"",""value"":""Dark Knight Costume""}]"
452,6297031,0x9766e4ef5072b7d67313c87719bc40575c45c72d3612abbdb25a81f52fbfbb29,"[{""trait_type"":""Background"",""value"":""Even dorker Dorkness""},{""trait_type"":""Type"",""value"":""Black and White Zombie""},{""trait_type"":""Mouth"",""value"":""Foul mouthed""},{""trait_type"":""Eyes"",""value"":""Zombie eyes""},{""trait_type"":""Rank"",""value"":""285""},{""trait_type"":""Cloths"",""value"":""Red Hoodie""}]"
451,6297030,0x24b315c43d7ed1e8a68e382563f97d02480280ce0eb01bacefa8bde31d5647e6,"[{""trait_type"":""Background"",""value"":""Even dorker Dorkness""},{""trait_type"":""Type"",""value"":""Black and White Zombie""},{""trait_type"":""Eyes"",""value"":""Sus af""},{""trait_type"":""Rank"",""value"":""492""},{""trait_type"":""Ghostly Apparitions"",""value"":""Ghost""}]"
450,6297029,0x148425ee5ced1f7e6c8b69cfd945cb7a675dc006417fa4d78350bf204879b1a9,"[{""trait_type"":""Background"",""value"":""Crimson King""},{""trait_type"":""Type"",""value"":""Zombie""},{""trait_type"":""Head"",""value"":""Maga Cap""},{""trait_type"":""Mouth"",""value"":""Insecure Laughter""},{""trait_type"":""Eyes"",""value"":""AutoSpooker Slim Edition""},{""trait_type"":""Rank"",""value"":""104""},{""trait_type"":""Cloths"",""value"":""Freddy Sweater""}]"
449,6297028,0x3b815af2a6cb927b409fc068b34171fafdd784dc813319b8d7649d9a58e4dd3f,"[{""trait_type"":""Background"",""value"":""Vile Bile""},{""trait_type"":""Type"",""value"":""Black and White Zombie""},{""trait_type"":""Head"",""value"":""Fake Devil Horns""},{""trait_type"":""Mouth"",""value"":""Genuine Jaw""},{""trait_type"":""Eyes"",""value"":""Zombie eyes""},{""trait_type"":""Rank"",""value"":""326""}]"
448,6297027,0xc07b39968f42aa4c513c3b6bb46a17a150a204f7b4efd47bd2b3d0a596b34196,"[{""trait_type"":""Background"",""value"":""Even dorker Dorkness""},{""trait_type"":""Type"",""value"":""Bone People""},{""trait_type"":""Rank"",""value"":""653""},{""trait_type"":""Full Face"",""value"":""Pirates of the Drain Plains Costume""}]"
447,6297026,0x8985278fe4d1063e31fefa8c4cc4f1ddcd0699acddf6e84c38133f1c74b9f972,"[{""trait_type"":""Background"",""value"":""Plums of Despair""},{""trait_type"":""Type"",""value"":""Gellar Spawn""},{""trait_type"":""Eyes"",""value"":""SKULLS FOR THE SKULL GOD v2""},{""trait_type"":""Rank"",""value"":""435""},{""trait_type"":""Ghostly Apparitions"",""value"":""Floorbagorb""},{""trait_type"":""Cloths"",""value"":""Vampire Attack Attire""}]"
446,6297025,0xaaf3e17ca565051082bc387aac01d8ebcbfe4e4a17d07cb94b195b03b3203d83,"[{""trait_type"":""Background"",""value"":""Plums of Despair""},{""trait_type"":""Type"",""value"":""Black and White Zombie""},{""trait_type"":""Rank"",""value"":""511""},{""trait_type"":""Cloths"",""value"":""Captains Costume""},{""trait_type"":""Full Face"",""value"":""Pirates of the Drain Plains Costume""}]"
445,6297490,0x9fe89189f721d4aaa54e8a53b5c5fdec8f06f073f3d6a71e3d7c8df7f8c39058,"[{""trait_type"":""Background"",""value"":""Full Moon over Block City""},{""trait_type"":""Type"",""value"":""Human Melanin Level 80""},{""trait_type"":""Rank"",""value"":""531""},{""trait_type"":""Ghostly Apparitions"",""value"":""Skull""},{""trait_type"":""Full Face"",""value"":""Mask of the Dreadful Black Death""}]"
444,6297491,0xc97b8810c055055aec887988b61ac4a52d55914e568cd7bea451e6bf4cc0501b,"[{""trait_type"":""Background"",""value"":""Vile Bile""},{""trait_type"":""Type"",""value"":""Zombie""},{""trait_type"":""Head"",""value"":""Stylish Death Knight Horn Replicas""},{""trait_type"":""Mouth"",""value"":""Beard of the Dead""},{""trait_type"":""Eyes"",""value"":""Empty Stare""},{""trait_type"":""Rank"",""value"":""272""},{""trait_type"":""Ghostly Apparitions"",""value"":""Ghost""},{""trait_type"":""Cloths"",""value"":""Black Hoodie""}]"
443,6297501,0x729f92673188199eb5853b8c0be5feb560f7734359eddb0377cdb3b23bcc3b02,"[{""trait_type"":""Background"",""value"":""Full Moon over Block City""},{""trait_type"":""Type"",""value"":""Bone People""},{""trait_type"":""Eyes"",""value"":""Sunken Eye""},{""trait_type"":""Rank"",""value"":""562""},{""trait_type"":""Cloths"",""value"":""Vampire Attack Attire""}]"
442,6297486,0xbedd95dc605bc81bb255ab359d642b870d5c152e3ab5b74e753279d91b74f8ba,"[{""trait_type"":""Background"",""value"":""Full Moon over Block City""},{""trait_type"":""Type"",""value"":""Bone People""},{""trait_type"":""Rank"",""value"":""650""},{""trait_type"":""Cloths"",""value"":""Freddy Sweater""},{""trait_type"":""Full Face"",""value"":""Mask of the Dreadful Black Death""}]"
441,6297476,0x8329387be19deb1eccdc9ec6179693422a159366835282f1355f97a2bf0cc7eb,"[{""trait_type"":""Background"",""value"":""Blood Moon over Block City""},{""trait_type"":""Type"",""value"":""Omega Block Zealots""},{""trait_type"":""Mouth"",""value"":""Ackchyually Gothy""},{""trait_type"":""Eyes"",""value"":""Death Cross Mask Mark II""},{""trait_type"":""Rank"",""value"":""360""},{""trait_type"":""Ghostly Apparitions"",""value"":""Sigil of the Rug Lord""},{""trait_type"":""Cloths"",""value"":""Freddy Sweater""}]"
440,6297475,0xea6471a08c92343936ff5b4f0a7c23953b4ba09f4a2ab17be118c78235b843b7,"[{""trait_type"":""Background"",""value"":""Full Moon over Block City""},{""trait_type"":""Type"",""value"":""Purple People""},{""trait_type"":""Rank"",""value"":""621""},{""trait_type"":""Cloths"",""value"":""Freddy Sweater""},{""trait_type"":""Full Face"",""value"":""Mask of the Dreadful Black Death""}]"
439,6297474,0xf04a61de48d85346133ad7c5f02fc1aeff05355df8eaef9342503750429b9264,"[{""trait_type"":""Background"",""value"":""Full Moon over Block City""},{""trait_type"":""Type"",""value"":""Smashed Pumpkin""},{""trait_type"":""Rank"",""value"":""608""},{""trait_type"":""Cloths"",""value"":""Vampire Attack Attire""},{""trait_type"":""Full Face"",""value"":""Mask of the Dreadful Black Death""}]"
438,6297356,0x985761ecbbb58d8ea6873850346e689d7ec795cbbf4230005753638c69c333d2,"[{""trait_type"":""Background"",""value"":""Full Moon over Block City""},{""trait_type"":""Type"",""value"":""Human Melanin Level 30""},{""trait_type"":""Head"",""value"":""Dark Knights Helmet""},{""trait_type"":""Mouth"",""value"":""Beard of the Dead""},{""trait_type"":""Eyes"",""value"":""Spooky MEV Bot Protector Blue""},{""trait_type"":""Rank"",""value"":""158""},{""trait_type"":""Cloths"",""value"":""General of the Adeptus Cuborum""}]"
437,6297355,0xeebaae3aad6bacf36fd1c653d4e1fd4b8ec144c371dbceede05e01929802c63f,"[{""trait_type"":""Background"",""value"":""Plums of Despair""},{""trait_type"":""Type"",""value"":""Purple People""},{""trait_type"":""Mouth"",""value"":""Irresistible Bad Teeth""},{""trait_type"":""Eyes"",""value"":""Open Minded""},{""trait_type"":""Rank"",""value"":""426""},{""trait_type"":""Ghostly Apparitions"",""value"":""Ghost""}]"
436,6297354,0x5585bc01660a80a31accf2db0a020ea6b0141d3ff80963a20245d6a748c6385e,"[{""trait_type"":""Background"",""value"":""Even dorker Dorkness""},{""trait_type"":""Type"",""value"":""Purple People""},{""trait_type"":""Head"",""value"":""Skull Bandana""},{""trait_type"":""Eyes"",""value"":""Super cheap Ghost Mask""},{""trait_type"":""Rank"",""value"":""478""}]"
435,6297353,0x90294cfde22760f639a130420088cc0673bb9800cec2d59bd556b4a172d65320,"[{""trait_type"":""Background"",""value"":""Full Moon over Block City""},{""trait_type"":""Type"",""value"":""Bone People""},{""trait_type"":""Eyes"",""value"":""Inner Vision""},{""trait_type"":""Rank"",""value"":""618""},{""trait_type"":""Cloths"",""value"":""Freddy Sweater""}]"
434,6297352,0x07fc77825f20bff7f6649bfc45f2ea440ddfe8cc7f8cd345b8ff5a906e7641a0,"[{""trait_type"":""Background"",""value"":""Full Moon over Block City""},{""trait_type"":""Type"",""value"":""Purple People""},{""trait_type"":""Eyes"",""value"":""Pumpkin Vision""},{""trait_type"":""Rank"",""value"":""590""},{""trait_type"":""Cloths"",""value"":""Vampire Attack Attire""}]"
433,6297351,0x0b7e4c5288263f41fbd8f4db72f91a9d610afcfb53a4342e44546c620c06eb24,"[{""trait_type"":""Background"",""value"":""Crimson King""},{""trait_type"":""Type"",""value"":""Sugar Skullz""},{""trait_type"":""Head"",""value"":""Crown of Sorrows""},{""trait_type"":""Mouth"",""value"":""Bubblegum""},{""trait_type"":""Eyes"",""value"":""SKULLS FOR THE SKULL GOD v2""},{""trait_type"":""Rank"",""value"":""70""},{""trait_type"":""Cloths"",""value"":""Black Hoodie""}]"
432,6297350,0x77459f90151650b4476961a7317abbaf8bac6630043c169fbb269caa831f7a63,"[{""trait_type"":""Background"",""value"":""Even dorker Dorkness""},{""trait_type"":""Type"",""value"":""Smashed Pumpkin""},{""trait_type"":""Head"",""value"":""Maga Cap""},{""trait_type"":""Eyes"",""value"":""Aviators""},{""trait_type"":""Rank"",""value"":""351""},{""trait_type"":""Cloths"",""value"":""Dark Knight Costume""}]"
431,6297349,0x5f3807cfb4eb815703c47ccd432fc9b6c334ed2fba1b3b934870caf88ea80cdf,"[{""trait_type"":""Background"",""value"":""Full Moon over Block City""},{""trait_type"":""Type"",""value"":""Omega Block Zealots""},{""trait_type"":""Mouth"",""value"":""Traditional Kaiju-Cow Hunter Camouflage""},{""trait_type"":""Eyes"",""value"":""Insufferable Eye Extension""},{""trait_type"":""Rank"",""value"":""251""},{""trait_type"":""Cloths"",""value"":""Pink Hoodie""}]"
430,6297348,0x949b0453f0f0e887a8313a809c4645278d9c73b2dbb90083de79dab201ebe8cc,"[{""trait_type"":""Background"",""value"":""Plums of Despair""},{""trait_type"":""Type"",""value"":""Smashed Pumpkin""},{""trait_type"":""Head"",""value"":""Wallet Drainer""},{""trait_type"":""Mouth"",""value"":""Bonus Eye""},{""trait_type"":""Eyes"",""value"":""Inner Vision Pumpkin""},{""trait_type"":""Rank"",""value"":""13""},{""trait_type"":""Relics"",""value"":""Blessed Pile of Candy""}]"
429,6297347,0x833bcafba23c837c4a0622e4cc5212123eae8b39bafe1db8dca1dd35d9855da4,"[{""trait_type"":""Background"",""value"":""Crimson King""},{""trait_type"":""Type"",""value"":""Human Melanin Level Goth""},{""trait_type"":""Head"",""value"":""Spookytail Black""},{""trait_type"":""Mouth"",""value"":""Bloody Purr People Snout""},{""trait_type"":""Eyes"",""value"":""Big Eyes""},{""trait_type"":""Rank"",""value"":""32""},{""trait_type"":""Ghostly Apparitions"",""value"":""Ghost""}]"
428,6297346,0x339210ac28e811caa7c0347a84cc9642996b15bc80b32cd2a71126cae08816a4,"[{""trait_type"":""Background"",""value"":""Even dorker Dorkness""},{""trait_type"":""Type"",""value"":""Pumpkin Suit""},{""trait_type"":""Mouth"",""value"":""Sniffmaster 9000""},{""trait_type"":""Eyes"",""value"":""Shiny Official Rug Lord Fan Club Glasses""},{""trait_type"":""Rank"",""value"":""371""},{""trait_type"":""Ghostly Apparitions"",""value"":""Skull""}]"
427,6297345,0xc1c8952d97d0610ed682241c4073afa10a787b540bb9a47e02d3881a73febd23,"[{""trait_type"":""Background"",""value"":""Full Moon over Block City""},{""trait_type"":""Type"",""value"":""Black and White Zombie""},{""trait_type"":""Head"",""value"":""Dark Angel Wings""},{""trait_type"":""Eyes"",""value"":""Insufferable Eye Extension""},{""trait_type"":""Rank"",""value"":""403""},{""trait_type"":""Cloths"",""value"":""Red Hoodie""}]"
426,6297344,0x3a28aa2333cf0582b3772dbd3b3abb76ac5d49c21b39996f675f4e6274440fe1,"[{""trait_type"":""Background"",""value"":""Even dorker Dorkness""},{""trait_type"":""Type"",""value"":""Zombie""},{""trait_type"":""Mouth"",""value"":""Beard of the Dead""},{""trait_type"":""Eyes"",""value"":""Sugar Rush""},{""trait_type"":""Rank"",""value"":""629""}]"
425,6297343,0x83f6c088af5a07c1a39da2690ac7434d65d8628027ab83cb3685e0b0e62bb64a,"[{""trait_type"":""Background"",""value"":""Full Moon over Block City""},{""trait_type"":""Type"",""value"":""Pumpkin Suit""},{""trait_type"":""Head"",""value"":""Bone Crown""},{""trait_type"":""Mouth"",""value"":""Vape""},{""trait_type"":""Eyes"",""value"":""Big Eyes""},{""trait_type"":""Rank"",""value"":""42""},{""trait_type"":""Ghostly Apparitions"",""value"":""Spooky Skull""},{""trait_type"":""Cloths"",""value"":""Hard Base Uniform""}]"
424,6297342,0x0b56d57e379ba48010e70b50ee23960139bf94f35c0e75d0870a7475018770c2,"[{""trait_type"":""Background"",""value"":""Even dorker Dorkness""},{""trait_type"":""Type"",""value"":""Bone People""},{""trait_type"":""Mouth"",""value"":""OY!!!!""},{""trait_type"":""Eyes"",""value"":""Sunken Eye""},{""trait_type"":""Rank"",""value"":""202""},{""trait_type"":""Ghostly Apparitions"",""value"":""Skull""},{""trait_type"":""Cloths"",""value"":""Vampire Attack Attire""}]"
423,6297341,0xe44affd74e72290453308fdb9996e61af3d95dfedd63fb757f313d3b96e47e20,"[{""trait_type"":""Background"",""value"":""Plums of Despair""},{""trait_type"":""Type"",""value"":""Omega Block Zealots""},{""trait_type"":""Head"",""value"":""Dark Knights Helmet""},{""trait_type"":""Eyes"",""value"":""Zoned out""},{""trait_type"":""Rank"",""value"":""380""}]"
422,6297340,0xe5da3c24efced6fc649e8c20dc523331dcf385d198e960b4cffe8c91c45717b4,"[{""trait_type"":""Background"",""value"":""Even dorker Dorkness""},{""trait_type"":""Type"",""value"":""Pumpkin Suit""},{""trait_type"":""Head"",""value"":""Evil Scriptoadz Companion""},{""trait_type"":""Mouth"",""value"":""Vape""},{""trait_type"":""Eyes"",""value"":""Evil Bot Visual Sensors""},{""trait_type"":""Rank"",""value"":""89""},{""trait_type"":""Cloths"",""value"":""Black Hoodie""}]"
421,6297339,0x0b62e3d6fc0e91497501094e3de541c4ad9d58e1fab815d7a380b6a5ff40214a,"[{""trait_type"":""Background"",""value"":""Even dorker Dorkness""},{""trait_type"":""Type"",""value"":""Zombie""},{""trait_type"":""Head"",""value"":""Bubble Tea Hair""},{""trait_type"":""Mouth"",""value"":""Horny""},{""trait_type"":""Eyes"",""value"":""Open Minded""},{""trait_type"":""Rank"",""value"":""170""}]"
420,6297338,0xc99b3560f888feb91dcc7ce65c0cf53ff66372f3517b7e4500616cb9b98ef8f0,"[{""trait_type"":""Background"",""value"":""Full Moon over Block City""},{""trait_type"":""Type"",""value"":""Bone People""},{""trait_type"":""Eyes"",""value"":""Death Cross Mask Mark II""},{""trait_type"":""Rank"",""value"":""658""}]"
419,6297337,0x90dbec3633a66f395d9a52eb716f22ab0c3e5f7fe13d24b97ef50272c91ad647,"[{""trait_type"":""Background"",""value"":""Plums of Despair""},{""trait_type"":""Type"",""value"":""Purple People""},{""trait_type"":""Head"",""value"":""Circuit Hair""},{""trait_type"":""Mouth"",""value"":""420 again""},{""trait_type"":""Eyes"",""value"":""Sugar Rush""},{""trait_type"":""Rank"",""value"":""6""},{""trait_type"":""Cloths"",""value"":""Pink Hoodie""}]"
418,6297336,0xe3e962a028f4275de589dbbda1c2be515b9469e67b2e5ca007e03df01573d859,"[{""trait_type"":""Background"",""value"":""Even dorker Dorkness""},{""trait_type"":""Type"",""value"":""Zombie""},{""trait_type"":""Head"",""value"":""Evil Wizard Hat""},{""trait_type"":""Mouth"",""value"":""Vape""},{""trait_type"":""Eyes"",""value"":""Empty Stare""},{""trait_type"":""Rank"",""value"":""289""}]"
417,6297335,0xb16c0d5fa662327a57d74817fc5e74d3931a101f3a6672bd2cb86759e1cbce86,"[{""trait_type"":""Background"",""value"":""Dios de los Muertos""},{""trait_type"":""Type"",""value"":""Bone People""},{""trait_type"":""Mouth"",""value"":""Bone People Mouth""},{""trait_type"":""Eyes"",""value"":""BRAAINSSS""},{""trait_type"":""Rank"",""value"":""110""},{""trait_type"":""Ghostly Apparitions"",""value"":""Ghost""},{""trait_type"":""Relics"",""value"":""Corrupted FUD Crystal""}]"
416,6297334,0xfc722c0d9ff451bbc196de48427bea5ab3d1e2a476df6a4f9401f8e621ac96f2,"[{""trait_type"":""Background"",""value"":""Vile Bile""},{""trait_type"":""Type"",""value"":""Smashed Pumpkin""},{""trait_type"":""Mouth"",""value"":""Single Use Doomsday Mask""},{""trait_type"":""Eyes"",""value"":""Insufferable Eye Extension""},{""trait_type"":""Rank"",""value"":""94""},{""trait_type"":""Cloths"",""value"":""Presidential Suit""}]"
415,6297333,0x5d45e5cacd22d49026b48eb0ed9deea1a1e14a5f5846dcd152c3c546761bf8ab,"[{""trait_type"":""Background"",""value"":""Plums of Despair""},{""trait_type"":""Type"",""value"":""Zombie""},{""trait_type"":""Head"",""value"":""Maga Cap""},{""trait_type"":""Eyes"",""value"":""Ready For Battle""},{""trait_type"":""Rank"",""value"":""81""},{""trait_type"":""Ghostly Apparitions"",""value"":""Skull""}]"
414,6297332,0xf391ec5401c3f8a78217d4b462937dcb08432bc1d6fb6e0f1f7d9fbba9cbfc3b,"[{""trait_type"":""Background"",""value"":""Pumpin Pumpkin""},{""trait_type"":""Type"",""value"":""Sugar Skullz""},{""trait_type"":""Head"",""value"":""Rad Day of the Dead hat for Dads""},{""trait_type"":""Rank"",""value"":""336""},{""trait_type"":""Full Face"",""value"":""Floored Ghost""}]"
413,6297331,0x04f6d13002b85fde1c6bca480d4ce0cd19347490b761969a403378b292b19c77,"[{""trait_type"":""Background"",""value"":""Plums of Despair""},{""trait_type"":""Type"",""value"":""Zombie""},{""trait_type"":""Mouth"",""value"":""Pumpkin Shield""},{""trait_type"":""Eyes"",""value"":""Insufferable Eye Extension""},{""trait_type"":""Rank"",""value"":""345""},{""trait_type"":""Cloths"",""value"":""Classic Black Suit""}]"
412,6297330,0xf8eb56ef8f9c97dbfbf0a576b9026352e54c6c831026f420d0b4689bb98e79ba,"[{""trait_type"":""Background"",""value"":""Dios de los Muertos""},{""trait_type"":""Type"",""value"":""Pumpkin Suit""},{""trait_type"":""Rank"",""value"":""563""},{""trait_type"":""Cloths"",""value"":""Vampire Attack Attire""},{""trait_type"":""Full Face"",""value"":""Mask of the Dreadful Black Death""}]"
411,6297329,0x1f883dfe67439afa5c62b1921ef3ba4f0930e4f3a85369435812e7bab248bd04,"[{""trait_type"":""Background"",""value"":""Full Moon over Block City""},{""trait_type"":""Type"",""value"":""Carbon Fibre Kink Suite""},{""trait_type"":""Head"",""value"":""Crown of Sorrows""},{""trait_type"":""Eyes"",""value"":""Retarded Blood Mugger""},{""trait_type"":""Rank"",""value"":""187""},{""trait_type"":""Ghostly Apparitions"",""value"":""Skull""}]"
410,6297328,0x65bd31cc43966e852e15ad24bba99bcad2a8b74998bce750f97a72a23400141a,"[{""trait_type"":""Background"",""value"":""Crimson King""},{""trait_type"":""Type"",""value"":""Smashed Pumpkin""},{""trait_type"":""Head"",""value"":""Evil Wizard Hat""},{""trait_type"":""Mouth"",""value"":""Pumpkin Teeth""},{""trait_type"":""Eyes"",""value"":""Inner Vision Pumpkin""},{""trait_type"":""Rank"",""value"":""35""},{""trait_type"":""Cloths"",""value"":""Dark Knight Costume""}]"
409,6297327,0x7d6608b336494dc3eb9f006687bc1801867090b822ee55b2a12f05cac1fa5e99,"[{""trait_type"":""Background"",""value"":""Full Moon over Block City""},{""trait_type"":""Type"",""value"":""Black and White Zombie""},{""trait_type"":""Head"",""value"":""Straight af""},{""trait_type"":""Eyes"",""value"":""Death Cross Mask Mark II""},{""trait_type"":""Rank"",""value"":""296""},{""trait_type"":""Ghostly Apparitions"",""value"":""Ghost""},{""trait_type"":""Cloths"",""value"":""Dark Knight Costume""}]"
408,6297607,0x689cae0ab4abad6179cba9b244c95b79192d5ac4539116ec538d65df8e236e27,"[{""trait_type"":""Background"",""value"":""Pumpin Pumpkin""},{""trait_type"":""Type"",""value"":""Zombie""},{""trait_type"":""Head"",""value"":""Fake Devil Horns""},{""trait_type"":""Mouth"",""value"":""Beard of the Dead""},{""trait_type"":""Eyes"",""value"":""Zoned out""},{""trait_type"":""Rank"",""value"":""190""},{""trait_type"":""Ghostly Apparitions"",""value"":""Sigil of the Rug Lord""},{""trait_type"":""Cloths"",""value"":""Red Hoodie""}]"
407,6297159,0x6a74a0ab7753345407360a0e517794bdcf3dcbf60a2038562e84b39d65530e4a,"[{""trait_type"":""Background"",""value"":""Plums of Despair""},{""trait_type"":""Type"",""value"":""Ghost Chain People""},{""trait_type"":""Head"",""value"":""BCPD Police Cap""},{""trait_type"":""Mouth"",""value"":""OY!!!!""},{""trait_type"":""Eyes"",""value"":""Sus af""},{""trait_type"":""Rank"",""value"":""33""},{""trait_type"":""Ghostly Apparitions"",""value"":""Sigil of the Rug Lord""},{""trait_type"":""Cloths"",""value"":""Pumped Pumpkin Warrior""}]"
406,6297158,0x7cc99d1bd87727d88030fa7dad59bc843b504952d4606b43f9f207539587c9cb,"[{""trait_type"":""Background"",""value"":""Even dorker Dorkness""},{""trait_type"":""Type"",""value"":""Bone People""},{""trait_type"":""Head"",""value"":""Fake Devil Horns""},{""trait_type"":""Mouth"",""value"":""But but but but""},{""trait_type"":""Eyes"",""value"":""Hollowed""},{""trait_type"":""Rank"",""value"":""205""},{""trait_type"":""Cloths"",""value"":""Vampire Attack Attire""}]"
405,6297189,0xd49756026270f2c2ff2493088083ac094616fb2425ad163f247dd07763340666,"[{""trait_type"":""Background"",""value"":""Dios de los Muertos""},{""trait_type"":""Type"",""value"":""Black and White Zombie""},{""trait_type"":""Mouth"",""value"":""Vape""},{""trait_type"":""Eyes"",""value"":""BRAAINSSS""},{""trait_type"":""Rank"",""value"":""353""},{""trait_type"":""Cloths"",""value"":""Classic Black Suit""}]"
404,6297188,0x6e7ba3c4db5472fc47f4ca041add54c87a36a4d6aa232711c0ba263bc05d703d,"[{""trait_type"":""Background"",""value"":""Even dorker Dorkness""},{""trait_type"":""Type"",""value"":""Bone People""},{""trait_type"":""Head"",""value"":""Fake Devil Horns""},{""trait_type"":""Mouth"",""value"":""Sniffmaster 9000""},{""trait_type"":""Eyes"",""value"":""Mask of the Dreadful Black Death""},{""trait_type"":""Rank"",""value"":""331""},{""trait_type"":""Cloths"",""value"":""Vampire Attack Attire""}]"
403,6297155,0x2772e55e8398ed91db19d752802f416bd6722ce7d4d401a2fb5427360c8ee8e8,"[{""trait_type"":""Background"",""value"":""Full Moon over Block City""},{""trait_type"":""Type"",""value"":""Pumpkin Suit""},{""trait_type"":""Head"",""value"":""Blockchain Maintanance Helmet""},{""trait_type"":""Rank"",""value"":""18""},{""trait_type"":""Full Face"",""value"":""Ghost Costume Full Face""}]"
402,6297154,0x0dd8901bf70e5159da57ffcbe61aa010222b3d97d49aacbb17e7b0c21ad18918,"[{""trait_type"":""Background"",""value"":""Crimson King""},{""trait_type"":""Type"",""value"":""Omega Block Zealots""},{""trait_type"":""Rank"",""value"":""574""},{""trait_type"":""Cloths"",""value"":""Vampire Attack Attire""},{""trait_type"":""Full Face"",""value"":""Never Go Full Pumpkin""}]"
401,6297153,0x3fff7b1c3dbb2128fdb2343dcbfafd8f0b6bc0324d2d4bea6da5db68f5c87f0d,"[{""trait_type"":""Background"",""value"":""Pumpin Pumpkin""},{""trait_type"":""Type"",""value"":""Black and White Zombie""},{""trait_type"":""Head"",""value"":""Slick""},{""trait_type"":""Mouth"",""value"":""Bloody Purr People Snout""},{""trait_type"":""Eyes"",""value"":""Big Eyes""},{""trait_type"":""Rank"",""value"":""45""}]"
400,6297187,0x262687100e1372c22985448e66f8f302dc142cf536d237318a44096e0632c94e,"[{""trait_type"":""Background"",""value"":""Even dorker Dorkness""},{""trait_type"":""Type"",""value"":""Purple People""},{""trait_type"":""Mouth"",""value"":""Candy Crusher 500 Kids Edition""},{""trait_type"":""Eyes"",""value"":""Ready For Battle""},{""trait_type"":""Rank"",""value"":""56""},{""trait_type"":""Cloths"",""value"":""Presidential Suit""}]"
399,6297186,0x31de1722dbf8fa8f909c7545ab1b183a23ae94e62c4892ae58901c9e68f96aba,"[{""trait_type"":""Background"",""value"":""Full Moon over Block City""},{""trait_type"":""Type"",""value"":""Bone People""},{""trait_type"":""Head"",""value"":""Stylish Death Knight Horn Replicas""},{""trait_type"":""Eyes"",""value"":""Inner Vision""},{""trait_type"":""Rank"",""value"":""540""}]"
398,6297185,0xfa276263273f56c19719c7e16265a375521f7c9f73e7ee822df8880a8cc98e65,"[{""trait_type"":""Background"",""value"":""Pumpin Pumpkin""},{""trait_type"":""Type"",""value"":""Zombie""},{""trait_type"":""Head"",""value"":""BCPD Police Cap""},{""trait_type"":""Rank"",""value"":""117""},{""trait_type"":""Ghostly Apparitions"",""value"":""Floorbagorb""},{""trait_type"":""Cloths"",""value"":""BCPD Police Costume""},{""trait_type"":""Full Face"",""value"":""Ghost Costume Full Face""}]"
397,6297149,0x68803ebbd0498549546e4849ea1c53dfd0005e66c811621a12c58bde41c3b512,"[{""trait_type"":""Background"",""value"":""Full Moon over Block City""},{""trait_type"":""Type"",""value"":""Bone People""},{""trait_type"":""Head"",""value"":""Fake Devil Horns""},{""trait_type"":""Eyes"",""value"":""Death Cross Mask Mark II""},{""trait_type"":""Rank"",""value"":""462""},{""trait_type"":""Ghostly Apparitions"",""value"":""Spooky Skull""},{""trait_type"":""Cloths"",""value"":""Pumped Pumpkin Warrior""}]"
396,6297148,0x5f53b93ed2f335e5a210084aadfd10ad1f47f0bf61c36e86ce1af52e19f5a5dd,"[{""trait_type"":""Background"",""value"":""Full Moon over Block City""},{""trait_type"":""Type"",""value"":""Omega Block Zealots""},{""trait_type"":""Mouth"",""value"":""Proud af""},{""trait_type"":""Rank"",""value"":""308""},{""trait_type"":""Ghostly Apparitions"",""value"":""Skull""},{""trait_type"":""Cloths"",""value"":""Freddy Sweater""},{""trait_type"":""Full Face"",""value"":""Fsvgvasdv""}]"
395,6297147,0xd849cceb0c8580f8adb0538031ae5aa438cb0cde7fe024e7d18f3845c0c02d12,"[{""trait_type"":""Background"",""value"":""Full Moon over Block City""},{""trait_type"":""Type"",""value"":""Candy Bar Costume""},{""trait_type"":""Head"",""value"":""Ram Alamadingdong""},{""trait_type"":""Eyes"",""value"":""Death Cross Mask Mark II""},{""trait_type"":""Rank"",""value"":""201""}]"
394,6297146,0xc8eaa1cb09c7377ca22984ce7a796c6d301071fdecd174479be67bb147deb198,"[{""trait_type"":""Background"",""value"":""Full Moon over Block City""},{""trait_type"":""Type"",""value"":""Smashed Pumpkin""},{""trait_type"":""Mouth"",""value"":""Pumpkin Tongue""},{""trait_type"":""Eyes"",""value"":""Inner Vision Pumpkin""},{""trait_type"":""Rank"",""value"":""49""}]"
393,6297145,0x853616607e05a7f792edd226895e025149270527cf8a5bc119b8df1eccb24fcb,"[{""trait_type"":""Background"",""value"":""Pumpin Pumpkin""},{""trait_type"":""Type"",""value"":""Human Melanin Level Goth""},{""trait_type"":""Rank"",""value"":""127""},{""trait_type"":""Cloths"",""value"":""Flannel""},{""trait_type"":""Full Face"",""value"":""Never Go Full Pumpkin""}]"
392,6297144,0x18995ced2b0ab109a0114308aa3b2b8a5310622727e880583a1d45769e262f2a,"[{""trait_type"":""Background"",""value"":""Vile Bile""},{""trait_type"":""Type"",""value"":""Bone People""},{""trait_type"":""Head"",""value"":""Mohawk of Blood""},{""trait_type"":""Eyes"",""value"":""Death Cross Mask Mark II""},{""trait_type"":""Rank"",""value"":""369""},{""trait_type"":""Cloths"",""value"":""Shady Lawyer Suite""}]"
391,6297143,0x22bd3f92189e097724afe2acb3594d6f26233529a22de6f122fa7e627f476a00,"[{""trait_type"":""Background"",""value"":""Even dorker Dorkness""},{""trait_type"":""Type"",""value"":""Zombie""},{""trait_type"":""Mouth"",""value"":""Lick it""},{""trait_type"":""Eyes"",""value"":""Open Minded""},{""trait_type"":""Rank"",""value"":""424""},{""trait_type"":""Ghostly Apparitions"",""value"":""Skull""}]"
390,6297142,0xd8c4f8db4e51f1e9df155854fe46d67315f65a47d07a37438ece07ff26a83659,"[{""trait_type"":""Background"",""value"":""Even dorker Dorkness""},{""trait_type"":""Type"",""value"":""Zombie""},{""trait_type"":""Rank"",""value"":""572""},{""trait_type"":""Ghostly Apparitions"",""value"":""Ghost""},{""trait_type"":""Cloths"",""value"":""Pumped Pumpkin Warrior""},{""trait_type"":""Full Face"",""value"":""Fsvgvasdv""}]"
389,6297141,0x937a3a3b70f15d57c620c781ae8a0ca02e6221e45a75e4a099b44e8ddf2fd6db,"[{""trait_type"":""Background"",""value"":""Even dorker Dorkness""},{""trait_type"":""Type"",""value"":""Zombie""},{""trait_type"":""Head"",""value"":""Mohawk of Blood""},{""trait_type"":""Eyes"",""value"":""Insufferable Eye Extension""},{""trait_type"":""Rank"",""value"":""507""},{""trait_type"":""Cloths"",""value"":""Vampire Attack Attire""}]"
388,6297140,0x64abfc8a62f16889e42580677092b2ffdd000e121c0344f7bd4a63a883c01b89,"[{""trait_type"":""Background"",""value"":""Even dorker Dorkness""},{""trait_type"":""Type"",""value"":""Zombie""},{""trait_type"":""Head"",""value"":""Bubble Tea Hair""},{""trait_type"":""Mouth"",""value"":""CAAANDYYY!""},{""trait_type"":""Eyes"",""value"":""Zombie eyes""},{""trait_type"":""Rank"",""value"":""185""},{""trait_type"":""Cloths"",""value"":""Pumped Pumpkin Warrior""}]"
387,6297139,0xd3e964b5c9abae762ec111ede076076efec7dc26e35ed0b9806a85b89f738fbe,"[{""trait_type"":""Background"",""value"":""Plums of Despair""},{""trait_type"":""Type"",""value"":""Purple People""},{""trait_type"":""Eyes"",""value"":""Sugar Rush""},{""trait_type"":""Rank"",""value"":""630""}]"
386,6297138,0xf608b06e3e9722b6e14bd13cb2e930ebb41c9c13bec6055c209ae0c94c557a14,"[{""trait_type"":""Background"",""value"":""Full Moon over Block City""},{""trait_type"":""Type"",""value"":""Bone People""},{""trait_type"":""Head"",""value"":""Straight af""},{""trait_type"":""Mouth"",""value"":""Insecure Laughter""},{""trait_type"":""Eyes"",""value"":""Zombie eyes""},{""trait_type"":""Rank"",""value"":""57""},{""trait_type"":""Ghostly Apparitions"",""value"":""Skull""},{""trait_type"":""Cloths"",""value"":""Vampire Attack Attire""}]"
385,6297137,0x158f8742711a0feb4b3fd0448d6c6dd59ea6651e0e9231df2bc273328816352f,"[{""trait_type"":""Background"",""value"":""Even dorker Dorkness""},{""trait_type"":""Type"",""value"":""Zombie""},{""trait_type"":""Head"",""value"":""Dark Knights Helmet""},{""trait_type"":""Eyes"",""value"":""Terrfiying Scamlord Martha Focker Mask""},{""trait_type"":""Rank"",""value"":""509""}]"
384,6297136,0x6e81865062941d3dd6b0a03544cb706f8453e13e0426debd2ecfc447e1dcb89e,"[{""trait_type"":""Background"",""value"":""Full Moon over Block City""},{""trait_type"":""Type"",""value"":""Bone People""},{""trait_type"":""Eyes"",""value"":""Death Cross Mask Mark II""},{""trait_type"":""Rank"",""value"":""632""},{""trait_type"":""Cloths"",""value"":""Classic Black Suit""}]"
383,6297135,0x14483136f86cb4cf9e55cbca61d6e6a3281a429ae18df8be3afca5bb6d820d87,"[{""trait_type"":""Background"",""value"":""Vile Bile""},{""trait_type"":""Type"",""value"":""Pumpkin Suit""},{""trait_type"":""Eyes"",""value"":""Spooky MEV Bot Protector Blue""},{""trait_type"":""Rank"",""value"":""413""},{""trait_type"":""Cloths"",""value"":""General of the Adeptus Cuborum""}]"
382,6297134,0xe0b52a69a3520d56b4da68903736b5f265f0012f94cedc7cba9f2d7d652a1232,"[{""trait_type"":""Background"",""value"":""Dios de los Muertos""},{""trait_type"":""Type"",""value"":""Bone People""},{""trait_type"":""Head"",""value"":""Dark Knights Helmet""},{""trait_type"":""Mouth"",""value"":""Bone People Mouth""},{""trait_type"":""Eyes"",""value"":""BRAAINSSS""},{""trait_type"":""Rank"",""value"":""284""}]"
381,6297133,0xf960f827fa44595c00ca78da3b2547c6855a0aafed185552eb2760861e824d81,"[{""trait_type"":""Background"",""value"":""Vile Bile""},{""trait_type"":""Type"",""value"":""Zombie""},{""trait_type"":""Mouth"",""value"":""Single Use Doomsday Mask""},{""trait_type"":""Eyes"",""value"":""Strange Mouth Positioning""},{""trait_type"":""Rank"",""value"":""180""}]"
380,6297132,0x0bf901e336e3b7139d3cddca76905e319380144262c597f2b1d80577cd6ff8c0,"[{""trait_type"":""Background"",""value"":""Vile Bile""},{""trait_type"":""Type"",""value"":""Purple People""},{""trait_type"":""Mouth"",""value"":""White Pussy Magnet""},{""trait_type"":""Eyes"",""value"":""Death Cross Mask Mark II""},{""trait_type"":""Rank"",""value"":""390""},{""trait_type"":""Ghostly Apparitions"",""value"":""Ghost""},{""trait_type"":""Cloths"",""value"":""Pumped Pumpkin Warrior""}]"
379,6297131,0x60b65e2029d30abac8c000a6cf11dcccbbcbe2ad109eafa575e2511597b277e2,"[{""trait_type"":""Background"",""value"":""Even dorker Dorkness""},{""trait_type"":""Type"",""value"":""Bone People""},{""trait_type"":""Eyes"",""value"":""Spooky MEV Bot Protector Blue""},{""trait_type"":""Rank"",""value"":""530""},{""trait_type"":""Cloths"",""value"":""Dark Knight Costume""},{""trait_type"":""Full Face"",""value"":""Floored Ghost""}]"
378,6297130,0x7f74c4b5350a8ccf183d4c7752984068f0f469dbae1b6646af046f57e5d70d73,"[{""trait_type"":""Background"",""value"":""Crimson King""},{""trait_type"":""Type"",""value"":""Zombie""},{""trait_type"":""Head"",""value"":""Death Cap Shower Cap""},{""trait_type"":""Mouth"",""value"":""Stunned""},{""trait_type"":""Eyes"",""value"":""Hollowed""},{""trait_type"":""Rank"",""value"":""186""},{""trait_type"":""Ghostly Apparitions"",""value"":""Evil Smile""}]"
377,6297129,0x495f28720a6d75da5635b2580250b41dce12e7ccb4512af0a4f355be4a49f18a,"[{""trait_type"":""Background"",""value"":""Full Moon over Block City""},{""trait_type"":""Type"",""value"":""Smashed Pumpkin""},{""trait_type"":""Head"",""value"":""Nexus Cap""},{""trait_type"":""Mouth"",""value"":""Proud af""},{""trait_type"":""Eyes"",""value"":""Cyclops with Hepatitis""},{""trait_type"":""Rank"",""value"":""62""},{""trait_type"":""Ghostly Apparitions"",""value"":""Sigil of the Rug Lord""}]"
376,6297128,0x4a73439125903c3ea72cd24b3dda40a0ff5b12295d29ccfe916e9f5fef8c57a1,"[{""trait_type"":""Background"",""value"":""Full Moon over Block City""},{""trait_type"":""Type"",""value"":""Pumpkin Suit""},{""trait_type"":""Head"",""value"":""Fancy Hair blonde""},{""trait_type"":""Mouth"",""value"":""Irresistible Bad Teeth""},{""trait_type"":""Eyes"",""value"":""Purple Paranoia""},{""trait_type"":""Rank"",""value"":""54""},{""trait_type"":""Ghostly Apparitions"",""value"":""Floorbagorb""},{""trait_type"":""Cloths"",""value"":""Freddy Sweater""}]"
375,6297127,0xee6df8a4e493e85fd3ff0023bba904a401a6b2bbb8a3b7e833bd80eeb4d1474a,"[{""trait_type"":""Background"",""value"":""Even dorker Dorkness""},{""trait_type"":""Type"",""value"":""Carbon Fibre Kink Suite""},{""trait_type"":""Head"",""value"":""Death Cap Shower Cap""},{""trait_type"":""Eyes"",""value"":""Skull Plate""},{""trait_type"":""Rank"",""value"":""82""}]"
374,6297126,0xd82ce58bb17726c4343c516a184e39dde0ec1f09df4c69a5fc947d47fd8e1019,"[{""trait_type"":""Background"",""value"":""Crimson King""},{""trait_type"":""Type"",""value"":""Zombie""},{""trait_type"":""Mouth"",""value"":""Beard of the Dead""},{""trait_type"":""Eyes"",""value"":""Sunken Eye""},{""trait_type"":""Rank"",""value"":""535""}]"
373,6297125,0x2e02a4936684e7cad154ee5221a56e1d6d1560ebf4011c4482439e051be025c4,"[{""trait_type"":""Background"",""value"":""Even dorker Dorkness""},{""trait_type"":""Type"",""value"":""Human Melanin Level 80""},{""trait_type"":""Eyes"",""value"":""Sugar Rush""},{""trait_type"":""Rank"",""value"":""529""},{""trait_type"":""Ghostly Apparitions"",""value"":""Sigil of the Rug Lord""}]"
372,6297124,0x59a1241d0f55313f90544d14d5ae29025a83952b492e1a7c18aae06f73da423b,"[{""trait_type"":""Background"",""value"":""Full Moon over Block City""},{""trait_type"":""Type"",""value"":""Zombie""},{""trait_type"":""Eyes"",""value"":""Evil Bot Visual Sensors""},{""trait_type"":""Rank"",""value"":""367""},{""trait_type"":""Ghostly Apparitions"",""value"":""Skull""},{""trait_type"":""Cloths"",""value"":""Fashion Hoodie""}]"
371,6297123,0x506b8f6505c8fb1a41ee955d533e7ce5cf65d0f69acc3f2662d1b7bbf803c707,"[{""trait_type"":""Background"",""value"":""Dios de los Muertos""},{""trait_type"":""Type"",""value"":""Ghost Chain People""},{""trait_type"":""Rank"",""value"":""522""},{""trait_type"":""Cloths"",""value"":""Dark Knight Costume""},{""trait_type"":""Full Face"",""value"":""Mask of the Dreadful Black Death""}]"
370,6297122,0xfbb6eae5c5ba6f4d7ef7d011dffd85c4ab99a658c2f5fa7fccc21056e2587924,"[{""trait_type"":""Background"",""value"":""Full Moon over Block City""},{""trait_type"":""Type"",""value"":""Candy Bar Costume""},{""trait_type"":""Mouth"",""value"":""420 again""},{""trait_type"":""Eyes"",""value"":""Insufferable Eye Extension""},{""trait_type"":""Rank"",""value"":""223""},{""trait_type"":""Cloths"",""value"":""Classic Black Suit""}]"
369,6297121,0x5ea609f99cae9915a2791c3bcbe386d70e6ba2aac5dbf67fe15f5899a7993b5c,"[{""trait_type"":""Background"",""value"":""Even dorker Dorkness""},{""trait_type"":""Type"",""value"":""Carbon Fibre Kink Suite""},{""trait_type"":""Rank"",""value"":""309""},{""trait_type"":""Ghostly Apparitions"",""value"":""Sigil of the Rug Lord""},{""trait_type"":""Full Face"",""value"":""Floored Ghost""}]"
368,6297120,0x1975a3a0155b5c60aff3c4005b86d3f39c377e6e158437a7bc650bbf1aea232f,"[{""trait_type"":""Background"",""value"":""Even dorker Dorkness""},{""trait_type"":""Type"",""value"":""Bone People""},{""trait_type"":""Head"",""value"":""Crown of Sorrows""},{""trait_type"":""Eyes"",""value"":""Shiny Official Rug Lord Fan Club Glasses""},{""trait_type"":""Rank"",""value"":""382""},{""trait_type"":""Ghostly Apparitions"",""value"":""Evil Smile""}]"
367,6297119,0xae3842290c0b81529e830ce7b87e501792a3bd298eb858906dc7c82f37269f4b,"[{""trait_type"":""Background"",""value"":""Blood Moon over Block City""},{""trait_type"":""Type"",""value"":""Zombie""},{""trait_type"":""Head"",""value"":""Mohawk of Blood""},{""trait_type"":""Eyes"",""value"":""Death Cross Mask Mark II""},{""trait_type"":""Rank"",""value"":""269""},{""trait_type"":""Ghostly Apparitions"",""value"":""Ghost""},{""trait_type"":""Cloths"",""value"":""BCPD Police Costume""}]"
366,6297118,0xb75d784521f5bf1eedbacffec8f7f4585679a1f799970818f6c2b975cd213871,"[{""trait_type"":""Background"",""value"":""Even dorker Dorkness""},{""trait_type"":""Type"",""value"":""Gellar Spawn""},{""trait_type"":""Mouth"",""value"":""OY!!!!""},{""trait_type"":""Eyes"",""value"":""Revealed Skull""},{""trait_type"":""Rank"",""value"":""310""}]"
365,6297217,0x99c3038c89e96b5242aa33672af543b544540177f0166c166991761da22ac2c3,"[{""trait_type"":""Background"",""value"":""Full Moon over Block City""},{""trait_type"":""Type"",""value"":""Purple People""},{""trait_type"":""Head"",""value"":""Wild Purple Hair""},{""trait_type"":""Eyes"",""value"":""Hollowed""},{""trait_type"":""Rank"",""value"":""240""},{""trait_type"":""Cloths"",""value"":""Hard Base Uniform""}]"
364,6297216,0x95a7a2dfd436398de97f4b2e7cc08efeca88876beef4c66d01d27b71c9817423,"[{""trait_type"":""Background"",""value"":""Full Moon over Block City""},{""trait_type"":""Type"",""value"":""Black and White Zombie""},{""trait_type"":""Rank"",""value"":""193""},{""trait_type"":""Ghostly Apparitions"",""value"":""Skull""},{""trait_type"":""Relics"",""value"":""Jef's Scepter of Skullability""},{""trait_type"":""Full Face"",""value"":""Ghost Costume Full Face""}]"
363,6297114,0xba7aa88a07b26d4a75bce607627a65c7d4b2e7f0e08ddf38fb697971bacfd1c2,"[{""trait_type"":""Background"",""value"":""Pumpin Pumpkin""},{""trait_type"":""Type"",""value"":""Omega Block Zealots""},{""trait_type"":""Head"",""value"":""Dark Knights Helmet""},{""trait_type"":""Eyes"",""value"":""Pumpkin Vision""},{""trait_type"":""Rank"",""value"":""393""},{""trait_type"":""Ghostly Apparitions"",""value"":""Floorbagorb""},{""trait_type"":""Cloths"",""value"":""Freddy Sweater""}]"
362,6297113,0xa7ff18eb5992b48d1dd7a0057f3fad42236be3be25ac47cb6aea9c1532fe3d24,"[{""trait_type"":""Background"",""value"":""Full Moon over Block City""},{""trait_type"":""Type"",""value"":""Zombie""},{""trait_type"":""Mouth"",""value"":""Jack-o-Lantern""},{""trait_type"":""Eyes"",""value"":""Sunken Eye""},{""trait_type"":""Rank"",""value"":""461""}]"
361,6297112,0xd7bdd14b5d65f04b1c7c723f28f0db66c41e9bbaae4855f64fac4ec2a32bad37,"[{""trait_type"":""Background"",""value"":""Full Moon over Block City""},{""trait_type"":""Type"",""value"":""Zombie""},{""trait_type"":""Head"",""value"":""Stylish Death Knight Horn Replicas""},{""trait_type"":""Eyes"",""value"":""Open Minded""},{""trait_type"":""Rank"",""value"":""534""},{""trait_type"":""Cloths"",""value"":""Pumped Pumpkin Warrior""}]"
360,6297111,0x1c5e763d8d73894f5163ff7a375075832b0fa3533a5c3c16b901898aab726d45,"[{""trait_type"":""Background"",""value"":""Pumpin Pumpkin""},{""trait_type"":""Type"",""value"":""Bone People""},{""trait_type"":""Head"",""value"":""Fancy Hair black""},{""trait_type"":""Mouth"",""value"":""Jack-o-Lantern""},{""trait_type"":""Eyes"",""value"":""Insufferable Eye Extension""},{""trait_type"":""Rank"",""value"":""363""}]"
359,6297110,0x2e135c5bec62d9ba69d7b8c069ab2253345f6e291cc2592c0bd3dd7e1e971c19,"[{""trait_type"":""Background"",""value"":""Even dorker Dorkness""},{""trait_type"":""Type"",""value"":""Omega Block Zealots""},{""trait_type"":""Head"",""value"":""Pumpkin Helmet""},{""trait_type"":""Mouth"",""value"":""Beard of the Dead""},{""trait_type"":""Eyes"",""value"":""Big Eyes""},{""trait_type"":""Rank"",""value"":""182""}]"
358,6297109,0x0e640e8ede6116bbff0ec4cbdd0e1e3d00acc627bc1a6e42d7f7b7cad513b57c,"[{""trait_type"":""Background"",""value"":""Full Moon over Block City""},{""trait_type"":""Type"",""value"":""Omega Block Zealots""},{""trait_type"":""Head"",""value"":""Hash Mesh""},{""trait_type"":""Eyes"",""value"":""Terrfiying Scamlord Martha Focker Mask""},{""trait_type"":""Rank"",""value"":""234""},{""trait_type"":""Ghostly Apparitions"",""value"":""Floorbagorb""}]"
357,6297108,0x2d723ecd15de2ac1afb58ff1b351a9597d7789fe6d0060744626fc0c3112514b,"[{""trait_type"":""Background"",""value"":""Pumpin Pumpkin""},{""trait_type"":""Type"",""value"":""Zombie""},{""trait_type"":""Rank"",""value"":""556""},{""trait_type"":""Cloths"",""value"":""Black Hoodie""},{""trait_type"":""Full Face"",""value"":""Never Go Full Pumpkin""}]"
356,6297107,0x803a9fa7ca29904f7e6d95ae8bf7f6ff9e6b1f5ce4ab1b1b92e7f2ef07ad5453,"[{""trait_type"":""Background"",""value"":""Plums of Despair""},{""trait_type"":""Type"",""value"":""Pumpkin Suit""},{""trait_type"":""Mouth"",""value"":""Stunned""},{""trait_type"":""Eyes"",""value"":""Mask of the Dreadful Black Death""},{""trait_type"":""Rank"",""value"":""319""},{""trait_type"":""Ghostly Apparitions"",""value"":""Ghost""},{""trait_type"":""Cloths"",""value"":""Vampire Attack Attire""}]"
355,6297024,0xc1d870a55a537fe0013286b9b04f62eddc745761262336f0665a04bccdc36982,"[{""trait_type"":""Background"",""value"":""Even dorker Dorkness""},{""trait_type"":""Type"",""value"":""Zombie""},{""trait_type"":""Head"",""value"":""Bone Crown""},{""trait_type"":""Mouth"",""value"":""Bone People Mouth""},{""trait_type"":""Eyes"",""value"":""Empty Stare""},{""trait_type"":""Rank"",""value"":""119""},{""trait_type"":""Ghostly Apparitions"",""value"":""Evil Smile""}]"
354,6297023,0x3fa67416d3d51a6435132c6708e983a0ceb6e5c210d02059732d14da29706c54,"[{""trait_type"":""Background"",""value"":""Even dorker Dorkness""},{""trait_type"":""Type"",""value"":""Omega Block Zealots""},{""trait_type"":""Head"",""value"":""Evil Scriptoadz Companion""},{""trait_type"":""Eyes"",""value"":""Inner Vision""},{""trait_type"":""Rank"",""value"":""246""},{""trait_type"":""Cloths"",""value"":""Captains Costume""}]"
353,6297022,0x0f8c602a89698d75be49980770c463050144a93679ffba43ace4d8b910f57d14,"[{""trait_type"":""Background"",""value"":""Full Moon over Block City""},{""trait_type"":""Type"",""value"":""Zombie""},{""trait_type"":""Eyes"",""value"":""Revealed Skull""},{""trait_type"":""Rank"",""value"":""339""},{""trait_type"":""Ghostly Apparitions"",""value"":""Floorbagorb""},{""trait_type"":""Cloths"",""value"":""Pink Hoodie""}]"
352,6297021,0x287d923133322adad26fa1c707ca8171ffc75fc492747547535d491f63944bc4,"[{""trait_type"":""Background"",""value"":""Crimson King""},{""trait_type"":""Type"",""value"":""Gellar Spawn""},{""trait_type"":""Head"",""value"":""Wallet Drainer""},{""trait_type"":""Eyes"",""value"":""Gooey Scriboor Visoor""},{""trait_type"":""Rank"",""value"":""325""},{""trait_type"":""Ghostly Apparitions"",""value"":""Skull""}]"
351,6297020,0xdec7d48141d7d83e2cebf009c530ccaae3568736a3a7782bea7cfdb82e3939e6,"[{""trait_type"":""Background"",""value"":""Full Moon over Block City""},{""trait_type"":""Type"",""value"":""Bone People""},{""trait_type"":""Head"",""value"":""Fake Devil Horns""},{""trait_type"":""Rank"",""value"":""552""},{""trait_type"":""Cloths"",""value"":""Classic Black Suit""},{""trait_type"":""Full Face"",""value"":""Floored Ghost""}]"
350,6297019,0x7cebf49222cb329c10465dafd5771cee94222da665cbd3667f9e474fda0fdefe,"[{""trait_type"":""Background"",""value"":""Even dorker Dorkness""},{""trait_type"":""Type"",""value"":""Omega Block Zealots""},{""trait_type"":""Mouth"",""value"":""Throat of Darkness""},{""trait_type"":""Eyes"",""value"":""Purple Paranoia""},{""trait_type"":""Rank"",""value"":""352""},{""trait_type"":""Ghostly Apparitions"",""value"":""Sigil of the Rug Lord""}]"
349,6297018,0x50437b6f6eb9e056f839eb47ce63274efa798d7e09a533d97f80bd07642ab929,"[{""trait_type"":""Background"",""value"":""Plums of Despair""},{""trait_type"":""Type"",""value"":""Omega Block Zealots""},{""trait_type"":""Head"",""value"":""Death Cap Shower Cap""},{""trait_type"":""Mouth"",""value"":""Horny""},{""trait_type"":""Eyes"",""value"":""Sugar Rush""},{""trait_type"":""Rank"",""value"":""218""},{""trait_type"":""Cloths"",""value"":""Freddy Sweater""}]"
348,6297017,0x8c411502c6b2bb13a2242044ee4a60b7daab23338d7815ba171757df8c49b420,"[{""trait_type"":""Background"",""value"":""Even dorker Dorkness""},{""trait_type"":""Type"",""value"":""Bone People""},{""trait_type"":""Rank"",""value"":""648""},{""trait_type"":""Cloths"",""value"":""Freddy Sweater""},{""trait_type"":""Full Face"",""value"":""Mask of the Dreadful Black Death""}]"
347,6297016,0xaa3b22a44c9bf5b20a2ba99ba40704d3d359df9851c0b9ffc5284c60ec0bcbcf,"[{""trait_type"":""Background"",""value"":""Vile Bile""},{""trait_type"":""Type"",""value"":""Omega Block Zealots""},{""trait_type"":""Head"",""value"":""Weird Sexy Alien""},{""trait_type"":""Mouth"",""value"":""Proud af""},{""trait_type"":""Eyes"",""value"":""Cyclops with Hepatitis""},{""trait_type"":""Rank"",""value"":""10""},{""trait_type"":""Cloths"",""value"":""Pumped Pumpkin Warrior""}]"
346,6297015,0x1f2bfaa327564fce4ba13f363f30da60da7c3a763c7da2df2fb504b82dff77ef,"[{""trait_type"":""Background"",""value"":""Even dorker Dorkness""},{""trait_type"":""Type"",""value"":""Bone People""},{""trait_type"":""Head"",""value"":""Fake Devil Horns""},{""trait_type"":""Mouth"",""value"":""Irresistible Bad Teeth""},{""trait_type"":""Eyes"",""value"":""Hollowed""},{""trait_type"":""Rank"",""value"":""225""},{""trait_type"":""Ghostly Apparitions"",""value"":""Evil Smile""},{""trait_type"":""Cloths"",""value"":""Fashion Hoodie""}]"
345,6297548,0x56bf1979be957cbf71aade25abe1405859f5993e1cadbd7d353b1d126a04e5e6,"[{""trait_type"":""Background"",""value"":""Even dorker Dorkness""},{""trait_type"":""Type"",""value"":""Ghost Chain People""},{""trait_type"":""Eyes"",""value"":""Hollowed""},{""trait_type"":""Rank"",""value"":""620""}]"
344,6297559,0x63112fb46a819783aa1b10fa7dd5701c9679a325cb2bde63b51c4da13a125a6b,"[{""trait_type"":""Background"",""value"":""Full Moon over Block City""},{""trait_type"":""Type"",""value"":""Purple People""},{""trait_type"":""Head"",""value"":""Maga Cap""},{""trait_type"":""Eyes"",""value"":""Sugar Rush""},{""trait_type"":""Rank"",""value"":""449""},{""trait_type"":""Cloths"",""value"":""Freddy Sweater""}]"
343,6297546,0x1a4cc542c73d5d18f41ec3f8517dd10e9326ee3b8bcfbf9edc1d568400b455e8,"[{""trait_type"":""Background"",""value"":""Crimson King""},{""trait_type"":""Type"",""value"":""Gellar Spawn""},{""trait_type"":""Mouth"",""value"":""Beard of the Dead""},{""trait_type"":""Eyes"",""value"":""Zoned out""},{""trait_type"":""Rank"",""value"":""356""},{""trait_type"":""Ghostly Apparitions"",""value"":""Sigil of the Rug Lord""},{""trait_type"":""Cloths"",""value"":""Freddy Sweater""}]"
342,6297545,0xf4627cbf02821eb44e485b6adb2e3793a1a7c10524d1dc223ab0d94888d83c5d,"[{""trait_type"":""Background"",""value"":""Full Moon over Block City""},{""trait_type"":""Type"",""value"":""Smashed Pumpkin""},{""trait_type"":""Head"",""value"":""Bone Crown""},{""trait_type"":""Mouth"",""value"":""Pumpkin Tongue""},{""trait_type"":""Eyes"",""value"":""Zombie eyes""},{""trait_type"":""Rank"",""value"":""44""},{""trait_type"":""Cloths"",""value"":""McD Uniform""}]"
341,6297544,0xbfb4c56f7e47876eb1277035111dba6c5b9f8bec4cd05c5c7b3efc8951954605,"[{""trait_type"":""Background"",""value"":""Crimson King""},{""trait_type"":""Type"",""value"":""Bone People""},{""trait_type"":""Head"",""value"":""Spooky Void Bat Hat""},{""trait_type"":""Mouth"",""value"":""Vape""},{""trait_type"":""Eyes"",""value"":""Retarded Blood Mugger""},{""trait_type"":""Rank"",""value"":""189""},{""trait_type"":""Ghostly Apparitions"",""value"":""Ghost""},{""trait_type"":""Cloths"",""value"":""Vampire Attack Attire""}]"
340,6297543,0xe0bbf581ab96b32841611ae0e59742d2698e48ea85bcd5e010a2c86a0312c24d,"[{""trait_type"":""Background"",""value"":""Full Moon over Block City""},{""trait_type"":""Type"",""value"":""Bone People""},{""trait_type"":""Head"",""value"":""Maga Cap""},{""trait_type"":""Eyes"",""value"":""Inner Vision""},{""trait_type"":""Rank"",""value"":""388""},{""trait_type"":""Cloths"",""value"":""Classic Black Suit""}]"
339,6297542,0x7a43bb1c5b101c03a6079de3ccfc4c54f256871c21417d279cb5aef1d749e814,"[{""trait_type"":""Background"",""value"":""Even dorker Dorkness""},{""trait_type"":""Type"",""value"":""Human Melanin Level 80""},{""trait_type"":""Head"",""value"":""Wild Purple Hair""},{""trait_type"":""Eyes"",""value"":""Zombie eyes""},{""trait_type"":""Rank"",""value"":""327""}]"
338,6297541,0xd94d388690b6aa7c07b1e71749568782fbaedbfdb1a109e02de68281ac1cf17f,"[{""trait_type"":""Background"",""value"":""Pumpin Pumpkin""},{""trait_type"":""Type"",""value"":""Omega Block Zealots""},{""trait_type"":""Mouth"",""value"":""Traditional Kaiju-Cow Hunter Camouflage""},{""trait_type"":""Eyes"",""value"":""Gooey Scriboor Visoor""},{""trait_type"":""Rank"",""value"":""294""},{""trait_type"":""Ghostly Apparitions"",""value"":""Ghost""},{""trait_type"":""Cloths"",""value"":""Pumped Pumpkin Warrior""}]"
337,6297540,0x3276e7abc265d5acb29aa7125fd257810d0e59cc1c45539d0f2f6f89ba9aa7ca,"[{""trait_type"":""Background"",""value"":""Vile Bile""},{""trait_type"":""Type"",""value"":""Carbon Fibre Kink Suite""},{""trait_type"":""Rank"",""value"":""312""},{""trait_type"":""Full Face"",""value"":""Pirates of the Drain Plains Costume""}]"
336,6297539,0xaa163fd1a5eae25650ff752b6d03e41c2ddc6da73baa75470101913d507a0ed9,"[{""trait_type"":""Background"",""value"":""Full Moon over Block City""},{""trait_type"":""Type"",""value"":""Bone People""},{""trait_type"":""Head"",""value"":""Fancy Hair blonde""},{""trait_type"":""Eyes"",""value"":""Cyclops with Hepatitis""},{""trait_type"":""Rank"",""value"":""199""},{""trait_type"":""Ghostly Apparitions"",""value"":""Skull""},{""trait_type"":""Cloths"",""value"":""Classic Black Suit""}]"
335,6297538,0xabb4765de1ff57b5b8637304dd376a4dc9ac031ce2e3ef3e8cf67cf82fd1e80b,"[{""trait_type"":""Background"",""value"":""Full Moon over Block City""},{""trait_type"":""Type"",""value"":""Omega Block Zealots""},{""trait_type"":""Head"",""value"":""Evil Wizard Hat""},{""trait_type"":""Mouth"",""value"":""Ackchyually Gothy""},{""trait_type"":""Eyes"",""value"":""Open Minded""},{""trait_type"":""Rank"",""value"":""164""},{""trait_type"":""Ghostly Apparitions"",""value"":""Floorbagorb""},{""trait_type"":""Cloths"",""value"":""General of the Adeptus Cuborum""}]"
334,6297537,0x2b649f7d0db29dcc601a1cb09fc072623b53b48b1656e2c946b1eeee4a4a2a3f,"[{""trait_type"":""Background"",""value"":""Even dorker Dorkness""},{""trait_type"":""Type"",""value"":""Zombie""},{""trait_type"":""Mouth"",""value"":""Beard of the Dead""},{""trait_type"":""Eyes"",""value"":""Zombie eyes""},{""trait_type"":""Rank"",""value"":""595""},{""trait_type"":""Cloths"",""value"":""Vampire Attack Attire""}]"
333,6297536,0x890c416a55c4c88bfe5a77fdd6167b79e978c3f9bb0f41d11d6bdb8aa65522d6,"[{""trait_type"":""Background"",""value"":""Full Moon over Block City""},{""trait_type"":""Type"",""value"":""Omega Block Zealots""},{""trait_type"":""Mouth"",""value"":""CAAANDYYY!""},{""trait_type"":""Rank"",""value"":""504""},{""trait_type"":""Ghostly Apparitions"",""value"":""Skull""},{""trait_type"":""Full Face"",""value"":""Never Go Full Pumpkin""}]"
332,6297566,0xce468fee55f65a965c7b24bb13252e581b310539d8dcc1536a289407fd93d38d,"[{""trait_type"":""Background"",""value"":""Even dorker Dorkness""},{""trait_type"":""Type"",""value"":""Omega Block Zealots""},{""trait_type"":""Eyes"",""value"":""AutoSpooker Slim Edition""},{""trait_type"":""Rank"",""value"":""661""}]"
331,6297534,0x6f02962ce47b74c04a12f157a95a336536bf8c23a552ec90c04a1d9a5b9cb5c5,"[{""trait_type"":""Background"",""value"":""Plums of Despair""},{""trait_type"":""Type"",""value"":""Bone People""},{""trait_type"":""Mouth"",""value"":""Candy Crusher 500 Kids Edition""},{""trait_type"":""Eyes"",""value"":""Spooky MEV Bot Protector Orange""},{""trait_type"":""Rank"",""value"":""229""},{""trait_type"":""Cloths"",""value"":""Pink Hoodie""}]"
330,6297533,0x7e15a37c5d6870f2287989b2632709ad9b740f3cd93659acb48ae54826828186,"[{""trait_type"":""Background"",""value"":""Crimson King""},{""trait_type"":""Type"",""value"":""Gellar Spawn""},{""trait_type"":""Head"",""value"":""Evil Scriptoadz Companion""},{""trait_type"":""Mouth"",""value"":""Throat of Darkness""},{""trait_type"":""Eyes"",""value"":""Aviators""},{""trait_type"":""Rank"",""value"":""196""},{""trait_type"":""Ghostly Apparitions"",""value"":""Sigil of the Rug Lord""}]"
329,6297532,0x6c08db01534295200378a72469cbfe876d4ecd5b8c1a752bccda67e5e41c48e4,"[{""trait_type"":""Background"",""value"":""Full Moon over Block City""},{""trait_type"":""Type"",""value"":""Gellar Spawn""},{""trait_type"":""Eyes"",""value"":""Inner Vision""},{""trait_type"":""Rank"",""value"":""456""},{""trait_type"":""Cloths"",""value"":""Classic Black Suit""},{""trait_type"":""Full Face"",""value"":""Mask of the Dreadful Black Death""}]"
328,6297531,0xf813602760c0238c29101c07291f93859a3ca3251ed3aac22739dde06e03cc7c,"[{""trait_type"":""Background"",""value"":""Crimson King""},{""trait_type"":""Type"",""value"":""Zombie""},{""trait_type"":""Head"",""value"":""Pumpkin Helmet""},{""trait_type"":""Eyes"",""value"":""Hollowed""},{""trait_type"":""Rank"",""value"":""386""}]"
327,6297530,0x678d0a17c2fb99307b27540dc1897fa08379c3ec2b6c66210825a472c8f7fc54,"[{""trait_type"":""Background"",""value"":""Even dorker Dorkness""},{""trait_type"":""Type"",""value"":""Zombie""},{""trait_type"":""Head"",""value"":""Nexus Cap""},{""trait_type"":""Mouth"",""value"":""Ackchyually Gothy""},{""trait_type"":""Eyes"",""value"":""Hollow Eyes""},{""trait_type"":""Rank"",""value"":""101""}]"
326,6297529,0xfeb9f82ab4ddfbd22950fe6a2e3a91aad6801ef8f719729ad660e89845c4645d,"[{""trait_type"":""Background"",""value"":""Plums of Despair""},{""trait_type"":""Type"",""value"":""Black and White Zombie""},{""trait_type"":""Mouth"",""value"":""Single Use Doomsday Mask""},{""trait_type"":""Rank"",""value"":""206""},{""trait_type"":""Full Face"",""value"":""Ghost Costume Full Face""}]"
325,6297528,0x98decee145faa8f5ed6c3b10bb6aa08013df2a80f20e46046adbc37b12e2d14f,"[{""trait_type"":""Background"",""value"":""Full Moon over Block City""},{""trait_type"":""Type"",""value"":""Sugar Skullz""},{""trait_type"":""Head"",""value"":""Dark Knights Helmet""},{""trait_type"":""Mouth"",""value"":""Evil Robot Voice Modulator""},{""trait_type"":""Eyes"",""value"":""Evil Bot Visual Sensors""},{""trait_type"":""Rank"",""value"":""26""},{""trait_type"":""Ghostly Apparitions"",""value"":""Sigil of the Rug Lord""},{""trait_type"":""Cloths"",""value"":""Dark Knight Costume""},{""trait_type"":""Relics"",""value"":""Blessed Pile of Candy""}]"
324,6297557,0x3e18079ce307f0678d1f5bc2f660a90d2b95b716396bfd299c23c5f7078bf14d,"[{""trait_type"":""Background"",""value"":""Full Moon over Block City""},{""trait_type"":""Type"",""value"":""Black and White Zombie""},{""trait_type"":""Mouth"",""value"":""Throat of Darkness""},{""trait_type"":""Eyes"",""value"":""Open Minded""},{""trait_type"":""Rank"",""value"":""210""},{""trait_type"":""Ghostly Apparitions"",""value"":""Skull""},{""trait_type"":""Cloths"",""value"":""Flannel""}]"
323,6297526,0x4365a2bb2da09ea3bb5a85f868c3b092d70f3aa29f7aebbbc11eb7a8bc4c64ec,"[{""trait_type"":""Background"",""value"":""Even dorker Dorkness""},{""trait_type"":""Type"",""value"":""Bone People""},{""trait_type"":""Mouth"",""value"":""Traditional Kaiju-Cow Hunter Camouflage""},{""trait_type"":""Eyes"",""value"":""Evil Bot Visual Sensors""},{""trait_type"":""Rank"",""value"":""252""},{""trait_type"":""Ghostly Apparitions"",""value"":""Spooky Skull""}]"
322,6297556,0x6fd9d7ef28380a2478632486d55e4415cfc8a773d667ef5c126a9e49eb0198b9,"[{""trait_type"":""Background"",""value"":""Even dorker Dorkness""},{""trait_type"":""Type"",""value"":""Black and White Zombie""},{""trait_type"":""Head"",""value"":""Spookytail Blonde""},{""trait_type"":""Eyes"",""value"":""AutoSpooker Slim Edition""},{""trait_type"":""Rank"",""value"":""74""},{""trait_type"":""Cloths"",""value"":""Pumped Pumpkin Warrior""}]"
321,6297565,0x224ee4687b05a1600903134d6cc6bec6130daa43ebc116ccc47d19cb91330b2b,"[{""trait_type"":""Background"",""value"":""Even dorker Dorkness""},{""trait_type"":""Type"",""value"":""Pumpkin Suit""},{""trait_type"":""Mouth"",""value"":""Jack-o-Lantern""},{""trait_type"":""Eyes"",""value"":""Hollowed""},{""trait_type"":""Rank"",""value"":""359""},{""trait_type"":""Cloths"",""value"":""Red Hoodie""}]"
320,6297564,0xca69045527e10e4a3d8e86675e625c7a30111eb7e3b42472e05da8b4f402a7bf,"[{""trait_type"":""Background"",""value"":""Full Moon over Block City""},{""trait_type"":""Type"",""value"":""Omega Block Zealots""},{""trait_type"":""Rank"",""value"":""619""},{""trait_type"":""Cloths"",""value"":""Freddy Sweater""},{""trait_type"":""Full Face"",""value"":""Fsvgvasdv""}]"
319,6297523,0x1a77d8491fd8496fe9dcc4e60eab34919b52215f3803c8a769092e25404c205f,"[{""trait_type"":""Background"",""value"":""Pumpin Pumpkin""},{""trait_type"":""Type"",""value"":""Omega Block Zealots""},{""trait_type"":""Eyes"",""value"":""Orange Visoor""},{""trait_type"":""Rank"",""value"":""415""},{""trait_type"":""Ghostly Apparitions"",""value"":""Skull""}]"
318,6297522,0x527404d96b6ed3c49a8f6f6ecf7fddc41f7de53f2874a441ed2daabfa7457875,"[{""trait_type"":""Background"",""value"":""Even dorker Dorkness""},{""trait_type"":""Type"",""value"":""Omega Block Zealots""},{""trait_type"":""Mouth"",""value"":""Bad Mood""},{""trait_type"":""Eyes"",""value"":""Shiny Official Rug Lord Fan Club Glasses""},{""trait_type"":""Rank"",""value"":""317""},{""trait_type"":""Cloths"",""value"":""Vampire Attack Attire""}]"
317,6297563,0x3d7738331bc1fd65084d9c69ff02561c65111e3914ef045fbbfa4028c5535639,"[{""trait_type"":""Background"",""value"":""Dios de los Muertos""},{""trait_type"":""Type"",""value"":""Bone People""},{""trait_type"":""Eyes"",""value"":""Spooky MEV Bot Protector Blue""},{""trait_type"":""Rank"",""value"":""383""},{""trait_type"":""Cloths"",""value"":""Freddy Sweater""},{""trait_type"":""Full Face"",""value"":""Ghost Costume Full Face""}]"
316,6297520,0x14df2d92d623fa999b04004e6dee5451a222dc63923e2a4a7302929b707be043,"[{""trait_type"":""Background"",""value"":""Full Moon over Block City""},{""trait_type"":""Type"",""value"":""Zombie""},{""trait_type"":""Eyes"",""value"":""BRAAINSSS""},{""trait_type"":""Rank"",""value"":""646""}]"
315,6297519,0xf4accdb69c32471426f5bf54cb6a3ce51f9a0937999d6911df5709bf336ed27b,"[{""trait_type"":""Background"",""value"":""Full Moon over Block City""},{""trait_type"":""Type"",""value"":""Zombie""},{""trait_type"":""Rank"",""value"":""420""},{""trait_type"":""Cloths"",""value"":""Presidential Suit""},{""trait_type"":""Full Face"",""value"":""Pirates of the Drain Plains Costume""}]"
314,6297552,0x610eaa79db0ae5d7a611e24332145f813538e95fd04a55acbac902286f02ac11,"[{""trait_type"":""Background"",""value"":""Even dorker Dorkness""},{""trait_type"":""Type"",""value"":""Zombie""},{""trait_type"":""Head"",""value"":""Fancy Hair black""},{""trait_type"":""Mouth"",""value"":""Pumpkin Shield""},{""trait_type"":""Eyes"",""value"":""Open Minded""},{""trait_type"":""Rank"",""value"":""276""}]"
313,6297551,0x6449a5fccbfefd54acb628ff990bf250bd3907084b61c9072c1043a525f61a2f,"[{""trait_type"":""Background"",""value"":""Blood Moon over Block City""},{""trait_type"":""Type"",""value"":""Zombie""},{""trait_type"":""Mouth"",""value"":""Genuine Jaw""},{""trait_type"":""Eyes"",""value"":""Hollowed""},{""trait_type"":""Rank"",""value"":""259""},{""trait_type"":""Cloths"",""value"":""Classic Black Suit""}]"
312,6297517,0xda81baecc7e63bb99c77d5bd0d8b33f35f78f43cf6ec12c087e0a6acdcf6ae8c,"[{""trait_type"":""Background"",""value"":""Even dorker Dorkness""},{""trait_type"":""Type"",""value"":""Black and White Zombie""},{""trait_type"":""Rank"",""value"":""612""},{""trait_type"":""Cloths"",""value"":""Black Hoodie""},{""trait_type"":""Full Face"",""value"":""Floored Ghost""}]"
311,6297516,0xd1c3c840c14033a8c00462200d3d5f2c4069a4b8185caed5060a7ecfc4ed54a2,"[{""trait_type"":""Background"",""value"":""Even dorker Dorkness""},{""trait_type"":""Type"",""value"":""Omega Block Zealots""},{""trait_type"":""Head"",""value"":""Dark Knights Helmet""},{""trait_type"":""Mouth"",""value"":""Lick it""},{""trait_type"":""Eyes"",""value"":""Pumpkin Vision""},{""trait_type"":""Rank"",""value"":""221""},{""trait_type"":""Cloths"",""value"":""Pumped Pumpkin Warrior""}]"
310,6297515,0x19160fa129c992cc1c5ab7dc9f61a65967b4b0322d19450490a1745065e75efa,"[{""trait_type"":""Background"",""value"":""Vile Bile""},{""trait_type"":""Type"",""value"":""Purple People""},{""trait_type"":""Rank"",""value"":""624""},{""trait_type"":""Full Face"",""value"":""Floored Ghost""}]"
309,6297514,0x57d35e3d2e0438a491c44425d3282adcc51217046c6835c5c87b7bb64c60ab2a,"[{""trait_type"":""Background"",""value"":""Crimson King""},{""trait_type"":""Type"",""value"":""Gellar Spawn""},{""trait_type"":""Mouth"",""value"":""Lick it""},{""trait_type"":""Eyes"",""value"":""Zoned out""},{""trait_type"":""Rank"",""value"":""264""}]"
308,6297513,0x23cfb1f9eeb75c3c1704bd053bca6354ac38917f09a08f292b9e615a54ff8827,"[{""trait_type"":""Background"",""value"":""Vile Bile""},{""trait_type"":""Type"",""value"":""Black and White Zombie""},{""trait_type"":""Head"",""value"":""Fancy Hair black""},{""trait_type"":""Mouth"",""value"":""Throat of Darkness""},{""trait_type"":""Eyes"",""value"":""Zombie eyes""},{""trait_type"":""Rank"",""value"":""488""}]"
307,6297507,0xdae604df6f72d13bc08458a14762bbc6d1fbe6cc31ef5dad20c061f1f1421f93,"[{""trait_type"":""Background"",""value"":""Plums of Despair""},{""trait_type"":""Type"",""value"":""Purple People""},{""trait_type"":""Mouth"",""value"":""420 again""},{""trait_type"":""Eyes"",""value"":""Strange Mouth Positioning""},{""trait_type"":""Rank"",""value"":""175""},{""trait_type"":""Ghostly Apparitions"",""value"":""Floorbagorb""}]"
306,6297506,0xfff0c17d8f4eb3466550d0cb0d388cd14d55a8cf188c219c8b1a79ec727ead00,"[{""trait_type"":""Background"",""value"":""Dios de los Muertos""},{""trait_type"":""Type"",""value"":""Bone People""},{""trait_type"":""Head"",""value"":""Skull Bandana""},{""trait_type"":""Eyes"",""value"":""SKULLS FOR THE SKULL GOD v2""},{""trait_type"":""Rank"",""value"":""364""}]"
305,6297505,0xcd5fe313bd5dd719443825c32e2b671fba0deffa05cc43ff206d3687e1962593,"[{""trait_type"":""Background"",""value"":""Full Moon over Block City""},{""trait_type"":""Type"",""value"":""Bone People""},{""trait_type"":""Head"",""value"":""Fancy Hair black""},{""trait_type"":""Mouth"",""value"":""Foul mouthed""},{""trait_type"":""Eyes"",""value"":""Zombie eyes""},{""trait_type"":""Rank"",""value"":""303""}]"
304,6297503,0x0ea07393039b4974445c47bacac0a808b1c67173ab57dcf7204cf3f9e22284f1,"[{""trait_type"":""Background"",""value"":""Even dorker Dorkness""},{""trait_type"":""Type"",""value"":""Bone People""},{""trait_type"":""Mouth"",""value"":""Lick it""},{""trait_type"":""Eyes"",""value"":""Hollow Eyes""},{""trait_type"":""Rank"",""value"":""216""},{""trait_type"":""Ghostly Apparitions"",""value"":""Skull""},{""trait_type"":""Cloths"",""value"":""BCPD Police Costume""}]"
303,6297493,0x3ad44a6cdfcc07cd5770900cf864b763a067d85ec739a7818bcb2188dae05f0f,"[{""trait_type"":""Background"",""value"":""Plums of Despair""},{""trait_type"":""Type"",""value"":""Bone People""},{""trait_type"":""Mouth"",""value"":""Throat of Darkness""},{""trait_type"":""Eyes"",""value"":""Spooky MEV Bot Protector Orange""},{""trait_type"":""Rank"",""value"":""412""},{""trait_type"":""Ghostly Apparitions"",""value"":""Sigil of the Rug Lord""},{""trait_type"":""Cloths"",""value"":""Pumped Pumpkin Warrior""}]"
302,6297492,0xc3bd143cd79da6f504260b6546b31b4817bb928ad4bd998fda0b2c0c939426fe,"[{""trait_type"":""Background"",""value"":""Even dorker Dorkness""},{""trait_type"":""Type"",""value"":""Bone People""},{""trait_type"":""Mouth"",""value"":""CAAANDYYY!""},{""trait_type"":""Rank"",""value"":""377""},{""trait_type"":""Ghostly Apparitions"",""value"":""Evil Smile""},{""trait_type"":""Full Face"",""value"":""Ghost Costume Full Face""}]"
301,6297512,0x312aca7f2747bbc590e4a601dcab02e7c461acbf79f2021279235c931e1ff174,"[{""trait_type"":""Background"",""value"":""Full Moon over Block City""},{""trait_type"":""Type"",""value"":""Bone People""},{""trait_type"":""Mouth"",""value"":""Insecure Laughter""},{""trait_type"":""Eyes"",""value"":""Sus af""},{""trait_type"":""Rank"",""value"":""86""},{""trait_type"":""Ghostly Apparitions"",""value"":""Ghost""},{""trait_type"":""Cloths"",""value"":""Freddy Sweater""}]"
300,6297489,0x6ad091e43c17bccf53820cf788fa46fd5fc38d5802a78308dd9360d7384525ba,"[{""trait_type"":""Background"",""value"":""Blood Moon over Block City""},{""trait_type"":""Type"",""value"":""Bone People""},{""trait_type"":""Head"",""value"":""Rad Day of the Dead hat for Dads""},{""trait_type"":""Eyes"",""value"":""Super cheap Ghost Mask""},{""trait_type"":""Rank"",""value"":""63""},{""trait_type"":""Ghostly Apparitions"",""value"":""Ghost""},{""trait_type"":""Cloths"",""value"":""Flannel""}]"
299,6297488,0xac4e02bc01aae72711c0c3d2d453e2ef8274011e31705e38eb2a1287d3e5f305,"[{""trait_type"":""Background"",""value"":""Plums of Despair""},{""trait_type"":""Type"",""value"":""Bone People""},{""trait_type"":""Head"",""value"":""Stylish Death Knight Horn Replicas""},{""trait_type"":""Mouth"",""value"":""Ackchyually Gothy""},{""trait_type"":""Eyes"",""value"":""Skull Plate""},{""trait_type"":""Rank"",""value"":""232""},{""trait_type"":""Ghostly Apparitions"",""value"":""Floorbagorb""}]"
298,6297487,0x6fa03c116ef6264e6622b0cd94a0f70ece5617d30ae9b544d276718a040b18af,"[{""trait_type"":""Background"",""value"":""Pumpin Pumpkin""},{""trait_type"":""Type"",""value"":""Zombie""},{""trait_type"":""Head"",""value"":""Wild Purple Hair""},{""trait_type"":""Mouth"",""value"":""Sniffmaster 9000""},{""trait_type"":""Eyes"",""value"":""Hollowed""},{""trait_type"":""Rank"",""value"":""195""},{""trait_type"":""Cloths"",""value"":""Classic Black Suit""}]"
297,6297473,0x7012e4bd832cb742b1e69d5e0d784d24ece5b8c675077b7495c7d1695b22280a,"[{""trait_type"":""Background"",""value"":""Plums of Despair""},{""trait_type"":""Type"",""value"":""Bone People""},{""trait_type"":""Head"",""value"":""Maga Cap""},{""trait_type"":""Mouth"",""value"":""CAAANDYYY!""},{""trait_type"":""Eyes"",""value"":""Zombie Eye Patch""},{""trait_type"":""Rank"",""value"":""124""}]"
296,6297472,0xc6a26cd9e225020afa1f5c5f90d8d7a4399a65fc1af7a82afb4e565785524765,"[{""trait_type"":""Background"",""value"":""Crimson King""},{""trait_type"":""Type"",""value"":""Bone People""},{""trait_type"":""Head"",""value"":""Spooky Headwind""},{""trait_type"":""Mouth"",""value"":""Beard of the Dead""},{""trait_type"":""Eyes"",""value"":""Aviators""},{""trait_type"":""Rank"",""value"":""242""},{""trait_type"":""Ghostly Apparitions"",""value"":""Evil Smile""}]"
295,6297471,0xf31cd04bb474dd3d8ac5193647a14fa2280f816e6296cabd80db185b102df326,"[{""trait_type"":""Background"",""value"":""Pumpin Pumpkin""},{""trait_type"":""Type"",""value"":""Zombie""},{""trait_type"":""Mouth"",""value"":""Candy Crusher 500 Kids Edition""},{""trait_type"":""Eyes"",""value"":""AutoSpooker Slim Edition""},{""trait_type"":""Rank"",""value"":""589""},{""trait_type"":""Ghostly Apparitions"",""value"":""Sigil of the Rug Lord""}]"
294,6297470,0x614ac84eb45769384b3c2e7bdc2a255c31ba9ebb0c3e2eda5ac198bbc430e689,"[{""trait_type"":""Background"",""value"":""Blood Moon over Block City""},{""trait_type"":""Type"",""value"":""Pumpkin Suit""},{""trait_type"":""Rank"",""value"":""429""},{""trait_type"":""Ghostly Apparitions"",""value"":""Ghost""},{""trait_type"":""Cloths"",""value"":""Pumped Pumpkin Warrior""},{""trait_type"":""Full Face"",""value"":""Never Go Full Pumpkin""}]"
293,6297469,0xf146a6aa20d14fc625169f65590c340deb3633894382f09b43a9b07cba429b1c,"[{""trait_type"":""Background"",""value"":""Even dorker Dorkness""},{""trait_type"":""Type"",""value"":""Human Melanin Level 30""},{""trait_type"":""Mouth"",""value"":""Candy Crusher 500 Kids Edition""},{""trait_type"":""Rank"",""value"":""385""},{""trait_type"":""Ghostly Apparitions"",""value"":""Skull""},{""trait_type"":""Full Face"",""value"":""Ghost Costume Full Face""}]"
292,6297416,0x357202e95a981ad2998006b5bc67629517c9668d753edfb1b982b637eb827670,"[{""trait_type"":""Background"",""value"":""Dios de los Muertos""},{""trait_type"":""Type"",""value"":""Ghost Chain People""},{""trait_type"":""Rank"",""value"":""491""},{""trait_type"":""Cloths"",""value"":""Black Hoodie""},{""trait_type"":""Full Face"",""value"":""Floored Ghost""}]"
291,6297466,0x46174559f67399902f8596eaa04b40b60a76dd482cca36529cd7c55a4ed96515,"[{""trait_type"":""Background"",""value"":""Full Moon over Block City""},{""trait_type"":""Type"",""value"":""Zombie""},{""trait_type"":""Head"",""value"":""Dark Knights Helmet""},{""trait_type"":""Mouth"",""value"":""Bad Mood""},{""trait_type"":""Eyes"",""value"":""Open Minded""},{""trait_type"":""Rank"",""value"":""282""}]"
290,6297413,0xe63e06e1b7c9974367867b394f3a80ad5a4ed237ae56f0eb10a528e416caa18b,"[{""trait_type"":""Background"",""value"":""Crimson King""},{""trait_type"":""Type"",""value"":""Black and White Zombie""},{""trait_type"":""Eyes"",""value"":""BRAAINSSS""},{""trait_type"":""Rank"",""value"":""628""}]"
289,6297412,0xc2811d52fe9e4b57e85992f55b5e86ebd163cefaf2732bf11cc655d83700390e,"[{""trait_type"":""Background"",""value"":""Vile Bile""},{""trait_type"":""Type"",""value"":""Smashed Pumpkin""},{""trait_type"":""Head"",""value"":""Spookytail Purple""},{""trait_type"":""Mouth"",""value"":""Pumpkin Tongue""},{""trait_type"":""Eyes"",""value"":""Inner Vision Pumpkin""},{""trait_type"":""Rank"",""value"":""9""}]"
288,6297411,0x20cd6d267d83a099206453cd6b2808564450d0ddf6282bbb4755540ae8bd8b49,"[{""trait_type"":""Background"",""value"":""Full Moon over Block City""},{""trait_type"":""Type"",""value"":""Bone People""},{""trait_type"":""Mouth"",""value"":""Beard of the Dead""},{""trait_type"":""Eyes"",""value"":""Aviators""},{""trait_type"":""Rank"",""value"":""361""},{""trait_type"":""Cloths"",""value"":""Hard Base Uniform""}]"
287,6297410,0xd276947ac4f7a02f6b38daee11b8f8efedb2e48c7ddf710b133b0bcf75e5c46a,"[{""trait_type"":""Background"",""value"":""Full Moon over Block City""},{""trait_type"":""Type"",""value"":""Pumpkin Suit""},{""trait_type"":""Head"",""value"":""Ram Alamadingdong""},{""trait_type"":""Rank"",""value"":""307""},{""trait_type"":""Full Face"",""value"":""Mask of the Dreadful Black Death""}]"
286,6297409,0x53d3261749e943e71bf78974962e9a80de7a142fe1a4ab27669a62fb5521ba1d,"[{""trait_type"":""Background"",""value"":""Full Moon over Block City""},{""trait_type"":""Type"",""value"":""Omega Block Zealots""},{""trait_type"":""Mouth"",""value"":""Bad Mood""},{""trait_type"":""Eyes"",""value"":""Zombie eyes""},{""trait_type"":""Rank"",""value"":""381""},{""trait_type"":""Ghostly Apparitions"",""value"":""Skull""},{""trait_type"":""Cloths"",""value"":""Pumped Pumpkin Warrior""}]"
285,6297408,0xced109a5f597d95cec5653eac5bf2dc25ecf53840763d7020f15a74f6c2a09e5,"[{""trait_type"":""Background"",""value"":""Full Moon over Block City""},{""trait_type"":""Type"",""value"":""Smashed Pumpkin""},{""trait_type"":""Head"",""value"":""Maga Cap""},{""trait_type"":""Eyes"",""value"":""Aviators""},{""trait_type"":""Rank"",""value"":""214""},{""trait_type"":""Ghostly Apparitions"",""value"":""Spooky Skull""},{""trait_type"":""Cloths"",""value"":""Classic Black Suit""}]"
284,6297609,0xd902c7ad6ed8ca820bfc0bdc2d31e02f8c7f9dd17b8eda5428ec2903cd74458b,"[{""trait_type"":""Background"",""value"":""Plums of Despair""},{""trait_type"":""Type"",""value"":""Ghost Chain People""},{""trait_type"":""Head"",""value"":""Evil Wizard Hat""},{""trait_type"":""Mouth"",""value"":""White Pussy Magnet""},{""trait_type"":""Eyes"",""value"":""Super cheap Ghost Mask""},{""trait_type"":""Rank"",""value"":""209""},{""trait_type"":""Cloths"",""value"":""Classic Black Suit""}]"
283,6297193,0x4039fa8d498e61c6cd8d2bb51c212befa01b362d7c287fa6389962b5d4d51c5c,"[{""trait_type"":""Background"",""value"":""Plums of Despair""},{""trait_type"":""Type"",""value"":""Purple People""},{""trait_type"":""Eyes"",""value"":""Gooey Scriboor Visoor""},{""trait_type"":""Rank"",""value"":""557""}]"
282,6297192,0x91e93e531fbb0459bb9262054526b72dff919cc45e4e1fca716fb5f0663b4b70,"[{""trait_type"":""Background"",""value"":""Vile Bile""},{""trait_type"":""Type"",""value"":""Omega Block Zealots""},{""trait_type"":""Head"",""value"":""Tippy Toppy Top Hat""},{""trait_type"":""Eyes"",""value"":""Big Eyes""},{""trait_type"":""Rank"",""value"":""15""}]"
281,6297407,0xd964ad9903645c42097f9874d248bda0f4f2c60146a9487e1c4f4e0379cae850,"[{""trait_type"":""Background"",""value"":""Even dorker Dorkness""},{""trait_type"":""Type"",""value"":""Zombie""},{""trait_type"":""Head"",""value"":""Fake Devil Horns""},{""trait_type"":""Mouth"",""value"":""White Pussy Magnet""},{""trait_type"":""Eyes"",""value"":""Super cheap Ghost Mask""},{""trait_type"":""Rank"",""value"":""465""}]"
280,6297406,0xef7cc983dd2acba6d7fbeda916f8acf3a5ebafdf42c44e38f1a7a66cefa02469,"[{""trait_type"":""Background"",""value"":""Full Moon over Block City""},{""trait_type"":""Type"",""value"":""Omega Block Zealots""},{""trait_type"":""Eyes"",""value"":""AutoSpooker Slim Edition""},{""trait_type"":""Rank"",""value"":""518""},{""trait_type"":""Cloths"",""value"":""McD Uniform""}]"
279,6297405,0x19f6c95b50aaa7ba51cf72f979f719aec85f364d578ef45bae964324d6b1364a,"[{""trait_type"":""Background"",""value"":""Crimson King""},{""trait_type"":""Type"",""value"":""Pumpkin Suit""},{""trait_type"":""Rank"",""value"":""297""},{""trait_type"":""Relics"",""value"":""Sword of Discord""},{""trait_type"":""Cloths"",""value"":""Freddy Sweater""},{""trait_type"":""Full Face"",""value"":""Mask of the Dreadful Black Death""}]"
278,6297404,0x853e285e6d017434fae513df892921a896e7321ce6d40d96373a491c8b38c271,"[{""trait_type"":""Background"",""value"":""Even dorker Dorkness""},{""trait_type"":""Type"",""value"":""Carbon Fibre Kink Suite""},{""trait_type"":""Head"",""value"":""Captains Hat""},{""trait_type"":""Eyes"",""value"":""Cyclops with Hepatitis""},{""trait_type"":""Rank"",""value"":""25""}]"
277,6297403,0xe41754243d2627826281553c30846e732b1241cc79a96b23f881515b68d964dd,"[{""trait_type"":""Background"",""value"":""Full Moon over Block City""},{""trait_type"":""Type"",""value"":""Candy Bar Costume""},{""trait_type"":""Mouth"",""value"":""OY!!!!""},{""trait_type"":""Eyes"",""value"":""Super cheap Ghost Mask""},{""trait_type"":""Rank"",""value"":""92""},{""trait_type"":""Cloths"",""value"":""McD Uniform""}]"
276,6297402,0xbe938a8e0388cd616696a44c41dd85a6ef2705b8bf73d0aa53192081c6497676,"[{""trait_type"":""Background"",""value"":""Full Moon over Block City""},{""trait_type"":""Type"",""value"":""Ghost Chain People""},{""trait_type"":""Eyes"",""value"":""Empty Stare""},{""trait_type"":""Rank"",""value"":""432""},{""trait_type"":""Ghostly Apparitions"",""value"":""Skull""},{""trait_type"":""Cloths"",""value"":""Vampire Attack Attire""}]"
275,6297401,0x7162b852190153eb896280bb010021a9949c39e1fb133b513922423121fe81da,"[{""trait_type"":""Background"",""value"":""Dios de los Muertos""},{""trait_type"":""Type"",""value"":""Smashed Pumpkin""},{""trait_type"":""Mouth"",""value"":""Traditional Kaiju-Cow Hunter Camouflage""},{""trait_type"":""Eyes"",""value"":""Insufferable Eye Extension""},{""trait_type"":""Rank"",""value"":""332""},{""trait_type"":""Ghostly Apparitions"",""value"":""Spooky Skull""}]"
274,6297184,0x3844290037704de66c7da9037bd6f0580bc82291385627c9b052f0a7c5a05f1e,"[{""trait_type"":""Background"",""value"":""Crimson King""},{""trait_type"":""Type"",""value"":""Gellar Spawn""},{""trait_type"":""Head"",""value"":""Stylish Death Knight Horn Replicas""},{""trait_type"":""Mouth"",""value"":""Jack-o-Lantern""},{""trait_type"":""Eyes"",""value"":""Hollowed""},{""trait_type"":""Rank"",""value"":""72""},{""trait_type"":""Ghostly Apparitions"",""value"":""Sigil of the Rug Lord""},{""trait_type"":""Relics"",""value"":""Sword of Discord""},{""trait_type"":""Cloths"",""value"":""Classic Black Suit""}]"
273,6297183,0x03707ee46ee950a783f450379fc6d78011a0de3dde53da073f9b917eded4bd76,"[{""trait_type"":""Background"",""value"":""Full Moon over Block City""},{""trait_type"":""Type"",""value"":""Candy Bar Costume""},{""trait_type"":""Rank"",""value"":""495""},{""trait_type"":""Ghostly Apparitions"",""value"":""Evil Smile""},{""trait_type"":""Cloths"",""value"":""Black Hoodie""}]"
272,6297182,0xe67ec1d8c61c681ba298883f0f2ca4118d6d20210c3ac01f3801cf3aa3c860da,"[{""trait_type"":""Background"",""value"":""Full Moon over Block City""},{""trait_type"":""Type"",""value"":""Pumpkin Suit""},{""trait_type"":""Head"",""value"":""Fake Devil Horns""},{""trait_type"":""Eyes"",""value"":""Death Cross Mask Mark II""},{""trait_type"":""Rank"",""value"":""597""}]"
271,6297181,0x0a44e6b106036e371d98eb5d973cb0903440d385111a58e15028180480d7996f,"[{""trait_type"":""Background"",""value"":""Even dorker Dorkness""},{""trait_type"":""Type"",""value"":""Zombie""},{""trait_type"":""Mouth"",""value"":""Foul mouthed""},{""trait_type"":""Eyes"",""value"":""Mask of the Dreadful Black Death""},{""trait_type"":""Rank"",""value"":""300""},{""trait_type"":""Ghostly Apparitions"",""value"":""Evil Smile""}]"
270,6297180,0x3222583e3c2a8866e247ffb9b248b67a8f768f17941e4fb0c3e059bb3ba25e1a,"[{""trait_type"":""Background"",""value"":""Even dorker Dorkness""},{""trait_type"":""Type"",""value"":""Human Melanin Level 80""},{""trait_type"":""Mouth"",""value"":""Traditional Kaiju-Cow Hunter Camouflage""},{""trait_type"":""Eyes"",""value"":""Empty Stare""},{""trait_type"":""Rank"",""value"":""286""}]"
268,6297178,0x279be391a5d33cbb78f1b8b55e3ca8b83b103cd94c4619c825ffb9657e0ae503,"[{""trait_type"":""Background"",""value"":""Full Moon over Block City""},{""trait_type"":""Type"",""value"":""Omega Block Zealots""},{""trait_type"":""Head"",""value"":""Wild Purple Hair""},{""trait_type"":""Eyes"",""value"":""Pumpkin Vision""},{""trait_type"":""Rank"",""value"":""370""},{""trait_type"":""Cloths"",""value"":""Vampire Attack Attire""}]"
267,6297400,0x3629d7f10e69a3aa8e9c5172cb43946703cf1b91f6258e28f755be43bcc910c7,"[{""trait_type"":""Background"",""value"":""Even dorker Dorkness""},{""trait_type"":""Type"",""value"":""Zombie""},{""trait_type"":""Mouth"",""value"":""Foul mouthed""},{""trait_type"":""Eyes"",""value"":""Gooey Scriboor Visoor""},{""trait_type"":""Rank"",""value"":""290""},{""trait_type"":""Cloths"",""value"":""Pumped Pumpkin Warrior""}]"
266,6297485,0x1bdd7913d4bca377b27534934fa1755d0401173dcba043de66ea852eb144b6e6,"[{""trait_type"":""Background"",""value"":""Even dorker Dorkness""},{""trait_type"":""Type"",""value"":""Zombie""},{""trait_type"":""Mouth"",""value"":""Bloody Purr People Snout""},{""trait_type"":""Eyes"",""value"":""Insufferable Eye Extension""},{""trait_type"":""Rank"",""value"":""410""}]"
265,6297396,0x28fe3f702a18b16217899e0b649d2667170b96701dccfd7c953d2505dd95ba1e,"[{""trait_type"":""Background"",""value"":""Dios de los Muertos""},{""trait_type"":""Type"",""value"":""Bone People""},{""trait_type"":""Eyes"",""value"":""BRAAINSSS""},{""trait_type"":""Rank"",""value"":""565""},{""trait_type"":""Cloths"",""value"":""Vampire Attack Attire""}]"
264,6297369,0xbade0eee0d54eb79c186cb9e683f813e8142f0108285835281497ff0baa565d8,"[{""trait_type"":""Background"",""value"":""Even dorker Dorkness""},{""trait_type"":""Type"",""value"":""Sugar Skullz""},{""trait_type"":""Head"",""value"":""Mohawk of Blood""},{""trait_type"":""Mouth"",""value"":""Horny""},{""trait_type"":""Eyes"",""value"":""Revealed Skull""},{""trait_type"":""Rank"",""value"":""235""},{""trait_type"":""Ghostly Apparitions"",""value"":""Skull""}]"
263,6297368,0x2be6b36aec67a9b6bb0c0d8271f4f00dab7a2d18ca44141efd3ab4a9039f8ad9,"[{""trait_type"":""Background"",""value"":""Vile Bile""},{""trait_type"":""Type"",""value"":""Gellar Spawn""},{""trait_type"":""Eyes"",""value"":""Terrfiying Scamlord Martha Focker Mask""},{""trait_type"":""Rank"",""value"":""490""},{""trait_type"":""Cloths"",""value"":""BCPD Police Costume""}]"
262,6297367,0x28858149c338c0a421a8d8d832862635023948371f1d3cab4e7968cdb52c0e6f,"[{""trait_type"":""Background"",""value"":""Crimson King""},{""trait_type"":""Type"",""value"":""Purple People""},{""trait_type"":""Eyes"",""value"":""Mask of the Dreadful Black Death""},{""trait_type"":""Rank"",""value"":""559""},{""trait_type"":""Cloths"",""value"":""Pumped Pumpkin Warrior""}]"
261,6297366,0xbeac491af188ba13d6b99dfc4b37a1210a0655f4dae15373ee778c80f14618ac,"[{""trait_type"":""Background"",""value"":""Full Moon over Block City""},{""trait_type"":""Type"",""value"":""Human Melanin Level 30""},{""trait_type"":""Mouth"",""value"":""Sniffmaster 9000""},{""trait_type"":""Eyes"",""value"":""Revealed Skull""},{""trait_type"":""Rank"",""value"":""389""}]"
260,6297608,0x2e22ea9ea1a778d98031bbfdc3f74d6ad7879f73daf30a8897a2c990e41e9565,"[{""trait_type"":""Background"",""value"":""Plums of Despair""},{""trait_type"":""Type"",""value"":""Omega Block Zealots""},{""trait_type"":""Head"",""value"":""Bone Crown""},{""trait_type"":""Mouth"",""value"":""Horny""},{""trait_type"":""Eyes"",""value"":""Orange Visoor""},{""trait_type"":""Rank"",""value"":""68""},{""trait_type"":""Ghostly Apparitions"",""value"":""Ghost""},{""trait_type"":""Cloths"",""value"":""Freddy Sweater""}]"
259,6297215,0x95a2745981a688cf145bd9a232ebdc0682c665363fd9a054e54a7444151e570c,"[{""trait_type"":""Background"",""value"":""Crimson King""},{""trait_type"":""Type"",""value"":""Sugar Skullz""},{""trait_type"":""Rank"",""value"":""457""},{""trait_type"":""Cloths"",""value"":""Captains Costume""},{""trait_type"":""Full Face"",""value"":""Pirates of the Drain Plains Costume""}]"
258,6297104,0xb6502da986f52866ca4780ddc41e1bcbafbbaa8d953956f567f05a957902e841,"[{""trait_type"":""Background"",""value"":""Even dorker Dorkness""},{""trait_type"":""Type"",""value"":""Bone People""},{""trait_type"":""Eyes"",""value"":""Empty Stare""},{""trait_type"":""Rank"",""value"":""615""}]"
257,6297103,0xc69733580d42faf531093968cf12e1fca5fb871945481976d6a8d5aaa76f9578,"[{""trait_type"":""Background"",""value"":""Pumpin Pumpkin""},{""trait_type"":""Type"",""value"":""Black and White Zombie""},{""trait_type"":""Eyes"",""value"":""Orange Visoor""},{""trait_type"":""Rank"",""value"":""430""},{""trait_type"":""Cloths"",""value"":""Freddy Sweater""}]"
256,6297102,0x78ebfc12f371f250766f1d6e98100801ce2da1e4908354bbbd1884d28aef65f8,"[{""trait_type"":""Background"",""value"":""Even dorker Dorkness""},{""trait_type"":""Type"",""value"":""Omega Block Zealots""},{""trait_type"":""Head"",""value"":""Dark Angel Wings""},{""trait_type"":""Mouth"",""value"":""Bone People Mouth""},{""trait_type"":""Eyes"",""value"":""Sugar Rush""},{""trait_type"":""Rank"",""value"":""375""}]"
255,6297214,0xe611516408f356601c700a84db50d12f08c8f87e385cc32e038939a921550cd7,"[{""trait_type"":""Background"",""value"":""Plums of Despair""},{""trait_type"":""Type"",""value"":""Black and White Zombie""},{""trait_type"":""Head"",""value"":""Evil Wizard Hat""},{""trait_type"":""Mouth"",""value"":""Throat of Darkness""},{""trait_type"":""Eyes"",""value"":""Zombie eyes""},{""trait_type"":""Rank"",""value"":""194""},{""trait_type"":""Cloths"",""value"":""Pink Hoodie""}]"
254,6297213,0x98fe7443ae26499d6700b2f753da698d76a80726a86d5ee173259dcb5f8e282f,"[{""trait_type"":""Background"",""value"":""Even dorker Dorkness""},{""trait_type"":""Type"",""value"":""Black and White Zombie""},{""trait_type"":""Rank"",""value"":""610""},{""trait_type"":""Cloths"",""value"":""Vampire Attack Attire""},{""trait_type"":""Full Face"",""value"":""Pirates of the Drain Plains Costume""}]"
253,6297212,0xd55063ee3a20f7a61c9dbf48fa7f5237ecb19cb9fb9b4059a4d974b5305b7640,"[{""trait_type"":""Background"",""value"":""Plums of Despair""},{""trait_type"":""Type"",""value"":""Zombie""},{""trait_type"":""Mouth"",""value"":""CAAANDYYY!""},{""trait_type"":""Eyes"",""value"":""Open Minded""},{""trait_type"":""Rank"",""value"":""419""},{""trait_type"":""Ghostly Apparitions"",""value"":""Floorbagorb""},{""trait_type"":""Cloths"",""value"":""Classic Black Suit""}]"
252,6297211,0x25124d5582173518c201f3cf2c6bd4dc0ec0fddc758b9d72447ec2b2ee035301,"[{""trait_type"":""Background"",""value"":""Full Moon over Block City""},{""trait_type"":""Type"",""value"":""Bone People""},{""trait_type"":""Head"",""value"":""Fake Devil Horns""},{""trait_type"":""Mouth"",""value"":""Bone People Mouth""},{""trait_type"":""Eyes"",""value"":""Hollow Eyes""},{""trait_type"":""Rank"",""value"":""179""},{""trait_type"":""Cloths"",""value"":""General of the Adeptus Cuborum""}]"
251,6297210,0xccab55642fb3ef9cbf6d2d4cfffcaecc4fde2a7b885c5ca129c9c6ada7bb6c27,"[{""trait_type"":""Background"",""value"":""Crimson King""},{""trait_type"":""Type"",""value"":""Sugar Skullz""},{""trait_type"":""Mouth"",""value"":""Ackchyually Gothy""},{""trait_type"":""Eyes"",""value"":""AutoSpooker Slim Edition""},{""trait_type"":""Rank"",""value"":""472""},{""trait_type"":""Ghostly Apparitions"",""value"":""Ghost""}]"
250,6297209,0xef76f1a2818011912512d7aba71730bc834eddd453710149eaa8b76fae9ae7d3,"[{""trait_type"":""Background"",""value"":""Even dorker Dorkness""},{""trait_type"":""Type"",""value"":""Black and White Zombie""},{""trait_type"":""Head"",""value"":""Wallet Drainer""},{""trait_type"":""Eyes"",""value"":""Inner Vision""},{""trait_type"":""Rank"",""value"":""261""},{""trait_type"":""Ghostly Apparitions"",""value"":""Ghost""},{""trait_type"":""Cloths"",""value"":""Red Hoodie""}]"
249,6297208,0xf8816dc8922d9b3d4509f61af7f0292ee134ef6e7c5a3d6bbbb155c02403712d,"[{""trait_type"":""Background"",""value"":""Full Moon over Block City""},{""trait_type"":""Type"",""value"":""Candy Bar Costume""},{""trait_type"":""Mouth"",""value"":""White Pussy Magnet""},{""trait_type"":""Eyes"",""value"":""Death Cross Mask Mark II""},{""trait_type"":""Rank"",""value"":""249""},{""trait_type"":""Cloths"",""value"":""Shady Lawyer Suite""}]"
248,6297207,0x582fae99eb5897041981cd2e0ac69a9be79323182428cb4dfdce5a7994721e5c,"[{""trait_type"":""Background"",""value"":""Even dorker Dorkness""},{""trait_type"":""Type"",""value"":""Black and White Zombie""},{""trait_type"":""Rank"",""value"":""545""},{""trait_type"":""Cloths"",""value"":""BCPD Police Costume""},{""trait_type"":""Full Face"",""value"":""Never Go Full Pumpkin""}]"
247,6297294,0xb65c774d70e172f3c340c12f4c0cf41cce7e7f2ae7b0b3fa03055f6296a3d59b,"[{""trait_type"":""Background"",""value"":""Even dorker Dorkness""},{""trait_type"":""Type"",""value"":""Bone People""},{""trait_type"":""Rank"",""value"":""593""},{""trait_type"":""Ghostly Apparitions"",""value"":""Spooky Skull""},{""trait_type"":""Full Face"",""value"":""Mask of the Dreadful Black Death""}]"
246,6297010,0x8a13c09873ebab0ac0f404428c6917d69e80200a5fa714a7fd19f63543a5d98b,"[{""trait_type"":""Background"",""value"":""Full Moon over Block City""},{""trait_type"":""Type"",""value"":""Gellar Spawn""},{""trait_type"":""Eyes"",""value"":""Terrfiying Scamlord Martha Focker Mask""},{""trait_type"":""Rank"",""value"":""567""},{""trait_type"":""Ghostly Apparitions"",""value"":""Floorbagorb""}]"
245,6297464,0x506e133a02a077ff8c6adfabe313b10e1811d64fdb1678991fb3f4d542e0487a,"[{""trait_type"":""Background"",""value"":""Plums of Despair""},{""trait_type"":""Type"",""value"":""Omega Block Zealots""},{""trait_type"":""Head"",""value"":""Bone Crown""},{""trait_type"":""Mouth"",""value"":""Bone People Mouth""},{""trait_type"":""Eyes"",""value"":""Hollow Eyes""},{""trait_type"":""Rank"",""value"":""31""},{""trait_type"":""Relics"",""value"":""Jef's Scepter of Skullability""},{""trait_type"":""Cloths"",""value"":""BCPD Police Costume""}]"
244,6297484,0xb5531b4161e97d6f004ffe782fdda66e31b9fcee29131d9e8d6302df0a64c749,"[{""trait_type"":""Background"",""value"":""Even dorker Dorkness""},{""trait_type"":""Type"",""value"":""Zombie""},{""trait_type"":""Mouth"",""value"":""Candy Crusher 500 Kids Edition""},{""trait_type"":""Eyes"",""value"":""Retarded Blood Mugger""},{""trait_type"":""Rank"",""value"":""634""}]"
243,6297399,0x848fc6c97756ea970d29412423b3286a0139089812847f23490ecaecdc9cd64c,"[{""trait_type"":""Background"",""value"":""Even dorker Dorkness""},{""trait_type"":""Type"",""value"":""Zombie""},{""trait_type"":""Rank"",""value"":""637""},{""trait_type"":""Cloths"",""value"":""Freddy Sweater""},{""trait_type"":""Full Face"",""value"":""Pirates of the Drain Plains Costume""}]"
242,6297497,0x86f3cf270e3519dc9ad7240a600df74fa77b0009d9ca86544172e4d799b73d92,"[{""trait_type"":""Background"",""value"":""Pumpin Pumpkin""},{""trait_type"":""Type"",""value"":""Bone People""},{""trait_type"":""Head"",""value"":""Fake Devil Horns""},{""trait_type"":""Mouth"",""value"":""Ackchyually Gothy""},{""trait_type"":""Eyes"",""value"":""Zombie eyes""},{""trait_type"":""Rank"",""value"":""399""},{""trait_type"":""Ghostly Apparitions"",""value"":""Floorbagorb""}]"
241,6297370,0x443cbbbd4fe2b232c222e92a3041a920d13a7e201e8c2e1a46091e7ba863799c,"[{""trait_type"":""Background"",""value"":""Even dorker Dorkness""},{""trait_type"":""Type"",""value"":""Black and White Zombie""},{""trait_type"":""Head"",""value"":""BCPD Police Cap""},{""trait_type"":""Eyes"",""value"":""Super cheap Ghost Mask""},{""trait_type"":""Rank"",""value"":""227""},{""trait_type"":""Ghostly Apparitions"",""value"":""Spooky Skull""},{""trait_type"":""Cloths"",""value"":""Freddy Sweater""}]"
240,6297398,0xf065420a6ce750f5b4bfdb388ffffeb98467278d6540f6b7e9333e41efd6a077,"[{""trait_type"":""Background"",""value"":""Full Moon over Block City""},{""trait_type"":""Type"",""value"":""Bone People""},{""trait_type"":""Mouth"",""value"":""Bubblegum""},{""trait_type"":""Eyes"",""value"":""Hollowed""},{""trait_type"":""Rank"",""value"":""322""},{""trait_type"":""Ghostly Apparitions"",""value"":""Sigil of the Rug Lord""}]"
239,6297397,0x012a4b1f491e969784d45597f25cf2bb333b4f84ecde921f545f495c0c807e39,"[{""trait_type"":""Background"",""value"":""Even dorker Dorkness""},{""trait_type"":""Type"",""value"":""Black and White Zombie""},{""trait_type"":""Head"",""value"":""Evil Scriptoadz Companion""},{""trait_type"":""Mouth"",""value"":""Traditional Kaiju-Cow Hunter Camouflage""},{""trait_type"":""Eyes"",""value"":""Inner Vision""},{""trait_type"":""Rank"",""value"":""77""},{""trait_type"":""Cloths"",""value"":""Presidential Suit""}]"
238,6297460,0xef3f66db79bc8364ae9f5cfbe48239be5e3c6cb53a5e045a43bed40d3a055ace,"[{""trait_type"":""Background"",""value"":""Full Moon over Block City""},{""trait_type"":""Type"",""value"":""Bone People""},{""trait_type"":""Mouth"",""value"":""Horny""},{""trait_type"":""Eyes"",""value"":""Insufferable Eye Extension""},{""trait_type"":""Rank"",""value"":""378""},{""trait_type"":""Cloths"",""value"":""Shady Lawyer Suite""}]"
237,6297395,0x279efef58b3ac02cac90a1d83f9664a27157b7784f3d7cab1397bb02610c0727,"[{""trait_type"":""Background"",""value"":""Even dorker Dorkness""},{""trait_type"":""Type"",""value"":""Zombie""},{""trait_type"":""Rank"",""value"":""539""},{""trait_type"":""Ghostly Apparitions"",""value"":""Floorbagorb""},{""trait_type"":""Cloths"",""value"":""Classic Black Suit""},{""trait_type"":""Full Face"",""value"":""Fsvgvasdv""}]"
236,6297394,0xc35da222904a51b048d78915f85e5d9b03161933ad03c25cb9ef7183b7beab16,"[{""trait_type"":""Background"",""value"":""Full Moon over Block City""},{""trait_type"":""Type"",""value"":""Bone People""},{""trait_type"":""Rank"",""value"":""625""},{""trait_type"":""Cloths"",""value"":""Freddy Sweater""},{""trait_type"":""Full Face"",""value"":""Never Go Full Pumpkin""}]"
235,6297306,0x0566b9ed737e3311d24d8833c71bdb93ea1faeac1fdd46ad07970adfdd9d3394,"[{""trait_type"":""Background"",""value"":""Even dorker Dorkness""},{""trait_type"":""Type"",""value"":""Sugar Skullz""},{""trait_type"":""Eyes"",""value"":""SKULLS FOR THE SKULL GOD v2""},{""trait_type"":""Rank"",""value"":""569""}]"
234,6297393,0xa5a88a928239f8bc06985a157f69b9e8a0655425c4c425478570cf61089bbb2a,"[{""trait_type"":""Background"",""value"":""Full Moon over Block City""},{""trait_type"":""Type"",""value"":""Sugar Skullz""},{""trait_type"":""Mouth"",""value"":""Candy Crusher 500 Kids Edition""},{""trait_type"":""Eyes"",""value"":""Pumpkin Vision""},{""trait_type"":""Rank"",""value"":""406""},{""trait_type"":""Cloths"",""value"":""Captains Costume""}]"
233,6297304,0xa52de00eee7780101955cd6a3fbb74c85c17984cc4ce35f116a088549e21fe5d,"[{""trait_type"":""Background"",""value"":""Full Moon over Block City""},{""trait_type"":""Type"",""value"":""Smashed Pumpkin""},{""trait_type"":""Head"",""value"":""Stuntman Helmet (PUNKAYC)""},{""trait_type"":""Eyes"",""value"":""Shiny Official Rug Lord Fan Club Glasses""},{""trait_type"":""Rank"",""value"":""52""},{""trait_type"":""Cloths"",""value"":""Dark Knight Costume""}]"
232,6297303,0x29fe545fa4d4753eb53e760d387e356f913bf992db1ac54000d14eab9cc259fd,"[{""trait_type"":""Background"",""value"":""Crimson King""},{""trait_type"":""Type"",""value"":""Zombie""},{""trait_type"":""Rank"",""value"":""622""},{""trait_type"":""Ghostly Apparitions"",""value"":""Sigil of the Rug Lord""},{""trait_type"":""Full Face"",""value"":""Floored Ghost""}]"
231,6297302,0xb46f3fea5a05fa76c3bd79def2bb512bc60d85a106022e6bdd1eafa9636dc732,"[{""trait_type"":""Background"",""value"":""Even dorker Dorkness""},{""trait_type"":""Type"",""value"":""Human Melanin Level 30""},{""trait_type"":""Head"",""value"":""Evil Wizard Hat""},{""trait_type"":""Eyes"",""value"":""Pumpkin Vision""},{""trait_type"":""Rank"",""value"":""315""},{""trait_type"":""Ghostly Apparitions"",""value"":""Ghost""},{""trait_type"":""Cloths"",""value"":""Black Hoodie""}]"
230,6297301,0x4c25080a0b61c97f82a8d6614f409e1224901982449ed2188e88e80d88fadcbb,"[{""trait_type"":""Background"",""value"":""Even dorker Dorkness""},{""trait_type"":""Type"",""value"":""Omega Block Zealots""},{""trait_type"":""Head"",""value"":""Mohawk of Blood""},{""trait_type"":""Mouth"",""value"":""Single Use Doomsday Mask""},{""trait_type"":""Eyes"",""value"":""Gooey Scriboor Visoor""},{""trait_type"":""Rank"",""value"":""78""},{""trait_type"":""Cloths"",""value"":""BCPD Police Costume""}]"
229,6297300,0x9ede6b8be78e1ab8f6281493eee8ef8eaa95736d231fbaab2b08b6e16b036bbb,"[{""trait_type"":""Background"",""value"":""Full Moon over Block City""},{""trait_type"":""Type"",""value"":""Black and White Zombie""},{""trait_type"":""Eyes"",""value"":""Purple Paranoia""},{""trait_type"":""Rank"",""value"":""498""}]"
228,6297299,0x78b78530db39b1494568a9bdc71a15c980dd6182d31285ad7ce7cb5f099fa0ab,"[{""trait_type"":""Background"",""value"":""Full Moon over Block City""},{""trait_type"":""Type"",""value"":""Omega Block Zealots""},{""trait_type"":""Eyes"",""value"":""Sugar Rush""},{""trait_type"":""Rank"",""value"":""656""}]"
227,6297298,0xac3fa939291c5ec9cc623ac28bb2a21c6e159df4513cf26abe90b1e553a950bd,"[{""trait_type"":""Background"",""value"":""Plums of Despair""},{""trait_type"":""Type"",""value"":""Candy Bar Costume""},{""trait_type"":""Eyes"",""value"":""Retarded Blood Mugger""},{""trait_type"":""Rank"",""value"":""274""},{""trait_type"":""Cloths"",""value"":""Presidential Suit""}]"
226,6297297,0xb9876f19d966c4f704f4fe50bc85ba7e13fd7c24a91eb75f9ce6d44b8e915932,"[{""trait_type"":""Background"",""value"":""Vile Bile""},{""trait_type"":""Type"",""value"":""Zombie""},{""trait_type"":""Head"",""value"":""Maga Cap""},{""trait_type"":""Mouth"",""value"":""Stunned""},{""trait_type"":""Eyes"",""value"":""Evil Bot Visual Sensors""},{""trait_type"":""Rank"",""value"":""84""},{""trait_type"":""Cloths"",""value"":""Fashion Hoodie""}]"
225,6297296,0xed6b9a31ff395dbb0cf8d1cc60a199d412cf79f4b7ae420623bc45c6d05a5333,"[{""trait_type"":""Background"",""value"":""Full Moon over Block City""},{""trait_type"":""Type"",""value"":""Ghost Chain People""},{""trait_type"":""Rank"",""value"":""320""},{""trait_type"":""Ghostly Apparitions"",""value"":""Evil Smile""},{""trait_type"":""Cloths"",""value"":""Shady Lawyer Suite""},{""trait_type"":""Full Face"",""value"":""Fsvgvasdv""}]"
224,6297295,0x665374b4197be01b57ca7144ae981a1bf12f6c3bc78b5b7eab6511e94b2a369a,"[{""trait_type"":""Background"",""value"":""Even dorker Dorkness""},{""trait_type"":""Type"",""value"":""Human Melanin Level 30""},{""trait_type"":""Head"",""value"":""Mohawk of Blood""},{""trait_type"":""Mouth"",""value"":""Beard of the Dead""},{""trait_type"":""Eyes"",""value"":""Strange Mouth Positioning""},{""trait_type"":""Rank"",""value"":""231""}]"
223,6297496,0x6b3282449921739b1606f6dda833678e063812e2a4430afe80fbf7ada5960a5d,"[{""trait_type"":""Background"",""value"":""Vile Bile""},{""trait_type"":""Type"",""value"":""Bone People""},{""trait_type"":""Rank"",""value"":""594""},{""trait_type"":""Cloths"",""value"":""Pumped Pumpkin Warrior""},{""trait_type"":""Full Face"",""value"":""Fsvgvasdv""}]"
222,6297117,0xc949676c24f05dd99a9467dda7dccaf492184fb9f02d82893c9564fd0fde4366,"[{""trait_type"":""Background"",""value"":""Even dorker Dorkness""},{""trait_type"":""Type"",""value"":""Bone People""},{""trait_type"":""Rank"",""value"":""551""},{""trait_type"":""Ghostly Apparitions"",""value"":""Evil Smile""},{""trait_type"":""Cloths"",""value"":""Vampire Attack Attire""},{""trait_type"":""Full Face"",""value"":""Floored Ghost""}]"
221,6297116,0xc7e439ca28e35530c6f6860d94fee070fa348eafec05c783c07dac4604b15847,"[{""trait_type"":""Background"",""value"":""Crimson King""},{""trait_type"":""Type"",""value"":""Gellar Spawn""},{""trait_type"":""Mouth"",""value"":""Beard of the Dead""},{""trait_type"":""Eyes"",""value"":""Orange Visoor""},{""trait_type"":""Rank"",""value"":""347""}]"
220,6297115,0x64a2d6f133ead0a11ab473f8c1a926426c9d9b7884e9d96f53ff54c4823539b8,"[{""trait_type"":""Background"",""value"":""Even dorker Dorkness""},{""trait_type"":""Type"",""value"":""Omega Block Zealots""},{""trait_type"":""Head"",""value"":""Bone Crown""},{""trait_type"":""Rank"",""value"":""137""},{""trait_type"":""Cloths"",""value"":""McD Uniform""},{""trait_type"":""Full Face"",""value"":""Ghost Costume Full Face""}]"
219,6297206,0x8fac63e39d12fe45f42e30332b873e950a28ebd9f76552b0a3a645b3d671de8a,"[{""trait_type"":""Background"",""value"":""Full Moon over Block City""},{""trait_type"":""Type"",""value"":""Smashed Pumpkin""},{""trait_type"":""Rank"",""value"":""494""},{""trait_type"":""Ghostly Apparitions"",""value"":""Spooky Skull""},{""trait_type"":""Cloths"",""value"":""Black Hoodie""},{""trait_type"":""Full Face"",""value"":""Mask of the Dreadful Black Death""}]"
218,6297205,0x72e392f7e5e0fc190cf83784d7aeb588b2b4e081be288bc6751043bb22563c48,"[{""trait_type"":""Background"",""value"":""Even dorker Dorkness""},{""trait_type"":""Type"",""value"":""Bone People""},{""trait_type"":""Rank"",""value"":""292""},{""trait_type"":""Relics"",""value"":""Corrupted FUD Crystal""},{""trait_type"":""Cloths"",""value"":""Dark Knight Costume""},{""trait_type"":""Full Face"",""value"":""Mask of the Dreadful Black Death""}]"
217,6297204,0x2713a62bbf37d74255c315bb974ebd07dab09d55a409455a24e5546320270592,"[{""trait_type"":""Background"",""value"":""Even dorker Dorkness""},{""trait_type"":""Type"",""value"":""Bone People""},{""trait_type"":""Head"",""value"":""BCPD Police Cap""},{""trait_type"":""Mouth"",""value"":""Throat of Darkness""},{""trait_type"":""Eyes"",""value"":""Hollowed""},{""trait_type"":""Rank"",""value"":""241""},{""trait_type"":""Ghostly Apparitions"",""value"":""Sigil of the Rug Lord""},{""trait_type"":""Cloths"",""value"":""Dark Knight Costume""}]"
216,6297203,0x460e57b40f4d501b5a8e3addb67b4aba9c6dd2d57bbaa0428f5a0adccd6900e3,"[{""trait_type"":""Background"",""value"":""Full Moon over Block City""},{""trait_type"":""Type"",""value"":""Zombie""},{""trait_type"":""Rank"",""value"":""643""},{""trait_type"":""Full Face"",""value"":""Never Go Full Pumpkin""}]"
215,6297202,0x94bb173761f032514ed3dbb30d8c6786dd365dbe7057132a8b7160e95e7a1cc1,"[{""trait_type"":""Background"",""value"":""Crimson King""},{""trait_type"":""Type"",""value"":""Bone People""},{""trait_type"":""Mouth"",""value"":""Throat of Darkness""},{""trait_type"":""Eyes"",""value"":""Retarded Blood Mugger""},{""trait_type"":""Rank"",""value"":""346""},{""trait_type"":""Cloths"",""value"":""Pink Hoodie""}]"
214,6297201,0x2286ad48036461268bb2ad4d964aae26c8b8eb9f3ec9a5aa3e48a9f328521302,"[{""trait_type"":""Background"",""value"":""Even dorker Dorkness""},{""trait_type"":""Type"",""value"":""Sugar Skullz""},{""trait_type"":""Head"",""value"":""Death Cap Shower Cap""},{""trait_type"":""Mouth"",""value"":""Horny""},{""trait_type"":""Eyes"",""value"":""Retarded Blood Mugger""},{""trait_type"":""Rank"",""value"":""181""},{""trait_type"":""Cloths"",""value"":""Classic Black Suit""}]"
213,6297200,0x12efa5d1d9ca784985750856911daac9de48da6e8a5bf5f846594ca4c1b09ba9,"[{""trait_type"":""Background"",""value"":""Dios de los Muertos""},{""trait_type"":""Type"",""value"":""Black and White Zombie""},{""trait_type"":""Head"",""value"":""Hash Mesh""},{""trait_type"":""Mouth"",""value"":""Insecure Laughter""},{""trait_type"":""Eyes"",""value"":""Pumpkin Vision""},{""trait_type"":""Rank"",""value"":""28""},{""trait_type"":""Ghostly Apparitions"",""value"":""Spooky Skull""},{""trait_type"":""Cloths"",""value"":""Vampire Attack Attire""}]"
212,6297002,0x77d68dfc5e86b7a6d00368368e4ccae8298654c91cb1abf29e5727086f3957bc,"[{""trait_type"":""Background"",""value"":""Crimson King""},{""trait_type"":""Type"",""value"":""Gellar Spawn""},{""trait_type"":""Mouth"",""value"":""Throat of Darkness""},{""trait_type"":""Eyes"",""value"":""Sugar Rush""},{""trait_type"":""Rank"",""value"":""450""},{""trait_type"":""Ghostly Apparitions"",""value"":""Spooky Skull""}]"
211,6297001,0x9c89b303f91a69f9ffe5fe0bee259637fdcbdc2da18e4a0b0705f899d0ebd3f6,"[{""trait_type"":""Background"",""value"":""Pumpin Pumpkin""},{""trait_type"":""Type"",""value"":""Zombie""},{""trait_type"":""Mouth"",""value"":""Bone People Mouth""},{""trait_type"":""Eyes"",""value"":""Death Cross Mask Mark II""},{""trait_type"":""Rank"",""value"":""519""}]"
210,6297000,0x00f215a253e58501a168cef5a8b2a23cbf03aea5561ca953ad409660312df49b,"[{""trait_type"":""Background"",""value"":""Vile Bile""},{""trait_type"":""Type"",""value"":""Pumpkin Suit""},{""trait_type"":""Mouth"",""value"":""Candy Crusher 500 Kids Edition""},{""trait_type"":""Eyes"",""value"":""Mask of the Dreadful Black Death""},{""trait_type"":""Rank"",""value"":""337""},{""trait_type"":""Cloths"",""value"":""Hard Base Uniform""}]"
209,6296999,0xed3a0b620d1fcdca93ed52862c9ff96b8411311324dcefe4c9652b0b0db0fdf4,"[{""trait_type"":""Background"",""value"":""Pumpin Pumpkin""},{""trait_type"":""Type"",""value"":""Smashed Pumpkin""},{""trait_type"":""Head"",""value"":""Ram Alamadingdong""},{""trait_type"":""Mouth"",""value"":""Pumpkin Teeth""},{""trait_type"":""Eyes"",""value"":""Mask of the Dreadful Black Death""},{""trait_type"":""Rank"",""value"":""58""},{""trait_type"":""Ghostly Apparitions"",""value"":""Floorbagorb""}]"
208,6296998,0x4b3f2e5cb09794b9dbf9f2317a2bea749ea491b1d036ff9802738f40a7a37456,"[{""trait_type"":""Background"",""value"":""Vile Bile""},{""trait_type"":""Type"",""value"":""Gellar Spawn""},{""trait_type"":""Mouth"",""value"":""Horny""},{""trait_type"":""Eyes"",""value"":""Hollow Eyes""},{""trait_type"":""Rank"",""value"":""268""},{""trait_type"":""Ghostly Apparitions"",""value"":""Sigil of the Rug Lord""},{""trait_type"":""Cloths"",""value"":""Dark Knight Costume""}]"
207,6296997,0xc503403de889d32f29ca68f879eef36f3104eb2d27a561544d3662de57dbda83,"[{""trait_type"":""Background"",""value"":""Plums of Despair""},{""trait_type"":""Type"",""value"":""Sugar Skullz""},{""trait_type"":""Eyes"",""value"":""Cyclops with Hepatitis""},{""trait_type"":""Rank"",""value"":""527""},{""trait_type"":""Ghostly Apparitions"",""value"":""Skull""},{""trait_type"":""Cloths"",""value"":""Freddy Sweater""}]"
206,6296996,0x178e76c3b87b60d68af3aab6556395795ddc82ad784390c67cafdd75dc0a15e7,"[{""trait_type"":""Background"",""value"":""Even dorker Dorkness""},{""trait_type"":""Type"",""value"":""Omega Block Zealots""},{""trait_type"":""Head"",""value"":""Fancy Hair black""},{""trait_type"":""Eyes"",""value"":""Zombie eyes""},{""trait_type"":""Rank"",""value"":""427""},{""trait_type"":""Cloths"",""value"":""Red Hoodie""}]"
205,6296995,0xd2aefd2433964c6216f50625e71b72b7f16f162c173732bc441aa58142c39a84,"[{""trait_type"":""Background"",""value"":""Dios de los Muertos""},{""trait_type"":""Type"",""value"":""Purple People""},{""trait_type"":""Eyes"",""value"":""Zombie eyes""},{""trait_type"":""Rank"",""value"":""555""},{""trait_type"":""Cloths"",""value"":""Black Hoodie""}]"
204,6296994,0xfc5db6520d0b905ec0dde1d31542c262fcc57661f825611c10511fa203e7108a,"[{""trait_type"":""Background"",""value"":""Full Moon over Block City""},{""trait_type"":""Type"",""value"":""Omega Block Zealots""},{""trait_type"":""Head"",""value"":""Spooky Headwind""},{""trait_type"":""Mouth"",""value"":""CAAANDYYY!""},{""trait_type"":""Eyes"",""value"":""Mask of the Dreadful Black Death""},{""trait_type"":""Rank"",""value"":""338""}]"
203,6296993,0xcf10cf2e8567e6585bbd5493ccb8f7aab33da54f54692c3890222ba5bb22220e,"[{""trait_type"":""Background"",""value"":""Pumpin Pumpkin""},{""trait_type"":""Type"",""value"":""Black and White Zombie""},{""trait_type"":""Head"",""value"":""McD Cap Black""},{""trait_type"":""Mouth"",""value"":""Throat of Darkness""},{""trait_type"":""Eyes"",""value"":""Purple Paranoia""},{""trait_type"":""Rank"",""value"":""12""}]"
202,6296992,0x8c3483926bda6963abcd0441a8a50dcd499944ae645879d6e2aa1c923f6110f0,"[{""trait_type"":""Background"",""value"":""Full Moon over Block City""},{""trait_type"":""Type"",""value"":""Human Melanin Level 80""},{""trait_type"":""Head"",""value"":""Fancy Hair black""},{""trait_type"":""Mouth"",""value"":""Bad Mood""},{""trait_type"":""Eyes"",""value"":""Super cheap Ghost Mask""},{""trait_type"":""Rank"",""value"":""148""},{""trait_type"":""Cloths"",""value"":""Dark Knight Costume""}]"
201,6296991,0x5e4831a0a7418938fa9c0cfb72e6dba0d76169010eb71141ff41150daa9b4730,"[{""trait_type"":""Background"",""value"":""Full Moon over Block City""},{""trait_type"":""Type"",""value"":""Gellar Spawn""},{""trait_type"":""Mouth"",""value"":""Irresistible Bad Teeth""},{""trait_type"":""Eyes"",""value"":""Ready For Battle""},{""trait_type"":""Rank"",""value"":""106""}]"
200,6296990,0x4b46ee7afba59301ca5d653951e7ddca3b442fbee10efbaf81bdf83f946eab8f,"[{""trait_type"":""Background"",""value"":""Vile Bile""},{""trait_type"":""Type"",""value"":""Pumpkin Suit""},{""trait_type"":""Head"",""value"":""Spooky Headwind""},{""trait_type"":""Mouth"",""value"":""Foul mouthed""},{""trait_type"":""Eyes"",""value"":""Cyclops with Hepatitis""},{""trait_type"":""Rank"",""value"":""90""},{""trait_type"":""Cloths"",""value"":""BCPD Police Costume""}]"
199,6296989,0xc7d71036fc46c20e6b06022fe7de3008cea51e5f1d5232186c73d499379b4b8b,"[{""trait_type"":""Background"",""value"":""Pumpin Pumpkin""},{""trait_type"":""Type"",""value"":""Bone People""},{""trait_type"":""Head"",""value"":""Spookytail Black""},{""trait_type"":""Eyes"",""value"":""BRAAINSSS""},{""trait_type"":""Rank"",""value"":""273""},{""trait_type"":""Cloths"",""value"":""Pumped Pumpkin Warrior""}]"
198,6296988,0xf5017b0550f9a84a79b02d4da740e123b38a419fa5075a1c7a954895496cca89,"[{""trait_type"":""Background"",""value"":""Even dorker Dorkness""},{""trait_type"":""Type"",""value"":""Human Melanin Level 30""},{""trait_type"":""Mouth"",""value"":""Irresistible Bad Teeth""},{""trait_type"":""Eyes"",""value"":""Open Minded""},{""trait_type"":""Rank"",""value"":""172""},{""trait_type"":""Relics"",""value"":""Blessed Pile of Candy""}]"
197,6296987,0x2f09ff6b2ca6b13f21bb041d3e939014afe8e3c4a65c8be7960d5412d923123d,"[{""trait_type"":""Background"",""value"":""Pumpin Pumpkin""},{""trait_type"":""Type"",""value"":""Omega Block Zealots""},{""trait_type"":""Head"",""value"":""Fake Devil Horns""},{""trait_type"":""Mouth"",""value"":""420 again""},{""trait_type"":""Eyes"",""value"":""SKULLS FOR THE SKULL GOD v2""},{""trait_type"":""Rank"",""value"":""212""}]"
196,6296986,0xafbba006c99733235bc4737a216b631cf4dad550b40a9c4bcac47a4fd0112f1d,"[{""trait_type"":""Background"",""value"":""Full Moon over Block City""},{""trait_type"":""Type"",""value"":""Zombie""},{""trait_type"":""Mouth"",""value"":""Sniffmaster 9000""},{""trait_type"":""Eyes"",""value"":""Retarded Blood Mugger""},{""trait_type"":""Rank"",""value"":""549""}]"
195,6296985,0x10c697e2e8b1b20b9d3bdf96a78e14082cbfdbd582189e427e9972ffe93e2507,"[{""trait_type"":""Background"",""value"":""Pumpin Pumpkin""},{""trait_type"":""Type"",""value"":""Pumpkin Suit""},{""trait_type"":""Head"",""value"":""Weird Sexy Alien""},{""trait_type"":""Mouth"",""value"":""Vape""},{""trait_type"":""Eyes"",""value"":""Hollowed""},{""trait_type"":""Rank"",""value"":""11""},{""trait_type"":""Cloths"",""value"":""Captains Costume""}]"
194,6296984,0x4577e5795c24007470b28a2b3e9c6dfa4b157a385b16c3585dab03bde9c1419a,"[{""trait_type"":""Background"",""value"":""Vile Bile""},{""trait_type"":""Type"",""value"":""Black and White Zombie""},{""trait_type"":""Mouth"",""value"":""Lick it""},{""trait_type"":""Eyes"",""value"":""Evil Bot Visual Sensors""},{""trait_type"":""Rank"",""value"":""238""},{""trait_type"":""Ghostly Apparitions"",""value"":""Sigil of the Rug Lord""}]"
193,6296983,0xf1be5a615d0396777f6ebde00fcb5d6e578c1c5d25a014ac3ac0342bbca68012,"[{""trait_type"":""Background"",""value"":""Plums of Despair""},{""trait_type"":""Type"",""value"":""Black and White Zombie""},{""trait_type"":""Head"",""value"":""Spooky Void Bat Hat""},{""trait_type"":""Mouth"",""value"":""Sniffmaster 9000""},{""trait_type"":""Eyes"",""value"":""Sus af""},{""trait_type"":""Rank"",""value"":""87""},{""trait_type"":""Cloths"",""value"":""Black Hoodie""}]"
192,6296982,0xd471065a07237d5dd2d6cdbd6c0f388671e9481c80ce23cb5fd927bbffcbfb5c,"[{""trait_type"":""Background"",""value"":""Even dorker Dorkness""},{""trait_type"":""Type"",""value"":""Human Melanin Level Goth""},{""trait_type"":""Head"",""value"":""Wallet Drainer""},{""trait_type"":""Mouth"",""value"":""Beard of the Dead""},{""trait_type"":""Eyes"",""value"":""AutoSpooker Slim Edition""},{""trait_type"":""Rank"",""value"":""302""}]"
191,6296981,0x3b86d309217c46d536ff51e632380b907ac3ee9f5f7ac90a4b0e931e52154cdf,"[{""trait_type"":""Background"",""value"":""Crimson King""},{""trait_type"":""Type"",""value"":""Human Melanin Level 30""},{""trait_type"":""Head"",""value"":""Rad Day of the Dead hat for Dads""},{""trait_type"":""Mouth"",""value"":""OY!!!!""},{""trait_type"":""Eyes"",""value"":""Hollow Eyes""},{""trait_type"":""Rank"",""value"":""38""},{""trait_type"":""Ghostly Apparitions"",""value"":""Floorbagorb""},{""trait_type"":""Cloths"",""value"":""BCPD Police Costume""}]"
190,6296980,0xdb5cfd3e28b6e2bc309f194491158dfb49346e87cdad3027aae38d040e154bfa,"[{""trait_type"":""Background"",""value"":""Even dorker Dorkness""},{""trait_type"":""Type"",""value"":""Human Melanin Level Goth""},{""trait_type"":""Rank"",""value"":""463""},{""trait_type"":""Cloths"",""value"":""Freddy Sweater""},{""trait_type"":""Full Face"",""value"":""Fsvgvasdv""}]"
189,6296979,0x90bcc8b22ac7fb30842fdc3688d019a090194a9e5ce36850dbbae9a41b7ac967,"[{""trait_type"":""Background"",""value"":""Vile Bile""},{""trait_type"":""Type"",""value"":""Zombie""},{""trait_type"":""Rank"",""value"":""207""},{""trait_type"":""Relics"",""value"":""Blessed Pile of Candy""},{""trait_type"":""Cloths"",""value"":""Shady Lawyer Suite""},{""trait_type"":""Full Face"",""value"":""Never Go Full Pumpkin""}]"
188,6296978,0x6ab5ad6fdcfa43831c560adbe0891e1b7da2c596cb0149fed5ec11ab83d2b988,"[{""trait_type"":""Background"",""value"":""Full Moon over Block City""},{""trait_type"":""Type"",""value"":""Bone People""},{""trait_type"":""Mouth"",""value"":""Lick it""},{""trait_type"":""Eyes"",""value"":""Super cheap Ghost Mask""},{""trait_type"":""Rank"",""value"":""481""}]"
187,6297199,0x03a595f31af79eddbc649c649c60de70b929fccb4ac81788062e07b68fce1896,"[{""trait_type"":""Background"",""value"":""Full Moon over Block City""},{""trait_type"":""Type"",""value"":""Smashed Pumpkin""},{""trait_type"":""Head"",""value"":""Fake Devil Horns""},{""trait_type"":""Mouth"",""value"":""Traditional Kaiju-Cow Hunter Camouflage""},{""trait_type"":""Eyes"",""value"":""Sugar Rush""},{""trait_type"":""Rank"",""value"":""329""},{""trait_type"":""Ghostly Apparitions"",""value"":""Sigil of the Rug Lord""},{""trait_type"":""Cloths"",""value"":""Freddy Sweater""}]"
186,6297106,0xa99dcb2f9fc01321f4fc7e700c8354c45c118864055e197bfcb3876006969785,"[{""trait_type"":""Background"",""value"":""Pumpin Pumpkin""},{""trait_type"":""Type"",""value"":""Bone People""},{""trait_type"":""Mouth"",""value"":""Beard of the Dead""},{""trait_type"":""Eyes"",""value"":""Skull Plate""},{""trait_type"":""Rank"",""value"":""95""},{""trait_type"":""Ghostly Apparitions"",""value"":""Evil Smile""},{""trait_type"":""Cloths"",""value"":""Dark Knight Costume""},{""trait_type"":""Relics"",""value"":""Sword of Discord""}]"
185,6297105,0x08defeb94e3a2066793a9ec7484975918e206206538cf6c80c0fc9648c9a3934,"[{""trait_type"":""Background"",""value"":""Pumpin Pumpkin""},{""trait_type"":""Type"",""value"":""Zombie""},{""trait_type"":""Eyes"",""value"":""Insufferable Eye Extension""},{""trait_type"":""Rank"",""value"":""626""},{""trait_type"":""Cloths"",""value"":""Dark Knight Costume""}]"
184,6297198,0x3edc0001cc916bb3db881587fd0feed6e2ea9aa84dc777bbc0a69953d520f524,"[{""trait_type"":""Background"",""value"":""Blood Moon over Block City""},{""trait_type"":""Type"",""value"":""Omega Block Zealots""},{""trait_type"":""Mouth"",""value"":""OY!!!!""},{""trait_type"":""Eyes"",""value"":""Super cheap Ghost Mask""},{""trait_type"":""Rank"",""value"":""233""},{""trait_type"":""Cloths"",""value"":""Freddy Sweater""}]"
183,6297170,0x012411ebb106e8822760d1ce5264913760638ecfa2587522a5b96be5c4ed4b8f,"[{""trait_type"":""Background"",""value"":""Crimson King""},{""trait_type"":""Type"",""value"":""Zombie""},{""trait_type"":""Eyes"",""value"":""Sugar Rush""},{""trait_type"":""Rank"",""value"":""489""},{""trait_type"":""Ghostly Apparitions"",""value"":""Evil Smile""},{""trait_type"":""Cloths"",""value"":""BCPD Police Costume""}]"
182,6297169,0xe8e1e0d3b46c35b07fa97e2f0d20031e7a038bfdc99e149df7e551a4b4cc3735,"[{""trait_type"":""Background"",""value"":""Even dorker Dorkness""},{""trait_type"":""Type"",""value"":""Bone People""},{""trait_type"":""Head"",""value"":""Stylish Death Knight Horn Replicas""},{""trait_type"":""Mouth"",""value"":""Evil Robot Voice Modulator""},{""trait_type"":""Eyes"",""value"":""Evil Bot Visual Sensors""},{""trait_type"":""Rank"",""value"":""37""},{""trait_type"":""Relics"",""value"":""Jef's Scepter of Skullability""}]"
181,6297101,0x7c3d6b5de2e690f31bbd27c853aef28dbe917c179158b3e2a6e9cd5bc477325a,"[{""trait_type"":""Background"",""value"":""Even dorker Dorkness""},{""trait_type"":""Type"",""value"":""Omega Block Zealots""},{""trait_type"":""Mouth"",""value"":""White Pussy Magnet""},{""trait_type"":""Eyes"",""value"":""AutoSpooker Slim Edition""},{""trait_type"":""Rank"",""value"":""523""},{""trait_type"":""Ghostly Apparitions"",""value"":""Floorbagorb""}]"
180,6297100,0x0634eb30c8add6e18ea3f45311ec05cf4fb59a0b76bc94f99c91396960901a61,"[{""trait_type"":""Background"",""value"":""Pumpin Pumpkin""},{""trait_type"":""Type"",""value"":""Bone People""},{""trait_type"":""Mouth"",""value"":""ULULULULULUL""},{""trait_type"":""Eyes"",""value"":""Inner Vision""},{""trait_type"":""Rank"",""value"":""168""},{""trait_type"":""Ghostly Apparitions"",""value"":""Sigil of the Rug Lord""},{""trait_type"":""Cloths"",""value"":""Vampire Attack Attire""}]"
179,6297099,0xf185affd1beadcd0433f9f1b4df1805351a885d4337e4751ecdcd4735b9269fb,"[{""trait_type"":""Background"",""value"":""Pumpin Pumpkin""},{""trait_type"":""Type"",""value"":""Zombie""},{""trait_type"":""Mouth"",""value"":""420 again""},{""trait_type"":""Eyes"",""value"":""Retarded Blood Mugger""},{""trait_type"":""Rank"",""value"":""379""},{""trait_type"":""Cloths"",""value"":""Freddy Sweater""}]"
178,6297098,0xc82ec0b8947158f03a33cae14b99c1a6c79317be9fe85961a08c31b8d98d53f9,"[{""trait_type"":""Background"",""value"":""Full Moon over Block City""},{""trait_type"":""Type"",""value"":""Omega Block Zealots""},{""trait_type"":""Mouth"",""value"":""Foul mouthed""},{""trait_type"":""Eyes"",""value"":""AutoSpooker Slim Edition""},{""trait_type"":""Rank"",""value"":""469""}]"
177,6297097,0xec6aa876603df28dd65289b6ce0b19b9ab67abeadea05392014277c829171c18,"[{""trait_type"":""Background"",""value"":""Plums of Despair""},{""trait_type"":""Type"",""value"":""Pumpkin Suit""},{""trait_type"":""Mouth"",""value"":""Jack-o-Lantern""},{""trait_type"":""Eyes"",""value"":""Insufferable Eye Extension""},{""trait_type"":""Rank"",""value"":""401""},{""trait_type"":""Ghostly Apparitions"",""value"":""Skull""},{""trait_type"":""Cloths"",""value"":""Pumped Pumpkin Warrior""}]"
176,6297096,0x325895d00e3e81ae3bedeaa4bd4b442477642d6ffebccea77c4a025597f2afeb,"[{""trait_type"":""Background"",""value"":""Full Moon over Block City""},{""trait_type"":""Type"",""value"":""Purple People""},{""trait_type"":""Eyes"",""value"":""Open Minded""},{""trait_type"":""Rank"",""value"":""474""},{""trait_type"":""Cloths"",""value"":""Black Hoodie""},{""trait_type"":""Full Face"",""value"":""Pirates of the Drain Plains Costume""}]"
175,6297095,0xe133473f8875b414efe630bbb21b4e9a79a7da163825d6c881f268a78490065a,"[{""trait_type"":""Background"",""value"":""Full Moon over Block City""},{""trait_type"":""Type"",""value"":""Zombie""},{""trait_type"":""Head"",""value"":""Crown of Sorrows""},{""trait_type"":""Eyes"",""value"":""Spooky MEV Bot Protector Blue""},{""trait_type"":""Rank"",""value"":""477""},{""trait_type"":""Cloths"",""value"":""Dark Knight Costume""}]"
174,6297094,0x2c1e61d2057d51bb7e6c8348cc9e3035fb58e5f983a105dda8b1057b4de4a1a0,"[{""trait_type"":""Background"",""value"":""Even dorker Dorkness""},{""trait_type"":""Type"",""value"":""Bone People""},{""trait_type"":""Mouth"",""value"":""Stunned""},{""trait_type"":""Eyes"",""value"":""Spooky MEV Bot Protector Blue""},{""trait_type"":""Rank"",""value"":""499""}]"
173,6297093,0xae364393bab1e01125fe388ec44b2574c071c6492d8a42126c72fa139f742c74,"[{""trait_type"":""Background"",""value"":""Vile Bile""},{""trait_type"":""Type"",""value"":""Purple People""},{""trait_type"":""Eyes"",""value"":""Open Minded""},{""trait_type"":""Rank"",""value"":""121""},{""trait_type"":""Ghostly Apparitions"",""value"":""Evil Smile""},{""trait_type"":""Relics"",""value"":""Sword of Discord""},{""trait_type"":""Full Face"",""value"":""Fsvgvasdv""}]"
172,6297092,0x47fb00f6f4f2b5cb47fa7de59376b1652b4e3666ae0b6b2d6204157f0cf58468,"[{""trait_type"":""Background"",""value"":""Full Moon over Block City""},{""trait_type"":""Type"",""value"":""Zombie""},{""trait_type"":""Rank"",""value"":""642""},{""trait_type"":""Full Face"",""value"":""Fsvgvasdv""}]"
171,6297091,0x53cb4a66c4503279354df8f0f8c667f1a80934c78711e778f9cd7194a1b8ecc8,"[{""trait_type"":""Background"",""value"":""Full Moon over Block City""},{""trait_type"":""Type"",""value"":""Smashed Pumpkin""},{""trait_type"":""Mouth"",""value"":""Pumpkin Tongue""},{""trait_type"":""Eyes"",""value"":""Zombie eyes""},{""trait_type"":""Rank"",""value"":""134""},{""trait_type"":""Cloths"",""value"":""Red Hoodie""}]"
170,6297090,0xf7b5ee536cd9f851628d5f18d5993ace1a0754b2f3cc477a762f97dc52c0bdc3,"[{""trait_type"":""Background"",""value"":""Even dorker Dorkness""},{""trait_type"":""Type"",""value"":""Pumpkin Suit""},{""trait_type"":""Head"",""value"":""Evil Scriptoadz Companion""},{""trait_type"":""Mouth"",""value"":""Bone People Mouth""},{""trait_type"":""Eyes"",""value"":""Retarded Blood Mugger""},{""trait_type"":""Rank"",""value"":""120""},{""trait_type"":""Ghostly Apparitions"",""value"":""Skull""},{""trait_type"":""Cloths"",""value"":""Shady Lawyer Suite""}]"
169,6297089,0xb1f74f0136daae3d6f101431a7f910ffdf3d4f3e18aa9f3441b41acd12a043ea,"[{""trait_type"":""Background"",""value"":""Vile Bile""},{""trait_type"":""Type"",""value"":""Smashed Pumpkin""},{""trait_type"":""Mouth"",""value"":""Pumpkin Teeth""},{""trait_type"":""Eyes"",""value"":""Mask of the Dreadful Black Death""},{""trait_type"":""Rank"",""value"":""270""},{""trait_type"":""Cloths"",""value"":""Freddy Sweater""}]"
168,6297088,0x514933ba59a132c0f13747991f2526913d5b64381d511825d72c2b55961816a3,"[{""trait_type"":""Background"",""value"":""Even dorker Dorkness""},{""trait_type"":""Type"",""value"":""Purple People""},{""trait_type"":""Head"",""value"":""Nexus Cap""},{""trait_type"":""Mouth"",""value"":""White Pussy Magnet""},{""trait_type"":""Eyes"",""value"":""Hollowed""},{""trait_type"":""Rank"",""value"":""113""},{""trait_type"":""Cloths"",""value"":""Freddy Sweater""}]"
167,6297168,0x83e092df0011764a039fc2460a57a28bc4a738a7fe27012e0bece2794d2d7f17,"[{""trait_type"":""Background"",""value"":""Even dorker Dorkness""},{""trait_type"":""Type"",""value"":""Sugar Skullz""},{""trait_type"":""Head"",""value"":""Spookytail Purple""},{""trait_type"":""Eyes"",""value"":""Zoned out""},{""trait_type"":""Rank"",""value"":""79""}]"
166,6297197,0x9203c1f8d1c0b842e0a39abaf11d930c4652a222d35133c5c36a5ce7351ba45e,"[{""trait_type"":""Background"",""value"":""Vile Bile""},{""trait_type"":""Type"",""value"":""Human Melanin Level 30""},{""trait_type"":""Head"",""value"":""Evil Scriptoadz Companion""},{""trait_type"":""Mouth"",""value"":""Beard of the Dead""},{""trait_type"":""Eyes"",""value"":""Skull Plate""},{""trait_type"":""Rank"",""value"":""166""}]"
165,6297196,0x2afbed7bf7e0b8e50acc5492408cd5b3b8c7ba8b0e8c26fe49c482c102f19d47,"[{""trait_type"":""Background"",""value"":""Vile Bile""},{""trait_type"":""Type"",""value"":""Bone People""},{""trait_type"":""Mouth"",""value"":""Beard of the Dead""},{""trait_type"":""Eyes"",""value"":""Zombie eyes""},{""trait_type"":""Rank"",""value"":""224""},{""trait_type"":""Ghostly Apparitions"",""value"":""Skull""},{""trait_type"":""Cloths"",""value"":""Flannel""}]"
164,6297084,0x29c3a0132d1c529dc5066db8710aeb82d370b1adada552efa0f5d2cfb42e99e4,"[{""trait_type"":""Background"",""value"":""Even dorker Dorkness""},{""trait_type"":""Type"",""value"":""Bone People""},{""trait_type"":""Head"",""value"":""Spooky Headwind""},{""trait_type"":""Eyes"",""value"":""Super cheap Ghost Mask""},{""trait_type"":""Rank"",""value"":""394""},{""trait_type"":""Ghostly Apparitions"",""value"":""Ghost""},{""trait_type"":""Cloths"",""value"":""Vampire Attack Attire""}]"
163,6297083,0xdd88eeaf5cc0b3cfd9ebd8751239075b1da3bbe6b1857468fc807af60d99ff91,"[{""trait_type"":""Background"",""value"":""Even dorker Dorkness""},{""trait_type"":""Type"",""value"":""Smashed Pumpkin""},{""trait_type"":""Head"",""value"":""Maga Cap""},{""trait_type"":""Mouth"",""value"":""Pumpkin Teeth""},{""trait_type"":""Eyes"",""value"":""Super cheap Ghost Mask""},{""trait_type"":""Rank"",""value"":""136""},{""trait_type"":""Ghostly Apparitions"",""value"":""Floorbagorb""}]"
162,6297082,0x48435bcd59bc4752ae85581891ea6a4ce9e8bd019cb07c9a09ee1e64fcf12cc0,"[{""trait_type"":""Background"",""value"":""Full Moon over Block City""},{""trait_type"":""Type"",""value"":""Black and White Zombie""},{""trait_type"":""Eyes"",""value"":""Sugar Rush""},{""trait_type"":""Rank"",""value"":""254""},{""trait_type"":""Relics"",""value"":""Corrupted FUD Crystal""},{""trait_type"":""Cloths"",""value"":""Black Hoodie""}]"
161,6297195,0xe64738b7e56ffd9da6d91b15bbf2c01c9c81ff5022459e25f0e6990b1e74ece4,"[{""trait_type"":""Background"",""value"":""Even dorker Dorkness""},{""trait_type"":""Type"",""value"":""Pumpkin Suit""},{""trait_type"":""Head"",""value"":""Dark Angel Wings""},{""trait_type"":""Mouth"",""value"":""Bad Mood""},{""trait_type"":""Eyes"",""value"":""AutoSpooker Slim Edition""},{""trait_type"":""Rank"",""value"":""299""}]"
160,6297074,0xb385621c96d6f9aacc3c0add2d8ec7d716dcd3e478fdee9fce75182e3e023275,"[{""trait_type"":""Background"",""value"":""Vile Bile""},{""trait_type"":""Type"",""value"":""Bone People""},{""trait_type"":""Head"",""value"":""Nexus Cap""},{""trait_type"":""Mouth"",""value"":""For Real - I promise""},{""trait_type"":""Eyes"",""value"":""BRAAINSSS""},{""trait_type"":""Rank"",""value"":""3""},{""trait_type"":""Ghostly Apparitions"",""value"":""Ghost""}]"
159,6297073,0x4655d504d3dbb24c4f2d89f4a2a0e1e626ffed8d444b1e55a14992120ac37095,"[{""trait_type"":""Background"",""value"":""Full Moon over Block City""},{""trait_type"":""Type"",""value"":""Zombie""},{""trait_type"":""Head"",""value"":""Fake Devil Horns""},{""trait_type"":""Mouth"",""value"":""Stunned""},{""trait_type"":""Eyes"",""value"":""SKULLS FOR THE SKULL GOD v2""},{""trait_type"":""Rank"",""value"":""298""},{""trait_type"":""Ghostly Apparitions"",""value"":""Sigil of the Rug Lord""}]"
158,6297072,0xbdf7389db7dc4eac502e3d107dc72a043a12cfaf6675911615044f301bdd7eec,"[{""trait_type"":""Background"",""value"":""Vile Bile""},{""trait_type"":""Type"",""value"":""Zombie""},{""trait_type"":""Mouth"",""value"":""Stunned""},{""trait_type"":""Eyes"",""value"":""Super cheap Ghost Mask""},{""trait_type"":""Rank"",""value"":""506""}]"
157,6297014,0x63fd6fabdc84f2d373dd7122d66337da80460125ef3fc33b750b2e47720bb1a4,"[{""trait_type"":""Background"",""value"":""Even dorker Dorkness""},{""trait_type"":""Type"",""value"":""Pumpkin Suit""},{""trait_type"":""Head"",""value"":""Pumpkin Helmet""},{""trait_type"":""Mouth"",""value"":""Jack-o-Lantern""},{""trait_type"":""Eyes"",""value"":""Cyclops with Hepatitis""},{""trait_type"":""Rank"",""value"":""139""},{""trait_type"":""Cloths"",""value"":""Pumped Pumpkin Warrior""}]"
156,6297013,0x73744ec5b163a1c2a3e359a81f943cc040acf19cbcf51d4601925e74387e8301,"[{""trait_type"":""Background"",""value"":""Dios de los Muertos""},{""trait_type"":""Type"",""value"":""Gellar Spawn""},{""trait_type"":""Mouth"",""value"":""Horny""},{""trait_type"":""Eyes"",""value"":""Aviators""},{""trait_type"":""Rank"",""value"":""253""},{""trait_type"":""Ghostly Apparitions"",""value"":""Evil Smile""}]"
155,6297012,0x50a10adfc80f0558093e59f3166502fc582f80c45bd7207c7c9766d6e73ac46a,"[{""trait_type"":""Background"",""value"":""Full Moon over Block City""},{""trait_type"":""Type"",""value"":""Human Melanin Level Goth""},{""trait_type"":""Head"",""value"":""Evil Scriptoadz Companion""},{""trait_type"":""Mouth"",""value"":""Candy Crusher 500 Kids Edition""},{""trait_type"":""Eyes"",""value"":""Gooey Scriboor Visoor""},{""trait_type"":""Rank"",""value"":""97""},{""trait_type"":""Ghostly Apparitions"",""value"":""Floorbagorb""},{""trait_type"":""Cloths"",""value"":""Freddy Sweater""}]"
154,6297011,0x1138dfd4ddf49c0e55662f94ed56db0fb75933b8fa0dfb8a48cea44efb794327,"[{""trait_type"":""Background"",""value"":""Full Moon over Block City""},{""trait_type"":""Type"",""value"":""Ghost Chain People""},{""trait_type"":""Head"",""value"":""Captains Hat""},{""trait_type"":""Mouth"",""value"":""Sniffmaster 9000""},{""trait_type"":""Eyes"",""value"":""Purple Paranoia""},{""trait_type"":""Rank"",""value"":""19""}]"
153,6297194,0x2480cbefef876d3409f5d9839f29f71376bdea4c1c0e30339aed27fc634c9ee3,"[{""trait_type"":""Background"",""value"":""Dios de los Muertos""},{""trait_type"":""Type"",""value"":""Sugar Skullz""},{""trait_type"":""Eyes"",""value"":""Strange Mouth Positioning""},{""trait_type"":""Rank"",""value"":""372""},{""trait_type"":""Cloths"",""value"":""Classic Black Suit""}]"
152,6297009,0x90fac324cf7d12452b61cafe517be519fb11b81e8dd006be4a7c6e2d093bc029,"[{""trait_type"":""Background"",""value"":""Crimson King""},{""trait_type"":""Type"",""value"":""Black and White Zombie""},{""trait_type"":""Head"",""value"":""Straight af""},{""trait_type"":""Mouth"",""value"":""White Pussy Magnet""},{""trait_type"":""Eyes"",""value"":""Zoned out""},{""trait_type"":""Rank"",""value"":""91""},{""trait_type"":""Ghostly Apparitions"",""value"":""Floorbagorb""}]"
151,6297008,0x91954c0ac2e110a6a52d619533fa5874c23ab9b57a249a289613eca94e1d5e63,"[{""trait_type"":""Background"",""value"":""Even dorker Dorkness""},{""trait_type"":""Type"",""value"":""Zombie""},{""trait_type"":""Head"",""value"":""Fake Devil Horns""},{""trait_type"":""Rank"",""value"":""355""},{""trait_type"":""Ghostly Apparitions"",""value"":""Ghost""},{""trait_type"":""Cloths"",""value"":""General of the Adeptus Cuborum""},{""trait_type"":""Full Face"",""value"":""Floored Ghost""}]"
150,6297007,0xbe4c86f814cf65535763c7a6580904ffcae924fe7bd38a412e501289ba4e87ef,"[{""trait_type"":""Background"",""value"":""Even dorker Dorkness""},{""trait_type"":""Type"",""value"":""Bone People""},{""trait_type"":""Head"",""value"":""Stylish Death Knight Horn Replicas""},{""trait_type"":""Eyes"",""value"":""Hollowed""},{""trait_type"":""Rank"",""value"":""460""},{""trait_type"":""Cloths"",""value"":""Captains Costume""}]"
149,6297006,0x67511dfa3954a6355c1e5b384c067f24ca0ade99e79830827d0d997e07c31b61,"[{""trait_type"":""Background"",""value"":""Even dorker Dorkness""},{""trait_type"":""Type"",""value"":""Zombie""},{""trait_type"":""Head"",""value"":""Dark Angel Wings""},{""trait_type"":""Mouth"",""value"":""Bubblegum""},{""trait_type"":""Eyes"",""value"":""Terrfiying Scamlord Martha Focker Mask""},{""trait_type"":""Rank"",""value"":""102""},{""trait_type"":""Ghostly Apparitions"",""value"":""Floorbagorb""},{""trait_type"":""Cloths"",""value"":""Dark Knight Costume""}]"
148,6297005,0x1e7ad69759fe642aecd0278f0b68cdaacc64e171d2617a9800a5aca2caf06266,"[{""trait_type"":""Background"",""value"":""Even dorker Dorkness""},{""trait_type"":""Type"",""value"":""Black and White Zombie""},{""trait_type"":""Head"",""value"":""Evil Wizard Hat""},{""trait_type"":""Mouth"",""value"":""Candy Crusher 500 Kids Edition""},{""trait_type"":""Eyes"",""value"":""Revealed Skull""},{""trait_type"":""Rank"",""value"":""287""},{""trait_type"":""Cloths"",""value"":""Captains Costume""}]"
147,6297004,0x4f8ce5c27bfc7c92c51234012ab909d773336f118b02dd4d72214ab67913a67f,"[{""trait_type"":""Background"",""value"":""Dios de los Muertos""},{""trait_type"":""Type"",""value"":""Gellar Spawn""},{""trait_type"":""Eyes"",""value"":""Hollowed""},{""trait_type"":""Rank"",""value"":""258""},{""trait_type"":""Relics"",""value"":""Corrupted FUD Crystal""}]"
146,6297003,0xd4b0bb972116d8abcc97ec6f023fb816c8d523069e7286927afa452aab636e85,"[{""trait_type"":""Background"",""value"":""Even dorker Dorkness""},{""trait_type"":""Type"",""value"":""Pumpkin Suit""},{""trait_type"":""Mouth"",""value"":""Jack-o-Lantern""},{""trait_type"":""Eyes"",""value"":""Inner Vision""},{""trait_type"":""Rank"",""value"":""397""},{""trait_type"":""Ghostly Apparitions"",""value"":""Floorbagorb""}]"
145,6297468,0x11641cf788422293a494e3a09893065217093eba277be39f57f05e5c5f8c97fa,"[{""trait_type"":""Background"",""value"":""Full Moon over Block City""},{""trait_type"":""Type"",""value"":""Omega Block Zealots""},{""trait_type"":""Head"",""value"":""Purr People Mouse Radar""},{""trait_type"":""Mouth"",""value"":""Bloody Purr People Snout""},{""trait_type"":""Eyes"",""value"":""Purr People Eyes""},{""trait_type"":""Rank"",""value"":""2""},{""trait_type"":""Ghostly Apparitions"",""value"":""Floorbagorb""}]"
144,6297467,0xb0d14f677a849aaa8bb42d887626823e6eacb6e64556230c8b1c4df9b2d1b18b,"[{""trait_type"":""Background"",""value"":""Crimson King""},{""trait_type"":""Type"",""value"":""Bone People""},{""trait_type"":""Rank"",""value"":""613""},{""trait_type"":""Ghostly Apparitions"",""value"":""Sigil of the Rug Lord""},{""trait_type"":""Full Face"",""value"":""Pirates of the Drain Plains Costume""}]"
143,6297483,0xe7002a7292bfb4b922024a459da557773a3b17b280c238df3dc09708d6042e69,"[{""trait_type"":""Background"",""value"":""Full Moon over Block City""},{""trait_type"":""Type"",""value"":""Purple People""},{""trait_type"":""Mouth"",""value"":""Ackchyually Gothy""},{""trait_type"":""Eyes"",""value"":""Hollowed""},{""trait_type"":""Rank"",""value"":""479""},{""trait_type"":""Ghostly Apparitions"",""value"":""Sigil of the Rug Lord""},{""trait_type"":""Cloths"",""value"":""Freddy Sweater""}]"
142,6297465,0x99c85807eff663e3acbf0587c16cf3fb043e5eb84442ea9dca83f416f4edb8da,"[{""trait_type"":""Background"",""value"":""Pumpin Pumpkin""},{""trait_type"":""Type"",""value"":""Bone People""},{""trait_type"":""Mouth"",""value"":""Pumpkin Shield""},{""trait_type"":""Eyes"",""value"":""Insufferable Eye Extension""},{""trait_type"":""Rank"",""value"":""418""}]"
141,6297482,0x8e3dd15398376351fbcaa6a00abc73f1f641cffcff5049aec0ecef75ef13c165,"[{""trait_type"":""Background"",""value"":""Full Moon over Block City""},{""trait_type"":""Type"",""value"":""Black and White Zombie""},{""trait_type"":""Mouth"",""value"":""Throat of Darkness""},{""trait_type"":""Eyes"",""value"":""Strange Mouth Positioning""},{""trait_type"":""Rank"",""value"":""405""},{""trait_type"":""Ghostly Apparitions"",""value"":""Skull""},{""trait_type"":""Cloths"",""value"":""Freddy Sweater""}]"
140,6297463,0xedac9fb3f48481550efe6cf2ef5db96c78186e4912c9f1f5bd6ba6881c0a842e,"[{""trait_type"":""Background"",""value"":""Pumpin Pumpkin""},{""trait_type"":""Type"",""value"":""Human Melanin Level 30""},{""trait_type"":""Head"",""value"":""Wallet Drainer""},{""trait_type"":""Mouth"",""value"":""ULULULULULUL""},{""trait_type"":""Eyes"",""value"":""Shiny Official Rug Lord Fan Club Glasses""},{""trait_type"":""Rank"",""value"":""76""}]"
139,6297462,0xe3b6d7169908b736f411d1f9459d3bd1842d8496c007b66c847df4737853f33e,"[{""trait_type"":""Background"",""value"":""Even dorker Dorkness""},{""trait_type"":""Type"",""value"":""Gellar Spawn""},{""trait_type"":""Eyes"",""value"":""Super cheap Ghost Mask""},{""trait_type"":""Rank"",""value"":""606""},{""trait_type"":""Ghostly Apparitions"",""value"":""Sigil of the Rug Lord""}]"
138,6297461,0x006c70acb9d010ae89b481bd29145a07a5213bafbe89212280687d4028547172,"[{""trait_type"":""Background"",""value"":""Even dorker Dorkness""},{""trait_type"":""Type"",""value"":""Zombie""},{""trait_type"":""Eyes"",""value"":""Open Minded""},{""trait_type"":""Rank"",""value"":""627""},{""trait_type"":""Ghostly Apparitions"",""value"":""Floorbagorb""}]"
137,6297481,0x065295edb3f4dfb1c3c5a33cf35521ea685f3cc8eaf11686168c02186bebd0eb,"[{""trait_type"":""Background"",""value"":""Full Moon over Block City""},{""trait_type"":""Type"",""value"":""Bone People""},{""trait_type"":""Mouth"",""value"":""Horny""},{""trait_type"":""Eyes"",""value"":""Zombie eyes""},{""trait_type"":""Rank"",""value"":""459""},{""trait_type"":""Ghostly Apparitions"",""value"":""Evil Smile""}]"
136,6297480,0x7248135ffb6a440948d517f54b9e99aad606d3790420ed6f37a162d69e4bf61f,"[{""trait_type"":""Background"",""value"":""Vile Bile""},{""trait_type"":""Type"",""value"":""Zombie""},{""trait_type"":""Mouth"",""value"":""Traditional Kaiju-Cow Hunter Camouflage""},{""trait_type"":""Eyes"",""value"":""Revealed Skull""},{""trait_type"":""Rank"",""value"":""440""},{""trait_type"":""Cloths"",""value"":""Freddy Sweater""}]"
135,6297459,0xc5f41082bd0a7559f6a2604b5011f200b025310f0bfe01f23973f049552c511d,"[{""trait_type"":""Background"",""value"":""Dios de los Muertos""},{""trait_type"":""Type"",""value"":""Smashed Pumpkin""},{""trait_type"":""Mouth"",""value"":""Proud af""},{""trait_type"":""Rank"",""value"":""230""},{""trait_type"":""Cloths"",""value"":""McD Uniform""}]"
134,6297392,0x0a286010f3305e0b536224cd9bebfa52bc9e59b617b3451abc26a042242e03fc,"[{""trait_type"":""Background"",""value"":""Even dorker Dorkness""},{""trait_type"":""Type"",""value"":""Zombie""},{""trait_type"":""Eyes"",""value"":""Death Cross Mask Mark II""},{""trait_type"":""Rank"",""value"":""577""},{""trait_type"":""Cloths"",""value"":""Fashion Hoodie""}]"
133,6297550,0x6e4b381125bc5bfddc559cd1af399725efbcef4cdf572b08e9339ebcdd741be7,"[{""trait_type"":""Background"",""value"":""Even dorker Dorkness""},{""trait_type"":""Type"",""value"":""Bone People""},{""trait_type"":""Mouth"",""value"":""Candy Crusher 500 Kids Edition""},{""trait_type"":""Eyes"",""value"":""Mask of the Dreadful Black Death""},{""trait_type"":""Rank"",""value"":""601""}]"
132,6297325,0xd11fba2ffd20356716953be9c46bd287e0c3483efa3b35a0c1d562bafc6f6115,"[{""trait_type"":""Background"",""value"":""Full Moon over Block City""},{""trait_type"":""Type"",""value"":""Pumpkin Suit""},{""trait_type"":""Rank"",""value"":""638""},{""trait_type"":""Full Face"",""value"":""Pirates of the Drain Plains Costume""}]"
131,6297324,0x3b3071608c52feb6c3deb76ab0f52cbd1d58ccbd2983369770d0bf89ec0dbe22,"[{""trait_type"":""Background"",""value"":""Even dorker Dorkness""},{""trait_type"":""Type"",""value"":""Bone People""},{""trait_type"":""Rank"",""value"":""631""},{""trait_type"":""Ghostly Apparitions"",""value"":""Sigil of the Rug Lord""},{""trait_type"":""Full Face"",""value"":""Pirates of the Drain Plains Costume""}]"
130,6297323,0x0949fa5f609c29906a24226c17f504f354649f3fd1b0acdd144ca258b052e0df,"[{""trait_type"":""Background"",""value"":""Even dorker Dorkness""},{""trait_type"":""Type"",""value"":""Zombie""},{""trait_type"":""Head"",""value"":""Stylish Death Knight Horn Replicas""},{""trait_type"":""Eyes"",""value"":""Purple Paranoia""},{""trait_type"":""Rank"",""value"":""220""},{""trait_type"":""Cloths"",""value"":""Fashion Hoodie""}]"
129,6297322,0xed875416b04522363e63fa828b2df092ece4aefab58d374d4c188659bececa4d,"[{""trait_type"":""Background"",""value"":""Even dorker Dorkness""},{""trait_type"":""Type"",""value"":""Human Melanin Level 30""},{""trait_type"":""Head"",""value"":""Wallet Drainer""},{""trait_type"":""Mouth"",""value"":""420 again""},{""trait_type"":""Eyes"",""value"":""Cyclops with Hepatitis""},{""trait_type"":""Rank"",""value"":""145""}]"
128,6297321,0x6a1de084d932643635f2104cfd2af2f41e87ed6e2f4728e6b500be1d1f2bbea6,"[{""trait_type"":""Background"",""value"":""Full Moon over Block City""},{""trait_type"":""Type"",""value"":""Black and White Zombie""},{""trait_type"":""Mouth"",""value"":""Irresistible Bad Teeth""},{""trait_type"":""Eyes"",""value"":""SKULLS FOR THE SKULL GOD v2""},{""trait_type"":""Rank"",""value"":""333""},{""trait_type"":""Ghostly Apparitions"",""value"":""Skull""},{""trait_type"":""Cloths"",""value"":""Classic Black Suit""}]"
127,6297320,0xa24d51ce055665508c81c867c4bcea8fefcde9f30972ee9953c00428fa3beae7,"[{""trait_type"":""Background"",""value"":""Plums of Despair""},{""trait_type"":""Type"",""value"":""Omega Block Zealots""},{""trait_type"":""Head"",""value"":""Mohawk of Blood""},{""trait_type"":""Rank"",""value"":""366""},{""trait_type"":""Cloths"",""value"":""Fashion Hoodie""},{""trait_type"":""Full Face"",""value"":""Mask of the Dreadful Black Death""}]"
126,6297319,0xfe7c46e85c1846d131e198a49b50f2982da7baf89e6f1338368d999753589ad5,"[{""trait_type"":""Background"",""value"":""Vile Bile""},{""trait_type"":""Type"",""value"":""Pumpkin Suit""},{""trait_type"":""Mouth"",""value"":""Evil Robot Voice Modulator""},{""trait_type"":""Eyes"",""value"":""Sunken Eye""},{""trait_type"":""Rank"",""value"":""171""},{""trait_type"":""Ghostly Apparitions"",""value"":""Sigil of the Rug Lord""}]"
125,6297318,0xfaddd8901f97c3da103f6013c6739be83cf59e49a0778b753de24b1b6e4f8d0f,"[{""trait_type"":""Background"",""value"":""Full Moon over Block City""},{""trait_type"":""Type"",""value"":""Ghost Chain People""},{""trait_type"":""Head"",""value"":""Evil Wizard Hat""},{""trait_type"":""Mouth"",""value"":""Genuine Jaw""},{""trait_type"":""Eyes"",""value"":""Super cheap Ghost Mask""},{""trait_type"":""Rank"",""value"":""167""},{""trait_type"":""Ghostly Apparitions"",""value"":""Skull""}]"
124,6297317,0x7ca5879afc9307cfe1789a9f10c4e1e8f5bc6995f237ba2438914819042209f5,"[{""trait_type"":""Background"",""value"":""Full Moon over Block City""},{""trait_type"":""Type"",""value"":""Purple People""},{""trait_type"":""Mouth"",""value"":""But but but but""},{""trait_type"":""Eyes"",""value"":""Zombie eyes""},{""trait_type"":""Rank"",""value"":""314""}]"
123,6297316,0xbe4deed158af2cc6533ee7ab6a19d4c62d628befbe6022d296293c9669627cc7,"[{""trait_type"":""Background"",""value"":""Full Moon over Block City""},{""trait_type"":""Type"",""value"":""Black and White Zombie""},{""trait_type"":""Eyes"",""value"":""Revealed Skull""},{""trait_type"":""Rank"",""value"":""645""}]"
122,6297315,0x2465bb46d846e8bbc55dc258557f2be09a1f8ce1d95db9f9eba73da389540694,"[{""trait_type"":""Background"",""value"":""Full Moon over Block City""},{""trait_type"":""Type"",""value"":""Bone People""},{""trait_type"":""Head"",""value"":""Spooky Void Bat Hat""},{""trait_type"":""Eyes"",""value"":""Gooey Scriboor Visoor""},{""trait_type"":""Rank"",""value"":""239""},{""trait_type"":""Ghostly Apparitions"",""value"":""Skull""},{""trait_type"":""Cloths"",""value"":""BCPD Police Costume""}]"
121,6297314,0x90966f818147c6a67d63fe2d0e76685757e9605a55d12acfb8521418fc781e45,"[{""trait_type"":""Background"",""value"":""Dios de los Muertos""},{""trait_type"":""Type"",""value"":""Bone People""},{""trait_type"":""Head"",""value"":""Pumpkin Helmet""},{""trait_type"":""Mouth"",""value"":""420 again""},{""trait_type"":""Eyes"",""value"":""Zombie Eye Patch""},{""trait_type"":""Rank"",""value"":""50""}]"
120,6297313,0x83b0400c31be96581c0646d202f5f95e70815733157afdb590ffed110c0dfeb2,"[{""trait_type"":""Background"",""value"":""Even dorker Dorkness""},{""trait_type"":""Type"",""value"":""Bone People""},{""trait_type"":""Head"",""value"":""Straight af""},{""trait_type"":""Mouth"",""value"":""Traditional Kaiju-Cow Hunter Camouflage""},{""trait_type"":""Eyes"",""value"":""Mask of the Dreadful Black Death""},{""trait_type"":""Rank"",""value"":""161""},{""trait_type"":""Cloths"",""value"":""Dark Knight Costume""}]"
119,6297312,0x9496bfb90d0bd80ee15a3bbd96100748951849d2a5cdecc83ce0d9ab8d4cc383,"[{""trait_type"":""Background"",""value"":""Full Moon over Block City""},{""trait_type"":""Type"",""value"":""Purple People""},{""trait_type"":""Head"",""value"":""Spooky Headwind""},{""trait_type"":""Mouth"",""value"":""Throat of Darkness""},{""trait_type"":""Eyes"",""value"":""Gooey Scriboor Visoor""},{""trait_type"":""Rank"",""value"":""243""},{""trait_type"":""Cloths"",""value"":""Pumped Pumpkin Warrior""}]"
118,6297311,0x2564cbc8271d12aa36c6d097111e52119e6b694fca118775ec6f98edf8ce8f6f,"[{""trait_type"":""Background"",""value"":""Blood Moon over Block City""},{""trait_type"":""Type"",""value"":""Zombie""},{""trait_type"":""Rank"",""value"":""596""},{""trait_type"":""Full Face"",""value"":""Mask of the Dreadful Black Death""}]"
117,6297310,0xc1cbbb94ae71816f599772d56b3ba45c0f1b374d5a523685de926f3d2f96f061,"[{""trait_type"":""Background"",""value"":""Dios de los Muertos""},{""trait_type"":""Type"",""value"":""Black and White Zombie""},{""trait_type"":""Head"",""value"":""Wild Purple Hair""},{""trait_type"":""Mouth"",""value"":""Bone People Mouth""},{""trait_type"":""Eyes"",""value"":""Revealed Skull""},{""trait_type"":""Rank"",""value"":""204""}]"
116,6297309,0x16c4d3cbb1d1a7e0cc2a3364b14e73a3ce4e663b5ca467feb7167e570ff06221,"[{""trait_type"":""Background"",""value"":""Full Moon over Block City""},{""trait_type"":""Type"",""value"":""Candy Bar Costume""},{""trait_type"":""Eyes"",""value"":""Inner Vision""},{""trait_type"":""Rank"",""value"":""475""},{""trait_type"":""Cloths"",""value"":""Dark Knight Costume""}]"
115,6297308,0x819fa82fd6a0f7b858c053399d07633b21627e4e944e02955ea6c24a26afd5eb,"[{""trait_type"":""Background"",""value"":""Crimson King""},{""trait_type"":""Type"",""value"":""Black and White Zombie""},{""trait_type"":""Mouth"",""value"":""Candy Crusher 500 Kids Edition""},{""trait_type"":""Eyes"",""value"":""Insufferable Eye Extension""},{""trait_type"":""Rank"",""value"":""486""},{""trait_type"":""Cloths"",""value"":""Fashion Hoodie""}]"
114,6297357,0x4fcd82df486916e13ae176dff47b92b64338dc77ff7b75a49138e25868f1bff1,"[{""trait_type"":""Background"",""value"":""Even dorker Dorkness""},{""trait_type"":""Type"",""value"":""Smashed Pumpkin""},{""trait_type"":""Head"",""value"":""Dark Angel Wings""},{""trait_type"":""Mouth"",""value"":""Evil Robot Voice Modulator""},{""trait_type"":""Eyes"",""value"":""BRAAINSSS""},{""trait_type"":""Rank"",""value"":""99""},{""trait_type"":""Ghostly Apparitions"",""value"":""Floorbagorb""},{""trait_type"":""Cloths"",""value"":""Freddy Sweater""}]"
113,6297391,0xe86e15019cf1c9f9e7926df909dcb8a3b53fe6e6ef796c2299b5873a65faaeb0,"[{""trait_type"":""Background"",""value"":""Even dorker Dorkness""},{""trait_type"":""Type"",""value"":""Gellar Spawn""},{""trait_type"":""Eyes"",""value"":""Hollowed""},{""trait_type"":""Rank"",""value"":""578""},{""trait_type"":""Ghostly Apparitions"",""value"":""Sigil of the Rug Lord""},{""trait_type"":""Cloths"",""value"":""Vampire Attack Attire""}]"
112,6297390,0xb8fc05d499c9df3c3b49379dbc819547bf52bfaf78c282477cdfb2a4c106c47f,"[{""trait_type"":""Background"",""value"":""Plums of Despair""},{""trait_type"":""Type"",""value"":""Zombie""},{""trait_type"":""Head"",""value"":""Spooky Void Bat Hat""},{""trait_type"":""Mouth"",""value"":""Ackchyually Gothy""},{""trait_type"":""Eyes"",""value"":""Zombie Eye Patch""},{""trait_type"":""Rank"",""value"":""111""}]"
111,6297305,0x609af73836d1c718e4f3e5ef1472884bddecd5de31db4ef3e8e22fbd12c2e580,"[{""trait_type"":""Background"",""value"":""Full Moon over Block City""},{""trait_type"":""Type"",""value"":""Purple People""},{""trait_type"":""Head"",""value"":""Crown of Sorrows""},{""trait_type"":""Eyes"",""value"":""Zombie eyes""},{""trait_type"":""Rank"",""value"":""374""},{""trait_type"":""Cloths"",""value"":""Fashion Hoodie""}]"
110,6297389,0xaa343455344607bee7f780acc0aa94670ca6a67a7f28aaba8568b89aac71b0c2,"[{""trait_type"":""Background"",""value"":""Plums of Despair""},{""trait_type"":""Type"",""value"":""Ghost Chain People""},{""trait_type"":""Rank"",""value"":""344""},{""trait_type"":""Cloths"",""value"":""McD Uniform""},{""trait_type"":""Full Face"",""value"":""Pirates of the Drain Plains Costume""}]"
109,6297388,0x95448b26510687cabfbdfc00c384193b4475085845e39c697379af2c7dc0825d,"[{""trait_type"":""Background"",""value"":""Even dorker Dorkness""},{""trait_type"":""Type"",""value"":""Pumpkin Suit""},{""trait_type"":""Eyes"",""value"":""Death Cross Mask Mark II""},{""trait_type"":""Rank"",""value"":""652""}]"
108,6297606,0x4f180e7450e1a0ff2a712a83ba5dc468f2bd1f069888a74fd6aa5b3c00b425c3,"[{""trait_type"":""Background"",""value"":""Vile Bile""},{""trait_type"":""Type"",""value"":""Black and White Zombie""},{""trait_type"":""Mouth"",""value"":""Pumpkin Shield""},{""trait_type"":""Eyes"",""value"":""Open Minded""},{""trait_type"":""Rank"",""value"":""60""},{""trait_type"":""Ghostly Apparitions"",""value"":""Skull""},{""trait_type"":""Relics"",""value"":""Blessed Pile of Candy""},{""trait_type"":""Cloths"",""value"":""Hard Base Uniform""}]"
107,6297387,0xf1afc8ff39f9095d8538c1bd1d49372eb2f878fbcdb4f55bcccb6264d62ca110,"[{""trait_type"":""Background"",""value"":""Vile Bile""},{""trait_type"":""Type"",""value"":""Bone People""},{""trait_type"":""Head"",""value"":""Dark Angel Wings""},{""trait_type"":""Eyes"",""value"":""AutoSpooker Slim Edition""},{""trait_type"":""Rank"",""value"":""400""},{""trait_type"":""Cloths"",""value"":""Captains Costume""}]"
106,6297386,0x36867f9100faa2b7745b52a93a3853924846bc39222b994692c2619b7b3cf2f4,"[{""trait_type"":""Background"",""value"":""Even dorker Dorkness""},{""trait_type"":""Type"",""value"":""Bone People""},{""trait_type"":""Head"",""value"":""BCPD Police Cap""},{""trait_type"":""Eyes"",""value"":""Hollowed""},{""trait_type"":""Rank"",""value"":""330""},{""trait_type"":""Cloths"",""value"":""Black Hoodie""}]"
105,6297385,0xfc008fdd5fcffef19ddb23ebcee9581501d524196f02521ffaa9867c041f0f2b,"[{""trait_type"":""Background"",""value"":""Crimson King""},{""trait_type"":""Type"",""value"":""Black and White Zombie""},{""trait_type"":""Head"",""value"":""BCPD Police Cap""},{""trait_type"":""Mouth"",""value"":""White Pussy Magnet""},{""trait_type"":""Eyes"",""value"":""Empty Stare""},{""trait_type"":""Rank"",""value"":""75""},{""trait_type"":""Ghostly Apparitions"",""value"":""Ghost""},{""trait_type"":""Cloths"",""value"":""BCPD Police Costume""}]"
104,6298003,0x6efc6be0aed79f042d55c5600ff4936ee134e4ec6de0eafd7c9bcca1cb84c6de,"[{""trait_type"":""Background"",""value"":""Full Moon over Block City""},{""trait_type"":""Type"",""value"":""Zombie""},{""trait_type"":""Rank"",""value"":""639""},{""trait_type"":""Full Face"",""value"":""Mask of the Dreadful Black Death""},{""trait_type"":""Cloths"",""value"":""Dark Knight Costume""}]"
103,6297384,0x243a9767a6be08d3ec575df9bb4feb9af206a3cc46d5cedc68000a7519091033,"[{""trait_type"":""Background"",""value"":""Full Moon over Block City""},{""trait_type"":""Type"",""value"":""Black and White Zombie""},{""trait_type"":""Head"",""value"":""Skull Bandana""},{""trait_type"":""Mouth"",""value"":""Throat of Darkness""},{""trait_type"":""Eyes"",""value"":""Zombie eyes""},{""trait_type"":""Rank"",""value"":""262""},{""trait_type"":""Ghostly Apparitions"",""value"":""Skull""},{""trait_type"":""Full Face"",""value"":""Fsvgvasdv""}]"
102,6297383,0xcf9a40daaaf6c336c82dbef2b0503e14e2b4e7ad99e2f195f6873828c1ef483d,"[{""trait_type"":""Background"",""value"":""Crimson King""},{""trait_type"":""Type"",""value"":""Zombie""},{""trait_type"":""Head"",""value"":""Crown of Sorrows""},{""trait_type"":""Mouth"",""value"":""Pumpkin Shield""},{""trait_type"":""Eyes"",""value"":""Shiny Official Rug Lord Fan Club Glasses""},{""trait_type"":""Rank"",""value"":""130""},{""trait_type"":""Ghostly Apparitions"",""value"":""Ghost""},{""trait_type"":""Cloths"",""value"":""Freddy Sweater""}]"
101,6297382,0xe92665adbdd67ba7f1dc52b01651c6f97ec33334e6facf0193b3a36fa7d915a6,"[{""trait_type"":""Background"",""value"":""Full Moon over Block City""},{""trait_type"":""Type"",""value"":""Human Melanin Level 30""},{""trait_type"":""Head"",""value"":""Spooky Void Bat Hat""},{""trait_type"":""Eyes"",""value"":""Terrfiying Scamlord Martha Focker Mask""},{""trait_type"":""Rank"",""value"":""301""},{""trait_type"":""Ghostly Apparitions"",""value"":""Skull""}]"
100,6297381,0x5df28535ee92edf2620bfe188b1034ce02affb86a24d55dc9a3a5fbfeb440829,"[{""trait_type"":""Background"",""value"":""Even dorker Dorkness""},{""trait_type"":""Type"",""value"":""Zombie""},{""trait_type"":""Head"",""value"":""Spooky Headwind""},{""trait_type"":""Mouth"",""value"":""Beard of the Dead""},{""trait_type"":""Eyes"",""value"":""Spooky MEV Bot Protector Blue""},{""trait_type"":""Rank"",""value"":""354""},{""trait_type"":""Cloths"",""value"":""Freddy Sweater""}]"
99,6297380,0xb4bcdc71e3d36b3d3fed80c67a3a355c57825bd4a7fcaf59d77f9ff4d037958e,"[{""trait_type"":""Background"",""value"":""Crimson King""},{""trait_type"":""Type"",""value"":""Sugar Skullz""},{""trait_type"":""Rank"",""value"":""587""},{""trait_type"":""Full Face"",""value"":""Never Go Full Pumpkin""}]"
98,6297379,0xcb9918d74dff2cf9f963df8254c7bd11127f6603a37f1cb86c5f51d18491c562,"[{""trait_type"":""Background"",""value"":""Dios de los Muertos""},{""trait_type"":""Type"",""value"":""Bone People""},{""trait_type"":""Head"",""value"":""Bubble Tea Hair""},{""trait_type"":""Mouth"",""value"":""CAAANDYYY!""},{""trait_type"":""Eyes"",""value"":""Empty Stare""},{""trait_type"":""Rank"",""value"":""118""}]"
97,6297378,0x2ce36b1898ecd32648f6be440eed026c89fad4952502e8ef79c37f551ebe1ef9,"[{""trait_type"":""Background"",""value"":""Full Moon over Block City""},{""trait_type"":""Type"",""value"":""Black and White Zombie""},{""trait_type"":""Head"",""value"":""Death Cap Shower Cap""},{""trait_type"":""Eyes"",""value"":""Insufferable Eye Extension""},{""trait_type"":""Rank"",""value"":""247""},{""trait_type"":""Cloths"",""value"":""McD Uniform""}]"
96,6297377,0xadcbda2a277d01434e887f14c762ee7e8f242ec10af69e29372c27988dea1037,"[{""trait_type"":""Background"",""value"":""Crimson King""},{""trait_type"":""Type"",""value"":""Black and White Zombie""},{""trait_type"":""Eyes"",""value"":""Watching Interview with the Vampire""},{""trait_type"":""Rank"",""value"":""183""},{""trait_type"":""Cloths"",""value"":""Dark Knight Costume""}]"
95,6297376,0x0f71a05000bdd2ed7b3bb7189a5a9d3ee15dfa5da67ab4054ca4f0097dd6720c,"[{""trait_type"":""Background"",""value"":""Even dorker Dorkness""},{""trait_type"":""Type"",""value"":""Bone People""},{""trait_type"":""Head"",""value"":""Skull Bandana""},{""trait_type"":""Mouth"",""value"":""CAAANDYYY!""},{""trait_type"":""Eyes"",""value"":""Gooey Scriboor Visoor""},{""trait_type"":""Rank"",""value"":""291""}]"
94,6297375,0xcbde6d96e71c8d1ff864d7b02aaca5f46b0e8ac135d19af65234c85a53aef49e,"[{""trait_type"":""Background"",""value"":""Dios de los Muertos""},{""trait_type"":""Type"",""value"":""Omega Block Zealots""},{""trait_type"":""Mouth"",""value"":""Candy Crusher 500 Kids Edition""},{""trait_type"":""Eyes"",""value"":""AutoSpooker Slim Edition""},{""trait_type"":""Rank"",""value"":""458""},{""trait_type"":""Cloths"",""value"":""Captains Costume""}]"
93,6297374,0x69d27c5481f0397c476411bba0ce366116ecd472ab8bd5176120d62bd00b33fd,"[{""trait_type"":""Background"",""value"":""Crimson King""},{""trait_type"":""Type"",""value"":""Black and White Zombie""},{""trait_type"":""Mouth"",""value"":""Candy Crusher 500 Kids Edition""},{""trait_type"":""Eyes"",""value"":""Skull Plate""},{""trait_type"":""Rank"",""value"":""444""},{""trait_type"":""Ghostly Apparitions"",""value"":""Sigil of the Rug Lord""}]"
92,6297373,0xf2a499cbb3d987375b337711a4f536b917a5b715cecd2f88b2bc4bbd14224f56,"[{""trait_type"":""Background"",""value"":""Full Moon over Block City""},{""trait_type"":""Type"",""value"":""Zombie""},{""trait_type"":""Head"",""value"":""Swimming Cap""},{""trait_type"":""Mouth"",""value"":""Candy Crusher 500 Kids Edition""},{""trait_type"":""Eyes"",""value"":""Zombie eyes""},{""trait_type"":""Rank"",""value"":""67""}]"
91,6297549,0x148d85d58d102e4d98176ae35731d7c062d3fa4325a707e6b7ae4904ae5480c2,"[{""trait_type"":""Background"",""value"":""Vile Bile""},{""trait_type"":""Type"",""value"":""Pumpkin Suit""},{""trait_type"":""Head"",""value"":""Spooky Void Bat Hat""},{""trait_type"":""Mouth"",""value"":""But but but but""},{""trait_type"":""Eyes"",""value"":""Shiny Official Rug Lord Fan Club Glasses""},{""trait_type"":""Rank"",""value"":""48""},{""trait_type"":""Ghostly Apparitions"",""value"":""Sigil of the Rug Lord""},{""trait_type"":""Cloths"",""value"":""Shady Lawyer Suite""}]"
90,6297293,0xf3691d3b048bded46ed7c81a68301736935af8163f7402e679f5029be72cc22e,"[{""trait_type"":""Background"",""value"":""Plums of Despair""},{""trait_type"":""Type"",""value"":""Black and White Zombie""},{""trait_type"":""Mouth"",""value"":""Beard of the Dead""},{""trait_type"":""Eyes"",""value"":""Insufferable Eye Extension""},{""trait_type"":""Rank"",""value"":""541""},{""trait_type"":""Cloths"",""value"":""Black Hoodie""}]"
89,6297292,0x7037171a7cc843af2c24c7c1e10b5aebc4084600ebccf7f0a45aa23a609ded1d,"[{""trait_type"":""Background"",""value"":""Vile Bile""},{""trait_type"":""Type"",""value"":""Bone People""},{""trait_type"":""Head"",""value"":""Mohawk of Blood""},{""trait_type"":""Eyes"",""value"":""AutoSpooker Slim Edition""},{""trait_type"":""Rank"",""value"":""191""},{""trait_type"":""Cloths"",""value"":""Flannel""}]"
88,6296977,0x5780a5cb094e37c0227e7e23429ed4b4169f991e8d1a070d6b468ca8de30eb1e,"[{""trait_type"":""Background"",""value"":""Crimson King""},{""trait_type"":""Type"",""value"":""Omega Block Zealots""},{""trait_type"":""Eyes"",""value"":""Open Minded""},{""trait_type"":""Rank"",""value"":""407""},{""trait_type"":""Ghostly Apparitions"",""value"":""Sigil of the Rug Lord""},{""trait_type"":""Cloths"",""value"":""Black Hoodie""},{""trait_type"":""Full Face"",""value"":""Fsvgvasdv""}]"
87,6297291,0xa914077f3d4e69ef2f6d0a7f2aba35065e55b2b3bd00876ee61ee492649131cb,"[{""trait_type"":""Background"",""value"":""Plums of Despair""},{""trait_type"":""Type"",""value"":""Smashed Pumpkin""},{""trait_type"":""Mouth"",""value"":""Bonus Eye""},{""trait_type"":""Rank"",""value"":""257""},{""trait_type"":""Cloths"",""value"":""Dark Knight Costume""}]"
86,6297290,0x7306b2bec6bdf54a16ae89564e062bf9e44992fb2f5e3f33073dc97300f38b88,"[{""trait_type"":""Background"",""value"":""Crimson King""},{""trait_type"":""Type"",""value"":""Purple People""},{""trait_type"":""Mouth"",""value"":""Bad Mood""},{""trait_type"":""Eyes"",""value"":""Evil Bot Visual Sensors""},{""trait_type"":""Rank"",""value"":""133""},{""trait_type"":""Ghostly Apparitions"",""value"":""Evil Smile""},{""trait_type"":""Cloths"",""value"":""Pumped Pumpkin Warrior""}]"
85,6297372,0x1ee86fe1739e98efda0bfb19863c198df5ad85a11e02c0d6926e57118f2ded57,"[{""trait_type"":""Background"",""value"":""Vile Bile""},{""trait_type"":""Type"",""value"":""Sugar Skullz""},{""trait_type"":""Head"",""value"":""Fake Devil Horns""},{""trait_type"":""Mouth"",""value"":""Stunned""},{""trait_type"":""Eyes"",""value"":""Spooky MEV Bot Protector Orange""},{""trait_type"":""Rank"",""value"":""107""},{""trait_type"":""Ghostly Apparitions"",""value"":""Ghost""},{""trait_type"":""Cloths"",""value"":""Captains Costume""}]"
84,6297363,0x11ab35a6f60740d8dc0e34b152ece2895fa98016c0af7409533bdfca9babfad0,"[{""trait_type"":""Background"",""value"":""Pumpin Pumpkin""},{""trait_type"":""Type"",""value"":""Omega Block Zealots""},{""trait_type"":""Eyes"",""value"":""Insufferable Eye Extension""},{""trait_type"":""Rank"",""value"":""554""},{""trait_type"":""Ghostly Apparitions"",""value"":""Floorbagorb""},{""trait_type"":""Cloths"",""value"":""Classic Black Suit""}]"
83,6297362,0x6a3abba493c423eb17857d086335c8ec7bcc92e953def418997370965609b887,"[{""trait_type"":""Background"",""value"":""Full Moon over Block City""},{""trait_type"":""Type"",""value"":""Omega Block Zealots""},{""trait_type"":""Head"",""value"":""Stuntman Helmet (PUNKAYC)""},{""trait_type"":""Mouth"",""value"":""Pumpkin Shield""},{""trait_type"":""Eyes"",""value"":""Cyclops with Hepatitis""},{""trait_type"":""Rank"",""value"":""14""},{""trait_type"":""Ghostly Apparitions"",""value"":""Skull""},{""trait_type"":""Cloths"",""value"":""Hard Base Uniform""}]"
82,6297361,0xf9e56dd12f1a29b6be5bdb03c1a5f4b47455d7cb595088692c608da3452390a8,"[{""trait_type"":""Background"",""value"":""Full Moon over Block City""},{""trait_type"":""Type"",""value"":""Pumpkin Suit""},{""trait_type"":""Eyes"",""value"":""Strange Mouth Positioning""},{""trait_type"":""Rank"",""value"":""500""},{""trait_type"":""Ghostly Apparitions"",""value"":""Skull""}]"
81,6297360,0x1a2d596d39708f495f964e79c62357ef186092f2e8db2e68a9fd12c59541a2ac,"[{""trait_type"":""Background"",""value"":""Dios de los Muertos""},{""trait_type"":""Type"",""value"":""Bone People""},{""trait_type"":""Eyes"",""value"":""AutoSpooker Slim Edition""},{""trait_type"":""Rank"",""value"":""503""},{""trait_type"":""Ghostly Apparitions"",""value"":""Skull""},{""trait_type"":""Cloths"",""value"":""Shady Lawyer Suite""}]"
80,6297605,0x9f8d254dff12bae802ea0fe1428974890f5a68a00ee873e7eea0c2f3d0527c48,"[{""trait_type"":""Background"",""value"":""Full Moon over Block City""},{""trait_type"":""Type"",""value"":""Black and White Zombie""},{""trait_type"":""Head"",""value"":""Hash Mesh""},{""trait_type"":""Mouth"",""value"":""Bloody Purr People Snout""},{""trait_type"":""Eyes"",""value"":""Purr People Eyes""},{""trait_type"":""Rank"",""value"":""7""}]"
79,6297359,0xae925ca02a4001e6e8935af5dc8642022b61ccf325711dacafc3c3ee9509b590,"[{""trait_type"":""Background"",""value"":""Dios de los Muertos""},{""trait_type"":""Type"",""value"":""Zombie""},{""trait_type"":""Head"",""value"":""Fancy Hair blonde""},{""trait_type"":""Mouth"",""value"":""Throat of Darkness""},{""trait_type"":""Eyes"",""value"":""AutoSpooker Slim Edition""},{""trait_type"":""Rank"",""value"":""122""},{""trait_type"":""Cloths"",""value"":""Red Hoodie""}]"
78,6297358,0x60421fcd01575e5cf0ed65b10aaba649c02f63d836f7c0e1b0d0de60dee52a50,"[{""trait_type"":""Background"",""value"":""Full Moon over Block City""},{""trait_type"":""Type"",""value"":""Human Melanin Level 30""},{""trait_type"":""Head"",""value"":""Spooky Void Bat Hat""},{""trait_type"":""Mouth"",""value"":""420 again""},{""trait_type"":""Eyes"",""value"":""Sugar Rush""},{""trait_type"":""Rank"",""value"":""149""}]"
77,6297326,0x482f9e8c42a7fce3712e120d06a1f2ac269df026e87d69d20c0814a1cae6421e,"[{""trait_type"":""Background"",""value"":""Vile Bile""},{""trait_type"":""Type"",""value"":""Omega Block Zealots""},{""trait_type"":""Head"",""value"":""Mohawk of Blood""},{""trait_type"":""Mouth"",""value"":""Beard of the Dead""},{""trait_type"":""Eyes"",""value"":""Revealed Skull""},{""trait_type"":""Rank"",""value"":""428""}]"
76,6297280,0x3f0206eeec3e4cb48195e5564c4d874e3e25991ba1fd6a6de7b0afc94d025ed4,"[{""trait_type"":""Background"",""value"":""Dios de los Muertos""},{""trait_type"":""Type"",""value"":""Black and White Zombie""},{""trait_type"":""Mouth"",""value"":""Candy Crusher 500 Kids Edition""},{""trait_type"":""Eyes"",""value"":""Super cheap Ghost Mask""},{""trait_type"":""Rank"",""value"":""542""},{""trait_type"":""Cloths"",""value"":""Freddy Sweater""}]"
75,6297279,0xf4ea3b6b32f47bd75d939be0055cc86ade758fa68489fa365daa6443a8b2578a,"[{""trait_type"":""Background"",""value"":""Vile Bile""},{""trait_type"":""Type"",""value"":""Bone People""},{""trait_type"":""Head"",""value"":""Spookytail Black""},{""trait_type"":""Rank"",""value"":""177""},{""trait_type"":""Ghostly Apparitions"",""value"":""Floorbagorb""},{""trait_type"":""Cloths"",""value"":""Fashion Hoodie""},{""trait_type"":""Full Face"",""value"":""Floored Ghost""}]"
74,6297604,0xf7a22b4a91ed2c2dd3a0780a225486a64ee8d0890edb7630a0527602ff115e7d,"[{""trait_type"":""Background"",""value"":""Even dorker Dorkness""},{""trait_type"":""Type"",""value"":""Sugar Skullz""},{""trait_type"":""Head"",""value"":""Block Construction Forman Helmet""},{""trait_type"":""Eyes"",""value"":""Retarded Blood Mugger""},{""trait_type"":""Rank"",""value"":""23""},{""trait_type"":""Ghostly Apparitions"",""value"":""Sigil of the Rug Lord""}]"
73,6296976,0xad85d48c6ca3ad7f9252b7846da56ca13f40d1570aa56c0024667d84ad28fdc0,"[{""trait_type"":""Background"",""value"":""Plums of Despair""},{""trait_type"":""Type"",""value"":""Black and White Zombie""},{""trait_type"":""Eyes"",""value"":""Pumpkin Vision""},{""trait_type"":""Rank"",""value"":""591""},{""trait_type"":""Ghostly Apparitions"",""value"":""Sigil of the Rug Lord""},{""trait_type"":""Cloths"",""value"":""Freddy Sweater""}]"
72,6296954,0x41b8df9dbe619df9f0148ed2c42744a4e8b5d02277e7835f40363df4cbd2cae3,"[{""trait_type"":""Background"",""value"":""Vile Bile""},{""trait_type"":""Type"",""value"":""Human Melanin Level 30""},{""trait_type"":""Head"",""value"":""Rad Day of the Dead hat for Dads""},{""trait_type"":""Eyes"",""value"":""Aviators""},{""trait_type"":""Rank"",""value"":""141""},{""trait_type"":""Cloths"",""value"":""BCPD Police Costume""}]"
71,6296953,0xde544dc83cb946a427236f018f6c3f4a404b14c98acfeb8f4126d79bf2738df3,"[{""trait_type"":""Background"",""value"":""Crimson King""},{""trait_type"":""Type"",""value"":""Omega Block Zealots""},{""trait_type"":""Mouth"",""value"":""Bone People Mouth""},{""trait_type"":""Eyes"",""value"":""Skull Plate""},{""trait_type"":""Rank"",""value"":""288""},{""trait_type"":""Ghostly Apparitions"",""value"":""Sigil of the Rug Lord""},{""trait_type"":""Cloths"",""value"":""Dark Knight Costume""}]"
70,6296962,0x9b0d586f556a75f216e63b266b7d9fc6b6e9aee8cc3a249264adc276f440ff23,"[{""trait_type"":""Background"",""value"":""Even dorker Dorkness""},{""trait_type"":""Type"",""value"":""Black and White Zombie""},{""trait_type"":""Mouth"",""value"":""Genuine Jaw""},{""trait_type"":""Eyes"",""value"":""Big Eyes""},{""trait_type"":""Rank"",""value"":""278""}]"
69,6296961,0x3384fa4a5056cbb390541ddb30ca4e210c55b9dc22526ed9a2d5d51e963ef1af,"[{""trait_type"":""Background"",""value"":""Vile Bile""},{""trait_type"":""Type"",""value"":""Human Melanin Level 30""},{""trait_type"":""Head"",""value"":""Evil Scriptoadz Companion""},{""trait_type"":""Mouth"",""value"":""Ackchyually Gothy""},{""trait_type"":""Eyes"",""value"":""Cyclops with Hepatitis""},{""trait_type"":""Rank"",""value"":""123""},{""trait_type"":""Cloths"",""value"":""Classic Black Suit""}]"
68,6296960,0x1926c184714085a78894ba7c6e614c5550437d8c08fb5928d01fdd943b79f0f4,"[{""trait_type"":""Background"",""value"":""Full Moon over Block City""},{""trait_type"":""Type"",""value"":""Zombie""},{""trait_type"":""Head"",""value"":""Wallet Drainer""},{""trait_type"":""Mouth"",""value"":""Horny""},{""trait_type"":""Eyes"",""value"":""SKULLS FOR THE SKULL GOD v2""},{""trait_type"":""Rank"",""value"":""250""}]"
67,6296959,0x2373616679cf9bfb1f4308d4058a8b6f0b2f6f99df88dd9d75c0156578b215b2,"[{""trait_type"":""Background"",""value"":""Dios de los Muertos""},{""trait_type"":""Type"",""value"":""Human Melanin Level 30""},{""trait_type"":""Head"",""value"":""Fancy Hair black""},{""trait_type"":""Mouth"",""value"":""Pumpkin Shield""},{""trait_type"":""Eyes"",""value"":""Sugar Rush""},{""trait_type"":""Rank"",""value"":""163""}]"
66,6296958,0xcb85e3539e38b26395525defd0f9da01a6c8582be70b806dc9e54d4b74206e7e,"[{""trait_type"":""Background"",""value"":""Even dorker Dorkness""},{""trait_type"":""Type"",""value"":""Bone People""},{""trait_type"":""Head"",""value"":""Skull Bandana""},{""trait_type"":""Mouth"",""value"":""Stunned""},{""trait_type"":""Eyes"",""value"":""Retarded Blood Mugger""},{""trait_type"":""Rank"",""value"":""342""}]"
65,6296957,0xa8a3e1afc6da95e2933ed26630e5f8ef5e37a8a6e395f5cbad657454a9a38eec,"[{""trait_type"":""Background"",""value"":""Vile Bile""},{""trait_type"":""Type"",""value"":""Bone People""},{""trait_type"":""Eyes"",""value"":""Death Cross Mask Mark II""},{""trait_type"":""Rank"",""value"":""654""}]"
64,6296955,0xbbb6ea97fa1b43d7de3efdd9f4c043c6c261e859f680b956625e6e89d9229988,"[{""trait_type"":""Background"",""value"":""Even dorker Dorkness""},{""trait_type"":""Type"",""value"":""Purple People""},{""trait_type"":""Head"",""value"":""Fancy Hair black""},{""trait_type"":""Mouth"",""value"":""Throat of Darkness""},{""trait_type"":""Eyes"",""value"":""Open Minded""},{""trait_type"":""Rank"",""value"":""392""},{""trait_type"":""Ghostly Apparitions"",""value"":""Skull""}]"
63,6296956,0xa8eb558d50cabf596aa92ac68564baf1d790debcb6060f492e7a922836efd05c,"[{""trait_type"":""Background"",""value"":""Full Moon over Block City""},{""trait_type"":""Type"",""value"":""Bone People""},{""trait_type"":""Eyes"",""value"":""Retarded Blood Mugger""},{""trait_type"":""Rank"",""value"":""660""}]"
62,6296963,0xebffe1fd81bfb537b79bd08201d421b70e746a5a5938683273f709e32b3e958d,"[{""trait_type"":""Background"",""value"":""Full Moon over Block City""},{""trait_type"":""Type"",""value"":""Omega Block Zealots""},{""trait_type"":""Eyes"",""value"":""Insufferable Eye Extension""},{""trait_type"":""Rank"",""value"":""570""},{""trait_type"":""Cloths"",""value"":""Freddy Sweater""},{""trait_type"":""Full Face"",""value"":""Pirates of the Drain Plains Costume""}]"
61,6296948,0xe22459605b9f16246ec378a576bf9ebe9cd6e9f632179430feb60e939eb4180b,"[{""trait_type"":""Background"",""value"":""Even dorker Dorkness""},{""trait_type"":""Type"",""value"":""Zombie""},{""trait_type"":""Mouth"",""value"":""Beard of the Dead""},{""trait_type"":""Eyes"",""value"":""Retarded Blood Mugger""},{""trait_type"":""Rank"",""value"":""467""},{""trait_type"":""Cloths"",""value"":""General of the Adeptus Cuborum""}]"
60,6296952,0xa5048c65d27b00a65baa4d9a4aa7428490e516d7d99023207477da505eeec39b,"[{""trait_type"":""Background"",""value"":""Even dorker Dorkness""},{""trait_type"":""Type"",""value"":""Black and White Zombie""},{""trait_type"":""Head"",""value"":""Dark Angel Wings""},{""trait_type"":""Mouth"",""value"":""Candy Crusher 500 Kids Edition""},{""trait_type"":""Eyes"",""value"":""Revealed Skull""},{""trait_type"":""Rank"",""value"":""448""}]"
59,6296951,0x31cfbca3bd2d2fc09ec06f4a654c896d128bdbd49236e4618f9f53757c17b592,"[{""trait_type"":""Background"",""value"":""Even dorker Dorkness""},{""trait_type"":""Type"",""value"":""Pumpkin Suit""},{""trait_type"":""Mouth"",""value"":""Candy Crusher 500 Kids Edition""},{""trait_type"":""Eyes"",""value"":""Spooky MEV Bot Protector Blue""},{""trait_type"":""Rank"",""value"":""564""}]"
58,6296949,0x53d0d2f6313b47da73e6d19be2cf7e9bb3ba6bd5e0948c96207f73b751341c98,"[{""trait_type"":""Background"",""value"":""Full Moon over Block City""},{""trait_type"":""Type"",""value"":""Bone People""},{""trait_type"":""Head"",""value"":""Dark Angel Wings""},{""trait_type"":""Mouth"",""value"":""Sniffmaster 9000""},{""trait_type"":""Eyes"",""value"":""Gooey Scriboor Visoor""},{""trait_type"":""Rank"",""value"":""280""}]"
57,6296950,0x85b5030b272c483aeef7f27f522244b92e36a3dc05d8a69fc90213376a52c81b,"[{""trait_type"":""Background"",""value"":""Full Moon over Block City""},{""trait_type"":""Type"",""value"":""Smashed Pumpkin""},{""trait_type"":""Mouth"",""value"":""Bonus Eye""},{""trait_type"":""Eyes"",""value"":""Insufferable Eye Extension""},{""trait_type"":""Rank"",""value"":""80""},{""trait_type"":""Relics"",""value"":""Blessed Pile of Candy""}]"
56,6296947,0x591bab5c858fee4e85a2b1632c01c11e372bed6dd756593da7d9794e8f81e28d,"[{""trait_type"":""Background"",""value"":""Pumpin Pumpkin""},{""trait_type"":""Type"",""value"":""Purple People""},{""trait_type"":""Head"",""value"":""Crown of Sorrows""},{""trait_type"":""Eyes"",""value"":""AutoSpooker Slim Edition""},{""trait_type"":""Rank"",""value"":""464""},{""trait_type"":""Cloths"",""value"":""Dark Knight Costume""}]"
55,6296946,0x37d6d0a823e873f684978d1bffa4e024da5a041fb3637ca05968f1e048cd3601,"[{""trait_type"":""Background"",""value"":""Even dorker Dorkness""},{""trait_type"":""Type"",""value"":""Ghost Chain People""},{""trait_type"":""Rank"",""value"":""425""},{""trait_type"":""Ghostly Apparitions"",""value"":""Ghost""},{""trait_type"":""Cloths"",""value"":""Fashion Hoodie""},{""trait_type"":""Full Face"",""value"":""Floored Ghost""}]"
54,6296945,0x3f0835f713f6bdc0b1d6354f6cdf3495a42b63be4d4cb3318934f1f000e21ef1,"[{""trait_type"":""Background"",""value"":""Full Moon over Block City""},{""trait_type"":""Type"",""value"":""Bone People""},{""trait_type"":""Head"",""value"":""Skull Bandana""},{""trait_type"":""Mouth"",""value"":""Candy Crusher 500 Kids Edition""},{""trait_type"":""Rank"",""value"":""537""}]"
53,6296944,0x3664f22090afe0a249224a32dc202ce6b5be3e51a26376f0e0fcf3b65d106431,"[{""trait_type"":""Background"",""value"":""Full Moon over Block City""},{""trait_type"":""Type"",""value"":""Omega Block Zealots""},{""trait_type"":""Head"",""value"":""Spooky Headwind""},{""trait_type"":""Mouth"",""value"":""Traditional Kaiju-Cow Hunter Camouflage""},{""trait_type"":""Eyes"",""value"":""Super cheap Ghost Mask""},{""trait_type"":""Rank"",""value"":""313""}]"
52,6296943,0xa53bb0fb5a10ac279058bb7a86247f924fcdd687423ae80d72c2e99922fc2a24,"[{""trait_type"":""Background"",""value"":""Plums of Despair""},{""trait_type"":""Type"",""value"":""Candy Bar Costume""},{""trait_type"":""Head"",""value"":""Ram Alamadingdong""},{""trait_type"":""Eyes"",""value"":""Spooky MEV Bot Protector Blue""},{""trait_type"":""Rank"",""value"":""65""},{""trait_type"":""Ghostly Apparitions"",""value"":""Floorbagorb""},{""trait_type"":""Cloths"",""value"":""Captains Costume""}]"
51,6296942,0xb6400c6d33f5cf02c0ffb8bb02bbded1427eeaf335e39a13684fcc57b9da9628,"[{""trait_type"":""Background"",""value"":""Blood Moon over Block City""},{""trait_type"":""Type"",""value"":""Bone People""},{""trait_type"":""Head"",""value"":""Dark Angel Wings""},{""trait_type"":""Eyes"",""value"":""Hollowed""},{""trait_type"":""Rank"",""value"":""466""}]"
50,6296941,0x69236ee3bfe01f069f5600614d5e83b3fb4ef617c59159496e41b6ad67e356c8,"[{""trait_type"":""Background"",""value"":""Crimson King""},{""trait_type"":""Type"",""value"":""Gellar Spawn""},{""trait_type"":""Eyes"",""value"":""SKULLS FOR THE SKULL GOD v2""},{""trait_type"":""Rank"",""value"":""512""},{""trait_type"":""Ghostly Apparitions"",""value"":""Sigil of the Rug Lord""}]"
49,6296934,0x6b3b3d877359ed00dc73bf43e36903723c877ba1a22d12a0aa04bc1e30939f79,"[{""trait_type"":""Background"",""value"":""Full Moon over Block City""},{""trait_type"":""Type"",""value"":""Omega Block Zealots""},{""trait_type"":""Head"",""value"":""Evil Wizard Hat""},{""trait_type"":""Eyes"",""value"":""Inner Vision""},{""trait_type"":""Rank"",""value"":""514""}]"
48,6296940,0x5fdc1bbbf87a23bb9f644e7ca9c12bb07c5a604e77dadee01d95baf37951edec,"[{""trait_type"":""Background"",""value"":""Even dorker Dorkness""},{""trait_type"":""Type"",""value"":""Human Melanin Level 80""},{""trait_type"":""Rank"",""value"":""404""},{""trait_type"":""Cloths"",""value"":""Captains Costume""},{""trait_type"":""Full Face"",""value"":""Mask of the Dreadful Black Death""}]"
47,6296939,0x6b37c2cf4706d339ee0d10f6c9d1c536d2a4f2664ecb10c4bbb74450f5e14dba,"[{""trait_type"":""Background"",""value"":""Even dorker Dorkness""},{""trait_type"":""Type"",""value"":""Pumpkin Suit""},{""trait_type"":""Head"",""value"":""Nexus Cap""},{""trait_type"":""Mouth"",""value"":""Throat of Darkness""},{""trait_type"":""Eyes"",""value"":""Sus af""},{""trait_type"":""Rank"",""value"":""43""},{""trait_type"":""Cloths"",""value"":""McD Uniform""}]"
46,6296938,0x5341d19655a6aa534c3ca7fd06e9a7eb33a4df39eefe148f598e1ac942ac850a,"[{""trait_type"":""Background"",""value"":""Full Moon over Block City""},{""trait_type"":""Type"",""value"":""Bone People""},{""trait_type"":""Eyes"",""value"":""Mask of the Dreadful Black Death""},{""trait_type"":""Rank"",""value"":""649""}]"
45,6296937,0x69124a6d36fa155688c6e534bec596add8b352ba5125e477f2647de5bf37f854,"[{""trait_type"":""Background"",""value"":""Vile Bile""},{""trait_type"":""Type"",""value"":""Bone People""},{""trait_type"":""Head"",""value"":""Spooky Void Bat Hat""},{""trait_type"":""Mouth"",""value"":""Bad Mood""},{""trait_type"":""Eyes"",""value"":""Hollow Eyes""},{""trait_type"":""Rank"",""value"":""114""},{""trait_type"":""Cloths"",""value"":""Classic Black Suit""}]"
44,6296936,0x6aa7fb5dd4e47a2983034bddaa87bcbf5fe93d766333c95f60a56e1d394a8798,"[{""trait_type"":""Background"",""value"":""Vile Bile""},{""trait_type"":""Type"",""value"":""Pumpkin Suit""},{""trait_type"":""Mouth"",""value"":""Jack-o-Lantern""},{""trait_type"":""Eyes"",""value"":""Sunken Eye""},{""trait_type"":""Rank"",""value"":""391""}]"
43,6296935,0x4bef584ed3dd400e2eaffd88b112150750ec21fc9ffe3ebdca576880fb9b5dce,"[{""trait_type"":""Background"",""value"":""Plums of Despair""},{""trait_type"":""Type"",""value"":""Smashed Pumpkin""},{""trait_type"":""Rank"",""value"":""550""},{""trait_type"":""Ghostly Apparitions"",""value"":""Floorbagorb""},{""trait_type"":""Cloths"",""value"":""Pumped Pumpkin Warrior""},{""trait_type"":""Full Face"",""value"":""Mask of the Dreadful Black Death""}]"
42,6296933,0x2732adffa679f12c8c91c08c29afc0a062f835b8a9e18ee8f3f4c445c8a211f0,"[{""trait_type"":""Background"",""value"":""Pumpin Pumpkin""},{""trait_type"":""Type"",""value"":""Bone People""},{""trait_type"":""Mouth"",""value"":""White Pussy Magnet""},{""trait_type"":""Eyes"",""value"":""Death Cross Mask Mark II""},{""trait_type"":""Rank"",""value"":""376""},{""trait_type"":""Cloths"",""value"":""Fashion Hoodie""}]"
41,6296930,0xa4f8d088b7556ec4c1ddbcce772c747538ecaff33ebcd9da8f0f304f5836dcf7,"[{""trait_type"":""Background"",""value"":""Even dorker Dorkness""},{""trait_type"":""Type"",""value"":""Smashed Pumpkin""},{""trait_type"":""Eyes"",""value"":""Insufferable Eye Extension""},{""trait_type"":""Rank"",""value"":""525""},{""trait_type"":""Ghostly Apparitions"",""value"":""Spooky Skull""},{""trait_type"":""Cloths"",""value"":""Pumped Pumpkin Warrior""}]"
40,6296932,0x85292bdf160c7b267acbdecfcaf76756d41c53a1583010f09a0a339a3bf5e1cf,"[{""trait_type"":""Background"",""value"":""Full Moon over Block City""},{""trait_type"":""Type"",""value"":""Candy Bar Costume""},{""trait_type"":""Rank"",""value"":""614""},{""trait_type"":""Cloths"",""value"":""Freddy Sweater""}]"
39,6296931,0x3f1d5f367ad411f363cd32104f6719ec43ae9c83b455542d6284ac016b194c89,"[{""trait_type"":""Background"",""value"":""Even dorker Dorkness""},{""trait_type"":""Type"",""value"":""Ghost Chain People""},{""trait_type"":""Mouth"",""value"":""Irresistible Bad Teeth""},{""trait_type"":""Eyes"",""value"":""Super cheap Ghost Mask""},{""trait_type"":""Rank"",""value"":""396""},{""trait_type"":""Ghostly Apparitions"",""value"":""Sigil of the Rug Lord""}]"
38,6296929,0x0c5cd8c917625fd86a44764883548eaeb312b6e60cbd77d63c78ee82c64a6ef9,"[{""trait_type"":""Background"",""value"":""Plums of Despair""},{""trait_type"":""Type"",""value"":""Omega Block Zealots""},{""trait_type"":""Head"",""value"":""Dark Knights Helmet""},{""trait_type"":""Eyes"",""value"":""Spooky MEV Bot Protector Orange""},{""trait_type"":""Rank"",""value"":""349""},{""trait_type"":""Cloths"",""value"":""Pumped Pumpkin Warrior""}]"
37,6296927,0x9d9e992d46954e42fb817a13e4919a046903b38e63fbcb1d35b7066a2639608d,"[{""trait_type"":""Background"",""value"":""Full Moon over Block City""},{""trait_type"":""Type"",""value"":""Zombie""},{""trait_type"":""Head"",""value"":""Wallet Drainer""},{""trait_type"":""Mouth"",""value"":""Bubblegum""},{""trait_type"":""Eyes"",""value"":""Cyclops with Hepatitis""},{""trait_type"":""Rank"",""value"":""39""},{""trait_type"":""Ghostly Apparitions"",""value"":""Spooky Skull""},{""trait_type"":""Cloths"",""value"":""Pink Hoodie""}]"
36,6296928,0x3fba6237c50c645aa58ff02cc90ebb0fd360d3f6afb6ccaca0914f4c33724b17,"[{""trait_type"":""Background"",""value"":""Dios de los Muertos""},{""trait_type"":""Type"",""value"":""Omega Block Zealots""},{""trait_type"":""Rank"",""value"":""604""},{""trait_type"":""Ghostly Apparitions"",""value"":""Skull""},{""trait_type"":""Full Face"",""value"":""Mask of the Dreadful Black Death""}]"
35,6296926,0x00201586baf517fa6a4cbf6ff150395302e245e43f9f03e87ca38bdfe4f13212,"[{""trait_type"":""Background"",""value"":""Even dorker Dorkness""},{""trait_type"":""Type"",""value"":""Purple People""},{""trait_type"":""Head"",""value"":""Death Cap Shower Cap""},{""trait_type"":""Mouth"",""value"":""Throat of Darkness""},{""trait_type"":""Eyes"",""value"":""Big Eyes""},{""trait_type"":""Rank"",""value"":""157""},{""trait_type"":""Cloths"",""value"":""Classic Black Suit""}]"
34,6296925,0xfa7e461dee7960ccab77aa10df8c15ec0c25b62ef4c998b147804409f70901c8,"[{""trait_type"":""Background"",""value"":""Vile Bile""},{""trait_type"":""Type"",""value"":""Gellar Spawn""},{""trait_type"":""Head"",""value"":""Dark Knights Helmet""},{""trait_type"":""Mouth"",""value"":""Jack-o-Lantern""},{""trait_type"":""Eyes"",""value"":""Sugar Rush""},{""trait_type"":""Rank"",""value"":""295""}]"
33,6296924,0x66e168a41c001ff60adbb047ddcb3614d7a98a2b214c41fde14637275f6dfc39,"[{""trait_type"":""Background"",""value"":""Even dorker Dorkness""},{""trait_type"":""Type"",""value"":""Bone People""},{""trait_type"":""Head"",""value"":""Rad Day of the Dead hat for Dads""},{""trait_type"":""Mouth"",""value"":""Proud af""},{""trait_type"":""Eyes"",""value"":""Hollow Eyes""},{""trait_type"":""Rank"",""value"":""116""}]"
32,6296923,0xa07c26d7dbb55cf85ce9d154d4937bd005eb28b82f3fc6e9df16a10778dc8b6d,"[{""trait_type"":""Background"",""value"":""Dios de los Muertos""},{""trait_type"":""Type"",""value"":""Zombie""},{""trait_type"":""Head"",""value"":""McD Cap Black""},{""trait_type"":""Eyes"",""value"":""Insufferable Eye Extension""},{""trait_type"":""Rank"",""value"":""21""},{""trait_type"":""Cloths"",""value"":""Dark Knight Costume""}]"
31,6296922,0xf685d0c71e35ef81d55bf6cc8dfee2256d293e247b16065bfdef4577100affa9,"[{""trait_type"":""Background"",""value"":""Full Moon over Block City""},{""trait_type"":""Type"",""value"":""Bone People""},{""trait_type"":""Eyes"",""value"":""Zombie eyes""},{""trait_type"":""Rank"",""value"":""633""},{""trait_type"":""Ghostly Apparitions"",""value"":""Ghost""},{""trait_type"":""Cloths"",""value"":""Freddy Sweater""}]"
30,6296921,0x9005a2dc1741eca0e21baaeb0d1b53c707e32e6046523597d5f3f7ac3d84c32d,"[{""trait_type"":""Background"",""value"":""Vile Bile""},{""trait_type"":""Type"",""value"":""Black and White Zombie""},{""trait_type"":""Head"",""value"":""Fake Devil Horns""},{""trait_type"":""Mouth"",""value"":""Evil Robot Voice Modulator""},{""trait_type"":""Eyes"",""value"":""BRAAINSSS""},{""trait_type"":""Rank"",""value"":""188""}]"
29,6296920,0x118b02fa2c050b551e6876452a4fae7d7ebfbd520708d3f1f3e05c6f5a2adaa3,"[{""trait_type"":""Background"",""value"":""Dios de los Muertos""},{""trait_type"":""Type"",""value"":""Omega Block Zealots""},{""trait_type"":""Head"",""value"":""Fake Devil Horns""},{""trait_type"":""Eyes"",""value"":""Sus af""},{""trait_type"":""Rank"",""value"":""343""},{""trait_type"":""Cloths"",""value"":""Freddy Sweater""}]"
28,6296918,0x13eb6f38b8e05abe0ed69fb4a91283866bec8e47ebdce85b809b5ab93198ab3e,"[{""trait_type"":""Background"",""value"":""Even dorker Dorkness""},{""trait_type"":""Type"",""value"":""Omega Block Zealots""},{""trait_type"":""Eyes"",""value"":""Open Minded""},{""trait_type"":""Rank"",""value"":""588""},{""trait_type"":""Ghostly Apparitions"",""value"":""Skull""},{""trait_type"":""Cloths"",""value"":""Classic Black Suit""}]"
27,6296919,0xc257d57b0c91d4582f151cd93b18f7ef0f6e0a2f30f2fe0cd0bae97aa47a281d,"[{""trait_type"":""Background"",""value"":""Even dorker Dorkness""},{""trait_type"":""Type"",""value"":""Black and White Zombie""},{""trait_type"":""Head"",""value"":""Mohawk of Blood""},{""trait_type"":""Mouth"",""value"":""But but but but""},{""trait_type"":""Eyes"",""value"":""AutoSpooker Slim Edition""},{""trait_type"":""Rank"",""value"":""208""}]"
26,6296917,0xd61b06c881c0fcb0f2e92270d3025593ae5d8780138ead54e2f492ff089d6599,"[{""trait_type"":""Background"",""value"":""Full Moon over Block City""},{""trait_type"":""Type"",""value"":""Bone People""},{""trait_type"":""Mouth"",""value"":""Candy Crusher 500 Kids Edition""},{""trait_type"":""Eyes"",""value"":""AutoSpooker Slim Edition""},{""trait_type"":""Rank"",""value"":""603""},{""trait_type"":""Ghostly Apparitions"",""value"":""Floorbagorb""}]"
25,6296916,0x151ca446ee2e54cf186a69ab32f56bea04736264eaa8511f1835b14b2171dd85,"[{""trait_type"":""Background"",""value"":""Full Moon over Block City""},{""trait_type"":""Type"",""value"":""Smashed Pumpkin""},{""trait_type"":""Rank"",""value"":""455""},{""trait_type"":""Ghostly Apparitions"",""value"":""Skull""},{""trait_type"":""Cloths"",""value"":""Captains Costume""},{""trait_type"":""Full Face"",""value"":""Never Go Full Pumpkin""}]"
24,6296914,0x4a578857f2dba7c2c0a4cfa3f1921639f262181c8151bd45b597a4a1821ef9f8,"[{""trait_type"":""Background"",""value"":""Dios de los Muertos""},{""trait_type"":""Type"",""value"":""Bone People""},{""trait_type"":""Head"",""value"":""Fake Devil Horns""},{""trait_type"":""Rank"",""value"":""573""},{""trait_type"":""Full Face"",""value"":""Mask of the Dreadful Black Death""}]"
23,6296913,0x3cdad4f909806f02f96c2026f47d3585ce1e7b7c9bef68670dcd87a29313886a,"[{""trait_type"":""Background"",""value"":""Even dorker Dorkness""},{""trait_type"":""Type"",""value"":""Bone People""},{""trait_type"":""Head"",""value"":""Wild Purple Hair""},{""trait_type"":""Mouth"",""value"":""Genuine Jaw""},{""trait_type"":""Eyes"",""value"":""Big Eyes""},{""trait_type"":""Rank"",""value"":""109""}]"
22,6296912,0xdc60ae093598d2266961d7931eb0b52458dea4e02999eca5363fd450fa93b6e2,"[{""trait_type"":""Background"",""value"":""Even dorker Dorkness""},{""trait_type"":""Type"",""value"":""Black and White Zombie""},{""trait_type"":""Eyes"",""value"":""Insufferable Eye Extension""},{""trait_type"":""Rank"",""value"":""644""},{""trait_type"":""Ghostly Apparitions"",""value"":""Ghost""}]"
21,6296911,0x34f396f85ca5c59753e4471ad0296f402a4ef992a1920819983496cb52e05a4c,"[{""trait_type"":""Background"",""value"":""Even dorker Dorkness""},{""trait_type"":""Type"",""value"":""Purple People""},{""trait_type"":""Mouth"",""value"":""Candy Crusher 500 Kids Edition""},{""trait_type"":""Eyes"",""value"":""Zoned out""},{""trait_type"":""Rank"",""value"":""335""},{""trait_type"":""Ghostly Apparitions"",""value"":""Evil Smile""},{""trait_type"":""Cloths"",""value"":""Freddy Sweater""}]"
20,6296910,0x0d083d1286cff821637c5cf49db651dfc031915431f6f58123d882011db149a7,"[{""trait_type"":""Background"",""value"":""Full Moon over Block City""},{""trait_type"":""Type"",""value"":""Pumpkin Suit""},{""trait_type"":""Mouth"",""value"":""Beard of the Dead""},{""trait_type"":""Eyes"",""value"":""Insufferable Eye Extension""},{""trait_type"":""Rank"",""value"":""583""},{""trait_type"":""Ghostly Apparitions"",""value"":""Skull""}]"
19,6296909,0xac1f592d4032e3c597ff4bdfb18d843f50317ce1ebd776006b3c183096ce675b,"[{""trait_type"":""Background"",""value"":""Crimson King""},{""trait_type"":""Type"",""value"":""Smashed Pumpkin""},{""trait_type"":""Rank"",""value"":""623""},{""trait_type"":""Full Face"",""value"":""Pirates of the Drain Plains Costume""}]"
18,6296908,0x47f1cf91b140dd54f74c2af6bcc7791db02bbd722dbd80822b4929728e77eb17,"[{""trait_type"":""Background"",""value"":""Full Moon over Block City""},{""trait_type"":""Type"",""value"":""Black and White Zombie""},{""trait_type"":""Head"",""value"":""Spooky Headwind""},{""trait_type"":""Mouth"",""value"":""Candy Crusher 500 Kids Edition""},{""trait_type"":""Eyes"",""value"":""Spooky MEV Bot Protector Orange""},{""trait_type"":""Rank"",""value"":""279""},{""trait_type"":""Ghostly Apparitions"",""value"":""Sigil of the Rug Lord""}]"
17,6296907,0xc2c89f65a20652e8eb15e092d9f5323b0425923178ae75fe2e11bb9f70fae317,"[{""trait_type"":""Background"",""value"":""Even dorker Dorkness""},{""trait_type"":""Type"",""value"":""Carbon Fibre Kink Suite""},{""trait_type"":""Mouth"",""value"":""Beard of the Dead""},{""trait_type"":""Eyes"",""value"":""Shiny Official Rug Lord Fan Club Glasses""},{""trait_type"":""Rank"",""value"":""184""},{""trait_type"":""Ghostly Apparitions"",""value"":""Sigil of the Rug Lord""}]"
16,6296906,0xca6f493b048a30bbcfb52b9e9360d24ca22b3f4b0893c879a6b7988bcd26db38,"[{""trait_type"":""Background"",""value"":""Plums of Despair""},{""trait_type"":""Type"",""value"":""Human Melanin Level 80""},{""trait_type"":""Head"",""value"":""Evil Wizard Hat""},{""trait_type"":""Mouth"",""value"":""Candy Crusher 500 Kids Edition""},{""trait_type"":""Eyes"",""value"":""Big Shades with Spook Enhancements""},{""trait_type"":""Rank"",""value"":""4""}]"
15,6296904,0x9e170002bc2675aa5995afc20615f654ddb1188ec6b49cac6048a968222ccfc5,"[{""trait_type"":""Background"",""value"":""Dios de los Muertos""},{""trait_type"":""Type"",""value"":""Pumpkin Suit""},{""trait_type"":""Mouth"",""value"":""But but but but""},{""trait_type"":""Eyes"",""value"":""Inner Vision""},{""trait_type"":""Rank"",""value"":""125""},{""trait_type"":""Ghostly Apparitions"",""value"":""Skull""},{""trait_type"":""Cloths"",""value"":""Black Hoodie""}]"
14,6296905,0x5075d25646a8fc7f471f9945d22b52a9cecd1e553b2675ad1b93ba19f15b8a17,"[{""trait_type"":""Background"",""value"":""Crimson King""},{""trait_type"":""Type"",""value"":""Bone People""},{""trait_type"":""Head"",""value"":""Stylish Death Knight Horn Replicas""},{""trait_type"":""Eyes"",""value"":""Empty Stare""},{""trait_type"":""Rank"",""value"":""453""},{""trait_type"":""Cloths"",""value"":""Freddy Sweater""}]"
13,6296902,0x1c4ff33ff2d0d0fe083a642832a38f00229ba3b8a3e7fb7e0a53cc80dce2927f,"[{""trait_type"":""Background"",""value"":""Vile Bile""},{""trait_type"":""Type"",""value"":""Sugar Skullz""},{""trait_type"":""Head"",""value"":""Fancy Hair black""},{""trait_type"":""Mouth"",""value"":""Bad Mood""},{""trait_type"":""Eyes"",""value"":""Pumpkin Vision""},{""trait_type"":""Rank"",""value"":""217""}]"
12,6296901,0xe106821a29cdc7755c0fe8a5bd9ccd35e31a509df9f9cbdefe2dba3838bb6e30,"[{""trait_type"":""Background"",""value"":""Even dorker Dorkness""},{""trait_type"":""Type"",""value"":""Zombie""},{""trait_type"":""Head"",""value"":""Spookytail Blonde""},{""trait_type"":""Eyes"",""value"":""Shiny Official Rug Lord Fan Club Glasses""},{""trait_type"":""Rank"",""value"":""24""},{""trait_type"":""Ghostly Apparitions"",""value"":""Skull""},{""trait_type"":""Cloths"",""value"":""Presidential Suit""}]"
11,6296900,0x90a1c980b26c7c50fd4ea76dc20b0eb8b89230e8bb082f931e2d2fbed33ce2cc,"[{""trait_type"":""Background"",""value"":""Blood Moon over Block City""},{""trait_type"":""Type"",""value"":""Gellar Spawn""},{""trait_type"":""Head"",""value"":""Crown of Sorrows""},{""trait_type"":""Mouth"",""value"":""Irresistible Bad Teeth""},{""trait_type"":""Eyes"",""value"":""Super cheap Ghost Mask""},{""trait_type"":""Rank"",""value"":""211""}]"
10,6296897,0x656bd88cbdee6b56b47463c780ed22c4c6e252378a73723b2f52299ce10ffd8d,"[{""trait_type"":""Background"",""value"":""Full Moon over Block City""},{""trait_type"":""Type"",""value"":""Zombie""},{""trait_type"":""Mouth"",""value"":""Irresistible Bad Teeth""},{""trait_type"":""Eyes"",""value"":""AutoSpooker Slim Edition""},{""trait_type"":""Rank"",""value"":""575""}]"
9,6296899,0x8bb714d82785c5abbd5615ab61c365e39d97f59f46bf9f5637c271c8519b5abc,"[{""trait_type"":""Background"",""value"":""Crimson King""},{""trait_type"":""Type"",""value"":""Smashed Pumpkin""},{""trait_type"":""Head"",""value"":""Ram Alamadingdong""},{""trait_type"":""Mouth"",""value"":""Traditional Kaiju-Cow Hunter Camouflage""},{""trait_type"":""Eyes"",""value"":""Pumpkin Vision""},{""trait_type"":""Rank"",""value"":""71""},{""trait_type"":""Cloths"",""value"":""Captains Costume""}]"
8,6296898,0x31f9b1c954995d0fac343201255cab24cb5cc658786f32e00f5acb36bc4b5ed6,"[{""trait_type"":""Background"",""value"":""Full Moon over Block City""},{""trait_type"":""Type"",""value"":""Black and White Zombie""},{""trait_type"":""Eyes"",""value"":""Terrfiying Scamlord Martha Focker Mask""},{""trait_type"":""Rank"",""value"":""640""}]"
7,6296915,0xc7fc37a006223d4e56b666f45cafa94a430617332baa15562a4d19e593b02efe,"[{""trait_type"":""Background"",""value"":""Full Moon over Block City""},{""trait_type"":""Type"",""value"":""Gellar Spawn""},{""trait_type"":""Mouth"",""value"":""CAAANDYYY!""},{""trait_type"":""Eyes"",""value"":""Revealed Skull""},{""trait_type"":""Rank"",""value"":""473""},{""trait_type"":""Ghostly Apparitions"",""value"":""Skull""}]"
6,6296896,0x56307d77f102dcd9719f16c4f2dc3b736bdf97fc1b2c1fc94b00622df8fbc672,"[{""trait_type"":""Background"",""value"":""Pumpin Pumpkin""},{""trait_type"":""Type"",""value"":""Smashed Pumpkin""},{""trait_type"":""Rank"",""value"":""598""},{""trait_type"":""Cloths"",""value"":""Dark Knight Costume""},{""trait_type"":""Full Face"",""value"":""Floored Ghost""}]"
5,6296895,0xb1454ce7446b36db06978653520aef47c46b48501f6265681c50b8e6fd8bda65,"[{""trait_type"":""Background"",""value"":""Full Moon over Block City""},{""trait_type"":""Type"",""value"":""Zombie""},{""trait_type"":""Head"",""value"":""Wallet Drainer""},{""trait_type"":""Mouth"",""value"":""Throat of Darkness""},{""trait_type"":""Eyes"",""value"":""Spooky MEV Bot Protector Blue""},{""trait_type"":""Rank"",""value"":""306""},{""trait_type"":""Ghostly Apparitions"",""value"":""Sigil of the Rug Lord""},{""trait_type"":""Cloths"",""value"":""Pumped Pumpkin Warrior""}]"
4,6296894,0x94c015efb24d9c0dcb0b62d1e925f0e95429cb5131fb3c44361caa08a84e4074,"[{""trait_type"":""Background"",""value"":""Even dorker Dorkness""},{""trait_type"":""Type"",""value"":""Omega Block Zealots""},{""trait_type"":""Mouth"",""value"":""Beard of the Gods""},{""trait_type"":""Eyes"",""value"":""Insufferable Eye Extension""},{""trait_type"":""Rank"",""value"":""0""},{""trait_type"":""Cloths"",""value"":""Adeptus Cuborum Grunt Armor""},{""trait_type"":""Ghostly Apparitions"",""value"":""Floorbagorb""}]"
3,6296892,0x81a67e154f95a8fc9bab377ee42bfdd49a4a6360adeff3e10635140e1c8dbc60,"[{""trait_type"":""Background"",""value"":""Even dorker Dorkness""},{""trait_type"":""Type"",""value"":""Omega Block Bone Zealots""},{""trait_type"":""Head"",""value"":""Dark Chopper Hat""},{""trait_type"":""Eyes"",""value"":""Candy Mugger Mask""},{""trait_type"":""Rank"",""value"":""0""},{""trait_type"":""Ghostly Apparitions"",""value"":""Skull""}]"
2,6296893,0xe81d7034ce3acb43a13d26e348869c08eadc2993a5ce2dfcb2f1e613517f0dc5,"[{""trait_type"":""Background"",""value"":""Even dorker Dorkness""},{""trait_type"":""Type"",""value"":""Omega Block Bone Zealots""},{""trait_type"":""Head"",""value"":""Bone Crown""},{""trait_type"":""Rank"",""value"":""0""},{""trait_type"":""Ghostly Apparitions"",""value"":""Skull""},{""trait_type"":""Relics"",""value"":""Staff of Clairvoyance""}]"
1,6296891,0x762cb4b5a6506abbb02b15f4e82875f49f7ae8191da331fe71f5c57e00e5432c,"[{""trait_type"":""Background"",""value"":""Even dorker Dorkness""},{""trait_type"":""Type"",""value"":""Bone People""},{""trait_type"":""Head"",""value"":""Spooky Headwind""},{""trait_type"":""Mouth"",""value"":""El Salvador""},{""trait_type"":""Eyes"",""value"":""Four Stripes""},{""trait_type"":""Rank"",""value"":""0""},{""trait_type"":""Ghostly Apparitions"",""value"":""Skull""},{""trait_type"":""Cloths"",""value"":""Dark Knight Costume""}]"
0,6296890,0x6aa87dae3be9d5e21521d165af3c3eb169c80d9b515343c6ad4e8de2a17d9ad7,"[{""trait_type"":""Background"",""value"":""Even dorker Dorkness""},{""trait_type"":""Type"",""value"":""Gellar Spawn""},{""trait_type"":""Mouth"",""value"":""Beard of the Dead""},{""trait_type"":""Eyes"",""value"":""Aviators""},{""trait_type"":""Rank"",""value"":""0""},{""trait_type"":""Ghostly Apparitions"",""value"":""Sigil of the Rug Lord""}]"
