token_id,ethscription_number,ethscription_id,attributes
554,3914331,0x87982a00ba5d62ed4a398e633609892fee6a9840574407354f2bae68f99332a2,"[{""trait_type"":""Background"",""value"":""Gray""},{""trait_type"":""Cloak"",""value"":""Gray Cloak""},{""trait_type"":""Skull"",""value"":""Gray""},{""trait_type"":""Jewellery"",""value"":""Gold Cross Pendant""},{""trait_type"":""Eyes Accessory"",""value"":""Black Glasses""},{""trait_type"":""Headwear"",""value"":""Devil's Horns""},{""trait_type"":""Mouth Accessory"",""value"":""Cigarette""}]"
553,3914330,0x2702b2afd0a2e03ce0b444919f346183b335ceea9bc32cefcf72e2ca3c178c4b,"[{""trait_type"":""Background"",""value"":""Gray""},{""trait_type"":""Cloak"",""value"":""Gray Cloak""},{""trait_type"":""Skull"",""value"":""Gold""},{""trait_type"":""Jewellery"",""value"":""Gold Cross Pendant""},{""trait_type"":""Eyes Accessory"",""value"":""Black Glasses""}]"
552,3914329,0x6e8e5530dd88941d555d52968e83c83dcda53ce9df7a34bd7a84ea5ff71c76b7,"[{""trait_type"":""Background"",""value"":""Black""},{""trait_type"":""Cloak"",""value"":""Light Gray Cloak""},{""trait_type"":""Skull"",""value"":""Zombie""},{""trait_type"":""Jewellery"",""value"":""Gold Cross Pendant""},{""trait_type"":""Eyes Accessory"",""value"":""Eyepatch""},{""trait_type"":""Mouth Accessory"",""value"":""Cigarette""}]"
551,3914328,0xd755bf6740f15c356c3e5c4bad626e542386b4a4d5a9ce6864d186562765227a,"[{""trait_type"":""Background"",""value"":""Black""},{""trait_type"":""Cloak"",""value"":""Gray Cloak""},{""trait_type"":""Skull"",""value"":""Gray""},{""trait_type"":""Jewellery"",""value"":""Gray Necklace""},{""trait_type"":""Eyes Accessory"",""value"":""Cinema Glasses""},{""trait_type"":""Headwear"",""value"":""Blessed""}]"
550,3914327,0xf29ba7ac4df60f50ef9161ed2362d5380462c44043894ce836192e886e67bf90,"[{""trait_type"":""Background"",""value"":""Gray""},{""trait_type"":""Cloak"",""value"":""Light Gray Cloak""},{""trait_type"":""Skull"",""value"":""Gray""},{""trait_type"":""Jewellery"",""value"":""Gray Necklace""},{""trait_type"":""Eyes Accessory"",""value"":""Dirty Blindfold""},{""trait_type"":""Wings"",""value"":""Angel's Wings""},{""trait_type"":""Headwear"",""value"":""Devil's Horns""}]"
549,3914326,0x31c7ae4863dd6618617ae57988c0828c81e5d6a97ed75a279ece6a1e6e0a3e15,"[{""trait_type"":""Background"",""value"":""Code""},{""trait_type"":""Cloak"",""value"":""Gray Cloak""},{""trait_type"":""Skull"",""value"":""Gray""},{""trait_type"":""Jewellery"",""value"":""Gold Cross Pendant""},{""trait_type"":""Eyes Accessory"",""value"":""Black Glasses""},{""trait_type"":""Headwear"",""value"":""Devil's Horns""},{""trait_type"":""Mouth Accessory"",""value"":""Rainfallbow""}]"
548,3914320,0xd0fd870b69a49e533cbf871ffee912e3f1e786bb03c358afdab7ff2a738fa099,"[{""trait_type"":""Background"",""value"":""Black""},{""trait_type"":""Cloak"",""value"":""Light Gray Cloak""},{""trait_type"":""Skull"",""value"":""Gray""},{""trait_type"":""Jewellery"",""value"":""Gray Necklace""},{""trait_type"":""Eyes Accessory"",""value"":""Eyepatch""},{""trait_type"":""Hand Artifact"",""value"":""Pitchfork""}]"
547,3914319,0xa786a6d0c89b25e1cbc6860bdb3f3b128e2321a7854975f12d8afc5b048039fa,"[{""trait_type"":""Background"",""value"":""Black""},{""trait_type"":""Cloak"",""value"":""Light Gray Cloak""},{""trait_type"":""Skull"",""value"":""Gray""},{""trait_type"":""Jewellery"",""value"":""Gray Necklace""},{""trait_type"":""Eyes Accessory"",""value"":""Eyepatch""},{""trait_type"":""Headwear"",""value"":""Devil's Horns""},{""trait_type"":""Mouth Accessory"",""value"":""Cigarette""}]"
546,3914318,0x545b1b2d3fa43153ce748a8c61a0a06e4a5db766fb593d23cb2d8a5cb0e1e92d,"[{""trait_type"":""Background"",""value"":""Red""},{""trait_type"":""Cloak"",""value"":""Gray Cloak""},{""trait_type"":""Skull"",""value"":""Gray""},{""trait_type"":""Jewellery"",""value"":""Gold Cross Pendant""},{""trait_type"":""Eyes Accessory"",""value"":""Dirty Blindfold""},{""trait_type"":""Mouth Accessory"",""value"":""Rainfallbow""}]"
545,3914317,0x740318e55d6a4f10124d4734e5db6745530e75e9b0555594b1691ee52521a87e,"[{""trait_type"":""Background"",""value"":""Red""},{""trait_type"":""Cloak"",""value"":""Yellow Cloak""},{""trait_type"":""Skull"",""value"":""Lightened""},{""trait_type"":""Jewellery"",""value"":""Gold Cross Pendant""},{""trait_type"":""Eyes Accessory"",""value"":""Cinema Glasses""},{""trait_type"":""Headwear"",""value"":""Devil's Horns""},{""trait_type"":""Hand Artifact"",""value"":""Wand""}]"
544,3914316,0x61536e1baf663b27860281fcf649beab816cbe3c92e6012cbd5957fcb9b2e679,"[{""trait_type"":""Background"",""value"":""Red""},{""trait_type"":""Cloak"",""value"":""Gray Cloak""},{""trait_type"":""Skull"",""value"":""Lightened""},{""trait_type"":""Jewellery"",""value"":""Gray Necklace""},{""trait_type"":""Eyes Accessory"",""value"":""Eyepatch""},{""trait_type"":""Wings"",""value"":""Angel's Wings""},{""trait_type"":""Mouth Accessory"",""value"":""Cigarette""},{""trait_type"":""Hand Artifact"",""value"":""Pitchfork""}]"
543,3914314,0xa435afb9327486deed1449a265114f96c7b7939e27ad1c632740c39e34e342b8,"[{""trait_type"":""Background"",""value"":""Morpheus""},{""trait_type"":""Cloak"",""value"":""Black Cloak""},{""trait_type"":""Skull"",""value"":""Lightened""},{""trait_type"":""Jewellery"",""value"":""Gold Cross Pendant""},{""trait_type"":""Eyes Accessory"",""value"":""Black Glasses""},{""trait_type"":""Headwear"",""value"":""Devil's Horns""},{""trait_type"":""Hand Artifact"",""value"":""Wand""}]"
542,3914313,0x792a8b4aadd85be551f03685d4037302f073011a1a3eeef3b0207cb0d7a1b7bf,"[{""trait_type"":""Background"",""value"":""Black""},{""trait_type"":""Cloak"",""value"":""Black Cloak""},{""trait_type"":""Skull"",""value"":""Gray""},{""trait_type"":""Jewellery"",""value"":""Gray Necklace""},{""trait_type"":""Eyes Accessory"",""value"":""Cinema Glasses""},{""trait_type"":""Headwear"",""value"":""Blessed""}]"
541,3914312,0xdce42101ee62a2a983d81b214aeaf3467794ccb4e96b7902c9febd4af5f3856e,"[{""trait_type"":""Background"",""value"":""Black""},{""trait_type"":""Cloak"",""value"":""Gray Cloak""},{""trait_type"":""Skull"",""value"":""Gray""},{""trait_type"":""Eyes Accessory"",""value"":""Dirty Blindfold""},{""trait_type"":""Climate"",""value"":""Rainfall""}]"
540,3914311,0x38b5edd591fc8f36239f0dae6ec519544b46f3cb37b980055fe33fcc5d1fa476,"[{""trait_type"":""Background"",""value"":""Black""},{""trait_type"":""Cloak"",""value"":""Gray Cloak""},{""trait_type"":""Skull"",""value"":""Gray""},{""trait_type"":""Jewellery"",""value"":""Gray Necklace""},{""trait_type"":""Eyes Accessory"",""value"":""Black Glasses""}]"
539,3914309,0x8f9c6db5e559366205e124b07ecfea7f5667f818baf0ad53377809fa75a6d463,"[{""trait_type"":""Background"",""value"":""Black""},{""trait_type"":""Cloak"",""value"":""Light Gray Cloak""},{""trait_type"":""Skull"",""value"":""Gray""},{""trait_type"":""Jewellery"",""value"":""Gold Cross Pendant""},{""trait_type"":""Eyes Accessory"",""value"":""Black Glasses""},{""trait_type"":""Wings"",""value"":""Angel's Wings""},{""trait_type"":""Headwear"",""value"":""Blessed""}]"
538,3914308,0x7391bc0e617ac8f962abc279b80602d8682e56a65e7d2d064e3f225826b6ed23,"[{""trait_type"":""Background"",""value"":""Code""},{""trait_type"":""Cloak"",""value"":""Light Gray Cloak""},{""trait_type"":""Skull"",""value"":""Gray""},{""trait_type"":""Jewellery"",""value"":""Gray Necklace""},{""trait_type"":""Eyes Accessory"",""value"":""Eyepatch""},{""trait_type"":""Climate"",""value"":""Rainfall""},{""trait_type"":""Hand Artifact"",""value"":""Cross""}]"
537,3914307,0x04af9713ef90cd85eb1ee5290bd65f8a187c0bff4ec4069b3bdc8132fbc75966,"[{""trait_type"":""Background"",""value"":""Black""},{""trait_type"":""Cloak"",""value"":""Gray Cloak""},{""trait_type"":""Skull"",""value"":""Gray""},{""trait_type"":""Eyes Accessory"",""value"":""Nerd Glasses""},{""trait_type"":""Hand Artifact"",""value"":""Cross""}]"
536,3914306,0x60cf1fd57f8917f51c9bd3363682bf487f65b770b712311471db280bc902281e,"[{""trait_type"":""Background"",""value"":""Black""},{""trait_type"":""Cloak"",""value"":""Yellow Cloak""},{""trait_type"":""Skull"",""value"":""Zombie""},{""trait_type"":""Jewellery"",""value"":""Gray Necklace""},{""trait_type"":""Eyes Accessory"",""value"":""Eyepatch""}]"
535,3914305,0x2fbd369af8412ef8ab120d797dff805f4535f49c1e0f6a31b97205dc412275fe,"[{""trait_type"":""Background"",""value"":""Gray""},{""trait_type"":""Cloak"",""value"":""White Cloak""},{""trait_type"":""Skull"",""value"":""Lightened""},{""trait_type"":""Jewellery"",""value"":""Gray Necklace""},{""trait_type"":""Eyes Accessory"",""value"":""Black Glasses""},{""trait_type"":""Headwear"",""value"":""Devil's Horns""},{""trait_type"":""Mouth Accessory"",""value"":""Gold Grillz Smoke""}]"
534,3914304,0x02dc4ff5209a0c522841740c033844190602c6edfc6cdd98d437412e71666e15,"[{""trait_type"":""Background"",""value"":""Gray""},{""trait_type"":""Cloak"",""value"":""Black Cloak""},{""trait_type"":""Skull"",""value"":""Gray""},{""trait_type"":""Eyes Accessory"",""value"":""Eyepatch""},{""trait_type"":""Mouth Accessory"",""value"":""Cigarette""}]"
533,3914302,0x67a28cc24a305a80f47416df8c8d3dfdc9bf9d392f94ec4f31c0aa10d6bd1fad,"[{""trait_type"":""Background"",""value"":""Space""},{""trait_type"":""Cloak"",""value"":""Light Gray Cloak""},{""trait_type"":""Skull"",""value"":""Gray""},{""trait_type"":""Eyes Accessory"",""value"":""Black Glasses""},{""trait_type"":""Headwear"",""value"":""Blessed""},{""trait_type"":""Mouth Accessory"",""value"":""Cigarette""}]"
532,3914301,0x1eb83f3d30045f498f1b78e05337d1da35451a8dc254bca38e69c6afdfe7a2ce,"[{""trait_type"":""Background"",""value"":""Code""},{""trait_type"":""Cloak"",""value"":""White Cloak""},{""trait_type"":""Skull"",""value"":""Lightened""},{""trait_type"":""Jewellery"",""value"":""Gold Cross Pendant""},{""trait_type"":""Eyes Accessory"",""value"":""Eyepatch""}]"
531,3914300,0xda733682f39ec71d51fab1877b8b815b6ec941c7aedb602b5d2a998e89148adc,"[{""trait_type"":""Background"",""value"":""Space""},{""trait_type"":""Cloak"",""value"":""Gray Cloak""},{""trait_type"":""Skull"",""value"":""Gray""},{""trait_type"":""Jewellery"",""value"":""Gray Necklace""},{""trait_type"":""Eyes Accessory"",""value"":""Cinema Glasses""},{""trait_type"":""Mouth Accessory"",""value"":""Cigarette""}]"
530,3914299,0x4c06aca69608a068dd997d946c3a1217523a185d2951e9040e8a4da1dcc52126,"[{""trait_type"":""Background"",""value"":""Punk Blue""},{""trait_type"":""Cloak"",""value"":""Black Cloak""},{""trait_type"":""Skull"",""value"":""Gray""},{""trait_type"":""Jewellery"",""value"":""Gray Necklace""},{""trait_type"":""Eyes Accessory"",""value"":""Cinema Glasses""},{""trait_type"":""Climate"",""value"":""Rainfall""},{""trait_type"":""Headwear"",""value"":""Devil's Horns""},{""trait_type"":""Mouth Accessory"",""value"":""Cigarette""}]"
529,3914298,0x425471234c3b995d0eb2fd896496d49acfea0c436f48693d325bcf6341533fa5,"[{""trait_type"":""Background"",""value"":""Gray""},{""trait_type"":""Cloak"",""value"":""Gray Cloak""},{""trait_type"":""Skull"",""value"":""Zombie""},{""trait_type"":""Jewellery"",""value"":""Gray Necklace""},{""trait_type"":""Eyes Accessory"",""value"":""Nerd Glasses""}]"
528,3914296,0x320ee54eba4e488c1024b03388b6c7b0eb40f0411dc4f3e6632944225d7be766,"[{""trait_type"":""Background"",""value"":""Black""},{""trait_type"":""Cloak"",""value"":""Gray Cloak""},{""trait_type"":""Skull"",""value"":""Lightened""},{""trait_type"":""Jewellery"",""value"":""Gray Necklace""},{""trait_type"":""Eyes Accessory"",""value"":""Cinema Glasses""},{""trait_type"":""Mouth Accessory"",""value"":""Rainfallbow""}]"
527,3914295,0xdef965d61df863701c3f8634518e75ff5d55018cc5e141d1762cdeed56bfb082,"[{""trait_type"":""Background"",""value"":""Red""},{""trait_type"":""Cloak"",""value"":""Black Cloak""},{""trait_type"":""Skull"",""value"":""Gray""},{""trait_type"":""Jewellery"",""value"":""Gold Cross Pendant""},{""trait_type"":""Eyes Accessory"",""value"":""Eyepatch""}]"
526,3914294,0x32f873ae7de3920413178704d8150e1f08d0b1762a1d6f5821478fc07b6a6d15,"[{""trait_type"":""Background"",""value"":""Black""},{""trait_type"":""Cloak"",""value"":""Black Cloak""},{""trait_type"":""Skull"",""value"":""Gray""},{""trait_type"":""Jewellery"",""value"":""Gray Necklace""},{""trait_type"":""Eyes Accessory"",""value"":""Eyepatch""}]"
525,3914293,0xdd0e436aa50f47a64d759a31dae798cae790e5bd44f2da0cecc7730b396acc9b,"[{""trait_type"":""Background"",""value"":""Punk Blue""},{""trait_type"":""Cloak"",""value"":""Black Cloak""},{""trait_type"":""Skull"",""value"":""Lightened""},{""trait_type"":""Eyes Accessory"",""value"":""Cinema Glasses""},{""trait_type"":""Wings"",""value"":""Angel's Wings""},{""trait_type"":""Headwear"",""value"":""Devil's Horns""}]"
524,3914292,0x22c48e8e6b8bb356fc5ea75b5b46dc1ac3c17289d1e51b95b1464b8c02497f4d,"[{""trait_type"":""Background"",""value"":""Gray""},{""trait_type"":""Cloak"",""value"":""Gray Cloak""},{""trait_type"":""Skull"",""value"":""Lightened""},{""trait_type"":""Jewellery"",""value"":""Gray Necklace""},{""trait_type"":""Eyes Accessory"",""value"":""Dirty Blindfold""},{""trait_type"":""Wings"",""value"":""Angel's Wings""},{""trait_type"":""Headwear"",""value"":""Devil's Horns""}]"
523,3914291,0x1709b28b3b9d70f7db7123442ffccdfcf6cefa0a11d42c2bcc599cb6a4bf79d1,"[{""trait_type"":""Background"",""value"":""Heaven""},{""trait_type"":""Cloak"",""value"":""Gray Cloak""},{""trait_type"":""Skull"",""value"":""Gray""},{""trait_type"":""Jewellery"",""value"":""Gray Necklace""},{""trait_type"":""Eyes Accessory"",""value"":""Cinema Glasses""}]"
522,3914289,0x5b5fe4ccb1752ef9441a37ec135495e852ff97de3163630f87c1b4eb2fcba12d,"[{""trait_type"":""Background"",""value"":""Black""},{""trait_type"":""Cloak"",""value"":""Black Cloak""},{""trait_type"":""Skull"",""value"":""Zombie""},{""trait_type"":""Jewellery"",""value"":""Gray Necklace""},{""trait_type"":""Eyes Accessory"",""value"":""Cinema Glasses""},{""trait_type"":""Mouth Accessory"",""value"":""Cigarette""}]"
521,3914288,0x72053302d99c077c9163f5c81b4395389f32c87f39d310ec70ce54ebadba77da,"[{""trait_type"":""Background"",""value"":""Black""},{""trait_type"":""Cloak"",""value"":""Gray Cloak""},{""trait_type"":""Skull"",""value"":""Gray""},{""trait_type"":""Jewellery"",""value"":""Gray Necklace""},{""trait_type"":""Eyes Accessory"",""value"":""Eyepatch""},{""trait_type"":""Hand Artifact"",""value"":""Cross""}]"
520,3914287,0xc4f03c66d3683b26c417a9af397df397a7c718844cdc8723f250862676f2808c,"[{""trait_type"":""Background"",""value"":""Gray""},{""trait_type"":""Cloak"",""value"":""Yellow Cloak""},{""trait_type"":""Skull"",""value"":""Gold""},{""trait_type"":""Jewellery"",""value"":""Gray Necklace""},{""trait_type"":""Eyes Accessory"",""value"":""Eyepatch""},{""trait_type"":""Mouth Accessory"",""value"":""Cigarette""},{""trait_type"":""Hand Artifact"",""value"":""Cross""}]"
519,3914231,0x08264ffa2c7b34602048c2da645c9117d6adf5cc5142fcebe2a35cb993f896a4,"[{""trait_type"":""Background"",""value"":""Gray""},{""trait_type"":""Cloak"",""value"":""Light Gray Cloak""},{""trait_type"":""Skull"",""value"":""Lightened""},{""trait_type"":""Jewellery"",""value"":""Gray Necklace""},{""trait_type"":""Eyes Accessory"",""value"":""Cinema Glasses""}]"
518,3914230,0xce387626ff5ed5ef70f0a8bd2da85cb6e0ccff600dcb5feacae879446be67e25,"[{""trait_type"":""Background"",""value"":""Morpheus""},{""trait_type"":""Cloak"",""value"":""Eths Cloak""},{""trait_type"":""Skull"",""value"":""Gold""},{""trait_type"":""Eyes Accessory"",""value"":""Black Glasses""},{""trait_type"":""Mouth Accessory"",""value"":""Cigarette""}]"
517,3914229,0x2f72d7dda89e7edb0d968c9f4bec2eaa3403ed1f5e3bc35b723877a1338c9772,"[{""trait_type"":""Background"",""value"":""Black""},{""trait_type"":""Cloak"",""value"":""Black Cloak""},{""trait_type"":""Skull"",""value"":""Lightened""},{""trait_type"":""Jewellery"",""value"":""Gold Necklace""},{""trait_type"":""Eyes Accessory"",""value"":""Eyepatch""},{""trait_type"":""Headwear"",""value"":""Devil's Horns""}]"
516,3914228,0x87ecfc5521cee1a8bab12537a8ba673333126971611c4b9ca1044e8fb4da4a48,"[{""trait_type"":""Background"",""value"":""Black""},{""trait_type"":""Cloak"",""value"":""Yellow Cloak""},{""trait_type"":""Skull"",""value"":""Gray""},{""trait_type"":""Jewellery"",""value"":""Gold Cross Pendant""},{""trait_type"":""Eyes Accessory"",""value"":""Eyepatch""},{""trait_type"":""Mouth Accessory"",""value"":""Cigarette""}]"
515,3914227,0xa93956c28a9d8cb7c22f7ab562bcc8b44edb7e7c293d0f09d6e8cc9d5adfb97d,"[{""trait_type"":""Background"",""value"":""Black""},{""trait_type"":""Cloak"",""value"":""Light Gray Cloak""},{""trait_type"":""Skull"",""value"":""Zombie""},{""trait_type"":""Jewellery"",""value"":""Gold Cross Pendant""},{""trait_type"":""Eyes Accessory"",""value"":""Dirty Blindfold""},{""trait_type"":""Headwear"",""value"":""Devil's Horns""}]"
514,3914226,0x566b8e88c843acaf517eb44088ed8c56e7f12b851d6fc5aa502e30e55e19dfb3,"[{""trait_type"":""Background"",""value"":""Black""},{""trait_type"":""Cloak"",""value"":""Black Cloak""},{""trait_type"":""Skull"",""value"":""Lightened""},{""trait_type"":""Jewellery"",""value"":""Gray Necklace""},{""trait_type"":""Eyes Accessory"",""value"":""Cinema Glasses""},{""trait_type"":""Mouth Accessory"",""value"":""Cigarette""}]"
513,3914225,0xa9afcea28fe4c75e9efe20beeaf659423a5cf144914f9b34e03a193f98461e43,"[{""trait_type"":""Background"",""value"":""Punk Blue""},{""trait_type"":""Cloak"",""value"":""Light Gray Cloak""},{""trait_type"":""Skull"",""value"":""Lightened""},{""trait_type"":""Jewellery"",""value"":""Gray Necklace""},{""trait_type"":""Eyes Accessory"",""value"":""Cinema Glasses""},{""trait_type"":""Mouth Accessory"",""value"":""Rainfallbow""}]"
512,3914223,0xe09b0e015eb762e6d91818d37502d9dc346947a4eaf5a866dd440e0cb89da4d2,"[{""trait_type"":""Background"",""value"":""Black""},{""trait_type"":""Cloak"",""value"":""Light Gray Cloak""},{""trait_type"":""Skull"",""value"":""Lightened""},{""trait_type"":""Jewellery"",""value"":""Gold Cross Pendant""},{""trait_type"":""Eyes Accessory"",""value"":""Cinema Glasses""},{""trait_type"":""Headwear"",""value"":""Devil's Horns""},{""trait_type"":""Mouth Accessory"",""value"":""Rainfallbow""}]"
511,3914222,0x40ac01dd7b9017251c75796c1c4cb9f701064e16d196d897c1cf0f91ff8dadd3,"[{""trait_type"":""Background"",""value"":""Black""},{""trait_type"":""Cloak"",""value"":""Light Gray Cloak""},{""trait_type"":""Skull"",""value"":""Gold""},{""trait_type"":""Jewellery"",""value"":""Gray Necklace""},{""trait_type"":""Eyes Accessory"",""value"":""Cinema Glasses""},{""trait_type"":""Mouth Accessory"",""value"":""Cigarette""},{""trait_type"":""Hand Artifact"",""value"":""Cross""}]"
510,3914221,0xa45fcfd0f1e8da1871cde1fd9a55f21d38ddffef08d02ef81ee33b59308ce834,"[{""trait_type"":""Background"",""value"":""Code""},{""trait_type"":""Cloak"",""value"":""Red Cloak""},{""trait_type"":""Skull"",""value"":""Gray""},{""trait_type"":""Jewellery"",""value"":""Gray Necklace""},{""trait_type"":""Eyes Accessory"",""value"":""Dirty Blindfold""}]"
509,3914220,0xd7e329cabc63d462228c139f9299eff9eb144f5bf131e7a3334da12fb7cc83b9,"[{""trait_type"":""Background"",""value"":""Red""},{""trait_type"":""Cloak"",""value"":""Light Gray Cloak""},{""trait_type"":""Skull"",""value"":""Gray""},{""trait_type"":""Jewellery"",""value"":""Gray Necklace""},{""trait_type"":""Eyes Accessory"",""value"":""Eyepatch""},{""trait_type"":""Climate"",""value"":""Rainfall""},{""trait_type"":""Headwear"",""value"":""Devil's Horns""}]"
508,3914219,0x13c1bde185b28147f747207023977699c795728a3430445fb91fd6e34c704b52,"[{""trait_type"":""Background"",""value"":""Gray""},{""trait_type"":""Cloak"",""value"":""Light Gray Cloak""},{""trait_type"":""Skull"",""value"":""Gray""},{""trait_type"":""Jewellery"",""value"":""Gray Necklace""},{""trait_type"":""Eyes Accessory"",""value"":""Cinema Glasses""},{""trait_type"":""Wings"",""value"":""Angel's Wings""},{""trait_type"":""Mouth Accessory"",""value"":""Rainfallbow""}]"
507,3914218,0x53ffbb30cefd439b69a89b2af71d47e08a7a6e238d277a32cc8600d7e496be94,"[{""trait_type"":""Background"",""value"":""Gray""},{""trait_type"":""Cloak"",""value"":""Gray Cloak""},{""trait_type"":""Skull"",""value"":""Gray""},{""trait_type"":""Jewellery"",""value"":""Gray Necklace""},{""trait_type"":""Eyes Accessory"",""value"":""Eyepatch""}]"
506,3914217,0xc63a26c04cc7b8fa156529b577a629c66c51f5ea07aeeb59dd32e5ca6dc9e723,"[{""trait_type"":""Background"",""value"":""Morpheus""},{""trait_type"":""Cloak"",""value"":""Light Gray Cloak""},{""trait_type"":""Skull"",""value"":""Zombie""},{""trait_type"":""Jewellery"",""value"":""Gold Cross Pendant""},{""trait_type"":""Eyes Accessory"",""value"":""Cinema Glasses""},{""trait_type"":""Climate"",""value"":""Rainfall""},{""trait_type"":""Mouth Accessory"",""value"":""Rainfallbow""}]"
505,3914216,0x9140a0dbb3d50f123776c7c02dd2bf3583e7f5bec62a487cc6cbe1d7605cd976,"[{""trait_type"":""Background"",""value"":""Punk Blue""},{""trait_type"":""Cloak"",""value"":""Yellow Cloak""},{""trait_type"":""Skull"",""value"":""Red""},{""trait_type"":""Jewellery"",""value"":""Gray Necklace""},{""trait_type"":""Eyes Accessory"",""value"":""Cinema Glasses""},{""trait_type"":""Headwear"",""value"":""Blessed""}]"
504,3914214,0x0360a3677c174321fa3ea1d592f0c9e8c77da8b54556307605604b54b87e647f,"[{""trait_type"":""Background"",""value"":""Gray""},{""trait_type"":""Cloak"",""value"":""Gray Cloak""},{""trait_type"":""Skull"",""value"":""Lightened""},{""trait_type"":""Jewellery"",""value"":""Gray Necklace""},{""trait_type"":""Eyes Accessory"",""value"":""Nerd Glasses""},{""trait_type"":""Headwear"",""value"":""Devil's Horns""}]"
503,3914213,0xd499e13ef2692c33570c36a5cd3c789a9c9a3aa7c16122ca694be8c319c1273e,"[{""trait_type"":""Background"",""value"":""Gray""},{""trait_type"":""Cloak"",""value"":""Black Cloak""},{""trait_type"":""Skull"",""value"":""Gold""},{""trait_type"":""Jewellery"",""value"":""Gray Necklace""},{""trait_type"":""Eyes Accessory"",""value"":""Cinema Glasses""}]"
502,3914212,0xe28ef256aae60edbd422ac4c6224195b357cf641b2d62e3e9f0c9da968540faa,"[{""trait_type"":""Background"",""value"":""Black""},{""trait_type"":""Cloak"",""value"":""Black Cloak""},{""trait_type"":""Skull"",""value"":""Lightened""},{""trait_type"":""Jewellery"",""value"":""Gold Cross Pendant""},{""trait_type"":""Eyes Accessory"",""value"":""Black Glasses""},{""trait_type"":""Headwear"",""value"":""Crown""}]"
501,3914211,0xac806c6717842561a01977bc3735432338d1bfb1d9e5d5994ba9d59a9f7e3ef6,"[{""trait_type"":""Background"",""value"":""Gray""},{""trait_type"":""Cloak"",""value"":""Black Cloak""},{""trait_type"":""Skull"",""value"":""Gray""},{""trait_type"":""Jewellery"",""value"":""Gray Necklace""},{""trait_type"":""Eyes Accessory"",""value"":""Censored""},{""trait_type"":""Climate"",""value"":""Rainfall""}]"
500,3914210,0x50f023339b23929002331c1de09ae01d65ea7e894a143d8dccab3afec27e3d12,"[{""trait_type"":""Background"",""value"":""Punk Blue""},{""trait_type"":""Cloak"",""value"":""Black Cloak""},{""trait_type"":""Skull"",""value"":""Gray""},{""trait_type"":""Jewellery"",""value"":""Gray Necklace""},{""trait_type"":""Eyes Accessory"",""value"":""Cinema Glasses""},{""trait_type"":""Wings"",""value"":""Angel's Wings""}]"
499,3914209,0x5f6bb602b2979d909907a1908f80d95f9798aac92d1b4e0663512fcd896912fa,"[{""trait_type"":""Background"",""value"":""Hell""},{""trait_type"":""Cloak"",""value"":""Yellow Cloak""},{""trait_type"":""Skull"",""value"":""Lightened""},{""trait_type"":""Jewellery"",""value"":""Gold Cross Pendant""},{""trait_type"":""Eyes Accessory"",""value"":""Cinema Glasses""},{""trait_type"":""Wings"",""value"":""Angel's Wings""},{""trait_type"":""Mouth Accessory"",""value"":""Rainfallbow""}]"
498,3914208,0xd4c50f32c747d11a9c844a2d5f1a6fa5c4b9920abe6c93899d03300252f1df31,"[{""trait_type"":""Background"",""value"":""Code""},{""trait_type"":""Cloak"",""value"":""Black Cloak""},{""trait_type"":""Skull"",""value"":""Gray""},{""trait_type"":""Jewellery"",""value"":""Gold Cross Pendant""},{""trait_type"":""Eyes Accessory"",""value"":""Black Glasses""},{""trait_type"":""Wings"",""value"":""Angel's Wings""}]"
497,3914207,0x976c42eb0e5c63299cfc9f540dd553cfe0c2f0b08f07b21eec2e042d28cb82ea,"[{""trait_type"":""Background"",""value"":""Gray""},{""trait_type"":""Cloak"",""value"":""Black Cloak""},{""trait_type"":""Skull"",""value"":""Lightened""},{""trait_type"":""Eyes Accessory"",""value"":""Cinema Glasses""},{""trait_type"":""Mouth Accessory"",""value"":""Cigarette""}]"
496,3914206,0x4d8379a81de9a973c6753a021022455225fbdd3264c2ec2d9d1c723206f41058,"[{""trait_type"":""Background"",""value"":""Black""},{""trait_type"":""Cloak"",""value"":""Black Cloak""},{""trait_type"":""Skull"",""value"":""Lightened""},{""trait_type"":""Jewellery"",""value"":""Gold Cross Pendant""},{""trait_type"":""Eyes Accessory"",""value"":""Censored""}]"
495,3914205,0x0dc6897510b493578451f6fed3763820cd148d86c3c86dcd3e7594e77602fdca,"[{""trait_type"":""Background"",""value"":""Red""},{""trait_type"":""Cloak"",""value"":""Light Gray Cloak""},{""trait_type"":""Skull"",""value"":""Lightened""},{""trait_type"":""Jewellery"",""value"":""Gray Necklace""},{""trait_type"":""Eyes Accessory"",""value"":""Black Glasses""},{""trait_type"":""Headwear"",""value"":""Devil's Horns""}]"
494,3914154,0xcfb352e73ca4abc84e3d6d3421db55e90851a5cfc2b799db58d5d4857f17e96e,"[{""trait_type"":""Background"",""value"":""Red""},{""trait_type"":""Cloak"",""value"":""Gray Cloak""},{""trait_type"":""Skull"",""value"":""Gray""},{""trait_type"":""Jewellery"",""value"":""Gold Cross Pendant""},{""trait_type"":""Eyes Accessory"",""value"":""Eyepatch""}]"
493,3914153,0x7d7a0dac2ed65e153334fa15bd8532bcced4e2c39dcb668adf200bd36ddf48bd,"[{""trait_type"":""Background"",""value"":""Gray""},{""trait_type"":""Cloak"",""value"":""Black Cloak""},{""trait_type"":""Skull"",""value"":""Gray""},{""trait_type"":""Jewellery"",""value"":""Gold Cross Pendant""},{""trait_type"":""Eyes Accessory"",""value"":""Eyepatch""},{""trait_type"":""Climate"",""value"":""Rainfall""},{""trait_type"":""Headwear"",""value"":""Devil's Horns""}]"
492,3914152,0x1387a585020ddaa04b98bfbccbbac5c4eece0d20ef7315288aa9e4f24af072ca,"[{""trait_type"":""Background"",""value"":""Red""},{""trait_type"":""Cloak"",""value"":""Gray Cloak""},{""trait_type"":""Skull"",""value"":""Zombie""},{""trait_type"":""Jewellery"",""value"":""Gray Necklace""},{""trait_type"":""Eyes Accessory"",""value"":""Black Glasses""}]"
491,3914151,0x7f1a7f15841a42014fe9a3091cfaaf30908da021fd784a6c516b3df8219ce045,"[{""trait_type"":""Background"",""value"":""Black""},{""trait_type"":""Cloak"",""value"":""Light Gray Cloak""},{""trait_type"":""Skull"",""value"":""Lightened""},{""trait_type"":""Jewellery"",""value"":""Gray Necklace""},{""trait_type"":""Eyes Accessory"",""value"":""Eyepatch""},{""trait_type"":""Mouth Accessory"",""value"":""Cigarette""}]"
490,3914150,0xc0885f9e4672b35d4bb812ac35bf18768cac05da18348e0ae5a9ebd4bee67e85,"[{""trait_type"":""Background"",""value"":""Red""},{""trait_type"":""Cloak"",""value"":""Light Gray Cloak""},{""trait_type"":""Skull"",""value"":""Lightened""},{""trait_type"":""Jewellery"",""value"":""Gray Necklace""},{""trait_type"":""Eyes Accessory"",""value"":""Black Glasses""},{""trait_type"":""Climate"",""value"":""Rainfall""},{""trait_type"":""Headwear"",""value"":""Devil's Horns""}]"
489,3914149,0x6b2f42988d83c192d28f640e28d220c7ffeea027b8f5aeb37602edb7747dbedc,"[{""trait_type"":""Background"",""value"":""Gray""},{""trait_type"":""Cloak"",""value"":""Yellow Cloak""},{""trait_type"":""Skull"",""value"":""Gray""},{""trait_type"":""Jewellery"",""value"":""Gold Cross Pendant""},{""trait_type"":""Eyes Accessory"",""value"":""Black Glasses""},{""trait_type"":""Climate"",""value"":""Rainfall""},{""trait_type"":""Headwear"",""value"":""Devil's Horns""}]"
488,3914148,0x3519a558a188bb045a5b18f486679e49a00b111fd567b62e750dd2a3748c5945,"[{""trait_type"":""Background"",""value"":""Code""},{""trait_type"":""Cloak"",""value"":""Light Gray Cloak""},{""trait_type"":""Skull"",""value"":""Gray""},{""trait_type"":""Eyes Accessory"",""value"":""Black Glasses""}]"
487,3914147,0xcb8f193a8e32a72bf6e3b2b783aafd3fc0be612cce3d77c07350ad7feb0fb278,"[{""trait_type"":""Background"",""value"":""Code""},{""trait_type"":""Cloak"",""value"":""Light Gray Cloak""},{""trait_type"":""Skull"",""value"":""Gray""},{""trait_type"":""Jewellery"",""value"":""Gray Necklace""},{""trait_type"":""Eyes Accessory"",""value"":""Eyepatch""}]"
486,3914146,0x050d25cbbfd7c1c91f2c7d819bf35a69cfc7a6709120b1d7123b8e82a139b88d,"[{""trait_type"":""Background"",""value"":""Gray""},{""trait_type"":""Cloak"",""value"":""Gray Cloak""},{""trait_type"":""Skull"",""value"":""Lightened""},{""trait_type"":""Jewellery"",""value"":""Gray Necklace""},{""trait_type"":""Eyes Accessory"",""value"":""Black Glasses""}]"
485,3914145,0x949dfcc6054402fac593ea4f9066c6fd357dd4298d75b9f4d2e9ebeb24a67b11,"[{""trait_type"":""Background"",""value"":""Gray""},{""trait_type"":""Cloak"",""value"":""Gray Cloak""},{""trait_type"":""Skull"",""value"":""Gray""},{""trait_type"":""Jewellery"",""value"":""Gray Necklace""},{""trait_type"":""Eyes Accessory"",""value"":""Black Glasses""},{""trait_type"":""Headwear"",""value"":""Devil's Horns""}]"
484,3914144,0xcfa09e3b997ef569789dd1783ad3ee79836068ae88cf26d3e304e20615b710b6,"[{""trait_type"":""Background"",""value"":""Gray""},{""trait_type"":""Cloak"",""value"":""White Cloak""},{""trait_type"":""Skull"",""value"":""Lightened""},{""trait_type"":""Jewellery"",""value"":""Gray Necklace""},{""trait_type"":""Eyes Accessory"",""value"":""Vr Glasses""},{""trait_type"":""Headwear"",""value"":""Devil's Horns""}]"
483,3914143,0xa272514d64706bd9322adf9814f89df650ad5dc8cd3fcdd4689dd426b4a3d1ac,"[{""trait_type"":""Background"",""value"":""Code""},{""trait_type"":""Cloak"",""value"":""Black Cloak""},{""trait_type"":""Skull"",""value"":""Gray""},{""trait_type"":""Jewellery"",""value"":""Gray Necklace""},{""trait_type"":""Eyes Accessory"",""value"":""Cinema Glasses""},{""trait_type"":""Headwear"",""value"":""Devil's Horns""}]"
482,3914142,0xf0ac63a15388e6391486c34888ce7cc9955e9d2e90f0963efcd65545d8661cd8,"[{""trait_type"":""Background"",""value"":""Black""},{""trait_type"":""Cloak"",""value"":""Light Gray Cloak""},{""trait_type"":""Skull"",""value"":""Gray""},{""trait_type"":""Jewellery"",""value"":""Gray Necklace""},{""trait_type"":""Eyes Accessory"",""value"":""Dirty Blindfold""},{""trait_type"":""Mouth Accessory"",""value"":""Rainfallbow""}]"
481,3914141,0x6f1a9985f78694aa1b83e88c2dff2c2719d6e2d91e6fe8a5d68ff9ad8f20922c,"[{""trait_type"":""Background"",""value"":""Gray""},{""trait_type"":""Cloak"",""value"":""Light Gray Cloak""},{""trait_type"":""Skull"",""value"":""Gray""},{""trait_type"":""Jewellery"",""value"":""Gold Necklace""},{""trait_type"":""Eyes Accessory"",""value"":""Cinema Glasses""},{""trait_type"":""Headwear"",""value"":""Crown""},{""trait_type"":""Mouth Accessory"",""value"":""Cigarette""}]"
480,3914140,0x2ac26a2130a19af9c542e98d779bdb7d6f23a4a1954dffaf68ac2d43eaa07ecd,"[{""trait_type"":""Background"",""value"":""Black""},{""trait_type"":""Cloak"",""value"":""Black Cloak""},{""trait_type"":""Skull"",""value"":""Gray""},{""trait_type"":""Jewellery"",""value"":""Gold Necklace""},{""trait_type"":""Eyes Accessory"",""value"":""Black Glasses""},{""trait_type"":""Mouth Accessory"",""value"":""Cigarette""}]"
479,3914139,0x1f2f36b529b17493e359c21d8a0d164039a3f30f14c9b5b09d59d3d457b22e5b,"[{""trait_type"":""Background"",""value"":""Black""},{""trait_type"":""Cloak"",""value"":""Black Cloak""},{""trait_type"":""Skull"",""value"":""Gray""},{""trait_type"":""Eyes Accessory"",""value"":""Eyepatch""},{""trait_type"":""Wings"",""value"":""Purple Angel's Wings""},{""trait_type"":""Headwear"",""value"":""Devil's Horns""}]"
478,3914138,0x103571776fd82ae9269d72e15e3ae97bab2df0edf616326fb2a223ee523eeea7,"[{""trait_type"":""Background"",""value"":""Gray""},{""trait_type"":""Cloak"",""value"":""Red Cloak""},{""trait_type"":""Skull"",""value"":""Gray""},{""trait_type"":""Jewellery"",""value"":""Gray Necklace""},{""trait_type"":""Eyes Accessory"",""value"":""Black Glasses""},{""trait_type"":""Headwear"",""value"":""Blessed""}]"
477,3914137,0xc790870329fec035ab353041454fb0ff5a28a24757898d27c8fae15cca1394ea,"[{""trait_type"":""Background"",""value"":""Gray""},{""trait_type"":""Cloak"",""value"":""Eths Cloak""},{""trait_type"":""Skull"",""value"":""Gray""},{""trait_type"":""Jewellery"",""value"":""Gold Cross Pendant""},{""trait_type"":""Eyes Accessory"",""value"":""Cinema Glasses""},{""trait_type"":""Mouth Accessory"",""value"":""Cigarette""}]"
476,3914136,0xaceadf51f35d296a7a2a558900b0a2036cf009ceaa73e2c366ffc6c97c9f8518,"[{""trait_type"":""Background"",""value"":""Black""},{""trait_type"":""Cloak"",""value"":""Light Gray Cloak""},{""trait_type"":""Skull"",""value"":""Gray""},{""trait_type"":""Jewellery"",""value"":""Gray Necklace""},{""trait_type"":""Eyes Accessory"",""value"":""Eyepatch""},{""trait_type"":""Headwear"",""value"":""Devil's Horns""}]"
475,3914135,0xb6a0f004bbae2e302fa5eed3e6312063ca06701e90223b075a2cc2e86f8f6155,"[{""trait_type"":""Background"",""value"":""Code""},{""trait_type"":""Cloak"",""value"":""Light Gray Cloak""},{""trait_type"":""Skull"",""value"":""Gray""},{""trait_type"":""Jewellery"",""value"":""Gray Necklace""},{""trait_type"":""Eyes Accessory"",""value"":""Dirty Blindfold""},{""trait_type"":""Wings"",""value"":""Angel's Wings""},{""trait_type"":""Hand Artifact"",""value"":""Wand""}]"
474,3914134,0xd0f82c589f3ad3d45990b3f65d65f851d3bec7c6e08073892f62829c53f5f766,"[{""trait_type"":""Background"",""value"":""Gray""},{""trait_type"":""Cloak"",""value"":""Light Gray Cloak""},{""trait_type"":""Skull"",""value"":""Gold""},{""trait_type"":""Jewellery"",""value"":""Gray Necklace""},{""trait_type"":""Eyes Accessory"",""value"":""Censored""},{""trait_type"":""Headwear"",""value"":""Devil's Horns""},{""trait_type"":""Mouth Accessory"",""value"":""Vape""}]"
473,3914119,0x6f4641e5b81eff4ec3d8c560aa1862bd21d80912d58aa9fcb7c3c5c530da1fe6,"[{""trait_type"":""Background"",""value"":""Black""},{""trait_type"":""Cloak"",""value"":""Black Cloak""},{""trait_type"":""Skull"",""value"":""Gray""},{""trait_type"":""Jewellery"",""value"":""Gold Cross Pendant""},{""trait_type"":""Eyes Accessory"",""value"":""Cinema Glasses""},{""trait_type"":""Wings"",""value"":""Angel's Wings""},{""trait_type"":""Climate"",""value"":""Rainfall""}]"
472,3914118,0xa16f9ab5d36061c4eb507863334140e1d302a79cd81a97f40c642077da60abdc,"[{""trait_type"":""Background"",""value"":""Gray""},{""trait_type"":""Cloak"",""value"":""Gray Cloak""},{""trait_type"":""Skull"",""value"":""Red""},{""trait_type"":""Eyes Accessory"",""value"":""Cinema Glasses""},{""trait_type"":""Headwear"",""value"":""Devil's Horns""},{""trait_type"":""Mouth Accessory"",""value"":""Rainfallbow""}]"
471,3914117,0x63bd49031aa32a9356c50c39648569ec20a0d4a917009c2a60a3e9bc419f73dd,"[{""trait_type"":""Background"",""value"":""Code""},{""trait_type"":""Cloak"",""value"":""Black Cloak""},{""trait_type"":""Skull"",""value"":""Gray""},{""trait_type"":""Jewellery"",""value"":""Gold Cross Pendant""},{""trait_type"":""Eyes Accessory"",""value"":""Cinema Glasses""},{""trait_type"":""Headwear"",""value"":""Devil's Horns""},{""trait_type"":""Mouth Accessory"",""value"":""Cigarette""}]"
470,3914116,0x0d2e4b1ed3afc28f141c3c04e60a74d6098d6679ed052f2fa42dbb01fa7ab00f,"[{""trait_type"":""Background"",""value"":""Black""},{""trait_type"":""Cloak"",""value"":""Gray Cloak""},{""trait_type"":""Skull"",""value"":""Lightened""},{""trait_type"":""Jewellery"",""value"":""Gray Necklace""},{""trait_type"":""Eyes Accessory"",""value"":""Nerd Glasses""},{""trait_type"":""Headwear"",""value"":""Blessed""},{""trait_type"":""Hand Artifact"",""value"":""Wand""}]"
469,3914115,0x812fe141d2de11e1b05db04c6ab2dee77af19feea604a01b58d46f4be8ecc56d,"[{""trait_type"":""Background"",""value"":""Hell""},{""trait_type"":""Cloak"",""value"":""Light Gray Cloak""},{""trait_type"":""Skull"",""value"":""Gray""},{""trait_type"":""Jewellery"",""value"":""Gray Necklace""},{""trait_type"":""Eyes Accessory"",""value"":""Cinema Glasses""},{""trait_type"":""Headwear"",""value"":""Devil's Horns""}]"
468,3914114,0xbfcbe87ff123cfd48fd47363c6cd4d2427fde088d0170138d896d351901ee6fa,"[{""trait_type"":""Background"",""value"":""Black""},{""trait_type"":""Cloak"",""value"":""Yellow Cloak""},{""trait_type"":""Skull"",""value"":""Gray""},{""trait_type"":""Eyes Accessory"",""value"":""Black Glasses""},{""trait_type"":""Headwear"",""value"":""Blessed""}]"
467,3914113,0x821e66aafb916ea5a9ab4fe1ee9721b27795a8d15545727bb06198666d609618,"[{""trait_type"":""Background"",""value"":""Code""},{""trait_type"":""Cloak"",""value"":""Black Cloak""},{""trait_type"":""Skull"",""value"":""Gray""},{""trait_type"":""Jewellery"",""value"":""Gray Necklace""},{""trait_type"":""Eyes Accessory"",""value"":""Black Glasses""},{""trait_type"":""Hand Artifact"",""value"":""Wand""}]"
466,3914112,0xdebbd8fb5e52b1422a29fbba7057840481e4c65fae453f1bbc87d4649c1d5c71,"[{""trait_type"":""Background"",""value"":""Red""},{""trait_type"":""Cloak"",""value"":""Gray Cloak""},{""trait_type"":""Skull"",""value"":""Lightened""},{""trait_type"":""Jewellery"",""value"":""Gray Necklace""},{""trait_type"":""Eyes Accessory"",""value"":""Cinema Glasses""},{""trait_type"":""Headwear"",""value"":""Devil's Horns""}]"
465,3914111,0xd95ddc6c4d16ab96a00757c3bc356e8f4befa9adbec3198c0234fb318b945463,"[{""trait_type"":""Background"",""value"":""Gray""},{""trait_type"":""Cloak"",""value"":""Light Gray Cloak""},{""trait_type"":""Skull"",""value"":""Lightened""},{""trait_type"":""Jewellery"",""value"":""Gold Cross Pendant""},{""trait_type"":""Eyes Accessory"",""value"":""Eyepatch""},{""trait_type"":""Wings"",""value"":""Angel's Wings""},{""trait_type"":""Headwear"",""value"":""Devil's Horns""}]"
464,3914110,0xeee3b2ddf05f9510404c8be6ab56fd001560ea9e165e87b82922ca4d8079654a,"[{""trait_type"":""Background"",""value"":""Black""},{""trait_type"":""Cloak"",""value"":""Light Gray Cloak""},{""trait_type"":""Skull"",""value"":""Lightened""},{""trait_type"":""Jewellery"",""value"":""Gray Necklace""},{""trait_type"":""Eyes Accessory"",""value"":""Cinema Glasses""},{""trait_type"":""Hand Artifact"",""value"":""Wand""}]"
463,3914109,0x4227c1e14eed660d9eef2598a675dfc4d1c1daef18fb7a3cf2a19787d30cc12c,"[{""trait_type"":""Background"",""value"":""Red""},{""trait_type"":""Cloak"",""value"":""Light Gray Cloak""},{""trait_type"":""Skull"",""value"":""Gray""},{""trait_type"":""Jewellery"",""value"":""Gold Cross Pendant""},{""trait_type"":""Eyes Accessory"",""value"":""Eyepatch""},{""trait_type"":""Mouth Accessory"",""value"":""Rainfallbow""}]"
462,3914108,0x85d6fd31e74deadebaace3044f98fb11eb62561148daa65d5b060b2f1fb92c38,"[{""trait_type"":""Background"",""value"":""Black""},{""trait_type"":""Cloak"",""value"":""Gray Cloak""},{""trait_type"":""Skull"",""value"":""Gray""},{""trait_type"":""Jewellery"",""value"":""Gold Cross Pendant""},{""trait_type"":""Eyes Accessory"",""value"":""Cinema Glasses""},{""trait_type"":""Hand Artifact"",""value"":""Wand""}]"
461,3914107,0x912a720d9b2b5028d3f9ac8b77d93cd63934bcce9599287b25ebdedec2afbd07,"[{""trait_type"":""Background"",""value"":""Black""},{""trait_type"":""Cloak"",""value"":""Light Gray Cloak""},{""trait_type"":""Skull"",""value"":""Gray""},{""trait_type"":""Jewellery"",""value"":""Gold Necklace""},{""trait_type"":""Eyes Accessory"",""value"":""Black Glasses""},{""trait_type"":""Mouth Accessory"",""value"":""Rainfallbow""}]"
460,3914106,0x722f134e6f2917541ac3216251bfbc320df5df93552a3a867c389bb783ae6714,"[{""trait_type"":""Background"",""value"":""Hell""},{""trait_type"":""Cloak"",""value"":""Black Cloak""},{""trait_type"":""Skull"",""value"":""Red""},{""trait_type"":""Jewellery"",""value"":""Gray Necklace""},{""trait_type"":""Eyes Accessory"",""value"":""Cinema Glasses""},{""trait_type"":""Wings"",""value"":""Angel's Wings""}]"
459,3914105,0xb0a6da5a3a5978e810061c23bc5b7b1e8f8bca4e9ce19547ea4baebb15724c51,"[{""trait_type"":""Background"",""value"":""Morpheus""},{""trait_type"":""Cloak"",""value"":""Red Cloak""},{""trait_type"":""Skull"",""value"":""Gray""},{""trait_type"":""Jewellery"",""value"":""Gold Cross Pendant""},{""trait_type"":""Eyes Accessory"",""value"":""Cinema Glasses""},{""trait_type"":""Hand Artifact"",""value"":""Cross""}]"
458,3914103,0x207f88807b67428ca4aa3ea20cef3a8fc0cf7a02d07a877c783f4ab510c4e489,"[{""trait_type"":""Background"",""value"":""Black""},{""trait_type"":""Cloak"",""value"":""Gray Cloak""},{""trait_type"":""Skull"",""value"":""Lightened""},{""trait_type"":""Jewellery"",""value"":""Gray Necklace""},{""trait_type"":""Eyes Accessory"",""value"":""Cinema Glasses""}]"
457,3914102,0xcebc2333932a36c12aaa28b51ed6ab0280652d185f15ab3dc4bc7ed9a29dcec4,"[{""trait_type"":""Background"",""value"":""Red""},{""trait_type"":""Cloak"",""value"":""Black Cloak""},{""trait_type"":""Skull"",""value"":""Lightened""},{""trait_type"":""Jewellery"",""value"":""Gray Necklace""},{""trait_type"":""Eyes Accessory"",""value"":""Black Glasses""},{""trait_type"":""Climate"",""value"":""Rainfall""}]"
456,3914101,0x074500ca2b02b6e3a6287bff0c1cc9ee1570f33521a9fd1e4060df81db1e1167,"[{""trait_type"":""Background"",""value"":""Black""},{""trait_type"":""Cloak"",""value"":""White Cloak""},{""trait_type"":""Skull"",""value"":""Zombie""},{""trait_type"":""Eyes Accessory"",""value"":""Eyepatch""},{""trait_type"":""Headwear"",""value"":""Blessed""},{""trait_type"":""Mouth Accessory"",""value"":""Gold Grillz Smoke""}]"
455,3914100,0xed286668cc10e2c43acb455a8b6752c107b4cc90821798cc8e777669a7e45c2e,"[{""trait_type"":""Background"",""value"":""Gray""},{""trait_type"":""Cloak"",""value"":""Black Cloak""},{""trait_type"":""Skull"",""value"":""Gray""},{""trait_type"":""Jewellery"",""value"":""Gold Cross Pendant""},{""trait_type"":""Eyes Accessory"",""value"":""Nerd Glasses""},{""trait_type"":""Wings"",""value"":""Angel's Wings""},{""trait_type"":""Headwear"",""value"":""Crown""}]"
454,3914099,0xfb0bffe4a627c3b9de58f1399fb7436fbe47a51e5c8dcb0c59af7c4955e3171d,"[{""trait_type"":""Background"",""value"":""Hell""},{""trait_type"":""Cloak"",""value"":""Black Cloak""},{""trait_type"":""Skull"",""value"":""Gray""},{""trait_type"":""Jewellery"",""value"":""Gold Cross Pendant""},{""trait_type"":""Eyes Accessory"",""value"":""Cinema Glasses""},{""trait_type"":""Headwear"",""value"":""Blessed""}]"
453,3913724,0x61c5877bb5389e0a54767d054af2b66bbb7f913ea7f85b650ac286f3a2be1c78,"[{""trait_type"":""Background"",""value"":""Black""},{""trait_type"":""Cloak"",""value"":""Light Gray Cloak""},{""trait_type"":""Skull"",""value"":""Zombie""},{""trait_type"":""Jewellery"",""value"":""Gray Necklace""},{""trait_type"":""Eyes Accessory"",""value"":""Eyepatch""},{""trait_type"":""Headwear"",""value"":""Devil's Horns""}]"
452,3913723,0x1a2eed09326f2049532a96bcad584e436c77a85912512685fbe8b913e56a4128,"[{""trait_type"":""Background"",""value"":""Black""},{""trait_type"":""Cloak"",""value"":""Black Cloak""},{""trait_type"":""Skull"",""value"":""Gray""},{""trait_type"":""Jewellery"",""value"":""Gold Cross Pendant""},{""trait_type"":""Eyes Accessory"",""value"":""Eyepatch""},{""trait_type"":""Climate"",""value"":""Rainfall""},{""trait_type"":""Headwear"",""value"":""Blessed""}]"
451,3913722,0x58b8a298a1322e5b9e8642a452c35106342d8af7ebedac47b3347f5f2ea7fccf,"[{""trait_type"":""Background"",""value"":""Red""},{""trait_type"":""Cloak"",""value"":""Yellow Cloak""},{""trait_type"":""Skull"",""value"":""Lightened""},{""trait_type"":""Jewellery"",""value"":""Gray Necklace""},{""trait_type"":""Eyes Accessory"",""value"":""Cinema Glasses""},{""trait_type"":""Mouth Accessory"",""value"":""Cigarette""}]"
450,3913721,0x75cb0ed29ae52cf5791eb39c8cc91f292e56c7b2422f55e1ae3cd93cf62779ec,"[{""trait_type"":""Background"",""value"":""Red""},{""trait_type"":""Cloak"",""value"":""Gray Cloak""},{""trait_type"":""Skull"",""value"":""Gray""},{""trait_type"":""Jewellery"",""value"":""Gold Cross Pendant""},{""trait_type"":""Eyes Accessory"",""value"":""Nerd Glasses""},{""trait_type"":""Climate"",""value"":""Rainfall""},{""trait_type"":""Mouth Accessory"",""value"":""Cigarette""}]"
449,3913720,0xa91780b1c5e94ea82662a16943510c45fb2b95448f7154066fbab3961cb017a6,"[{""trait_type"":""Background"",""value"":""Gray""},{""trait_type"":""Cloak"",""value"":""Light Gray Cloak""},{""trait_type"":""Skull"",""value"":""Gray""},{""trait_type"":""Jewellery"",""value"":""Gold Cross Pendant""},{""trait_type"":""Eyes Accessory"",""value"":""Cinema Glasses""}]"
448,3913719,0x0f7ba5d34cea37dfde64fadceaf1dddfcea8fa36de1a216be8a12fa0df53726c,"[{""trait_type"":""Background"",""value"":""Gray""},{""trait_type"":""Cloak"",""value"":""Light Gray Cloak""},{""trait_type"":""Skull"",""value"":""Gray""},{""trait_type"":""Jewellery"",""value"":""Gold Necklace""},{""trait_type"":""Eyes Accessory"",""value"":""Black Glasses""},{""trait_type"":""Headwear"",""value"":""Devil's Horns""}]"
447,3913718,0xe346ce4a7ecbbdd0acf9b7220d1bcb294716ccd5a0b0ae60b8beb172cb85b96d,"[{""trait_type"":""Background"",""value"":""Code""},{""trait_type"":""Cloak"",""value"":""Black Cloak""},{""trait_type"":""Skull"",""value"":""Gray""},{""trait_type"":""Jewellery"",""value"":""Gray Necklace""},{""trait_type"":""Eyes Accessory"",""value"":""Dirty Blindfold""},{""trait_type"":""Headwear"",""value"":""Blessed""}]"
446,3913717,0xed7c1f5cb7d7653480e973f70497976cf602d6fbfd6ae35cf79f10bd49fc4870,"[{""trait_type"":""Background"",""value"":""Code""},{""trait_type"":""Cloak"",""value"":""Light Gray Cloak""},{""trait_type"":""Skull"",""value"":""Gray""},{""trait_type"":""Jewellery"",""value"":""Gray Necklace""},{""trait_type"":""Eyes Accessory"",""value"":""Eyepatch""},{""trait_type"":""Headwear"",""value"":""Blessed""}]"
445,3913716,0xe9d0ce60659b84ac1f432c6ce781dafa5d7ffe258943cfaf75271e1113143ce0,"[{""trait_type"":""Background"",""value"":""Morpheus""},{""trait_type"":""Cloak"",""value"":""Gray Cloak""},{""trait_type"":""Skull"",""value"":""Gray""},{""trait_type"":""Eyes Accessory"",""value"":""Vr Glasses""}]"
444,3913715,0x15df1ba4b163af746c75ce2ca61e8ec5f13bd2bb64c64034520bc0b28994d9d3,"[{""trait_type"":""Background"",""value"":""Red""},{""trait_type"":""Cloak"",""value"":""Gray Cloak""},{""trait_type"":""Skull"",""value"":""Lightened""},{""trait_type"":""Jewellery"",""value"":""Gray Necklace""},{""trait_type"":""Eyes Accessory"",""value"":""Cinema Glasses""},{""trait_type"":""Headwear"",""value"":""Devil's Horns""},{""trait_type"":""Mouth Accessory"",""value"":""Vape""}]"
443,3913714,0x7ea42c9f34aab904aa535c22e4abe61bf2fd49bdb5adf5a7be62fb9fc369f1bf,"[{""trait_type"":""Background"",""value"":""Red""},{""trait_type"":""Cloak"",""value"":""Black Cloak""},{""trait_type"":""Skull"",""value"":""Gray""},{""trait_type"":""Jewellery"",""value"":""Gold Cross Pendant""},{""trait_type"":""Eyes Accessory"",""value"":""Nerd Glasses""},{""trait_type"":""Headwear"",""value"":""Devil's Horns""},{""trait_type"":""Mouth Accessory"",""value"":""Rainfallbow""}]"
442,3913713,0x77ff118bbc33c612d97790e19fa6c569542d76147c9486834d05ba6004440572,"[{""trait_type"":""Background"",""value"":""Gray""},{""trait_type"":""Cloak"",""value"":""Light Gray Cloak""},{""trait_type"":""Skull"",""value"":""Gold""},{""trait_type"":""Jewellery"",""value"":""Gold Cross Pendant""},{""trait_type"":""Eyes Accessory"",""value"":""Eyepatch""}]"
441,3913712,0x1984802f889338132043d20371ee86e442be3b01493ba8d57be05d709c481293,"[{""trait_type"":""Background"",""value"":""Black""},{""trait_type"":""Cloak"",""value"":""Light Gray Cloak""},{""trait_type"":""Skull"",""value"":""Lightened""},{""trait_type"":""Jewellery"",""value"":""Gold Cross Pendant""},{""trait_type"":""Eyes Accessory"",""value"":""Eyepatch""},{""trait_type"":""Wings"",""value"":""Angel's Wings""},{""trait_type"":""Headwear"",""value"":""Devil's Horns""}]"
440,3912576,0x8f3f0e2416904f91b6396c600fdf38f342f12be10fe30260a9fd732af02c218d,"[{""trait_type"":""Background"",""value"":""Black""},{""trait_type"":""Cloak"",""value"":""Gray Cloak""},{""trait_type"":""Skull"",""value"":""Gray""},{""trait_type"":""Eyes Accessory"",""value"":""Nerd Glasses""},{""trait_type"":""Wings"",""value"":""Angel's Wings""}]"
439,3912575,0x3e34df1d191be5f0c5543164b93b195221aa6a06ac8a0691ec85751662db7712,"[{""trait_type"":""Background"",""value"":""Morpheus""},{""trait_type"":""Cloak"",""value"":""Eths Cloak""},{""trait_type"":""Skull"",""value"":""Gray""},{""trait_type"":""Jewellery"",""value"":""Gray Necklace""},{""trait_type"":""Eyes Accessory"",""value"":""Black Glasses""},{""trait_type"":""Headwear"",""value"":""Devil's Horns""},{""trait_type"":""Mouth Accessory"",""value"":""Cigarette""}]"
438,3912574,0x5e84b537d46b89fd2f8b960d3f7ee08a567b806ab05d2863da988a54d334f352,"[{""trait_type"":""Background"",""value"":""Morpheus""},{""trait_type"":""Cloak"",""value"":""Black Cloak""},{""trait_type"":""Skull"",""value"":""Gray""},{""trait_type"":""Jewellery"",""value"":""Gray Necklace""},{""trait_type"":""Eyes Accessory"",""value"":""Eyepatch""},{""trait_type"":""Headwear"",""value"":""Devil's Horns""},{""trait_type"":""Mouth Accessory"",""value"":""Cigarette""}]"
437,3912573,0x99878c6d95213a8fbd40341445311f045ce31708101e6c1f0af05f47dc937ec8,"[{""trait_type"":""Background"",""value"":""Gray""},{""trait_type"":""Cloak"",""value"":""Light Gray Cloak""},{""trait_type"":""Skull"",""value"":""Gray""},{""trait_type"":""Jewellery"",""value"":""Gray Necklace""},{""trait_type"":""Eyes Accessory"",""value"":""Cinema Glasses""},{""trait_type"":""Headwear"",""value"":""Blessed""}]"
436,3912572,0x34aba05033171c89798b848b99e9d911240259c8af36b6a4782ed6575b2121c2,"[{""trait_type"":""Background"",""value"":""Gray""},{""trait_type"":""Cloak"",""value"":""Black Cloak""},{""trait_type"":""Skull"",""value"":""Gray""},{""trait_type"":""Eyes Accessory"",""value"":""Cinema Glasses""}]"
435,3912571,0x4dcba9e22f0451eeac1fedf9657e3de8cde9f236e4c1dca8d655d547f7ecbafa,"[{""trait_type"":""Background"",""value"":""Code""},{""trait_type"":""Cloak"",""value"":""Black Cloak""},{""trait_type"":""Skull"",""value"":""Lightened""},{""trait_type"":""Jewellery"",""value"":""Gold Cross Pendant""},{""trait_type"":""Eyes Accessory"",""value"":""Cinema Glasses""},{""trait_type"":""Climate"",""value"":""Rainfall""},{""trait_type"":""Headwear"",""value"":""Blessed""},{""trait_type"":""Mouth Accessory"",""value"":""Cigarette""}]"
434,3912570,0xc0d079cfec8f8992261da79a186701e60699ccf0fdc47880e10031b2a7feb505,"[{""trait_type"":""Background"",""value"":""Black""},{""trait_type"":""Cloak"",""value"":""Light Gray Cloak""},{""trait_type"":""Skull"",""value"":""Red""},{""trait_type"":""Eyes Accessory"",""value"":""Nerd Glasses""},{""trait_type"":""Headwear"",""value"":""Blessed""}]"
433,3912569,0x9521b986d2f616179a4fe94eaa0f4278420c20ec66a1ee93552fcb2b2feb768f,"[{""trait_type"":""Background"",""value"":""Black""},{""trait_type"":""Cloak"",""value"":""Light Gray Cloak""},{""trait_type"":""Skull"",""value"":""Lightened""},{""trait_type"":""Jewellery"",""value"":""Gold Cross Pendant""},{""trait_type"":""Eyes Accessory"",""value"":""Black Glasses""},{""trait_type"":""Mouth Accessory"",""value"":""Rainfallbow""}]"
432,3912568,0xce4267c60a5dea785b05a937db2677db7050fac58a7f530ebef6727b96f98ed3,"[{""trait_type"":""Background"",""value"":""Code""},{""trait_type"":""Cloak"",""value"":""Light Gray Cloak""},{""trait_type"":""Skull"",""value"":""Lightened""},{""trait_type"":""Eyes Accessory"",""value"":""Black Glasses""},{""trait_type"":""Wings"",""value"":""Angel's Wings""},{""trait_type"":""Headwear"",""value"":""Devil's Horns""}]"
431,3912567,0x51d28858fae6eca5b2d76e9a9472d7f7b0e9d87fa80e931c4df7af56a00d0ff3,"[{""trait_type"":""Background"",""value"":""Red""},{""trait_type"":""Cloak"",""value"":""Light Gray Cloak""},{""trait_type"":""Skull"",""value"":""Lightened""},{""trait_type"":""Jewellery"",""value"":""Gray Necklace""},{""trait_type"":""Eyes Accessory"",""value"":""Black Glasses""},{""trait_type"":""Mouth Accessory"",""value"":""Rainfallbow""}]"
430,3912566,0x544747bca77fcbee948a6c9eb980ab4271edcb7e8f2e34ab5f5cb4d2a7b33a68,"[{""trait_type"":""Background"",""value"":""Dark Clouds""},{""trait_type"":""Cloak"",""value"":""Light Gray Cloak""},{""trait_type"":""Skull"",""value"":""Gray""},{""trait_type"":""Jewellery"",""value"":""Gold Cross Pendant""},{""trait_type"":""Eyes Accessory"",""value"":""Black Glasses""},{""trait_type"":""Headwear"",""value"":""Devil's Horns""},{""trait_type"":""Mouth Accessory"",""value"":""Cigarette""}]"
429,3912565,0x466b17fb1348cc97246e47422c552a3e49eda0980dea7fc469fcca1fe0d1b7d2,"[{""trait_type"":""Background"",""value"":""Gray""},{""trait_type"":""Cloak"",""value"":""Gray Cloak""},{""trait_type"":""Skull"",""value"":""Gray""},{""trait_type"":""Eyes Accessory"",""value"":""Eyepatch""},{""trait_type"":""Wings"",""value"":""Angel's Wings""},{""trait_type"":""Headwear"",""value"":""Devil's Horns""}]"
428,3912564,0xa26ffa5b767df9f0a31da26a106f999143485e15f9dea667e9dcf07ff42bf009,"[{""trait_type"":""Background"",""value"":""Black""},{""trait_type"":""Cloak"",""value"":""Black Cloak""},{""trait_type"":""Skull"",""value"":""Zombie""},{""trait_type"":""Jewellery"",""value"":""Gray Necklace""},{""trait_type"":""Eyes Accessory"",""value"":""Eyepatch""},{""trait_type"":""Headwear"",""value"":""Blessed""},{""trait_type"":""Hand Artifact"",""value"":""Cross""}]"
427,3912563,0x6cbdc271457bf2ff13c49e4fa643526d5015381b1ec65723b64fadb0321f861e,"[{""trait_type"":""Background"",""value"":""Black""},{""trait_type"":""Cloak"",""value"":""Gray Cloak""},{""trait_type"":""Skull"",""value"":""Lightened""},{""trait_type"":""Jewellery"",""value"":""Gray Necklace""},{""trait_type"":""Eyes Accessory"",""value"":""Eyepatch""},{""trait_type"":""Mouth Accessory"",""value"":""Cigarette""}]"
426,3912562,0x3a2d1a6d2933432be30b91437eafed5b72c9ab932fc7d7ce1f3bad1bcd8bd148,"[{""trait_type"":""Background"",""value"":""Morpheus""},{""trait_type"":""Cloak"",""value"":""Light Gray Cloak""},{""trait_type"":""Skull"",""value"":""Gray""},{""trait_type"":""Jewellery"",""value"":""Gray Necklace""},{""trait_type"":""Eyes Accessory"",""value"":""Cinema Glasses""},{""trait_type"":""Headwear"",""value"":""Devil's Horns""},{""trait_type"":""Hand Artifact"",""value"":""Wand""}]"
425,3912561,0x45c2c784532a40e48b11590157b76d9c86dbb89a24c92db61a366ef5674dc786,"[{""trait_type"":""Background"",""value"":""Code""},{""trait_type"":""Cloak"",""value"":""Gray Cloak""},{""trait_type"":""Skull"",""value"":""Gray""},{""trait_type"":""Jewellery"",""value"":""Gray Necklace""},{""trait_type"":""Eyes Accessory"",""value"":""Cinema Glasses""},{""trait_type"":""Wings"",""value"":""Angel's Wings""},{""trait_type"":""Headwear"",""value"":""Devil's Horns""},{""trait_type"":""Mouth Accessory"",""value"":""Vape""}]"
424,3912560,0x2453646371ff269b294822200cb03cb9b6b16bf6321bca1d5af18045fa00c55a,"[{""trait_type"":""Background"",""value"":""Gray""},{""trait_type"":""Cloak"",""value"":""Gray Cloak""},{""trait_type"":""Skull"",""value"":""Gray""},{""trait_type"":""Jewellery"",""value"":""Gold Cross Pendant""},{""trait_type"":""Eyes Accessory"",""value"":""Eyepatch""},{""trait_type"":""Wings"",""value"":""Angel's Wings""}]"
423,3912559,0x392da0553a0255706739ff53d02700c6fe184efda2e74361d39e03cf9fe6b723,"[{""trait_type"":""Background"",""value"":""Black""},{""trait_type"":""Cloak"",""value"":""Light Gray Cloak""},{""trait_type"":""Skull"",""value"":""Lightened""},{""trait_type"":""Eyes Accessory"",""value"":""Black Glasses""},{""trait_type"":""Headwear"",""value"":""Devil's Horns""}]"
422,3912558,0x725dfefebf77dd0a3a1f223d908473813d50b221e3e9b0fefed218850f2c711f,"[{""trait_type"":""Background"",""value"":""Red""},{""trait_type"":""Cloak"",""value"":""Gray Cloak""},{""trait_type"":""Skull"",""value"":""Gray""},{""trait_type"":""Eyes Accessory"",""value"":""Cinema Glasses""}]"
421,3912557,0x6ff84eef4abddfa5977f91a29096c4f550794a9d22b39df0c653c380896127a1,"[{""trait_type"":""Background"",""value"":""Black""},{""trait_type"":""Cloak"",""value"":""Light Gray Cloak""},{""trait_type"":""Skull"",""value"":""Lightened""},{""trait_type"":""Jewellery"",""value"":""Gold Cross Pendant""},{""trait_type"":""Eyes Accessory"",""value"":""Cinema Glasses""},{""trait_type"":""Mouth Accessory"",""value"":""Rainfallbow""}]"
420,3912556,0x96798576152d50cc322f4acada4b5f7b488d45a3a32eb26e1e64ec9c988b85a1,"[{""trait_type"":""Background"",""value"":""Punk Blue""},{""trait_type"":""Cloak"",""value"":""Gray Cloak""},{""trait_type"":""Skull"",""value"":""Lightened""},{""trait_type"":""Jewellery"",""value"":""Gold Cross Pendant""},{""trait_type"":""Eyes Accessory"",""value"":""Black Glasses""},{""trait_type"":""Headwear"",""value"":""Devil's Horns""}]"
419,3912555,0x60d71c7e8c9eaa68e35257f80fa0a75e36ae6147474aa0996034b97616c4c6c6,"[{""trait_type"":""Background"",""value"":""Black""},{""trait_type"":""Cloak"",""value"":""Yellow Cloak""},{""trait_type"":""Skull"",""value"":""Lightened""},{""trait_type"":""Jewellery"",""value"":""Gray Necklace""},{""trait_type"":""Eyes Accessory"",""value"":""Eyepatch""},{""trait_type"":""Climate"",""value"":""Rainfall""}]"
418,3912554,0x27f7dc6d623b32b0117787e1b43e4a382a738fba9ccd4c1ba82e032e343d533b,"[{""trait_type"":""Background"",""value"":""Dark Clouds""},{""trait_type"":""Cloak"",""value"":""Light Gray Cloak""},{""trait_type"":""Skull"",""value"":""Gray""},{""trait_type"":""Jewellery"",""value"":""Gold Cross Pendant""},{""trait_type"":""Eyes Accessory"",""value"":""Cinema Glasses""},{""trait_type"":""Headwear"",""value"":""Blessed""},{""trait_type"":""Mouth Accessory"",""value"":""Cigarette""}]"
417,3912553,0x89f4e4531608537dbf75f46d32528cbeebf9b3982ba4193accf6af1931668755,"[{""trait_type"":""Background"",""value"":""Dark Clouds""},{""trait_type"":""Cloak"",""value"":""Black Cloak""},{""trait_type"":""Skull"",""value"":""Gray""},{""trait_type"":""Jewellery"",""value"":""Gray Necklace""},{""trait_type"":""Eyes Accessory"",""value"":""Eyepatch""}]"
416,3912552,0xc03eda4d4198fe37f69c5c187dbe70cec6d301ba63b4281ea1806d5df8f1d569,"[{""trait_type"":""Background"",""value"":""Black""},{""trait_type"":""Cloak"",""value"":""Red Cloak""},{""trait_type"":""Skull"",""value"":""Gray""},{""trait_type"":""Jewellery"",""value"":""Gray Necklace""},{""trait_type"":""Eyes Accessory"",""value"":""Black Glasses""},{""trait_type"":""Headwear"",""value"":""Devil's Horns""}]"
415,3912551,0x8cbfd73ce9880e4ddb201eb55e23d545e59ce3ef852577102ec6b808620d5de3,"[{""trait_type"":""Background"",""value"":""Gray""},{""trait_type"":""Cloak"",""value"":""Light Gray Cloak""},{""trait_type"":""Skull"",""value"":""Gold""},{""trait_type"":""Eyes Accessory"",""value"":""Black Glasses""},{""trait_type"":""Headwear"",""value"":""Devil's Horns""}]"
414,3911701,0x9873d113ec2578b3437f334c25f08cf35d4262b96b41c3aee32ccaf3df3d8213,"[{""trait_type"":""Background"",""value"":""Black""},{""trait_type"":""Cloak"",""value"":""White Cloak""},{""trait_type"":""Skull"",""value"":""Gray""},{""trait_type"":""Jewellery"",""value"":""Gold Cross Pendant""},{""trait_type"":""Eyes Accessory"",""value"":""Cinema Glasses""}]"
413,3911700,0x82051031e21f2fbf762579e464d0ad11618630db441dd509b980d86cb44cf461,"[{""trait_type"":""Background"",""value"":""Morpheus""},{""trait_type"":""Cloak"",""value"":""Black Cloak""},{""trait_type"":""Skull"",""value"":""Gray""},{""trait_type"":""Jewellery"",""value"":""Gold Cross Pendant""},{""trait_type"":""Eyes Accessory"",""value"":""Eyepatch""}]"
412,3911697,0xac89fd5aa64431e349cbc1a1c13ad30c5b3eb6a8bf984105df1e2d0565cf3305,"[{""trait_type"":""Background"",""value"":""Red""},{""trait_type"":""Cloak"",""value"":""Black Cloak""},{""trait_type"":""Skull"",""value"":""Gray""},{""trait_type"":""Jewellery"",""value"":""Gray Necklace""},{""trait_type"":""Eyes Accessory"",""value"":""Cinema Glasses""},{""trait_type"":""Hand Artifact"",""value"":""Cross""}]"
411,3911696,0x4d24b97e19a7a956fd11b79771f1beb238df1eab55b9a3f15749c006e433f7ce,"[{""trait_type"":""Background"",""value"":""Gray""},{""trait_type"":""Cloak"",""value"":""Gray Cloak""},{""trait_type"":""Skull"",""value"":""Gray""},{""trait_type"":""Eyes Accessory"",""value"":""Black Glasses""},{""trait_type"":""Headwear"",""value"":""Devil's Horns""},{""trait_type"":""Hand Artifact"",""value"":""Wand""}]"
410,3911695,0x54b3b872c12b7e8293769431411dc1a8d72bba86552648e0ec6f54fcd4290a50,"[{""trait_type"":""Background"",""value"":""Morpheus""},{""trait_type"":""Cloak"",""value"":""Gray Cloak""},{""trait_type"":""Skull"",""value"":""Zombie""},{""trait_type"":""Jewellery"",""value"":""Gray Necklace""},{""trait_type"":""Eyes Accessory"",""value"":""Cinema Glasses""},{""trait_type"":""Mouth Accessory"",""value"":""Cigarette""}]"
409,3911694,0xed3578ebfda71fe21b5b98a702e42e73662edffbb8ef85175b1d3a882d76e662,"[{""trait_type"":""Background"",""value"":""Gray""},{""trait_type"":""Cloak"",""value"":""Black Cloak""},{""trait_type"":""Skull"",""value"":""Gray""},{""trait_type"":""Jewellery"",""value"":""Gold Cross Pendant""},{""trait_type"":""Eyes Accessory"",""value"":""Censored""},{""trait_type"":""Headwear"",""value"":""Devil's Horns""}]"
408,3911691,0xa871f80e015d262af987b5e6917b0323d13b6411505be3177ad8f1992f3c4329,"[{""trait_type"":""Background"",""value"":""Gray""},{""trait_type"":""Cloak"",""value"":""Black Cloak""},{""trait_type"":""Skull"",""value"":""Lightened""},{""trait_type"":""Jewellery"",""value"":""Gold Necklace""},{""trait_type"":""Eyes Accessory"",""value"":""Eyepatch""},{""trait_type"":""Climate"",""value"":""Rainfall""},{""trait_type"":""Headwear"",""value"":""Blessed""}]"
407,3911690,0x5e64ea1d48a38474039248e6248823d20be52fb82b04d4dcaa3479acf074a381,"[{""trait_type"":""Background"",""value"":""Gray""},{""trait_type"":""Cloak"",""value"":""Light Gray Cloak""},{""trait_type"":""Skull"",""value"":""Lightened""},{""trait_type"":""Jewellery"",""value"":""Gray Necklace""},{""trait_type"":""Eyes Accessory"",""value"":""Eyepatch""}]"
406,3911687,0xbc42059acc53e6f3a721582fa0dd4f991724f1627310ee1135b382c2eff932d2,"[{""trait_type"":""Background"",""value"":""Code""},{""trait_type"":""Cloak"",""value"":""Gray Cloak""},{""trait_type"":""Skull"",""value"":""Lightened""},{""trait_type"":""Jewellery"",""value"":""Gold Cross Pendant""},{""trait_type"":""Eyes Accessory"",""value"":""Cinema Glasses""},{""trait_type"":""Headwear"",""value"":""Blessed""}]"
405,3911686,0x664c8e882995a7e8d3ddfcd4c29ab713d00aa76846132f2f623036a6bb3edfea,"[{""trait_type"":""Background"",""value"":""Punk Blue""},{""trait_type"":""Cloak"",""value"":""Light Gray Cloak""},{""trait_type"":""Skull"",""value"":""Lightened""},{""trait_type"":""Jewellery"",""value"":""Gray Necklace""},{""trait_type"":""Eyes Accessory"",""value"":""Black Glasses""},{""trait_type"":""Climate"",""value"":""Rainfall""},{""trait_type"":""Headwear"",""value"":""Devil's Horns""}]"
404,3911685,0x9e9f72874b7e1b8c26428d88ec6e9a01af4c19d45dc2d90f929f6ae39a6ecfe0,"[{""trait_type"":""Background"",""value"":""Black""},{""trait_type"":""Cloak"",""value"":""Gray Cloak""},{""trait_type"":""Skull"",""value"":""Lightened""},{""trait_type"":""Jewellery"",""value"":""Gray Necklace""},{""trait_type"":""Eyes Accessory"",""value"":""Censored""},{""trait_type"":""Headwear"",""value"":""Devil's Horns""},{""trait_type"":""Mouth Accessory"",""value"":""Cigarette""}]"
403,3911684,0xf3ebc5c34628017daff8706e00705158ac75ed1b28acc52f383f80e5615354db,"[{""trait_type"":""Background"",""value"":""Red""},{""trait_type"":""Cloak"",""value"":""Light Gray Cloak""},{""trait_type"":""Skull"",""value"":""Gray""},{""trait_type"":""Jewellery"",""value"":""Gold Cross Pendant""},{""trait_type"":""Eyes Accessory"",""value"":""Nerd Glasses""},{""trait_type"":""Headwear"",""value"":""Devil's Horns""},{""trait_type"":""Hand Artifact"",""value"":""Wand""}]"
402,3911675,0xf9133f6ae60029c64611d5b861e88e1d38c8277bf2188b7e59800dcaff44df68,"[{""trait_type"":""Background"",""value"":""Code""},{""trait_type"":""Cloak"",""value"":""Gray Cloak""},{""trait_type"":""Skull"",""value"":""Gold""},{""trait_type"":""Jewellery"",""value"":""Gold Cross Pendant""},{""trait_type"":""Eyes Accessory"",""value"":""Eyepatch""},{""trait_type"":""Headwear"",""value"":""Devil's Horns""}]"
401,3911674,0x1d539aef4be8f9b113a12aaaac7fcf5c5ea48f82ef2752f10a4b7d3ec7f855b8,"[{""trait_type"":""Background"",""value"":""Black""},{""trait_type"":""Cloak"",""value"":""Light Gray Cloak""},{""trait_type"":""Skull"",""value"":""Lightened""},{""trait_type"":""Jewellery"",""value"":""Gray Necklace""},{""trait_type"":""Eyes Accessory"",""value"":""Black Glasses""}]"
400,3911673,0xf1a15fb48c8ef19e6d29351b4ebd4dcf41890cb0240e5dd865ec618f5fd17961,"[{""trait_type"":""Background"",""value"":""Hell""},{""trait_type"":""Cloak"",""value"":""Black Cloak""},{""trait_type"":""Skull"",""value"":""Zombie""},{""trait_type"":""Jewellery"",""value"":""Gray Necklace""},{""trait_type"":""Eyes Accessory"",""value"":""Black Glasses""},{""trait_type"":""Mouth Accessory"",""value"":""Vape""}]"
399,3911672,0xa621f3cf62dfe0bbbb012a547f345b6d70381a3bca5d056ea446271c66e95158,"[{""trait_type"":""Background"",""value"":""Punk Blue""},{""trait_type"":""Cloak"",""value"":""Black Cloak""},{""trait_type"":""Skull"",""value"":""Gray""},{""trait_type"":""Jewellery"",""value"":""Gray Necklace""},{""trait_type"":""Eyes Accessory"",""value"":""Black Glasses""}]"
398,3911669,0x4e2b7cb016deefbb6ae99bdf491dad42cc9ba61fa7607d5dec74375595212404,"[{""trait_type"":""Background"",""value"":""Red""},{""trait_type"":""Cloak"",""value"":""Black Cloak""},{""trait_type"":""Skull"",""value"":""Lightened""},{""trait_type"":""Jewellery"",""value"":""Gray Necklace""},{""trait_type"":""Eyes Accessory"",""value"":""Cinema Glasses""},{""trait_type"":""Headwear"",""value"":""Devil's Horns""}]"
397,3911668,0x027a634eea888a4431f05ac8d06ef5e7fb80a606eea81d911ab6efdeebaa824f,"[{""trait_type"":""Background"",""value"":""Gray""},{""trait_type"":""Cloak"",""value"":""Red Cloak""},{""trait_type"":""Skull"",""value"":""Lightened""},{""trait_type"":""Jewellery"",""value"":""Gray Necklace""},{""trait_type"":""Eyes Accessory"",""value"":""Black Glasses""}]"
396,3911667,0x112691a2e19684a377523bf6dd4a1325bd4fc5d6a4cc64269ef8fabcb9c35a2b,"[{""trait_type"":""Background"",""value"":""Black""},{""trait_type"":""Cloak"",""value"":""Light Gray Cloak""},{""trait_type"":""Skull"",""value"":""Gray""},{""trait_type"":""Jewellery"",""value"":""Gold Cross Pendant""},{""trait_type"":""Eyes Accessory"",""value"":""Black Glasses""},{""trait_type"":""Mouth Accessory"",""value"":""Cigarette""}]"
395,3911665,0xe993824ad04e3ac88b23410fbcb60c5290b499d75792c8e8bce85651f3487313,"[{""trait_type"":""Background"",""value"":""Black""},{""trait_type"":""Cloak"",""value"":""Black Cloak""},{""trait_type"":""Skull"",""value"":""Gray""},{""trait_type"":""Jewellery"",""value"":""Gold Cross Pendant""},{""trait_type"":""Eyes Accessory"",""value"":""Cinema Glasses""}]"
394,3911664,0xd08575a13d02b1993d35d5d5fd73c486a2d0487f5e46068b86e555d28c3e9e86,"[{""trait_type"":""Background"",""value"":""Black""},{""trait_type"":""Cloak"",""value"":""Red Cloak""},{""trait_type"":""Skull"",""value"":""Gray""},{""trait_type"":""Jewellery"",""value"":""Gray Necklace""},{""trait_type"":""Eyes Accessory"",""value"":""Eyepatch""},{""trait_type"":""Headwear"",""value"":""Devil's Horns""},{""trait_type"":""Mouth Accessory"",""value"":""Rainfallbow""}]"
393,3911663,0x85155d986dca63985ff4bebbd608663d0300a8fcbd23def9b6cb2ae4d207afe6,"[{""trait_type"":""Background"",""value"":""Gray""},{""trait_type"":""Cloak"",""value"":""Light Gray Cloak""},{""trait_type"":""Skull"",""value"":""Gray""},{""trait_type"":""Jewellery"",""value"":""Gray Necklace""},{""trait_type"":""Eyes Accessory"",""value"":""Cinema Glasses""},{""trait_type"":""Mouth Accessory"",""value"":""Cigarette""}]"
392,3911662,0x6d54144db512ddaf25c871502d17f4156640cb3163191c48a2c1e0e59e22e499,"[{""trait_type"":""Background"",""value"":""Black""},{""trait_type"":""Cloak"",""value"":""Light Gray Cloak""},{""trait_type"":""Skull"",""value"":""Gray""},{""trait_type"":""Jewellery"",""value"":""Gold Cross Pendant""},{""trait_type"":""Eyes Accessory"",""value"":""Eyepatch""},{""trait_type"":""Wings"",""value"":""Angel's Wings""}]"
391,3911661,0x8722c8d96f712de8e107ba65de209b50c2fd7d2a042c5dfb906ab4f258f5b14c,"[{""trait_type"":""Background"",""value"":""Code""},{""trait_type"":""Cloak"",""value"":""White Cloak""},{""trait_type"":""Skull"",""value"":""Gray""},{""trait_type"":""Jewellery"",""value"":""Gray Necklace""},{""trait_type"":""Eyes Accessory"",""value"":""Black Glasses""},{""trait_type"":""Wings"",""value"":""Angel's Wings""},{""trait_type"":""Mouth Accessory"",""value"":""Vape""}]"
390,3911660,0x9d401a445135053e35b9519c8af46cf89f1ccf99d14d977037691ab178c7e52d,"[{""trait_type"":""Background"",""value"":""Black""},{""trait_type"":""Cloak"",""value"":""Light Gray Cloak""},{""trait_type"":""Skull"",""value"":""Lightened""},{""trait_type"":""Jewellery"",""value"":""Gold Cross Pendant""},{""trait_type"":""Eyes Accessory"",""value"":""Cinema Glasses""},{""trait_type"":""Headwear"",""value"":""Crown""},{""trait_type"":""Hand Artifact"",""value"":""Cross""}]"
389,3911658,0x6ae53dd6560cdbcd6358697140761692cfa7e13ba9a0087c0c96652a5c91e0ca,"[{""trait_type"":""Background"",""value"":""Morpheus""},{""trait_type"":""Cloak"",""value"":""Light Gray Cloak""},{""trait_type"":""Skull"",""value"":""Lightened""},{""trait_type"":""Jewellery"",""value"":""Gray Necklace""},{""trait_type"":""Eyes Accessory"",""value"":""Cinema Glasses""},{""trait_type"":""Climate"",""value"":""Rainfall""},{""trait_type"":""Headwear"",""value"":""Devil's Horns""}]"
388,3911657,0x69927854b86566d74eb6d431f23e9fc74637da27becfec908d458b0ce5aa9c1e,"[{""trait_type"":""Background"",""value"":""Black""},{""trait_type"":""Cloak"",""value"":""Gray Cloak""},{""trait_type"":""Skull"",""value"":""Lightened""},{""trait_type"":""Jewellery"",""value"":""Gray Necklace""},{""trait_type"":""Eyes Accessory"",""value"":""Cinema Glasses""},{""trait_type"":""Headwear"",""value"":""Devil's Horns""}]"
387,3911656,0x3d2f5605817ef3083470024b7d03984b37727cfe85ef2678187c11ee0a158048,"[{""trait_type"":""Background"",""value"":""Punk Blue""},{""trait_type"":""Cloak"",""value"":""Black Cloak""},{""trait_type"":""Skull"",""value"":""Gray""},{""trait_type"":""Jewellery"",""value"":""Gray Necklace""},{""trait_type"":""Eyes Accessory"",""value"":""Eyepatch""},{""trait_type"":""Wings"",""value"":""Angel's Wings""}]"
386,3911655,0xb2755b887f1c85217861fc21f3f42a96e0013bd35eab55b915f0a49ff50edf0f,"[{""trait_type"":""Background"",""value"":""Black""},{""trait_type"":""Cloak"",""value"":""Black Cloak""},{""trait_type"":""Skull"",""value"":""Gray""},{""trait_type"":""Jewellery"",""value"":""Gray Necklace""},{""trait_type"":""Eyes Accessory"",""value"":""Black Glasses""},{""trait_type"":""Headwear"",""value"":""Blessed""}]"
385,3911654,0x0338eb1e867c180f97a1193995bbd63e24d26ab822256180fdb9a4b03bd76156,"[{""trait_type"":""Background"",""value"":""Gray""},{""trait_type"":""Cloak"",""value"":""Gray Cloak""},{""trait_type"":""Skull"",""value"":""Lightened""},{""trait_type"":""Jewellery"",""value"":""Gray Necklace""},{""trait_type"":""Eyes Accessory"",""value"":""Black Glasses""},{""trait_type"":""Climate"",""value"":""Rainfall""},{""trait_type"":""Mouth Accessory"",""value"":""Rainfallbow""}]"
384,3911653,0x4d46bacb067cdb5b92cb3781c54103dca16bf70aff0a80d809e86ecf3c4a6c9f,"[{""trait_type"":""Background"",""value"":""Punk Blue""},{""trait_type"":""Cloak"",""value"":""Light Gray Cloak""},{""trait_type"":""Skull"",""value"":""Gray""},{""trait_type"":""Eyes Accessory"",""value"":""Eyepatch""}]"
383,3911652,0x533513551268e036c7b4cc133f0deaac8c07756111051344d9b5563be98f7725,"[{""trait_type"":""Background"",""value"":""Code""},{""trait_type"":""Cloak"",""value"":""Gray Cloak""},{""trait_type"":""Skull"",""value"":""Gold""},{""trait_type"":""Jewellery"",""value"":""Gray Necklace""},{""trait_type"":""Eyes Accessory"",""value"":""Black Glasses""},{""trait_type"":""Headwear"",""value"":""Devil's Horns""}]"
382,3911651,0xe1f6bffe1f275ed9d107da476f60de4ef7df50e45d7bfd547e9fd066e27f7038,"[{""trait_type"":""Background"",""value"":""Gray""},{""trait_type"":""Cloak"",""value"":""White Cloak""},{""trait_type"":""Skull"",""value"":""Gray""},{""trait_type"":""Jewellery"",""value"":""Gray Necklace""},{""trait_type"":""Eyes Accessory"",""value"":""Eyepatch""},{""trait_type"":""Headwear"",""value"":""Blessed""}]"
381,3911645,0x91de0800dc58de0dee947ea2c075ddfcaebd8c301a7a18f24bf1d1e78ced0ea2,"[{""trait_type"":""Background"",""value"":""Gray""},{""trait_type"":""Cloak"",""value"":""Black Cloak""},{""trait_type"":""Skull"",""value"":""Gray""},{""trait_type"":""Eyes Accessory"",""value"":""Black Glasses""},{""trait_type"":""Headwear"",""value"":""Devil's Horns""},{""trait_type"":""Mouth Accessory"",""value"":""Cigarette""}]"
380,3911644,0x57c98a0b101a5e3ec45a8a6748fec513fbc5bfbc7d9a3d260d0d4282df2c6f30,"[{""trait_type"":""Background"",""value"":""Black""},{""trait_type"":""Cloak"",""value"":""Light Gray Cloak""},{""trait_type"":""Skull"",""value"":""Lightened""},{""trait_type"":""Eyes Accessory"",""value"":""Cinema Glasses""},{""trait_type"":""Headwear"",""value"":""Crown""}]"
379,3911642,0xe04175b9b1a378c2def4e9a4fb288e1bbf8bc9a3dd829997b4351f0e227e978e,"[{""trait_type"":""Background"",""value"":""Punk Blue""},{""trait_type"":""Cloak"",""value"":""Black Cloak""},{""trait_type"":""Skull"",""value"":""Lightened""},{""trait_type"":""Jewellery"",""value"":""Gray Necklace""},{""trait_type"":""Eyes Accessory"",""value"":""Eyepatch""},{""trait_type"":""Headwear"",""value"":""Crown""}]"
378,3911636,0xab1523cc0e80d3fc5a46e81c4d3b9e0f9eaad78a958a1c2d09c361a7a15ac0b2,"[{""trait_type"":""Background"",""value"":""Punk Blue""},{""trait_type"":""Cloak"",""value"":""Black Cloak""},{""trait_type"":""Skull"",""value"":""Gray""},{""trait_type"":""Jewellery"",""value"":""Gold Cross Pendant""},{""trait_type"":""Eyes Accessory"",""value"":""Cinema Glasses""},{""trait_type"":""Mouth Accessory"",""value"":""Cigarette""},{""trait_type"":""Hand Artifact"",""value"":""Wand""}]"
377,3911635,0xeb9c8c154946a777827ed8f3e3176caf00eb9ecdb6b34235818375a6bfe46d1c,"[{""trait_type"":""Background"",""value"":""Punk Blue""},{""trait_type"":""Cloak"",""value"":""Black Cloak""},{""trait_type"":""Skull"",""value"":""Gray""},{""trait_type"":""Jewellery"",""value"":""Gold Cross Pendant""},{""trait_type"":""Eyes Accessory"",""value"":""Eyepatch""}]"
376,3911622,0xb2e3d081c0856e1bd343a8042c49681461ce68a80ff316e7fc7883d64e186339,"[{""trait_type"":""Background"",""value"":""Red""},{""trait_type"":""Cloak"",""value"":""Gray Cloak""},{""trait_type"":""Skull"",""value"":""Gray""},{""trait_type"":""Jewellery"",""value"":""Gray Necklace""},{""trait_type"":""Eyes Accessory"",""value"":""Black Glasses""},{""trait_type"":""Climate"",""value"":""Rainfall""},{""trait_type"":""Mouth Accessory"",""value"":""Cigarette""}]"
375,3911621,0x9a79d1ec10d2b7a3c43d9429fecc2bab16e84a4943e6d633d40b6a010f451ecf,"[{""trait_type"":""Background"",""value"":""Gray""},{""trait_type"":""Cloak"",""value"":""Light Gray Cloak""},{""trait_type"":""Skull"",""value"":""Lightened""},{""trait_type"":""Jewellery"",""value"":""Gold Cross Pendant""},{""trait_type"":""Eyes Accessory"",""value"":""Eyepatch""}]"
374,3911620,0x8a261fd388911ae45da74772acd10f325a381e802a741afad39741fb2c7394cc,"[{""trait_type"":""Background"",""value"":""Red""},{""trait_type"":""Cloak"",""value"":""Light Gray Cloak""},{""trait_type"":""Skull"",""value"":""Gray""},{""trait_type"":""Eyes Accessory"",""value"":""Censored""},{""trait_type"":""Headwear"",""value"":""Devil's Horns""}]"
373,3909467,0xe7cf255c70df5d62ca96fa8d8efca6d5e14f088287ebfd9e811a0582c1fd18ee,"[{""trait_type"":""Background"",""value"":""Black""},{""trait_type"":""Cloak"",""value"":""Gray Cloak""},{""trait_type"":""Skull"",""value"":""Zombie""},{""trait_type"":""Jewellery"",""value"":""Gold Cross Pendant""},{""trait_type"":""Eyes Accessory"",""value"":""Cinema Glasses""},{""trait_type"":""Headwear"",""value"":""Devil's Horns""},{""trait_type"":""Mouth Accessory"",""value"":""Cigarette""}]"
372,3909466,0x49db622eb82d6548a8608b89d227e45dccbdbe5cb1f43d512c007b2a06aa02e2,"[{""trait_type"":""Background"",""value"":""Gray""},{""trait_type"":""Cloak"",""value"":""Black Cloak""},{""trait_type"":""Skull"",""value"":""Gold""},{""trait_type"":""Jewellery"",""value"":""Gold Cross Pendant""},{""trait_type"":""Eyes Accessory"",""value"":""Eyepatch""},{""trait_type"":""Mouth Accessory"",""value"":""Cigarette""}]"
371,3909403,0x98c02fd7ef68eab9b4aed2c2004334cc7517779df453f5967ed4fd73b331236e,"[{""trait_type"":""Background"",""value"":""Code""},{""trait_type"":""Cloak"",""value"":""Light Gray Cloak""},{""trait_type"":""Skull"",""value"":""Gray""},{""trait_type"":""Jewellery"",""value"":""Gray Necklace""},{""trait_type"":""Eyes Accessory"",""value"":""Cinema Glasses""},{""trait_type"":""Wings"",""value"":""Angel's Wings""},{""trait_type"":""Headwear"",""value"":""Devil's Horns""},{""trait_type"":""Mouth Accessory"",""value"":""Rainfallbow""}]"
370,3909402,0x6444c6bbb6df50ad207003f6be3f2679528e246504011ee2047bad825b1c33bd,"[{""trait_type"":""Background"",""value"":""Black""},{""trait_type"":""Cloak"",""value"":""Yellow Cloak""},{""trait_type"":""Skull"",""value"":""Gray""},{""trait_type"":""Jewellery"",""value"":""Gray Necklace""},{""trait_type"":""Eyes Accessory"",""value"":""Cinema Glasses""},{""trait_type"":""Mouth Accessory"",""value"":""Cigarette""},{""trait_type"":""Hand Artifact"",""value"":""Cross""}]"
369,3909401,0x1384f74ff0d5cb2f59222834c7e24f765d66449e98e7566a69b2874872685f63,"[{""trait_type"":""Background"",""value"":""Punk Blue""},{""trait_type"":""Cloak"",""value"":""Light Gray Cloak""},{""trait_type"":""Skull"",""value"":""Gray""},{""trait_type"":""Jewellery"",""value"":""Gray Necklace""},{""trait_type"":""Eyes Accessory"",""value"":""Eyepatch""},{""trait_type"":""Climate"",""value"":""Rainfall""},{""trait_type"":""Headwear"",""value"":""Devil's Horns""},{""trait_type"":""Mouth Accessory"",""value"":""Cigarette""}]"
368,3909400,0x59c0aec287edd9ddfb46786217b0be2efb503f86e2338036e1f554bdb99de578,"[{""trait_type"":""Background"",""value"":""Black""},{""trait_type"":""Cloak"",""value"":""Black Cloak""},{""trait_type"":""Skull"",""value"":""Gray""},{""trait_type"":""Jewellery"",""value"":""Gray Necklace""},{""trait_type"":""Eyes Accessory"",""value"":""Cinema Glasses""},{""trait_type"":""Mouth Accessory"",""value"":""Cigarette""}]"
367,3909399,0x9053b30093bff6e8d75b90c377a1fa8b1c4c50f20e988e0e2bff157db92db106,"[{""trait_type"":""Background"",""value"":""Black""},{""trait_type"":""Cloak"",""value"":""Light Gray Cloak""},{""trait_type"":""Skull"",""value"":""Gray""},{""trait_type"":""Eyes Accessory"",""value"":""Cinema Glasses""}]"
366,3909398,0x7cad401cb456f170bdc70ed981257e3c4455d923352ef970c49225d11d3c578e,"[{""trait_type"":""Background"",""value"":""Black""},{""trait_type"":""Cloak"",""value"":""Yellow Cloak""},{""trait_type"":""Skull"",""value"":""Lightened""},{""trait_type"":""Jewellery"",""value"":""Gray Necklace""},{""trait_type"":""Eyes Accessory"",""value"":""Black Glasses""}]"
365,3909397,0xe3a256eaa19cc46117034805d6aa4e0f153804bdf1e4d7b052ea5626baeecb16,"[{""trait_type"":""Background"",""value"":""Punk Blue""},{""trait_type"":""Cloak"",""value"":""Light Gray Cloak""},{""trait_type"":""Skull"",""value"":""Gray""},{""trait_type"":""Jewellery"",""value"":""Gray Necklace""},{""trait_type"":""Eyes Accessory"",""value"":""Black Glasses""},{""trait_type"":""Climate"",""value"":""Rainfall""}]"
364,3909396,0xed5f3642807af72c5d3f662de8a666da996df84445602683706f8340b7ef197c,"[{""trait_type"":""Background"",""value"":""Dark Clouds""},{""trait_type"":""Cloak"",""value"":""Light Gray Cloak""},{""trait_type"":""Skull"",""value"":""Gray""},{""trait_type"":""Jewellery"",""value"":""Gray Necklace""},{""trait_type"":""Eyes Accessory"",""value"":""Black Glasses""},{""trait_type"":""Mouth Accessory"",""value"":""Cigarette""}]"
363,3909395,0x4a988dde9c428ca46a8e18036c416d144a59ebc99eab3a75d467890e0a5fea10,"[{""trait_type"":""Background"",""value"":""Gray""},{""trait_type"":""Cloak"",""value"":""Gray Cloak""},{""trait_type"":""Skull"",""value"":""Lightened""},{""trait_type"":""Jewellery"",""value"":""Gold Cross Pendant""},{""trait_type"":""Eyes Accessory"",""value"":""Black Glasses""}]"
362,3909394,0xc8b09f778a2ab755f16d49ec23865a95701df82270752875759d28bbabfec38b,"[{""trait_type"":""Background"",""value"":""Gray""},{""trait_type"":""Cloak"",""value"":""Yellow Cloak""},{""trait_type"":""Skull"",""value"":""Lightened""},{""trait_type"":""Jewellery"",""value"":""Gray Necklace""},{""trait_type"":""Eyes Accessory"",""value"":""Eyepatch""},{""trait_type"":""Headwear"",""value"":""Devil's Horns""},{""trait_type"":""Mouth Accessory"",""value"":""Cigarette""}]"
361,3909393,0x2544bd26cec236dbbb7d9f1ea13320dd3ea300e0793878ed350a2cb63e9e92c0,"[{""trait_type"":""Background"",""value"":""Gray""},{""trait_type"":""Cloak"",""value"":""Light Gray Cloak""},{""trait_type"":""Skull"",""value"":""Gray""},{""trait_type"":""Eyes Accessory"",""value"":""Censored""},{""trait_type"":""Wings"",""value"":""Angel's Wings""},{""trait_type"":""Headwear"",""value"":""Devil's Horns""}]"
360,3909392,0x04aa59d10895df29f9bd9ecea0d9510a92b1dc264b186799e4c702ffad884f03,"[{""trait_type"":""Background"",""value"":""Gray""},{""trait_type"":""Cloak"",""value"":""Light Gray Cloak""},{""trait_type"":""Skull"",""value"":""Gray""},{""trait_type"":""Jewellery"",""value"":""Gold Cross Pendant""},{""trait_type"":""Eyes Accessory"",""value"":""Eyepatch""}]"
359,3909163,0xdc63ed91b7f446d03ef09ad36849f546e8fa2987e88624889d8706ddbe4d696b,"[{""trait_type"":""Background"",""value"":""Code""},{""trait_type"":""Cloak"",""value"":""Gray Cloak""},{""trait_type"":""Skull"",""value"":""Gray""},{""trait_type"":""Jewellery"",""value"":""Gray Necklace""},{""trait_type"":""Eyes Accessory"",""value"":""Eyepatch""},{""trait_type"":""Wings"",""value"":""Angel's Wings""}]"
358,3909162,0x041fdde1bb32f18a2dfd17fd854362213d48d454aaba33d5971fc781fc17d750,"[{""trait_type"":""Background"",""value"":""Gray""},{""trait_type"":""Cloak"",""value"":""Black Cloak""},{""trait_type"":""Skull"",""value"":""Gray""},{""trait_type"":""Jewellery"",""value"":""Gray Necklace""},{""trait_type"":""Eyes Accessory"",""value"":""Eyepatch""},{""trait_type"":""Climate"",""value"":""Rainfall""},{""trait_type"":""Headwear"",""value"":""Devil's Horns""},{""trait_type"":""Mouth Accessory"",""value"":""Cigarette""}]"
357,3909161,0x6bc88a7c1c3e68ca1eceecce78811195029bdbad0bd1ffdd0771893930d4e3f5,"[{""trait_type"":""Background"",""value"":""Gray""},{""trait_type"":""Cloak"",""value"":""Gray Cloak""},{""trait_type"":""Skull"",""value"":""Gray""},{""trait_type"":""Jewellery"",""value"":""Gold Cross Pendant""},{""trait_type"":""Eyes Accessory"",""value"":""Cinema Glasses""},{""trait_type"":""Mouth Accessory"",""value"":""Cigarette""}]"
356,3909160,0x729d38b03433c819a25667394e4cf0802230ed09d2e8bcd0ca31a7aed9d036ea,"[{""trait_type"":""Background"",""value"":""Black""},{""trait_type"":""Cloak"",""value"":""Light Gray Cloak""},{""trait_type"":""Skull"",""value"":""Gray""},{""trait_type"":""Jewellery"",""value"":""Gray Necklace""},{""trait_type"":""Eyes Accessory"",""value"":""Cinema Glasses""}]"
355,3909159,0x961842b157aa360613a59d68ee65cdb67c4f182da56afc34c255233bf5b26752,"[{""trait_type"":""Background"",""value"":""Gray""},{""trait_type"":""Cloak"",""value"":""Light Gray Cloak""},{""trait_type"":""Skull"",""value"":""Gray""},{""trait_type"":""Jewellery"",""value"":""Gray Necklace""},{""trait_type"":""Eyes Accessory"",""value"":""Dirty Blindfold""},{""trait_type"":""Headwear"",""value"":""Devil's Horns""}]"
354,3909158,0x518fe7dfec9c9ffb0aecaf2cffc0599e5ca22ee06e4d65b7a4ee479ad15adb7a,"[{""trait_type"":""Background"",""value"":""Black""},{""trait_type"":""Cloak"",""value"":""Gray Cloak""},{""trait_type"":""Skull"",""value"":""Gray""},{""trait_type"":""Jewellery"",""value"":""Gray Necklace""},{""trait_type"":""Eyes Accessory"",""value"":""Cinema Glasses""},{""trait_type"":""Headwear"",""value"":""Devil's Horns""}]"
353,3909157,0xb1cb213082cf469f9d49b0e54c3a9798e929f9bd2e66ba5532f7c1cda05baa25,"[{""trait_type"":""Background"",""value"":""Code""},{""trait_type"":""Cloak"",""value"":""Black Cloak""},{""trait_type"":""Skull"",""value"":""Gray""},{""trait_type"":""Jewellery"",""value"":""Gold Cross Pendant""},{""trait_type"":""Eyes Accessory"",""value"":""Black Glasses""}]"
352,3909156,0x6149a59a8333ce3b9c92ff6b05627f220955dacec4e98d5ed34422ba46c26fae,"[{""trait_type"":""Background"",""value"":""Black""},{""trait_type"":""Cloak"",""value"":""Gray Cloak""},{""trait_type"":""Skull"",""value"":""Gray""},{""trait_type"":""Jewellery"",""value"":""Gold Necklace""},{""trait_type"":""Eyes Accessory"",""value"":""Eyepatch""},{""trait_type"":""Headwear"",""value"":""Blessed""},{""trait_type"":""Mouth Accessory"",""value"":""Rainfallbow""}]"
351,3909155,0xc7b452a626a195da388e3393292e5a8f6b198e82579a152ec07b14f0f6cfdf2a,"[{""trait_type"":""Background"",""value"":""Gray""},{""trait_type"":""Cloak"",""value"":""Gray Cloak""},{""trait_type"":""Skull"",""value"":""Gold""},{""trait_type"":""Jewellery"",""value"":""Gray Necklace""},{""trait_type"":""Eyes Accessory"",""value"":""Cinema Glasses""},{""trait_type"":""Climate"",""value"":""Rainfall""},{""trait_type"":""Headwear"",""value"":""Blessed""}]"
350,3909154,0xed2fd38637047f196a5a9e98afe4804432f93ff76d860a13d3242ed4a5b7c80c,"[{""trait_type"":""Background"",""value"":""Space""},{""trait_type"":""Cloak"",""value"":""Light Gray Cloak""},{""trait_type"":""Skull"",""value"":""Gray""},{""trait_type"":""Jewellery"",""value"":""Gray Necklace""},{""trait_type"":""Eyes Accessory"",""value"":""Black Glasses""},{""trait_type"":""Headwear"",""value"":""Blessed""},{""trait_type"":""Mouth Accessory"",""value"":""Rainfallbow""}]"
349,3909153,0x62372dbcd029d0e98ee8ded391122fecb14be168416fd845e2c2cb05f26e5a9c,"[{""trait_type"":""Background"",""value"":""Hell""},{""trait_type"":""Cloak"",""value"":""Gray Cloak""},{""trait_type"":""Skull"",""value"":""Gray""},{""trait_type"":""Jewellery"",""value"":""Gold Cross Pendant""},{""trait_type"":""Eyes Accessory"",""value"":""Eyepatch""},{""trait_type"":""Hand Artifact"",""value"":""Wand""}]"
348,3909152,0xe625ac543a5494f1746e273e4ba4430ce6109a25e95c289edf5624940818a5d8,"[{""trait_type"":""Background"",""value"":""Code""},{""trait_type"":""Cloak"",""value"":""Black Cloak""},{""trait_type"":""Skull"",""value"":""Lightened""},{""trait_type"":""Jewellery"",""value"":""Gray Necklace""},{""trait_type"":""Eyes Accessory"",""value"":""Black Glasses""},{""trait_type"":""Headwear"",""value"":""Blessed""}]"
347,3909091,0xbda9d181e41de5c7ed5c7bd697223381f7ae37fcb4bd0047d07a0bd5822a37d9,"[{""trait_type"":""Background"",""value"":""Morpheus""},{""trait_type"":""Cloak"",""value"":""Gray Cloak""},{""trait_type"":""Skull"",""value"":""Zombie""},{""trait_type"":""Jewellery"",""value"":""Gold Cross Pendant""},{""trait_type"":""Eyes Accessory"",""value"":""Eyepatch""},{""trait_type"":""Headwear"",""value"":""Devil's Horns""}]"
346,3909090,0xe50f02981750eca4083bfc0ab6c5eb0946f0c40716c71d25776ca25dfd625209,"[{""trait_type"":""Background"",""value"":""Punk Blue""},{""trait_type"":""Cloak"",""value"":""Light Gray Cloak""},{""trait_type"":""Skull"",""value"":""Gray""},{""trait_type"":""Jewellery"",""value"":""Gray Necklace""},{""trait_type"":""Eyes Accessory"",""value"":""Black Glasses""},{""trait_type"":""Mouth Accessory"",""value"":""Rainfallbow""}]"
345,3908647,0x8add03582aef857ed2883ce0444a01ae0454080f3652d0cca81a9a6f37ed0b3f,"[{""trait_type"":""Background"",""value"":""Punk Blue""},{""trait_type"":""Cloak"",""value"":""Yellow Cloak""},{""trait_type"":""Skull"",""value"":""Lightened""},{""trait_type"":""Jewellery"",""value"":""Gold Cross Pendant""},{""trait_type"":""Eyes Accessory"",""value"":""Censored""},{""trait_type"":""Headwear"",""value"":""Devil's Horns""}]"
344,3908646,0x12f44db1fa5dd46d3527f53f361d048afe3eebef8c07881c5e649058f30cb3ac,"[{""trait_type"":""Background"",""value"":""Code""},{""trait_type"":""Cloak"",""value"":""Light Gray Cloak""},{""trait_type"":""Skull"",""value"":""Gray""},{""trait_type"":""Jewellery"",""value"":""Gray Necklace""},{""trait_type"":""Eyes Accessory"",""value"":""Cinema Glasses""},{""trait_type"":""Headwear"",""value"":""Blessed""},{""trait_type"":""Mouth Accessory"",""value"":""Cigarette""},{""trait_type"":""Hand Artifact"",""value"":""Cross""}]"
343,3908645,0x1bab0dbae901b8531d5fe0e22a43c1e537882a72fbcdb034024a58b1d5f02fb4,"[{""trait_type"":""Background"",""value"":""Morpheus""},{""trait_type"":""Cloak"",""value"":""Light Gray Cloak""},{""trait_type"":""Skull"",""value"":""Gray""},{""trait_type"":""Jewellery"",""value"":""Gray Necklace""},{""trait_type"":""Eyes Accessory"",""value"":""Black Glasses""}]"
342,3908644,0x2aa6e9c610515f0ca4c132f4cb38df5366256777bda57b2d7c142dc828011295,"[{""trait_type"":""Background"",""value"":""Black""},{""trait_type"":""Cloak"",""value"":""Gray Cloak""},{""trait_type"":""Skull"",""value"":""Zombie""},{""trait_type"":""Jewellery"",""value"":""Gold Cross Pendant""},{""trait_type"":""Eyes Accessory"",""value"":""Eyepatch""},{""trait_type"":""Headwear"",""value"":""Devil's Horns""},{""trait_type"":""Hand Artifact"",""value"":""Wand""}]"
341,3908643,0xc3be051d68a0e2db32ea404f140a3fac6efa58a227e1248d86f67bf98ee16fac,"[{""trait_type"":""Background"",""value"":""Red""},{""trait_type"":""Cloak"",""value"":""Black Cloak""},{""trait_type"":""Skull"",""value"":""Gray""},{""trait_type"":""Eyes Accessory"",""value"":""Black Glasses""},{""trait_type"":""Headwear"",""value"":""Devil's Horns""}]"
340,3908642,0x2b7c605eadec73dfa39862d19e63a942b77b751432f47d5e06269f568c143eeb,"[{""trait_type"":""Background"",""value"":""Punk Blue""},{""trait_type"":""Cloak"",""value"":""Gray Cloak""},{""trait_type"":""Skull"",""value"":""Gray""},{""trait_type"":""Jewellery"",""value"":""Gray Necklace""},{""trait_type"":""Eyes Accessory"",""value"":""Eyepatch""},{""trait_type"":""Headwear"",""value"":""Devil's Horns""}]"
339,3908641,0x9cacafeb322763c7c3ff4c8c23797be2ee7356da6b21006453de86459aa4a659,"[{""trait_type"":""Background"",""value"":""Gray""},{""trait_type"":""Cloak"",""value"":""Light Gray Cloak""},{""trait_type"":""Skull"",""value"":""Gray""},{""trait_type"":""Jewellery"",""value"":""Gray Necklace""},{""trait_type"":""Eyes Accessory"",""value"":""Black Glasses""},{""trait_type"":""Headwear"",""value"":""Chromy""}]"
338,3908518,0x4c4ab0c67069b5aef4bb430ec47f24c83a026510aa925d2ed18fe3f681035d67,"[{""trait_type"":""Background"",""value"":""Gray""},{""trait_type"":""Cloak"",""value"":""Red Cloak""},{""trait_type"":""Skull"",""value"":""Lightened""},{""trait_type"":""Jewellery"",""value"":""Gray Necklace""},{""trait_type"":""Eyes Accessory"",""value"":""Black Glasses""},{""trait_type"":""Headwear"",""value"":""Devil's Horns""}]"
337,3908517,0x3ed1312d2582843d91cd181d07d7889bc052419e8a2709cfa3bb2c07d293d1a4,"[{""trait_type"":""Background"",""value"":""Code""},{""trait_type"":""Cloak"",""value"":""Light Gray Cloak""},{""trait_type"":""Skull"",""value"":""Lightened""},{""trait_type"":""Jewellery"",""value"":""Gold Cross Pendant""},{""trait_type"":""Eyes Accessory"",""value"":""Black Glasses""},{""trait_type"":""Mouth Accessory"",""value"":""Cigarette""}]"
336,3908516,0x8b255f5c97ebeaa1cccc8d075d3051877fef32126424c6a1ecca4dcca6f61896,"[{""trait_type"":""Background"",""value"":""Space""},{""trait_type"":""Cloak"",""value"":""Gray Cloak""},{""trait_type"":""Skull"",""value"":""Gray""},{""trait_type"":""Jewellery"",""value"":""Gold Cross Pendant""},{""trait_type"":""Eyes Accessory"",""value"":""Black Glasses""},{""trait_type"":""Mouth Accessory"",""value"":""Cigarette""},{""trait_type"":""Hand Artifact"",""value"":""Wand""}]"
335,3908515,0x7c92cec61431d2d54893d7a93ee80688d3a511359c56cfd3398708dfa1b212d9,"[{""trait_type"":""Background"",""value"":""Code""},{""trait_type"":""Cloak"",""value"":""Light Gray Cloak""},{""trait_type"":""Skull"",""value"":""Lightened""},{""trait_type"":""Jewellery"",""value"":""Gold Cross Pendant""},{""trait_type"":""Eyes Accessory"",""value"":""Nerd Glasses""},{""trait_type"":""Headwear"",""value"":""Blessed""}]"
334,3908514,0xd5848839f32489ace35c0b470b0d25f1a27c7e9cb7b5d477f479535f8de5daf3,"[{""trait_type"":""Background"",""value"":""Dark Clouds""},{""trait_type"":""Cloak"",""value"":""Gray Cloak""},{""trait_type"":""Skull"",""value"":""Lightened""},{""trait_type"":""Jewellery"",""value"":""Gold Cross Pendant""},{""trait_type"":""Eyes Accessory"",""value"":""Black Glasses""},{""trait_type"":""Mouth Accessory"",""value"":""Cigarette""}]"
333,3908513,0x7ebe6e7f651c882e798e80d321c60097f7df4f71225869c7c58c799741cea34b,"[{""trait_type"":""Background"",""value"":""Code""},{""trait_type"":""Cloak"",""value"":""Light Gray Cloak""},{""trait_type"":""Skull"",""value"":""Gray""},{""trait_type"":""Jewellery"",""value"":""Gold Cross Pendant""},{""trait_type"":""Eyes Accessory"",""value"":""Eyepatch""}]"
332,3908512,0xe0cdfc1757ba2a55166124dcab99b0ba5fdfe180d0928942fe9c83f69e5e8562,"[{""trait_type"":""Background"",""value"":""Black""},{""trait_type"":""Cloak"",""value"":""Gray Cloak""},{""trait_type"":""Skull"",""value"":""Gray""},{""trait_type"":""Jewellery"",""value"":""Gold Cross Pendant""},{""trait_type"":""Eyes Accessory"",""value"":""Eyepatch""}]"
331,3908511,0x7100a5da1527a2094daecb7b43f314d705c5f070de0035886f80be5ce39961b0,"[{""trait_type"":""Background"",""value"":""Code""},{""trait_type"":""Cloak"",""value"":""Light Gray Cloak""},{""trait_type"":""Skull"",""value"":""Gray""},{""trait_type"":""Eyes Accessory"",""value"":""Eyepatch""}]"
330,3908510,0xb58067d76a5ac202886af0a59ce96647ebe521efb5c524d15bdaf18a4f5e72c4,"[{""trait_type"":""Background"",""value"":""Black""},{""trait_type"":""Cloak"",""value"":""Light Gray Cloak""},{""trait_type"":""Skull"",""value"":""Lightened""},{""trait_type"":""Jewellery"",""value"":""Gold Cross Pendant""},{""trait_type"":""Eyes Accessory"",""value"":""Cinema Glasses""},{""trait_type"":""Headwear"",""value"":""Devil's Horns""}]"
329,3908509,0x09a0992cd661fd4e8b910946173288f352c7646bf953372b3b32b3581a853b1e,"[{""trait_type"":""Background"",""value"":""Space""},{""trait_type"":""Cloak"",""value"":""Gray Cloak""},{""trait_type"":""Skull"",""value"":""Gray""},{""trait_type"":""Jewellery"",""value"":""Gold Cross Pendant""},{""trait_type"":""Eyes Accessory"",""value"":""Nerd Glasses""},{""trait_type"":""Wings"",""value"":""Angel's Wings""},{""trait_type"":""Headwear"",""value"":""Devil's Horns""}]"
328,3908508,0x4f79f3949680f5ee249ac2b646129eacddac1925bc0e655aa3b9597aaa286967,"[{""trait_type"":""Background"",""value"":""Code""},{""trait_type"":""Cloak"",""value"":""Gray Cloak""},{""trait_type"":""Skull"",""value"":""Gray""},{""trait_type"":""Jewellery"",""value"":""Gray Necklace""},{""trait_type"":""Eyes Accessory"",""value"":""Cinema Glasses""}]"
327,3908507,0x8d2759a24e689624d5585509d0d33111e6591c6bbbe2e1cba962ef9e154c0a99,"[{""trait_type"":""Background"",""value"":""Punk Blue""},{""trait_type"":""Cloak"",""value"":""Black Cloak""},{""trait_type"":""Skull"",""value"":""Gray""},{""trait_type"":""Jewellery"",""value"":""Gray Necklace""},{""trait_type"":""Eyes Accessory"",""value"":""Cinema Glasses""},{""trait_type"":""Wings"",""value"":""Angel's Wings""},{""trait_type"":""Mouth Accessory"",""value"":""Rainfallbow""}]"
326,3908506,0xa272adb7bbff0159413862229f696f8a82c539f486646522896e73e736445685,"[{""trait_type"":""Background"",""value"":""Black""},{""trait_type"":""Cloak"",""value"":""Light Gray Cloak""},{""trait_type"":""Skull"",""value"":""Gray""},{""trait_type"":""Jewellery"",""value"":""Gray Necklace""},{""trait_type"":""Eyes Accessory"",""value"":""Nerd Glasses""}]"
325,3908505,0x93aca168f9dc9a65b5c5b2e365b8d69bf22600ab8cc481d0b022b2e94876b2bf,"[{""trait_type"":""Background"",""value"":""Gray""},{""trait_type"":""Cloak"",""value"":""Light Gray Cloak""},{""trait_type"":""Skull"",""value"":""Gray""},{""trait_type"":""Jewellery"",""value"":""Gold Cross Pendant""},{""trait_type"":""Eyes Accessory"",""value"":""Cinema Glasses""},{""trait_type"":""Climate"",""value"":""Rainfall""},{""trait_type"":""Headwear"",""value"":""Devil's Horns""},{""trait_type"":""Mouth Accessory"",""value"":""Cigarette""}]"
324,3908504,0xb4f9d439e9c7c2f29e8cc1a22a0c542d55af4f9f353e43b187c21f2bec493de1,"[{""trait_type"":""Background"",""value"":""Punk Blue""},{""trait_type"":""Cloak"",""value"":""Light Gray Cloak""},{""trait_type"":""Skull"",""value"":""Gray""},{""trait_type"":""Jewellery"",""value"":""Gold Cross Pendant""},{""trait_type"":""Eyes Accessory"",""value"":""Black Glasses""},{""trait_type"":""Headwear"",""value"":""Devil's Horns""},{""trait_type"":""Mouth Accessory"",""value"":""Cigarette""}]"
323,3908503,0x11d7274b0d6d978bd56642f4cb4cb2664621f91b3bd75b3fa0ae242df43f878d,"[{""trait_type"":""Background"",""value"":""Gray""},{""trait_type"":""Cloak"",""value"":""Light Gray Cloak""},{""trait_type"":""Skull"",""value"":""Gray""},{""trait_type"":""Jewellery"",""value"":""Gray Necklace""},{""trait_type"":""Eyes Accessory"",""value"":""Eyepatch""},{""trait_type"":""Mouth Accessory"",""value"":""Rainfallbow""}]"
322,3908419,0xb524bb02ca2d3ba03bfeb089e9a972d0eb0d6e5a5d00d86a2eda9215c7c3810e,"[{""trait_type"":""Background"",""value"":""Gray""},{""trait_type"":""Cloak"",""value"":""Gray Cloak""},{""trait_type"":""Skull"",""value"":""Gray""},{""trait_type"":""Jewellery"",""value"":""Gray Necklace""},{""trait_type"":""Eyes Accessory"",""value"":""Black Glasses""},{""trait_type"":""Headwear"",""value"":""Devil's Horns""},{""trait_type"":""Mouth Accessory"",""value"":""Rainfallbow""}]"
321,3908418,0xba71479de0cff70ef6f7e8bfc6469bf4682b854b5ea714d07be9e884586a3a83,"[{""trait_type"":""Background"",""value"":""Red""},{""trait_type"":""Cloak"",""value"":""Light Gray Cloak""},{""trait_type"":""Skull"",""value"":""Gray""},{""trait_type"":""Jewellery"",""value"":""Gold Cross Pendant""},{""trait_type"":""Eyes Accessory"",""value"":""Eyepatch""},{""trait_type"":""Climate"",""value"":""Rainfall""},{""trait_type"":""Mouth Accessory"",""value"":""Cigarette""},{""trait_type"":""Hand Artifact"",""value"":""Cross""}]"
320,3908417,0xaa88897790e3dfc5d0f9dfa910b36de5ed8446d3510192243b135e54785ad29f,"[{""trait_type"":""Background"",""value"":""Code""},{""trait_type"":""Cloak"",""value"":""Black Cloak""},{""trait_type"":""Skull"",""value"":""Lightened""},{""trait_type"":""Eyes Accessory"",""value"":""Black Glasses""},{""trait_type"":""Wings"",""value"":""Angel's Wings""},{""trait_type"":""Headwear"",""value"":""Devil's Horns""}]"
319,3908416,0x1d181f463486ec5b326f3fc1716642ddd03f06c8b2f6745d7b945787e2f5a19a,"[{""trait_type"":""Background"",""value"":""Code""},{""trait_type"":""Cloak"",""value"":""Black Cloak""},{""trait_type"":""Skull"",""value"":""Gray""},{""trait_type"":""Jewellery"",""value"":""Gold Cross Pendant""},{""trait_type"":""Eyes Accessory"",""value"":""Cinema Glasses""},{""trait_type"":""Headwear"",""value"":""Devil's Horns""}]"
318,3908415,0x781ec05da8d62434fd2a9f7c5784ec620cbe4165b8145f8c8006993b093b3a3d,"[{""trait_type"":""Background"",""value"":""Gray""},{""trait_type"":""Cloak"",""value"":""Light Gray Cloak""},{""trait_type"":""Skull"",""value"":""Gray""},{""trait_type"":""Jewellery"",""value"":""Gold Cross Pendant""},{""trait_type"":""Eyes Accessory"",""value"":""Dirty Blindfold""}]"
317,3908414,0xd1d7eac684e171ff634628c78b64df181e935b4ee1814571ca72cd3ae74ecf4e,"[{""trait_type"":""Background"",""value"":""Punk Blue""},{""trait_type"":""Cloak"",""value"":""Black Cloak""},{""trait_type"":""Skull"",""value"":""Gold""},{""trait_type"":""Jewellery"",""value"":""Gold Cross Pendant""},{""trait_type"":""Eyes Accessory"",""value"":""Eyepatch""},{""trait_type"":""Climate"",""value"":""Rainfall""},{""trait_type"":""Mouth Accessory"",""value"":""Cigarette""}]"
316,3908413,0xba068a47edba07ae0fe18103e1a4ba40c252619849ae6c8c4b8849b45362118c,"[{""trait_type"":""Background"",""value"":""Gray""},{""trait_type"":""Cloak"",""value"":""Light Gray Cloak""},{""trait_type"":""Skull"",""value"":""Gray""},{""trait_type"":""Eyes Accessory"",""value"":""Cinema Glasses""},{""trait_type"":""Headwear"",""value"":""Devil's Horns""}]"
315,3908412,0xacdebdb700342cfb680db1430781b8c12e5b6bfbf4a78496a0c24ff87421ea28,"[{""trait_type"":""Background"",""value"":""Space""},{""trait_type"":""Cloak"",""value"":""Black Cloak""},{""trait_type"":""Skull"",""value"":""Gray""},{""trait_type"":""Jewellery"",""value"":""Gold Cross Pendant""},{""trait_type"":""Eyes Accessory"",""value"":""Eyepatch""},{""trait_type"":""Wings"",""value"":""Purple Angel's Wings""},{""trait_type"":""Headwear"",""value"":""Devil's Horns""}]"
314,3908411,0xc6f90db9a330120256f55c5eb58ae290aae241484e81fd98bf9602d61c183737,"[{""trait_type"":""Background"",""value"":""Code""},{""trait_type"":""Cloak"",""value"":""Black Cloak""},{""trait_type"":""Skull"",""value"":""Gray""},{""trait_type"":""Jewellery"",""value"":""Gold Cross Pendant""},{""trait_type"":""Eyes Accessory"",""value"":""Cinema Glasses""}]"
313,3908410,0x97d85cdd798a30c298676207bcc9a4a7b6bc5cd52f38a50f98854d8e526975bd,"[{""trait_type"":""Background"",""value"":""Gray""},{""trait_type"":""Cloak"",""value"":""Black Cloak""},{""trait_type"":""Skull"",""value"":""Gray""},{""trait_type"":""Jewellery"",""value"":""Gold Cross Pendant""},{""trait_type"":""Eyes Accessory"",""value"":""Dirty Blindfold""},{""trait_type"":""Mouth Accessory"",""value"":""Rainfallbow""}]"
312,3908409,0x49ad695dfe33ea0585a15205e49c901a69976af4e02c51ddae3dc8d470fd77fe,"[{""trait_type"":""Background"",""value"":""Punk Blue""},{""trait_type"":""Cloak"",""value"":""Gray Cloak""},{""trait_type"":""Skull"",""value"":""Gray""},{""trait_type"":""Jewellery"",""value"":""Gold Cross Pendant""},{""trait_type"":""Eyes Accessory"",""value"":""Black Glasses""},{""trait_type"":""Headwear"",""value"":""Devil's Horns""},{""trait_type"":""Hand Artifact"",""value"":""Wand""}]"
311,3908408,0x0d0860f8a4f95beea76e1b397ad9514ebf6c4a4255166dd2d353dfd5794cb96c,"[{""trait_type"":""Background"",""value"":""Red""},{""trait_type"":""Cloak"",""value"":""Gray Cloak""},{""trait_type"":""Skull"",""value"":""Lightened""},{""trait_type"":""Jewellery"",""value"":""Gray Necklace""},{""trait_type"":""Eyes Accessory"",""value"":""Purple Beam""}]"
310,3908407,0x58bf01705e216f569445af2a9ec0d1588587f332cac49b15a739276d41fa1944,"[{""trait_type"":""Background"",""value"":""Gray""},{""trait_type"":""Cloak"",""value"":""Red Cloak""},{""trait_type"":""Skull"",""value"":""Gold""},{""trait_type"":""Jewellery"",""value"":""Gray Necklace""},{""trait_type"":""Eyes Accessory"",""value"":""Eyepatch""},{""trait_type"":""Wings"",""value"":""Angel's Wings""}]"
309,3908341,0x78d84353dfbccf3a6d019a1a5a98f55c5917872efd0fb46e4ff4ccc01bd2fef3,"[{""trait_type"":""Background"",""value"":""Gray""},{""trait_type"":""Cloak"",""value"":""Gray Cloak""},{""trait_type"":""Skull"",""value"":""Gray""},{""trait_type"":""Jewellery"",""value"":""Gray Necklace""},{""trait_type"":""Eyes Accessory"",""value"":""Cinema Glasses""}]"
308,3908340,0xc171e5b335987d4a1d6447db8e7d281751dde71ebc7a7642d8a4b14a9b9e55ac,"[{""trait_type"":""Background"",""value"":""Gray""},{""trait_type"":""Cloak"",""value"":""Light Gray Cloak""},{""trait_type"":""Skull"",""value"":""Zombie""},{""trait_type"":""Jewellery"",""value"":""Gray Necklace""},{""trait_type"":""Eyes Accessory"",""value"":""Black Glasses""},{""trait_type"":""Climate"",""value"":""Rainfall""},{""trait_type"":""Hand Artifact"",""value"":""Cross""}]"
307,3908339,0xc1fbd5ec68872326e012a6e8899b203db4ac4e9e45200fa71ba79043cee561d0,"[{""trait_type"":""Background"",""value"":""Gray""},{""trait_type"":""Cloak"",""value"":""Gray Cloak""},{""trait_type"":""Skull"",""value"":""Lightened""},{""trait_type"":""Jewellery"",""value"":""Gold Cross Pendant""},{""trait_type"":""Eyes Accessory"",""value"":""Cinema Glasses""}]"
306,3908338,0x5c58077cddeb9770a990684dd3f9db9a244af25a8f4a3f65465b7bb7cefa8e6e,"[{""trait_type"":""Background"",""value"":""Black""},{""trait_type"":""Cloak"",""value"":""Light Gray Cloak""},{""trait_type"":""Skull"",""value"":""Gray""},{""trait_type"":""Jewellery"",""value"":""Gray Necklace""},{""trait_type"":""Eyes Accessory"",""value"":""Cinema Glasses""},{""trait_type"":""Climate"",""value"":""Rainfall""}]"
305,3908337,0x6b7d21912878a52dee03a3fafcccc364b4fc2a54f2359eccb9aa0295effb2e06,"[{""trait_type"":""Background"",""value"":""Hell""},{""trait_type"":""Cloak"",""value"":""Light Gray Cloak""},{""trait_type"":""Skull"",""value"":""Lightened""},{""trait_type"":""Jewellery"",""value"":""Gold Cross Pendant""},{""trait_type"":""Eyes Accessory"",""value"":""Cinema Glasses""},{""trait_type"":""Wings"",""value"":""Angel's Wings""}]"
304,3908336,0x1f951c32ebf026d58c3b22e2226537132575dab728e8161ec7567be6f3496378,"[{""trait_type"":""Background"",""value"":""Red""},{""trait_type"":""Cloak"",""value"":""Black Cloak""},{""trait_type"":""Skull"",""value"":""Lightened""},{""trait_type"":""Eyes Accessory"",""value"":""Eyepatch""}]"
303,3908335,0x3abc52a88d84b4341c10cb01ffe84ac9d715059a3ca6ab9644c8d7e848c62294,"[{""trait_type"":""Background"",""value"":""Code""},{""trait_type"":""Cloak"",""value"":""Light Gray Cloak""},{""trait_type"":""Skull"",""value"":""Gray""},{""trait_type"":""Jewellery"",""value"":""Gray Necklace""},{""trait_type"":""Eyes Accessory"",""value"":""Cinema Glasses""},{""trait_type"":""Climate"",""value"":""Rainfall""},{""trait_type"":""Headwear"",""value"":""Devil's Horns""}]"
302,3908334,0xc47355af530cd61c9cf7c265e117e94974667a749156adb589ab721955291dc2,"[{""trait_type"":""Background"",""value"":""Code""},{""trait_type"":""Cloak"",""value"":""Red Cloak""},{""trait_type"":""Skull"",""value"":""Gray""},{""trait_type"":""Jewellery"",""value"":""Gold Cross Pendant""},{""trait_type"":""Eyes Accessory"",""value"":""Black Glasses""}]"
301,3908333,0x13186596209d6b06d2e90c32f47e6b3a94549b52afaf4140361e572ce96fec33,"[{""trait_type"":""Background"",""value"":""Dark Clouds""},{""trait_type"":""Cloak"",""value"":""White Cloak""},{""trait_type"":""Skull"",""value"":""Lightened""},{""trait_type"":""Jewellery"",""value"":""Gold Cross Pendant""},{""trait_type"":""Eyes Accessory"",""value"":""Black Glasses""}]"
300,3908332,0x497f8adcddb5f698f42142e667efe76af31d5966e69ab86676256657f7cf4993,"[{""trait_type"":""Background"",""value"":""Black""},{""trait_type"":""Cloak"",""value"":""Light Gray Cloak""},{""trait_type"":""Skull"",""value"":""Lightened""},{""trait_type"":""Jewellery"",""value"":""Gold Cross Pendant""},{""trait_type"":""Eyes Accessory"",""value"":""Dirty Blindfold""},{""trait_type"":""Wings"",""value"":""Angel's Wings""},{""trait_type"":""Headwear"",""value"":""Devil's Horns""}]"
299,3908331,0x9a578b3ccd07edf9b7278c5e89e64a15179f225934dfca6a5932b890577ec29c,"[{""trait_type"":""Background"",""value"":""Code""},{""trait_type"":""Cloak"",""value"":""Light Gray Cloak""},{""trait_type"":""Skull"",""value"":""Lightened""},{""trait_type"":""Jewellery"",""value"":""Gray Necklace""},{""trait_type"":""Eyes Accessory"",""value"":""Eyepatch""},{""trait_type"":""Headwear"",""value"":""Blessed""},{""trait_type"":""Hand Artifact"",""value"":""Wand""}]"
298,3908330,0x2995bd0f9e0cb44059ce7497fa994881d3ee5eee63178a6952df8c51bbb9848f,"[{""trait_type"":""Background"",""value"":""Heaven""},{""trait_type"":""Cloak"",""value"":""Black Cloak""},{""trait_type"":""Skull"",""value"":""Gray""},{""trait_type"":""Jewellery"",""value"":""Gray Necklace""},{""trait_type"":""Eyes Accessory"",""value"":""Eyepatch""}]"
297,3908259,0x1b81ecdaddd600e382408bd190ff0ba254961e6cc143ef39548040d26f6b7af1,"[{""trait_type"":""Background"",""value"":""Dark Jungle""},{""trait_type"":""Cloak"",""value"":""Black Cloak""},{""trait_type"":""Skull"",""value"":""Gray""},{""trait_type"":""Jewellery"",""value"":""Gray Necklace""},{""trait_type"":""Eyes Accessory"",""value"":""Cinema Glasses""},{""trait_type"":""Wings"",""value"":""Angel's Wings""},{""trait_type"":""Headwear"",""value"":""Blessed""},{""trait_type"":""Hand Artifact"",""value"":""Wand""}]"
296,3908258,0xbd459ecb218e9201c18649df600b1a445d3ace579353887f0bd98d75dc7dc4b3,"[{""trait_type"":""Background"",""value"":""Gray""},{""trait_type"":""Cloak"",""value"":""Red Cloak""},{""trait_type"":""Skull"",""value"":""Zombie""},{""trait_type"":""Jewellery"",""value"":""Gray Necklace""},{""trait_type"":""Eyes Accessory"",""value"":""Eyepatch""},{""trait_type"":""Wings"",""value"":""Angel's Wings""},{""trait_type"":""Headwear"",""value"":""Devil's Horns""},{""trait_type"":""Mouth Accessory"",""value"":""Cigarette""}]"
295,3908257,0x42cf6f53a71ac93bae83aa8444eecffd27cd45bfcfa66b8bd71d6b8d715269fb,"[{""trait_type"":""Background"",""value"":""Code""},{""trait_type"":""Cloak"",""value"":""Black Cloak""},{""trait_type"":""Skull"",""value"":""Gray""},{""trait_type"":""Eyes Accessory"",""value"":""Nerd Glasses""},{""trait_type"":""Climate"",""value"":""Rainfall""},{""trait_type"":""Headwear"",""value"":""Blessed""}]"
294,3908256,0x088ad4ff960904cd15e9f9fd760dcfc897282a177a083a0f789f95062d5049ae,"[{""trait_type"":""Background"",""value"":""Red""},{""trait_type"":""Cloak"",""value"":""Gray Cloak""},{""trait_type"":""Skull"",""value"":""Gray""},{""trait_type"":""Jewellery"",""value"":""Gold Cross Pendant""},{""trait_type"":""Eyes Accessory"",""value"":""Cinema Glasses""},{""trait_type"":""Climate"",""value"":""Rainfall""},{""trait_type"":""Headwear"",""value"":""Devil's Horns""},{""trait_type"":""Mouth Accessory"",""value"":""Cigarette""}]"
293,3908255,0xea42b8eca1483d9e515ac01cef00c9558a2630e7d2c6b2ff0646ead1b558aadf,"[{""trait_type"":""Background"",""value"":""Gray""},{""trait_type"":""Cloak"",""value"":""Black Cloak""},{""trait_type"":""Skull"",""value"":""Lightened""},{""trait_type"":""Jewellery"",""value"":""Gray Necklace""},{""trait_type"":""Eyes Accessory"",""value"":""Vr Glasses""},{""trait_type"":""Headwear"",""value"":""Devil's Horns""},{""trait_type"":""Mouth Accessory"",""value"":""Cigarette""}]"
292,3908254,0xc4cb882c0d708b6782279f728dd5824a37069e8da9168e81a3914d20abe6f5ae,"[{""trait_type"":""Background"",""value"":""Black""},{""trait_type"":""Cloak"",""value"":""Gray Cloak""},{""trait_type"":""Skull"",""value"":""Gray""},{""trait_type"":""Jewellery"",""value"":""Gray Necklace""},{""trait_type"":""Eyes Accessory"",""value"":""Eyepatch""}]"
291,3908253,0x31d0cf20a351328b1b32071c9fd0ba9b1658839e02497c290d2866f2f26b17c4,"[{""trait_type"":""Background"",""value"":""Gray""},{""trait_type"":""Cloak"",""value"":""Gray Cloak""},{""trait_type"":""Skull"",""value"":""Gray""},{""trait_type"":""Jewellery"",""value"":""Gray Necklace""},{""trait_type"":""Eyes Accessory"",""value"":""Dirty Blindfold""}]"
290,3908252,0x5fd1a9bd76ec280ae3f797ac3d29e2b8901b7d253d800668c12b8adea3263c86,"[{""trait_type"":""Background"",""value"":""Black""},{""trait_type"":""Cloak"",""value"":""Light Gray Cloak""},{""trait_type"":""Skull"",""value"":""Gray""},{""trait_type"":""Jewellery"",""value"":""Gold Cross Pendant""},{""trait_type"":""Eyes Accessory"",""value"":""Black Glasses""},{""trait_type"":""Headwear"",""value"":""Devil's Horns""}]"
289,3908251,0x813d96e52b96168a8459f70005af035d0e2d5ab5899d117c6505fca658d60151,"[{""trait_type"":""Background"",""value"":""Morpheus""},{""trait_type"":""Cloak"",""value"":""Light Gray Cloak""},{""trait_type"":""Skull"",""value"":""Gray""},{""trait_type"":""Jewellery"",""value"":""Gray Necklace""},{""trait_type"":""Eyes Accessory"",""value"":""Cinema Glasses""},{""trait_type"":""Mouth Accessory"",""value"":""Cigarette""}]"
288,3908250,0x1edfbb18c847b936d6cac2434998cc7383262a1a423849d15009416c286b428c,"[{""trait_type"":""Background"",""value"":""Red""},{""trait_type"":""Cloak"",""value"":""Light Gray Cloak""},{""trait_type"":""Skull"",""value"":""Gray""},{""trait_type"":""Jewellery"",""value"":""Gray Necklace""},{""trait_type"":""Eyes Accessory"",""value"":""Cinema Glasses""},{""trait_type"":""Climate"",""value"":""Rainfall""}]"
287,3908249,0xf361f88184ba759b4eb76a653f0d595f1aabb3d03b32e004f1e15c90fb7b4483,"[{""trait_type"":""Background"",""value"":""Gray""},{""trait_type"":""Cloak"",""value"":""Light Gray Cloak""},{""trait_type"":""Skull"",""value"":""Lightened""},{""trait_type"":""Jewellery"",""value"":""Gray Necklace""},{""trait_type"":""Eyes Accessory"",""value"":""Cinema Glasses""},{""trait_type"":""Wings"",""value"":""Angel's Wings""}]"
286,3908248,0x36a565c03285f9f58dc92ecc71c0832484bb0dcb9cfea687031db9e3642f2e30,"[{""trait_type"":""Background"",""value"":""Gray""},{""trait_type"":""Cloak"",""value"":""Gray Cloak""},{""trait_type"":""Skull"",""value"":""Lightened""},{""trait_type"":""Jewellery"",""value"":""Gray Necklace""},{""trait_type"":""Eyes Accessory"",""value"":""Black Glasses""},{""trait_type"":""Headwear"",""value"":""Devil's Horns""},{""trait_type"":""Hand Artifact"",""value"":""Wand""}]"
285,3908229,0xaa958726d44685f4c74cbd523229e2ddc4495846bc05a5e972b07c4a16061cad,"[{""trait_type"":""Background"",""value"":""Red""},{""trait_type"":""Cloak"",""value"":""Black Cloak""},{""trait_type"":""Skull"",""value"":""Red""},{""trait_type"":""Jewellery"",""value"":""Gray Necklace""},{""trait_type"":""Eyes Accessory"",""value"":""Eyepatch""}]"
284,3908228,0x3977df9ca647f058ad4cf7bcea89e445b3a55279480003bac1da2b8d1728f5fc,"[{""trait_type"":""Background"",""value"":""Gray""},{""trait_type"":""Cloak"",""value"":""Gray Cloak""},{""trait_type"":""Skull"",""value"":""Lightened""},{""trait_type"":""Jewellery"",""value"":""Gray Necklace""},{""trait_type"":""Eyes Accessory"",""value"":""Eyepatch""}]"
283,3908227,0xe370f1f25575e6d8087f8bb25bffa38ebb53cfceba52a527a64d43324dc0d817,"[{""trait_type"":""Background"",""value"":""Red""},{""trait_type"":""Cloak"",""value"":""Gray Cloak""},{""trait_type"":""Skull"",""value"":""Lightened""},{""trait_type"":""Jewellery"",""value"":""Gold Necklace""},{""trait_type"":""Eyes Accessory"",""value"":""Black Glasses""},{""trait_type"":""Climate"",""value"":""Rainfall""},{""trait_type"":""Headwear"",""value"":""Devil's Horns""},{""trait_type"":""Mouth Accessory"",""value"":""Cigarette""}]"
282,3908226,0x3fb1f0763b87427fec3f42a84f48e5ed4c71f4e32c010a8af76b7651ba82cdf2,"[{""trait_type"":""Background"",""value"":""Gray""},{""trait_type"":""Cloak"",""value"":""Gray Cloak""},{""trait_type"":""Skull"",""value"":""Lightened""},{""trait_type"":""Jewellery"",""value"":""Gray Necklace""},{""trait_type"":""Eyes Accessory"",""value"":""Cinema Glasses""},{""trait_type"":""Headwear"",""value"":""Devil's Horns""},{""trait_type"":""Hand Artifact"",""value"":""Wand""}]"
281,3908225,0xd12370f4d3301e08918a21d88aaedf03347f174c7f6f8251160c7efb197376e2,"[{""trait_type"":""Background"",""value"":""Gray""},{""trait_type"":""Cloak"",""value"":""Light Gray Cloak""},{""trait_type"":""Skull"",""value"":""Lightened""},{""trait_type"":""Jewellery"",""value"":""Gray Necklace""},{""trait_type"":""Eyes Accessory"",""value"":""Black Glasses""},{""trait_type"":""Mouth Accessory"",""value"":""Vape""}]"
280,3908224,0x06ba01e10752d57381af52136f04566e22dcbdd3121362bb6b8267086c758916,"[{""trait_type"":""Background"",""value"":""Hell""},{""trait_type"":""Cloak"",""value"":""Gray Cloak""},{""trait_type"":""Skull"",""value"":""Lightened""},{""trait_type"":""Eyes Accessory"",""value"":""Cinema Glasses""}]"
279,3908223,0x83ba04938439e2f9e5557c4cb6701ec92a0af7c82d5f252f25682f903f574608,"[{""trait_type"":""Background"",""value"":""Black""},{""trait_type"":""Cloak"",""value"":""Gray Cloak""},{""trait_type"":""Skull"",""value"":""Gray""},{""trait_type"":""Jewellery"",""value"":""Gray Necklace""},{""trait_type"":""Eyes Accessory"",""value"":""Nerd Glasses""},{""trait_type"":""Climate"",""value"":""Rainfall""},{""trait_type"":""Headwear"",""value"":""Chromy""}]"
278,3908222,0xde5c2467853bc2154c5b1c82025a4751bf4506cccb5e5dbf6866f9cad7fe60e8,"[{""trait_type"":""Background"",""value"":""Code""},{""trait_type"":""Cloak"",""value"":""Black Cloak""},{""trait_type"":""Skull"",""value"":""Lightened""},{""trait_type"":""Jewellery"",""value"":""Gold Cross Pendant""},{""trait_type"":""Eyes Accessory"",""value"":""Censored""}]"
277,3908221,0xb478695d34f30d5f74f5caa9a25c8e3a1ed7b93c493a9bf0e5baaf277190e197,"[{""trait_type"":""Background"",""value"":""Black""},{""trait_type"":""Cloak"",""value"":""Gray Cloak""},{""trait_type"":""Skull"",""value"":""Gray""},{""trait_type"":""Jewellery"",""value"":""Gray Necklace""},{""trait_type"":""Eyes Accessory"",""value"":""Cinema Glasses""}]"
276,3908220,0x29817f452ca18e8bad7b4721c35199ba1337ba30141fece57c681a5859b38b35,"[{""trait_type"":""Background"",""value"":""Morpheus""},{""trait_type"":""Cloak"",""value"":""Light Gray Cloak""},{""trait_type"":""Skull"",""value"":""Gray""},{""trait_type"":""Jewellery"",""value"":""Gray Necklace""},{""trait_type"":""Eyes Accessory"",""value"":""Cinema Glasses""},{""trait_type"":""Headwear"",""value"":""Devil's Horns""},{""trait_type"":""Hand Artifact"",""value"":""Cross""}]"
275,3908219,0xeacb2180460b5f9c32d9cdf08b90a8ea4d6a7153d18fe12250c406e9f28fef2b,"[{""trait_type"":""Background"",""value"":""Punk Blue""},{""trait_type"":""Cloak"",""value"":""Light Gray Cloak""},{""trait_type"":""Skull"",""value"":""Gray""},{""trait_type"":""Jewellery"",""value"":""Gray Necklace""},{""trait_type"":""Eyes Accessory"",""value"":""Black Glasses""},{""trait_type"":""Climate"",""value"":""Rainfall""},{""trait_type"":""Headwear"",""value"":""Devil's Horns""}]"
274,3908218,0x4683aea2aa3cbe95421899938cc951134f0b4f62f87f96dd8cb650b7ad7a394b,"[{""trait_type"":""Background"",""value"":""Black""},{""trait_type"":""Cloak"",""value"":""Light Gray Cloak""},{""trait_type"":""Skull"",""value"":""Gray""},{""trait_type"":""Jewellery"",""value"":""Gold Cross Pendant""},{""trait_type"":""Eyes Accessory"",""value"":""Cinema Glasses""},{""trait_type"":""Wings"",""value"":""Angel's Wings""},{""trait_type"":""Mouth Accessory"",""value"":""Rainfallbow""}]"
273,3908217,0xc5b611efb034714c9fbabc2c8aa154557e1eaa3c75c48f1de1dfdedfe863e5d7,"[{""trait_type"":""Background"",""value"":""Black""},{""trait_type"":""Cloak"",""value"":""Light Gray Cloak""},{""trait_type"":""Skull"",""value"":""Lightened""},{""trait_type"":""Jewellery"",""value"":""Gold Cross Pendant""},{""trait_type"":""Eyes Accessory"",""value"":""Cinema Glasses""},{""trait_type"":""Mouth Accessory"",""value"":""Cigarette""},{""trait_type"":""Hand Artifact"",""value"":""Wand""}]"
272,3908056,0x9eefc026ee5a1e2e5cded8de37141d40cf7b24bdd7986fceebc393ffc6bcc09b,"[{""trait_type"":""Background"",""value"":""Gray""},{""trait_type"":""Cloak"",""value"":""Light Gray Cloak""},{""trait_type"":""Skull"",""value"":""Lightened""},{""trait_type"":""Jewellery"",""value"":""Gold Cross Pendant""},{""trait_type"":""Eyes Accessory"",""value"":""Black Glasses""},{""trait_type"":""Mouth Accessory"",""value"":""Cigarette""}]"
271,3888271,0xe470830063ecda64b57998b6f17c9b424c19d482c01d73403a3cbfaa91b7d588,"[{""trait_type"":""Background"",""value"":""Black""},{""trait_type"":""Cloak"",""value"":""Eths Cloak""},{""trait_type"":""Skull"",""value"":""Zombie""},{""trait_type"":""Jewellery"",""value"":""Gray Necklace""},{""trait_type"":""Eyes Accessory"",""value"":""Dirty Blindfold""},{""trait_type"":""Headwear"",""value"":""Devil's Horns""},{""trait_type"":""Hand Artifact"",""value"":""Cross""}]"
270,3888268,0xaa3928713b2100dc3d3429026a573df471a107b31761e47e038c8518efb1fa70,"[{""trait_type"":""Background"",""value"":""Gray""},{""trait_type"":""Cloak"",""value"":""Light Gray Cloak""},{""trait_type"":""Skull"",""value"":""Gray""},{""trait_type"":""Eyes Accessory"",""value"":""Black Glasses""},{""trait_type"":""Headwear"",""value"":""Devil's Horns""},{""trait_type"":""Hand Artifact"",""value"":""Cross""}]"
269,3888267,0x6c11d2f255b27c423a24f7dee3e767dd649bba82157f2bbd4697193b945bd018,"[{""trait_type"":""Background"",""value"":""Red""},{""trait_type"":""Cloak"",""value"":""Light Gray Cloak""},{""trait_type"":""Skull"",""value"":""Zombie""},{""trait_type"":""Jewellery"",""value"":""Gold Cross Pendant""},{""trait_type"":""Eyes Accessory"",""value"":""Eyepatch""},{""trait_type"":""Wings"",""value"":""Angel's Wings""}]"
268,3888266,0xacbfb07bbbf3788191563903b0f4d09a97996fc6f3ca42559c6ea1b4e7c4db29,"[{""trait_type"":""Background"",""value"":""Gray""},{""trait_type"":""Cloak"",""value"":""Eths Cloak""},{""trait_type"":""Skull"",""value"":""Gray""},{""trait_type"":""Jewellery"",""value"":""Gray Necklace""},{""trait_type"":""Eyes Accessory"",""value"":""Black Glasses""}]"
267,3888263,0x368047eb286c6da2b3645bbf942f8a910e91d9b212dd1731910a18c6855cd6ed,"[{""trait_type"":""Background"",""value"":""Eths""},{""trait_type"":""Cloak"",""value"":""Gray Cloak""},{""trait_type"":""Skull"",""value"":""Gray""},{""trait_type"":""Eyes Accessory"",""value"":""Vr Glasses""},{""trait_type"":""Climate"",""value"":""Rainfall""},{""trait_type"":""Headwear"",""value"":""Devil's Horns""}]"
266,3888262,0x52921cb373268c5fb05c8875967125f4d8e06b1e61c623855cf72444cfa65315,"[{""trait_type"":""Background"",""value"":""Heaven""},{""trait_type"":""Cloak"",""value"":""Gray Cloak""},{""trait_type"":""Skull"",""value"":""Zombie""},{""trait_type"":""Jewellery"",""value"":""Gold Cross Pendant""},{""trait_type"":""Eyes Accessory"",""value"":""Censored""},{""trait_type"":""Wings"",""value"":""Angel's Wings""}]"
265,3888261,0x500924473196f69f118f7f25374b8771e8b9cdbb4795b0e4085bfd63be624233,"[{""trait_type"":""Background"",""value"":""Punk Blue""},{""trait_type"":""Cloak"",""value"":""White Cloak""},{""trait_type"":""Skull"",""value"":""Gray""},{""trait_type"":""Jewellery"",""value"":""Gray Necklace""},{""trait_type"":""Eyes Accessory"",""value"":""Black Glasses""},{""trait_type"":""Headwear"",""value"":""Blessed""}]"
264,3888260,0x63b1f61171789c7b9809d4fdf8518e2c4a9c039b823de0c60c7451ba4bef7046,"[{""trait_type"":""Background"",""value"":""Red""},{""trait_type"":""Cloak"",""value"":""Black Cloak""},{""trait_type"":""Skull"",""value"":""Lightened""},{""trait_type"":""Eyes Accessory"",""value"":""Cinema Glasses""},{""trait_type"":""Headwear"",""value"":""Blessed""}]"
263,3888258,0xde78501064a43a7165412c958580d8c2d55db78f7a8cf586226e03465f77bd69,"[{""trait_type"":""Background"",""value"":""Black""},{""trait_type"":""Cloak"",""value"":""Light Gray Cloak""},{""trait_type"":""Skull"",""value"":""Lightened""},{""trait_type"":""Jewellery"",""value"":""Gray Necklace""},{""trait_type"":""Eyes Accessory"",""value"":""Eyepatch""},{""trait_type"":""Headwear"",""value"":""Blessed""}]"
262,3888257,0x9b45a932733a24872a1336523e961c66710e56cf9bbade7aa2d845dd547115de,"[{""trait_type"":""Background"",""value"":""Morpheus""},{""trait_type"":""Cloak"",""value"":""Black Cloak""},{""trait_type"":""Skull"",""value"":""Gray""},{""trait_type"":""Jewellery"",""value"":""Gray Necklace""},{""trait_type"":""Eyes Accessory"",""value"":""Black Glasses""}]"
261,3888256,0x96858ef3e934d059f853e0d98d971448a957b1e3cffaeaa516f16cfddc395889,"[{""trait_type"":""Background"",""value"":""Morpheus""},{""trait_type"":""Cloak"",""value"":""Light Gray Cloak""},{""trait_type"":""Skull"",""value"":""Gray""},{""trait_type"":""Jewellery"",""value"":""Gold Cross Pendant""},{""trait_type"":""Eyes Accessory"",""value"":""Eyepatch""}]"
260,3888087,0x59289e9d77ef60f6735ef309124d2ca4cbaaa665b3de82b21e653f32d627fa40,"[{""trait_type"":""Background"",""value"":""Code""},{""trait_type"":""Cloak"",""value"":""Black Cloak""},{""trait_type"":""Skull"",""value"":""Zombie""},{""trait_type"":""Jewellery"",""value"":""Gray Necklace""},{""trait_type"":""Eyes Accessory"",""value"":""Black Glasses""},{""trait_type"":""Hand Artifact"",""value"":""Cross""}]"
259,3888038,0x6e53f6c4348e662405f2f0d370e3c0918db744d3e08993452e146474317e4343,"[{""trait_type"":""Background"",""value"":""Red""},{""trait_type"":""Cloak"",""value"":""Yellow Cloak""},{""trait_type"":""Skull"",""value"":""Gray""},{""trait_type"":""Jewellery"",""value"":""Gold Necklace""},{""trait_type"":""Eyes Accessory"",""value"":""Black Glasses""},{""trait_type"":""Climate"",""value"":""Rainfall""},{""trait_type"":""Headwear"",""value"":""Devil's Horns""}]"
258,3888032,0xbaa406b306ec3639c67b95833a3c0530a4cdda6f251b0f6bbeb40264ae44ade1,"[{""trait_type"":""Background"",""value"":""Red""},{""trait_type"":""Cloak"",""value"":""Light Gray Cloak""},{""trait_type"":""Skull"",""value"":""Lightened""},{""trait_type"":""Jewellery"",""value"":""Gray Necklace""},{""trait_type"":""Eyes Accessory"",""value"":""Cinema Glasses""}]"
257,3887993,0xbf70a21bf94e475578c6607331bb03be0e4b65ca7626fa165c67fbb1bcc1df6c,"[{""trait_type"":""Background"",""value"":""Gray""},{""trait_type"":""Cloak"",""value"":""Black Cloak""},{""trait_type"":""Skull"",""value"":""Gray""},{""trait_type"":""Jewellery"",""value"":""Gray Necklace""},{""trait_type"":""Eyes Accessory"",""value"":""Black Glasses""},{""trait_type"":""Headwear"",""value"":""Devil's Horns""},{""trait_type"":""Mouth Accessory"",""value"":""Cigarette""}]"
256,3887914,0x8850c452c7bc5d4947c6e6504519a8792e2b0571522f76a772f881b225d12cb3,"[{""trait_type"":""Background"",""value"":""Gray""},{""trait_type"":""Cloak"",""value"":""Gray Cloak""},{""trait_type"":""Skull"",""value"":""Lightened""},{""trait_type"":""Jewellery"",""value"":""Gold Cross Pendant""},{""trait_type"":""Eyes Accessory"",""value"":""Cinema Glasses""},{""trait_type"":""Headwear"",""value"":""Devil's Horns""}]"
255,3887912,0x7d691427bac80ecce34298255e0348dc9769984a897d4eb011e4474934ee8a01,"[{""trait_type"":""Background"",""value"":""Dark Clouds""},{""trait_type"":""Cloak"",""value"":""Light Gray Cloak""},{""trait_type"":""Skull"",""value"":""Lightened""},{""trait_type"":""Jewellery"",""value"":""Gold Cross Pendant""},{""trait_type"":""Eyes Accessory"",""value"":""Cinema Glasses""},{""trait_type"":""Climate"",""value"":""Rainfall""},{""trait_type"":""Hand Artifact"",""value"":""Wand""}]"
254,3887909,0x75672a0777adfc13d6b6d6e719c7082a301b7f8bf84417ede4d678df8deb101d,"[{""trait_type"":""Background"",""value"":""Black""},{""trait_type"":""Cloak"",""value"":""Light Gray Cloak""},{""trait_type"":""Skull"",""value"":""Gray""},{""trait_type"":""Jewellery"",""value"":""Gray Necklace""},{""trait_type"":""Eyes Accessory"",""value"":""Black Glasses""},{""trait_type"":""Headwear"",""value"":""Devil's Horns""}]"
253,3887908,0x3c2238b367e2bd30fe428f0077d93283599fd77cfebaf553a333b8555da82a15,"[{""trait_type"":""Background"",""value"":""Punk Blue""},{""trait_type"":""Cloak"",""value"":""Light Gray Cloak""},{""trait_type"":""Skull"",""value"":""Gray""},{""trait_type"":""Jewellery"",""value"":""Gray Necklace""},{""trait_type"":""Eyes Accessory"",""value"":""Eyepatch""},{""trait_type"":""Climate"",""value"":""Rainfall""}]"
252,3887893,0x9e524c96967ebdddfa074a32c3a5411e68967ec1a2e0238976ac5f59ffe38f75,"[{""trait_type"":""Background"",""value"":""Black""},{""trait_type"":""Cloak"",""value"":""Black Cloak""},{""trait_type"":""Skull"",""value"":""Zombie""},{""trait_type"":""Jewellery"",""value"":""Gold Cross Pendant""},{""trait_type"":""Eyes Accessory"",""value"":""Cinema Glasses""},{""trait_type"":""Climate"",""value"":""Rainfall""},{""trait_type"":""Headwear"",""value"":""Devil's Horns""},{""trait_type"":""Mouth Accessory"",""value"":""Cigarette""}]"
251,3887892,0x10929fb74f3364a168b07ea73b7219cb3bf3fafb88faa366f4d355d8490a1d2c,"[{""trait_type"":""Background"",""value"":""Black""},{""trait_type"":""Cloak"",""value"":""Black Cloak""},{""trait_type"":""Skull"",""value"":""Gray""},{""trait_type"":""Jewellery"",""value"":""Gray Necklace""},{""trait_type"":""Eyes Accessory"",""value"":""Cinema Glasses""},{""trait_type"":""Climate"",""value"":""Rainfall""}]"
250,3887891,0x8bebf0d185332193e63db92f8f2f818488195e7d5217f261dbc0719360b4ff2e,"[{""trait_type"":""Background"",""value"":""Dark Clouds""},{""trait_type"":""Cloak"",""value"":""Black Cloak""},{""trait_type"":""Skull"",""value"":""Gray""},{""trait_type"":""Jewellery"",""value"":""Gray Necklace""},{""trait_type"":""Eyes Accessory"",""value"":""Cinema Glasses""}]"
249,3887889,0x35775ea276022ba867c2877071ef46b20ce3cd94287b2d42e6ff1d79a1c208f3,"[{""trait_type"":""Background"",""value"":""Gray""},{""trait_type"":""Cloak"",""value"":""Black Cloak""},{""trait_type"":""Skull"",""value"":""Lightened""},{""trait_type"":""Jewellery"",""value"":""Gold Cross Pendant""},{""trait_type"":""Eyes Accessory"",""value"":""Censored""},{""trait_type"":""Wings"",""value"":""Angel's Wings""},{""trait_type"":""Mouth Accessory"",""value"":""Rainfallbow""}]"
248,3887881,0x20986357bde61aacf011b95714a9f8d2a0be3532104715db0d752248c4227acd,"[{""trait_type"":""Background"",""value"":""Code""},{""trait_type"":""Cloak"",""value"":""Gray Cloak""},{""trait_type"":""Skull"",""value"":""Lightened""},{""trait_type"":""Jewellery"",""value"":""Gray Necklace""},{""trait_type"":""Eyes Accessory"",""value"":""Eyepatch""}]"
247,3887697,0xaa9f43137ceb5c0cf9e927c7bc377373ba5bf4076cfe2458b422005f1335784f,"[{""trait_type"":""Background"",""value"":""Punk Blue""},{""trait_type"":""Cloak"",""value"":""Light Gray Cloak""},{""trait_type"":""Skull"",""value"":""Gray""},{""trait_type"":""Jewellery"",""value"":""Gold Cross Pendant""},{""trait_type"":""Eyes Accessory"",""value"":""Eyepatch""},{""trait_type"":""Headwear"",""value"":""Devil's Horns""},{""trait_type"":""Mouth Accessory"",""value"":""Cigarette""}]"
246,3887691,0xa608105c0c5ae14249417455225ead7f902786d661b53c25aabb3b4282c843fc,"[{""trait_type"":""Background"",""value"":""Gray""},{""trait_type"":""Cloak"",""value"":""White Cloak""},{""trait_type"":""Skull"",""value"":""Gray""},{""trait_type"":""Jewellery"",""value"":""Gray Necklace""},{""trait_type"":""Eyes Accessory"",""value"":""Censored""},{""trait_type"":""Wings"",""value"":""Angel's Wings""},{""trait_type"":""Headwear"",""value"":""Blessed""}]"
245,3887690,0x5b9a534252c08eab91b04524bd2cd4b21e665cbea0f6fac072db56d1f24ffe6a,"[{""trait_type"":""Background"",""value"":""Gray""},{""trait_type"":""Cloak"",""value"":""Gray Cloak""},{""trait_type"":""Skull"",""value"":""Lightened""},{""trait_type"":""Eyes Accessory"",""value"":""Black Glasses""},{""trait_type"":""Climate"",""value"":""Rainfall""},{""trait_type"":""Mouth Accessory"",""value"":""Cigarette""}]"
244,3878336,0x0961670efb178888c04372e6d87a975053b57a9d55075faab032e30427b4e227,"[{""trait_type"":""Background"",""value"":""Red""},{""trait_type"":""Cloak"",""value"":""Light Gray Cloak""},{""trait_type"":""Skull"",""value"":""Lightened""},{""trait_type"":""Jewellery"",""value"":""Gray Necklace""},{""trait_type"":""Eyes Accessory"",""value"":""Black Glasses""},{""trait_type"":""Headwear"",""value"":""Blessed""}]"
243,3878251,0xd2eafc6d836a5852951a9156e65a87b39b0314a7a54cec708bd0762ffc066967,"[{""trait_type"":""Background"",""value"":""Black""},{""trait_type"":""Cloak"",""value"":""Light Gray Cloak""},{""trait_type"":""Skull"",""value"":""Lightened""},{""trait_type"":""Jewellery"",""value"":""Gold Cross Pendant""},{""trait_type"":""Eyes Accessory"",""value"":""Eyepatch""}]"
242,3877921,0x4c7c09838ed91fdf34de20567b1cd098854f394ded55c2379a795cb11c2f743b,"[{""trait_type"":""Background"",""value"":""Punk Blue""},{""trait_type"":""Cloak"",""value"":""Gray Cloak""},{""trait_type"":""Skull"",""value"":""Gray""},{""trait_type"":""Jewellery"",""value"":""Gray Necklace""},{""trait_type"":""Eyes Accessory"",""value"":""Black Glasses""},{""trait_type"":""Mouth Accessory"",""value"":""Rainfallbow""}]"
241,3877789,0x7ef1c3c9beb8bbfc0605e4d8640a2f1bc015d1f624a65aa73a9beff44f9c7dec,"[{""trait_type"":""Background"",""value"":""Punk Blue""},{""trait_type"":""Cloak"",""value"":""Gray Cloak""},{""trait_type"":""Skull"",""value"":""Gray""},{""trait_type"":""Jewellery"",""value"":""Gold Cross Pendant""},{""trait_type"":""Eyes Accessory"",""value"":""Eyepatch""},{""trait_type"":""Headwear"",""value"":""Blessed""},{""trait_type"":""Mouth Accessory"",""value"":""Cigarette""}]"
240,3877788,0x63dba1f924c7bfe6bdcf749a316959cf96f604417393be27e155d362eab48cd3,"[{""trait_type"":""Background"",""value"":""Black""},{""trait_type"":""Cloak"",""value"":""Light Gray Cloak""},{""trait_type"":""Skull"",""value"":""Gray""},{""trait_type"":""Jewellery"",""value"":""Gold Cross Pendant""},{""trait_type"":""Eyes Accessory"",""value"":""Cinema Glasses""}]"
239,3877787,0x2135306154078ddd562046a88b67e4bd9c43aa84aa2b16f96df1f70b602a4c21,"[{""trait_type"":""Background"",""value"":""Punk Blue""},{""trait_type"":""Cloak"",""value"":""Black Cloak""},{""trait_type"":""Skull"",""value"":""Lightened""},{""trait_type"":""Eyes Accessory"",""value"":""Cinema Glasses""}]"
238,3877769,0xf1e0f4bb08f89362ceafca76e36cf9e5b5fabcf352cbad723390febb12822d4f,"[{""trait_type"":""Background"",""value"":""Black""},{""trait_type"":""Cloak"",""value"":""Gray Cloak""},{""trait_type"":""Skull"",""value"":""Gray""},{""trait_type"":""Jewellery"",""value"":""Gold Cross Pendant""},{""trait_type"":""Eyes Accessory"",""value"":""Eyepatch""},{""trait_type"":""Climate"",""value"":""Rainfall""},{""trait_type"":""Hand Artifact"",""value"":""Cross""}]"
237,3877768,0x3c15a7e6b7117dccc50adae6efde445e66fe365156a58b6168af21acb35db9ba,"[{""trait_type"":""Background"",""value"":""Gray""},{""trait_type"":""Cloak"",""value"":""Black Cloak""},{""trait_type"":""Skull"",""value"":""Gray""},{""trait_type"":""Jewellery"",""value"":""Gray Necklace""},{""trait_type"":""Eyes Accessory"",""value"":""Eyepatch""}]"
236,3877767,0x9847dc10c69b7fe84d4f2c5b917c8155ff8b0b80b232b791deace7a4408880ac,"[{""trait_type"":""Background"",""value"":""Black""},{""trait_type"":""Cloak"",""value"":""Black Cloak""},{""trait_type"":""Skull"",""value"":""Lightened""},{""trait_type"":""Jewellery"",""value"":""Gold Cross Pendant""},{""trait_type"":""Eyes Accessory"",""value"":""Black Glasses""},{""trait_type"":""Climate"",""value"":""Rainfall""},{""trait_type"":""Mouth Accessory"",""value"":""Cigarette""},{""trait_type"":""Hand Artifact"",""value"":""Wand""}]"
235,3877766,0xe48e47224c51e1370bf640ed724b3ce49b6e166d3fc00f0d27e202e999d0e45a,"[{""trait_type"":""Background"",""value"":""Red""},{""trait_type"":""Cloak"",""value"":""Black Cloak""},{""trait_type"":""Skull"",""value"":""Zombie""},{""trait_type"":""Jewellery"",""value"":""Gold Cross Pendant""},{""trait_type"":""Eyes Accessory"",""value"":""Eyepatch""},{""trait_type"":""Climate"",""value"":""Rainfall""},{""trait_type"":""Mouth Accessory"",""value"":""Cigarette""},{""trait_type"":""Hand Artifact"",""value"":""Wand""}]"
234,3877765,0x472fb1b41f7686344b1c8858ddad246e2ba8b87d256961dba30e462c6d002a74,"[{""trait_type"":""Background"",""value"":""Dark Clouds""},{""trait_type"":""Cloak"",""value"":""Black Cloak""},{""trait_type"":""Skull"",""value"":""Gray""},{""trait_type"":""Jewellery"",""value"":""Gold Cross Pendant""},{""trait_type"":""Eyes Accessory"",""value"":""Cinema Glasses""}]"
233,3877764,0xd2ef9c6eb6eb65d9722fc9b56d848790de1d2f6696c8f1f501f3bb7e87eb8129,"[{""trait_type"":""Background"",""value"":""Black""},{""trait_type"":""Cloak"",""value"":""Black Cloak""},{""trait_type"":""Skull"",""value"":""Gray""},{""trait_type"":""Eyes Accessory"",""value"":""Eyepatch""},{""trait_type"":""Hand Artifact"",""value"":""Cross""}]"
232,3877763,0x11afbf9f471d459aa58e5ced4c571e05aac6d90e0544623491d8a30cbaccc92b,"[{""trait_type"":""Background"",""value"":""Gray""},{""trait_type"":""Cloak"",""value"":""Eths Cloak""},{""trait_type"":""Skull"",""value"":""Gray""},{""trait_type"":""Jewellery"",""value"":""Gray Necklace""},{""trait_type"":""Eyes Accessory"",""value"":""Eyepatch""},{""trait_type"":""Headwear"",""value"":""Devil's Horns""}]"
231,3877762,0xb0447100bed31384e0af398254c5ec13f12367e9a369ccdd095a27559b6adbbf,"[{""trait_type"":""Background"",""value"":""Dark Clouds""},{""trait_type"":""Cloak"",""value"":""Eths Cloak""},{""trait_type"":""Skull"",""value"":""Gray""},{""trait_type"":""Jewellery"",""value"":""Gray Necklace""},{""trait_type"":""Eyes Accessory"",""value"":""Cinema Glasses""}]"
230,3877761,0xa6e27fe20668fbd2124008442682c803f80bc0d9ab6574ea4cb1ec6ce32b2fc6,"[{""trait_type"":""Background"",""value"":""Punk Blue""},{""trait_type"":""Cloak"",""value"":""Black Cloak""},{""trait_type"":""Skull"",""value"":""Lightened""},{""trait_type"":""Jewellery"",""value"":""Gold Cross Pendant""},{""trait_type"":""Eyes Accessory"",""value"":""Eyepatch""},{""trait_type"":""Climate"",""value"":""Rainfall""},{""trait_type"":""Headwear"",""value"":""Devil's Horns""},{""trait_type"":""Mouth Accessory"",""value"":""Cigarette""}]"
229,3877760,0x522b5b16f200aadeef170105b2e2ad00da10c73f220c913d1b77847f827bc4a9,"[{""trait_type"":""Background"",""value"":""Punk Blue""},{""trait_type"":""Cloak"",""value"":""Black Cloak""},{""trait_type"":""Skull"",""value"":""Lightened""},{""trait_type"":""Eyes Accessory"",""value"":""Cinema Glasses""},{""trait_type"":""Headwear"",""value"":""Blessed""},{""trait_type"":""Mouth Accessory"",""value"":""Cigarette""}]"
228,3877759,0x63f09a73126aef49dbad0eb7fb64e7e372990aee63b50280ee5d5d0fc3b119b0,"[{""trait_type"":""Background"",""value"":""Gray""},{""trait_type"":""Cloak"",""value"":""Light Gray Cloak""},{""trait_type"":""Skull"",""value"":""Gray""},{""trait_type"":""Jewellery"",""value"":""Gray Necklace""},{""trait_type"":""Eyes Accessory"",""value"":""Eyepatch""},{""trait_type"":""Headwear"",""value"":""Devil's Horns""}]"
227,3877758,0x2b2353823d8d50244e9f9fa375af812662e0c11f45ac0efee8017c33ede485f8,"[{""trait_type"":""Background"",""value"":""Red""},{""trait_type"":""Cloak"",""value"":""Black Cloak""},{""trait_type"":""Skull"",""value"":""Gray""},{""trait_type"":""Jewellery"",""value"":""Gray Necklace""},{""trait_type"":""Eyes Accessory"",""value"":""Purple Beam""}]"
226,3877757,0x00c819c72cbc63912e8b68d19810cf3eccc99fc081cc8a87941cedd255c3fda3,"[{""trait_type"":""Background"",""value"":""Red""},{""trait_type"":""Cloak"",""value"":""Black Cloak""},{""trait_type"":""Skull"",""value"":""Gray""},{""trait_type"":""Jewellery"",""value"":""Gold Cross Pendant""},{""trait_type"":""Eyes Accessory"",""value"":""Eyepatch""},{""trait_type"":""Climate"",""value"":""Rainfall""},{""trait_type"":""Mouth Accessory"",""value"":""Cigarette""}]"
225,3877756,0x63e4086958b7fc86e76265b753f2555fa5981b5a056a2a92144b17d68c116b27,"[{""trait_type"":""Background"",""value"":""Hell""},{""trait_type"":""Cloak"",""value"":""Black Cloak""},{""trait_type"":""Skull"",""value"":""Lightened""},{""trait_type"":""Eyes Accessory"",""value"":""Eyepatch""}]"
224,3877755,0x0c9e92e6f846aa683f9ec346ef1aed99260cece302bdb06251e365463c15839f,"[{""trait_type"":""Background"",""value"":""Black""},{""trait_type"":""Cloak"",""value"":""Gray Cloak""},{""trait_type"":""Skull"",""value"":""Gray""},{""trait_type"":""Eyes Accessory"",""value"":""Eyepatch""}]"
223,3877754,0x946e4e3fbb5a791a73e012bcff4e325cfad43dbf5bd538a9429da05d954f9a4d,"[{""trait_type"":""Background"",""value"":""Gray""},{""trait_type"":""Cloak"",""value"":""Light Gray Cloak""},{""trait_type"":""Skull"",""value"":""Gray""},{""trait_type"":""Jewellery"",""value"":""Gold Cross Pendant""},{""trait_type"":""Eyes Accessory"",""value"":""Black Glasses""}]"
222,3877457,0x0fbe69b58e006c5f6e51929399c260002ac2b708a78e9ff4086fc8ce2d11ceb8,"[{""trait_type"":""Background"",""value"":""Black""},{""trait_type"":""Cloak"",""value"":""Black Cloak""},{""trait_type"":""Skull"",""value"":""Zombie""},{""trait_type"":""Jewellery"",""value"":""Gold Cross Pendant""},{""trait_type"":""Eyes Accessory"",""value"":""Eyepatch""},{""trait_type"":""Wings"",""value"":""Angel's Wings""},{""trait_type"":""Headwear"",""value"":""Devil's Horns""}]"
221,3864369,0xc9aefe2e94adc06c613659e90db6d49d30cb79d993404419977e68d63af58d89,"[{""trait_type"":""Background"",""value"":""Dark Clouds""},{""trait_type"":""Cloak"",""value"":""Yellow Cloak""},{""trait_type"":""Skull"",""value"":""Gray""},{""trait_type"":""Eyes Accessory"",""value"":""Eyepatch""},{""trait_type"":""Headwear"",""value"":""Blessed""}]"
220,3864368,0x8633d818f864a08a1e078c5ec1952d2276db7f626ea889c06b3efcf04468bfa3,"[{""trait_type"":""Background"",""value"":""Red""},{""trait_type"":""Cloak"",""value"":""Light Gray Cloak""},{""trait_type"":""Skull"",""value"":""Gray""},{""trait_type"":""Jewellery"",""value"":""Gold Cross Pendant""},{""trait_type"":""Eyes Accessory"",""value"":""Black Glasses""},{""trait_type"":""Headwear"",""value"":""Devil's Horns""}]"
219,3864365,0x8ab1a5b117019221b550f3767f321759e94ed12e2f80141c01c7be9007da9942,"[{""trait_type"":""Background"",""value"":""Space""},{""trait_type"":""Cloak"",""value"":""Light Gray Cloak""},{""trait_type"":""Skull"",""value"":""Gray""},{""trait_type"":""Eyes Accessory"",""value"":""Vr Glasses""}]"
218,3864364,0x4ed6e562a709bff7c8f706869ff56af86edf9fc5f8067f92198e3ad01ea1e4e5,"[{""trait_type"":""Background"",""value"":""Black""},{""trait_type"":""Cloak"",""value"":""Light Gray Cloak""},{""trait_type"":""Skull"",""value"":""Lightened""},{""trait_type"":""Jewellery"",""value"":""Gold Cross Pendant""},{""trait_type"":""Eyes Accessory"",""value"":""Black Glasses""},{""trait_type"":""Wings"",""value"":""Angel's Wings""},{""trait_type"":""Headwear"",""value"":""Crown""}]"
217,3864363,0x6b5fa43b91184c341c04ff2c3ff5b66b5ac92291e6c6e53392b7f3af04c9cfb8,"[{""trait_type"":""Background"",""value"":""Hell""},{""trait_type"":""Cloak"",""value"":""Gray Cloak""},{""trait_type"":""Skull"",""value"":""Lightened""},{""trait_type"":""Jewellery"",""value"":""Gold Cross Pendant""},{""trait_type"":""Eyes Accessory"",""value"":""Nerd Glasses""},{""trait_type"":""Headwear"",""value"":""Devil's Horns""},{""trait_type"":""Hand Artifact"",""value"":""Cross""}]"
216,3864362,0x9a07103ebc7391d93e60637b3c7bad0830b6eed24b1f42e6ea72e2cda7e03bc7,"[{""trait_type"":""Background"",""value"":""Morpheus""},{""trait_type"":""Cloak"",""value"":""Yellow Cloak""},{""trait_type"":""Skull"",""value"":""Lightened""},{""trait_type"":""Jewellery"",""value"":""Gold Cross Pendant""},{""trait_type"":""Eyes Accessory"",""value"":""Black Glasses""}]"
215,3864361,0x30c547dc7d134e5a48ac0818160c07144da710fb4079fa072e94a8d975ed3d27,"[{""trait_type"":""Background"",""value"":""Gray""},{""trait_type"":""Cloak"",""value"":""Gray Cloak""},{""trait_type"":""Skull"",""value"":""Gray""},{""trait_type"":""Jewellery"",""value"":""Gray Necklace""},{""trait_type"":""Eyes Accessory"",""value"":""Nerd Glasses""}]"
214,3864360,0x12517052b039cdd80be2bcbe9a96153346d0a151e71f595826e007f534549754,"[{""trait_type"":""Background"",""value"":""Gray""},{""trait_type"":""Cloak"",""value"":""Red Cloak""},{""trait_type"":""Skull"",""value"":""Lightened""},{""trait_type"":""Jewellery"",""value"":""Gray Necklace""},{""trait_type"":""Eyes Accessory"",""value"":""Black Glasses""},{""trait_type"":""Wings"",""value"":""Angel's Wings""}]"
213,3864359,0x427d0c208ad63c4cb93beadace73c9881d030f22288c39508128ff16077f3977,"[{""trait_type"":""Background"",""value"":""Gray""},{""trait_type"":""Cloak"",""value"":""Yellow Cloak""},{""trait_type"":""Skull"",""value"":""Gray""},{""trait_type"":""Jewellery"",""value"":""Gold Cross Pendant""},{""trait_type"":""Eyes Accessory"",""value"":""Eyepatch""},{""trait_type"":""Climate"",""value"":""Rainfall""},{""trait_type"":""Headwear"",""value"":""Blessed""},{""trait_type"":""Mouth Accessory"",""value"":""Cigarette""}]"
212,3864358,0x7df4a1f1c88697ba4fc6c168ad5425e1177d2f7b5879cb5126ecb6a67f7a08cd,"[{""trait_type"":""Background"",""value"":""Gray""},{""trait_type"":""Cloak"",""value"":""Light Gray Cloak""},{""trait_type"":""Skull"",""value"":""Lightened""},{""trait_type"":""Jewellery"",""value"":""Gold Cross Pendant""},{""trait_type"":""Eyes Accessory"",""value"":""Vr Glasses""},{""trait_type"":""Climate"",""value"":""Rainfall""},{""trait_type"":""Headwear"",""value"":""Devil's Horns""}]"
211,3864357,0xeb9f93c4e2f0208eaf1334820c3fed42fe01be55e0ec1d2e5bd0c89bfa02e2e7,"[{""trait_type"":""Background"",""value"":""Gray""},{""trait_type"":""Cloak"",""value"":""Light Gray Cloak""},{""trait_type"":""Skull"",""value"":""Zombie""},{""trait_type"":""Eyes Accessory"",""value"":""Eyepatch""}]"
210,3864356,0x690123d3d7d027665e1d8eb2f5608b7b8c8a3b20c7f00173ac1c7978fba4f313,"[{""trait_type"":""Background"",""value"":""Red""},{""trait_type"":""Cloak"",""value"":""Gray Cloak""},{""trait_type"":""Skull"",""value"":""Gray""},{""trait_type"":""Jewellery"",""value"":""Gray Necklace""},{""trait_type"":""Eyes Accessory"",""value"":""Eyepatch""},{""trait_type"":""Wings"",""value"":""Angel's Wings""},{""trait_type"":""Headwear"",""value"":""Devil's Horns""}]"
209,3864355,0x7c4547912bb7b452cb1f8ba6be53d01411366ff9204555763d5f6cfa8a1db8f5,"[{""trait_type"":""Background"",""value"":""Gray""},{""trait_type"":""Cloak"",""value"":""Red Cloak""},{""trait_type"":""Skull"",""value"":""Zombie""},{""trait_type"":""Jewellery"",""value"":""Gold Cross Pendant""},{""trait_type"":""Eyes Accessory"",""value"":""Cinema Glasses""},{""trait_type"":""Headwear"",""value"":""Devil's Horns""}]"
208,3864354,0xa324b2cebddd1a64b10c9a201c7e25aaa18851162d446b74275058b6ee21acf1,"[{""trait_type"":""Background"",""value"":""Gray""},{""trait_type"":""Cloak"",""value"":""Gray Cloak""},{""trait_type"":""Skull"",""value"":""Lightened""},{""trait_type"":""Jewellery"",""value"":""Gray Necklace""},{""trait_type"":""Eyes Accessory"",""value"":""Cinema Glasses""},{""trait_type"":""Headwear"",""value"":""Devil's Horns""}]"
207,3864353,0xe4ce78c084d6b7b2a07f26781638404b60c513740a0766c9547ee5b968a1ceb5,"[{""trait_type"":""Background"",""value"":""Black""},{""trait_type"":""Cloak"",""value"":""Light Gray Cloak""},{""trait_type"":""Skull"",""value"":""Gray""},{""trait_type"":""Jewellery"",""value"":""Gray Necklace""},{""trait_type"":""Eyes Accessory"",""value"":""Cinema Glasses""},{""trait_type"":""Wings"",""value"":""Angel's Wings""},{""trait_type"":""Headwear"",""value"":""Devil's Horns""},{""trait_type"":""Mouth Accessory"",""value"":""Cigarette""}]"
206,3864352,0xe7891c06e530327798edac28e0880876228f066cb5876d0f7a0710f3085d1a5d,"[{""trait_type"":""Background"",""value"":""Gray""},{""trait_type"":""Cloak"",""value"":""Light Gray Cloak""},{""trait_type"":""Skull"",""value"":""Gray""},{""trait_type"":""Eyes Accessory"",""value"":""Eyepatch""}]"
205,3864351,0xd1f407ed6df7e9f776c05146b06f918d6417423a262bd4f8d8e876ec434d17e3,"[{""trait_type"":""Background"",""value"":""Space""},{""trait_type"":""Cloak"",""value"":""Light Gray Cloak""},{""trait_type"":""Skull"",""value"":""Lightened""},{""trait_type"":""Jewellery"",""value"":""Gray Necklace""},{""trait_type"":""Eyes Accessory"",""value"":""Black Glasses""}]"
204,3864350,0xb548db61def6adb069c06bb3562199ec67e4255495fe335bb4910a72cbe80124,"[{""trait_type"":""Background"",""value"":""Black""},{""trait_type"":""Cloak"",""value"":""Light Gray Cloak""},{""trait_type"":""Skull"",""value"":""Gray""},{""trait_type"":""Eyes Accessory"",""value"":""Eyepatch""},{""trait_type"":""Headwear"",""value"":""Devil's Horns""},{""trait_type"":""Mouth Accessory"",""value"":""Cigarette""}]"
203,3864349,0x853b07d1a7730815b0a8dc782ed4b13bd29ac910d453302c1398fb9098a34a55,"[{""trait_type"":""Background"",""value"":""Gray""},{""trait_type"":""Cloak"",""value"":""Light Gray Cloak""},{""trait_type"":""Skull"",""value"":""Gray""},{""trait_type"":""Jewellery"",""value"":""Gold Cross Pendant""},{""trait_type"":""Eyes Accessory"",""value"":""Cinema Glasses""},{""trait_type"":""Mouth Accessory"",""value"":""Cigarette""}]"
202,3864348,0x2f8da3bd6289a9fd5bff0147ff7b87b75644f293f81d323fab6ccf6f6b924372,"[{""trait_type"":""Background"",""value"":""Punk Blue""},{""trait_type"":""Cloak"",""value"":""Black Cloak""},{""trait_type"":""Skull"",""value"":""Gray""},{""trait_type"":""Eyes Accessory"",""value"":""Eyepatch""}]"
201,3864347,0xbd5a6fd4016ec956554a662cc886e96c61a0a210cd9d1427aa2fdfc9f8de277a,"[{""trait_type"":""Background"",""value"":""Gray""},{""trait_type"":""Cloak"",""value"":""Light Gray Cloak""},{""trait_type"":""Skull"",""value"":""Lightened""},{""trait_type"":""Jewellery"",""value"":""Gray Necklace""},{""trait_type"":""Eyes Accessory"",""value"":""Black Glasses""},{""trait_type"":""Headwear"",""value"":""Devil's Horns""},{""trait_type"":""Hand Artifact"",""value"":""Cross""}]"
200,3864346,0x6b729e23b7e04590aee42d043ae89eca004bcfb5ccb45abc20f5d9009437b0d3,"[{""trait_type"":""Background"",""value"":""Punk Blue""},{""trait_type"":""Cloak"",""value"":""White Cloak""},{""trait_type"":""Skull"",""value"":""Gray""},{""trait_type"":""Jewellery"",""value"":""Gray Necklace""},{""trait_type"":""Eyes Accessory"",""value"":""Eyepatch""}]"
199,3864345,0x004ec9822486d5c95ea2bac0dcec68bba17ee0ba56574f69ed5a3042b32650b2,"[{""trait_type"":""Background"",""value"":""Black""},{""trait_type"":""Cloak"",""value"":""Black Cloak""},{""trait_type"":""Skull"",""value"":""Gray""},{""trait_type"":""Jewellery"",""value"":""Gold Cross Pendant""},{""trait_type"":""Eyes Accessory"",""value"":""Black Glasses""},{""trait_type"":""Climate"",""value"":""Rainfall""},{""trait_type"":""Headwear"",""value"":""Devil's Horns""}]"
198,3864334,0x4778e8bd348ef2cb82320d59e9f2021bbba757583a293b4885cceba7c697fab7,"[{""trait_type"":""Background"",""value"":""Red""},{""trait_type"":""Cloak"",""value"":""Gray Cloak""},{""trait_type"":""Skull"",""value"":""Gray""},{""trait_type"":""Jewellery"",""value"":""Gold Cross Pendant""},{""trait_type"":""Eyes Accessory"",""value"":""Black Glasses""}]"
197,3864333,0xcf836d322494187e97e0ab4ca4f82945e338321181e87375937b54a892afa675,"[{""trait_type"":""Background"",""value"":""Dark Clouds""},{""trait_type"":""Cloak"",""value"":""Gray Cloak""},{""trait_type"":""Skull"",""value"":""Lightened""},{""trait_type"":""Jewellery"",""value"":""Gold Cross Pendant""},{""trait_type"":""Eyes Accessory"",""value"":""Eyepatch""},{""trait_type"":""Mouth Accessory"",""value"":""Rainfallbow""}]"
196,3864332,0x4d83c2f68f52174e5f6e150c2e042b52cf1b75b2fc4364f451041ef689fe7fa6,"[{""trait_type"":""Background"",""value"":""Eths""},{""trait_type"":""Cloak"",""value"":""Eths Cloak""},{""trait_type"":""Skull"",""value"":""Eths""}]"
195,3864331,0x6342b8c1f99b1b2c3859091e40971a701669419a794fd895b5265404cd2584c0,"[{""trait_type"":""Background"",""value"":""Black""},{""trait_type"":""Cloak"",""value"":""Black Cloak""},{""trait_type"":""Skull"",""value"":""Gray""},{""trait_type"":""Jewellery"",""value"":""Gold Cross Pendant""},{""trait_type"":""Eyes Accessory"",""value"":""Black Glasses""},{""trait_type"":""Headwear"",""value"":""Blessed""}]"
194,3864330,0xb59e2a5d59cbcbdb393225bf134a34e6aedb8b4a1e9bf2ea686d40911d21a66b,"[{""trait_type"":""Background"",""value"":""Code""},{""trait_type"":""Cloak"",""value"":""Light Gray Cloak""},{""trait_type"":""Skull"",""value"":""Lightened""},{""trait_type"":""Jewellery"",""value"":""Gray Necklace""},{""trait_type"":""Eyes Accessory"",""value"":""Cinema Glasses""},{""trait_type"":""Climate"",""value"":""Rainfall""},{""trait_type"":""Mouth Accessory"",""value"":""Cigarette""}]"
193,3864329,0xa075d29c736433aa25607c966df04eb550326c84b56fbc254ca2fb2f793e6047,"[{""trait_type"":""Background"",""value"":""Red""},{""trait_type"":""Cloak"",""value"":""Light Gray Cloak""},{""trait_type"":""Skull"",""value"":""Gray""},{""trait_type"":""Jewellery"",""value"":""Gold Cross Pendant""},{""trait_type"":""Eyes Accessory"",""value"":""Eyepatch""},{""trait_type"":""Headwear"",""value"":""Devil's Horns""},{""trait_type"":""Mouth Accessory"",""value"":""Cigarette""}]"
192,3864328,0xdec46afe3de92467cc47584a91293510efaca5108d0e4d6dfb09824117a675b7,"[{""trait_type"":""Background"",""value"":""Code""},{""trait_type"":""Cloak"",""value"":""Black Cloak""},{""trait_type"":""Skull"",""value"":""Lightened""},{""trait_type"":""Jewellery"",""value"":""Gold Cross Pendant""},{""trait_type"":""Eyes Accessory"",""value"":""Cinema Glasses""},{""trait_type"":""Mouth Accessory"",""value"":""Rainfallbow""}]"
191,3864327,0x61dc1b2aa9c0d4bb31d730d3541ad97b95a7724bb98c616517897ed58551d11a,"[{""trait_type"":""Background"",""value"":""Code""},{""trait_type"":""Cloak"",""value"":""Gray Cloak""},{""trait_type"":""Skull"",""value"":""Lightened""},{""trait_type"":""Jewellery"",""value"":""Gray Necklace""},{""trait_type"":""Eyes Accessory"",""value"":""Eyepatch""},{""trait_type"":""Wings"",""value"":""Angel's Wings""},{""trait_type"":""Mouth Accessory"",""value"":""Cigarette""}]"
190,3864326,0x0b0ae11499b298c517a32271b3df0a50b14cf0bb2d55019491e07c61fece7093,"[{""trait_type"":""Background"",""value"":""Punk Blue""},{""trait_type"":""Cloak"",""value"":""Black Cloak""},{""trait_type"":""Skull"",""value"":""Gray""},{""trait_type"":""Jewellery"",""value"":""Gold Cross Pendant""},{""trait_type"":""Eyes Accessory"",""value"":""Black Glasses""},{""trait_type"":""Mouth Accessory"",""value"":""Cigarette""}]"
189,3864325,0xf95696d54c80cc22ab1ad11dc483a8879a87ea3d93372925d64aef9c53c8a52e,"[{""trait_type"":""Background"",""value"":""Red""},{""trait_type"":""Cloak"",""value"":""Eths Cloak""},{""trait_type"":""Skull"",""value"":""Gray""},{""trait_type"":""Jewellery"",""value"":""Gold Cross Pendant""},{""trait_type"":""Eyes Accessory"",""value"":""Dirty Blindfold""},{""trait_type"":""Headwear"",""value"":""Devil's Horns""}]"
188,3864324,0x7803ca28341970add144a807763947536aa0b91b918172a08ce68003d63fe0c6,"[{""trait_type"":""Background"",""value"":""Black""},{""trait_type"":""Cloak"",""value"":""Black Cloak""},{""trait_type"":""Skull"",""value"":""Gold""},{""trait_type"":""Eyes Accessory"",""value"":""Purple Beam""},{""trait_type"":""Headwear"",""value"":""Blessed""},{""trait_type"":""Mouth Accessory"",""value"":""Rainfallbow""}]"
187,3864323,0x56095d771b316505780d638660b0b1d7a3252eaad7d3635817ea4aa5baf5201f,"[{""trait_type"":""Background"",""value"":""Code""},{""trait_type"":""Cloak"",""value"":""Black Cloak""},{""trait_type"":""Skull"",""value"":""Lightened""},{""trait_type"":""Jewellery"",""value"":""Gray Necklace""},{""trait_type"":""Eyes Accessory"",""value"":""Eyepatch""}]"
186,3864322,0x277c1fe9ca4f451aa4342eb7f9010149761d9d90149bc4ef61843db06623844a,"[{""trait_type"":""Background"",""value"":""Punk Blue""},{""trait_type"":""Cloak"",""value"":""Light Gray Cloak""},{""trait_type"":""Skull"",""value"":""Gold""},{""trait_type"":""Jewellery"",""value"":""Gold Cross Pendant""},{""trait_type"":""Eyes Accessory"",""value"":""Eyepatch""},{""trait_type"":""Mouth Accessory"",""value"":""Cigarette""}]"
185,3864321,0x46a7e64615aedb17a51889f2b3737e711a38e87839e85ca4159aba13766b38a3,"[{""trait_type"":""Background"",""value"":""Gray""},{""trait_type"":""Cloak"",""value"":""Black Cloak""},{""trait_type"":""Skull"",""value"":""Gray""},{""trait_type"":""Jewellery"",""value"":""Gray Necklace""},{""trait_type"":""Eyes Accessory"",""value"":""Black Glasses""},{""trait_type"":""Wings"",""value"":""Angel's Wings""}]"
184,3864320,0x4f72db52c338154c67902390c3776386b73415a4f318f30dab161b73071080c2,"[{""trait_type"":""Background"",""value"":""Red""},{""trait_type"":""Cloak"",""value"":""Light Gray Cloak""},{""trait_type"":""Skull"",""value"":""Lightened""},{""trait_type"":""Jewellery"",""value"":""Gold Cross Pendant""},{""trait_type"":""Eyes Accessory"",""value"":""Censored""},{""trait_type"":""Climate"",""value"":""Rainfall""},{""trait_type"":""Headwear"",""value"":""Devil's Horns""},{""trait_type"":""Mouth Accessory"",""value"":""Cigarette""}]"
183,3864319,0xc0cab753f259749c93d8375430be9c79a733a2472417531c69e94ed93520c19f,"[{""trait_type"":""Background"",""value"":""Black""},{""trait_type"":""Cloak"",""value"":""Red Cloak""},{""trait_type"":""Skull"",""value"":""Gray""},{""trait_type"":""Jewellery"",""value"":""Gray Necklace""},{""trait_type"":""Eyes Accessory"",""value"":""Censored""},{""trait_type"":""Climate"",""value"":""Rainfall""}]"
182,3863883,0x1728d19d53e8eb26f4be1e1cec410f1f3e35e15dca8472d69b612f71033de4a5,"[{""trait_type"":""Background"",""value"":""Space""},{""trait_type"":""Cloak"",""value"":""Black Cloak""},{""trait_type"":""Skull"",""value"":""Gray""},{""trait_type"":""Jewellery"",""value"":""Gray Necklace""},{""trait_type"":""Eyes Accessory"",""value"":""Eyepatch""},{""trait_type"":""Hand Artifact"",""value"":""Cross""}]"
181,3863882,0x80441f519ea85c4379a691a56d625e21a8150fbc4165560b5bb8f140d48ef9d3,"[{""trait_type"":""Background"",""value"":""Morpheus""},{""trait_type"":""Cloak"",""value"":""Black Cloak""},{""trait_type"":""Skull"",""value"":""Zombie""},{""trait_type"":""Jewellery"",""value"":""Gray Necklace""},{""trait_type"":""Eyes Accessory"",""value"":""Eyepatch""}]"
180,3863881,0x1cef729ec0734dc481f8220b287ec6339848eae3e547fb23f081a779215eea7a,"[{""trait_type"":""Background"",""value"":""Gray""},{""trait_type"":""Cloak"",""value"":""Yellow Cloak""},{""trait_type"":""Skull"",""value"":""Lightened""},{""trait_type"":""Eyes Accessory"",""value"":""Cinema Glasses""},{""trait_type"":""Mouth Accessory"",""value"":""Cigarette""}]"
179,3863880,0xa0d8fdc7d5d48a2f9cb921a6b499e89ffea6d179f1df876c4aca44d894957cf6,"[{""trait_type"":""Background"",""value"":""Black""},{""trait_type"":""Cloak"",""value"":""Light Gray Cloak""},{""trait_type"":""Skull"",""value"":""Gray""},{""trait_type"":""Eyes Accessory"",""value"":""Black Glasses""}]"
178,3863879,0x03ac7f1e52e7b0204b9ba75e044578c806e56b1eba29ec4603ec53c63edad194,"[{""trait_type"":""Background"",""value"":""Morpheus""},{""trait_type"":""Cloak"",""value"":""Light Gray Cloak""},{""trait_type"":""Skull"",""value"":""Zombie""},{""trait_type"":""Jewellery"",""value"":""Gray Necklace""},{""trait_type"":""Eyes Accessory"",""value"":""Black Glasses""}]"
177,3863878,0x9183a90f94a04df2e049ce673c7cc7a04ca1649ca24730e75360b96eefe3339e,"[{""trait_type"":""Background"",""value"":""Black""},{""trait_type"":""Cloak"",""value"":""Black Cloak""},{""trait_type"":""Skull"",""value"":""Gray""},{""trait_type"":""Jewellery"",""value"":""Gold Cross Pendant""},{""trait_type"":""Eyes Accessory"",""value"":""Eyepatch""},{""trait_type"":""Headwear"",""value"":""Devil's Horns""}]"
176,3863877,0x355f11af49f4d002fc1fdbc3dac6f9fc7e182dc352927d9fca5b38eb26798ebf,"[{""trait_type"":""Background"",""value"":""Gray""},{""trait_type"":""Cloak"",""value"":""Light Gray Cloak""},{""trait_type"":""Skull"",""value"":""Lightened""},{""trait_type"":""Jewellery"",""value"":""Gray Necklace""},{""trait_type"":""Eyes Accessory"",""value"":""Cinema Glasses""},{""trait_type"":""Climate"",""value"":""Rainfall""},{""trait_type"":""Headwear"",""value"":""Devil's Horns""}]"
175,3863876,0xfcd14d0371ba47dacb8bf85af3fb422b452d84c378a22aa814217361e4b384c0,"[{""trait_type"":""Background"",""value"":""Gray""},{""trait_type"":""Cloak"",""value"":""Gray Cloak""},{""trait_type"":""Skull"",""value"":""Lightened""},{""trait_type"":""Jewellery"",""value"":""Gold Cross Pendant""},{""trait_type"":""Eyes Accessory"",""value"":""Black Glasses""},{""trait_type"":""Climate"",""value"":""Rainfall""}]"
174,3863875,0x03690440f73f12711a0ae5d764dfd3be528282f90d7a0d5ca6ed0caabb2120e9,"[{""trait_type"":""Background"",""value"":""Hell""},{""trait_type"":""Cloak"",""value"":""Black Cloak""},{""trait_type"":""Skull"",""value"":""Lightened""},{""trait_type"":""Jewellery"",""value"":""Gray Necklace""},{""trait_type"":""Eyes Accessory"",""value"":""Cinema Glasses""}]"
173,3863874,0x74f3980f7e035ca8362f5c83b9992e7bf2e200df1017160632c6ca250a862227,"[{""trait_type"":""Background"",""value"":""Code""},{""trait_type"":""Cloak"",""value"":""Yellow Cloak""},{""trait_type"":""Skull"",""value"":""Gray""},{""trait_type"":""Jewellery"",""value"":""Gray Necklace""},{""trait_type"":""Eyes Accessory"",""value"":""Eyepatch""},{""trait_type"":""Wings"",""value"":""Angel's Wings""},{""trait_type"":""Climate"",""value"":""Rainfall""}]"
172,3863873,0x8b9e8b030e99e8d5821cbb108c5181f6c8f91f776acc9a4bb8cbe80fc4a53601,"[{""trait_type"":""Background"",""value"":""Code""},{""trait_type"":""Cloak"",""value"":""Black Cloak""},{""trait_type"":""Skull"",""value"":""Gray""},{""trait_type"":""Jewellery"",""value"":""Gold Cross Pendant""},{""trait_type"":""Eyes Accessory"",""value"":""Eyepatch""},{""trait_type"":""Wings"",""value"":""Angel's Wings""}]"
171,3863872,0xde0d4759528c9cda41424860b6405aab0cdf19e5d664d9984dd726d54e1e5582,"[{""trait_type"":""Background"",""value"":""Black""},{""trait_type"":""Cloak"",""value"":""Light Gray Cloak""},{""trait_type"":""Skull"",""value"":""Gray""},{""trait_type"":""Jewellery"",""value"":""Gray Necklace""},{""trait_type"":""Eyes Accessory"",""value"":""Dirty Blindfold""},{""trait_type"":""Headwear"",""value"":""Devil's Horns""},{""trait_type"":""Mouth Accessory"",""value"":""Rainfallbow""}]"
170,3863871,0xe741f6917ceee72b6b920cc9efdf8300d7205584c55e9c67c7301ca8179c4c24,"[{""trait_type"":""Background"",""value"":""Gray""},{""trait_type"":""Cloak"",""value"":""Black Cloak""},{""trait_type"":""Skull"",""value"":""Gray""},{""trait_type"":""Jewellery"",""value"":""Gold Cross Pendant""},{""trait_type"":""Eyes Accessory"",""value"":""Black Glasses""}]"
169,3863870,0x3c879d6e89ac5aae0f76a733f81df16ddc7cd04a2471dc51d21862a67e0b35c8,"[{""trait_type"":""Background"",""value"":""Gray""},{""trait_type"":""Cloak"",""value"":""Light Gray Cloak""},{""trait_type"":""Skull"",""value"":""Gray""},{""trait_type"":""Jewellery"",""value"":""Gray Necklace""},{""trait_type"":""Eyes Accessory"",""value"":""Cinema Glasses""},{""trait_type"":""Headwear"",""value"":""Devil's Horns""}]"
168,3863869,0xa533cac4be15f87f488129c8b7f56243796ea0697d988d45763152cace30e6ce,"[{""trait_type"":""Background"",""value"":""Code""},{""trait_type"":""Cloak"",""value"":""Gray Cloak""},{""trait_type"":""Skull"",""value"":""Gray""},{""trait_type"":""Eyes Accessory"",""value"":""Black Glasses""},{""trait_type"":""Mouth Accessory"",""value"":""Cigarette""}]"
167,3863868,0x51517356869372a703537a95f152589d0747e528d6ea3f56cd2cd0c7421f10e3,"[{""trait_type"":""Background"",""value"":""Black""},{""trait_type"":""Cloak"",""value"":""Black Cloak""},{""trait_type"":""Skull"",""value"":""Zombie""},{""trait_type"":""Eyes Accessory"",""value"":""Eyepatch""},{""trait_type"":""Mouth Accessory"",""value"":""Cigarette""},{""trait_type"":""Hand Artifact"",""value"":""Pitchfork""}]"
166,3863865,0x3d25755f8deef7e6df86245bec94e5de9db0b8175b3f6c9e800264c263bf39b9,"[{""trait_type"":""Background"",""value"":""Black""},{""trait_type"":""Cloak"",""value"":""Gray Cloak""},{""trait_type"":""Skull"",""value"":""Lightened""},{""trait_type"":""Jewellery"",""value"":""Gray Necklace""},{""trait_type"":""Eyes Accessory"",""value"":""Cinema Glasses""},{""trait_type"":""Wings"",""value"":""Angel's Wings""},{""trait_type"":""Headwear"",""value"":""Devil's Horns""}]"
165,3863856,0x2157b8f3949158eaf4aa7e83a0781072ae7b0b8f2de6cd4aa0408b7dd06e6a6e,"[{""trait_type"":""Background"",""value"":""Gray""},{""trait_type"":""Cloak"",""value"":""Red Cloak""},{""trait_type"":""Skull"",""value"":""Gray""},{""trait_type"":""Jewellery"",""value"":""Gold Cross Pendant""},{""trait_type"":""Eyes Accessory"",""value"":""Eyepatch""}]"
164,3863853,0x2aaafa8e9d91d0ab1b8fa07371c8b0b11a4cd1bdfce4f12aed1007417357b011,"[{""trait_type"":""Background"",""value"":""Black""},{""trait_type"":""Cloak"",""value"":""Light Gray Cloak""},{""trait_type"":""Skull"",""value"":""Gray""},{""trait_type"":""Jewellery"",""value"":""Gray Necklace""},{""trait_type"":""Eyes Accessory"",""value"":""Black Glasses""},{""trait_type"":""Headwear"",""value"":""Devil's Horns""},{""trait_type"":""Mouth Accessory"",""value"":""Rainfallbow""}]"
163,3863852,0x6b62f07ed420c0862be07b6b258d2ebf2fb6084a7eb582f6be89f351128cfe4c,"[{""trait_type"":""Background"",""value"":""Black""},{""trait_type"":""Cloak"",""value"":""White Cloak""},{""trait_type"":""Skull"",""value"":""Gray""},{""trait_type"":""Jewellery"",""value"":""Gold Cross Pendant""},{""trait_type"":""Eyes Accessory"",""value"":""Black Glasses""},{""trait_type"":""Climate"",""value"":""Rainfall""}]"
162,3863851,0xceb49c1a5193db1c4b7524dd3af396c31cce1d8892bb98a4d90a99bb1a40b5c5,"[{""trait_type"":""Background"",""value"":""Red""},{""trait_type"":""Cloak"",""value"":""Gray Cloak""},{""trait_type"":""Skull"",""value"":""Lightened""},{""trait_type"":""Jewellery"",""value"":""Gray Necklace""},{""trait_type"":""Eyes Accessory"",""value"":""Black Glasses""},{""trait_type"":""Climate"",""value"":""Rainfall""},{""trait_type"":""Mouth Accessory"",""value"":""Cigarette""}]"
161,3863850,0x1ced82daa6482a85471954fcdbb273aa3333730cd10f77a3f62804e55b058950,"[{""trait_type"":""Background"",""value"":""Heaven""},{""trait_type"":""Cloak"",""value"":""Black Cloak""},{""trait_type"":""Skull"",""value"":""Gray""},{""trait_type"":""Eyes Accessory"",""value"":""Eyepatch""},{""trait_type"":""Headwear"",""value"":""Devil's Horns""}]"
160,3863849,0xc55279689fba366ba5628b508cf68bda8ece3b83e1c8f6d6d5bdca0cee02cc27,"[{""trait_type"":""Background"",""value"":""Black""},{""trait_type"":""Cloak"",""value"":""Gray Cloak""},{""trait_type"":""Skull"",""value"":""Zombie""},{""trait_type"":""Eyes Accessory"",""value"":""Eyepatch""},{""trait_type"":""Mouth Accessory"",""value"":""Rainfallbow""}]"
159,3863848,0x453c8ea65d91d165b13c63fef5466487dec7ee11fbcdc158968c0bf0d01543f0,"[{""trait_type"":""Background"",""value"":""Gray""},{""trait_type"":""Cloak"",""value"":""Black Cloak""},{""trait_type"":""Skull"",""value"":""Gray""},{""trait_type"":""Jewellery"",""value"":""Gold Cross Pendant""},{""trait_type"":""Eyes Accessory"",""value"":""Cinema Glasses""},{""trait_type"":""Mouth Accessory"",""value"":""Cigarette""}]"
158,3863847,0x49d9dcdbd6f4cbad5a1daca545345d362abe1e5ef3c7cd1f241eaf5d44da3cfa,"[{""trait_type"":""Background"",""value"":""Black""},{""trait_type"":""Cloak"",""value"":""Black Cloak""},{""trait_type"":""Skull"",""value"":""Lightened""},{""trait_type"":""Jewellery"",""value"":""Gray Necklace""},{""trait_type"":""Eyes Accessory"",""value"":""Black Glasses""},{""trait_type"":""Hand Artifact"",""value"":""Cross""}]"
157,3863846,0xa1c1b97ec2de22f3c90bc8c164d7301adda085d6484195ed278e4a5db33dc450,"[{""trait_type"":""Background"",""value"":""Gray""},{""trait_type"":""Cloak"",""value"":""Gray Cloak""},{""trait_type"":""Skull"",""value"":""Gray""},{""trait_type"":""Jewellery"",""value"":""Gray Necklace""},{""trait_type"":""Eyes Accessory"",""value"":""Cinema Glasses""},{""trait_type"":""Hand Artifact"",""value"":""Wand""}]"
156,3863845,0x36243f541ebe2701aed91528fbfba38355f1a276a4694b6b23f1dd3517ff5d3e,"[{""trait_type"":""Background"",""value"":""Code""},{""trait_type"":""Cloak"",""value"":""Red Cloak""},{""trait_type"":""Skull"",""value"":""Red""},{""trait_type"":""Jewellery"",""value"":""Gray Necklace""},{""trait_type"":""Eyes Accessory"",""value"":""Cinema Glasses""}]"
155,3863844,0xd3e7dd26f96ec8fca78e4361342c7b0e03d05793edd9cd43d91bb3f53eb6f6d1,"[{""trait_type"":""Background"",""value"":""Gray""},{""trait_type"":""Cloak"",""value"":""Light Gray Cloak""},{""trait_type"":""Skull"",""value"":""Gray""},{""trait_type"":""Jewellery"",""value"":""Gray Necklace""},{""trait_type"":""Eyes Accessory"",""value"":""Cinema Glasses""},{""trait_type"":""Headwear"",""value"":""Devil's Horns""},{""trait_type"":""Mouth Accessory"",""value"":""Cigarette""}]"
154,3863843,0x4853ae7ce7b60246fffc2e09af3b61bc8b749fa3a52195d9defbb0090182b755,"[{""trait_type"":""Background"",""value"":""Black""},{""trait_type"":""Cloak"",""value"":""Black Cloak""},{""trait_type"":""Skull"",""value"":""Zombie""},{""trait_type"":""Eyes Accessory"",""value"":""Black Glasses""}]"
153,3863842,0x1149a136f8155db7a09a8c7be29c806f102cb070d5075eb4fdb7c467cd2fe28e,"[{""trait_type"":""Background"",""value"":""Black""},{""trait_type"":""Cloak"",""value"":""Light Gray Cloak""},{""trait_type"":""Skull"",""value"":""Gray""},{""trait_type"":""Jewellery"",""value"":""Gold Cross Pendant""},{""trait_type"":""Eyes Accessory"",""value"":""Eyepatch""},{""trait_type"":""Mouth Accessory"",""value"":""Cigarette""}]"
152,3863841,0x88cc0bbf32468ce6858febb1bea259a7024e6241d0d0815541c5afaad1cb9eef,"[{""trait_type"":""Background"",""value"":""Red""},{""trait_type"":""Cloak"",""value"":""Gray Cloak""},{""trait_type"":""Skull"",""value"":""Gray""},{""trait_type"":""Jewellery"",""value"":""Gray Necklace""},{""trait_type"":""Eyes Accessory"",""value"":""Cinema Glasses""},{""trait_type"":""Headwear"",""value"":""Devil's Horns""}]"
151,3863840,0x6d30caa4d44871fa5bda717d4ce4ae9e4be8915edf40f44e93cbcdb69b8825c7,"[{""trait_type"":""Background"",""value"":""Gray""},{""trait_type"":""Cloak"",""value"":""Gray Cloak""},{""trait_type"":""Skull"",""value"":""Gray""},{""trait_type"":""Jewellery"",""value"":""Gold Cross Pendant""},{""trait_type"":""Eyes Accessory"",""value"":""Eyepatch""},{""trait_type"":""Headwear"",""value"":""Devil's Horns""}]"
150,3863717,0x69a6dac1c71a3610782c44845d344c6795474181ee5f09379ab45fb16457e40d,"[{""trait_type"":""Background"",""value"":""Black""},{""trait_type"":""Cloak"",""value"":""Gray Cloak""},{""trait_type"":""Skull"",""value"":""Lightened""},{""trait_type"":""Jewellery"",""value"":""Gray Necklace""},{""trait_type"":""Eyes Accessory"",""value"":""Eyepatch""},{""trait_type"":""Headwear"",""value"":""Devil's Horns""},{""trait_type"":""Mouth Accessory"",""value"":""Cigarette""}]"
149,3863716,0xd480046da2dc5abcff1fb9c91a6b7b59fa70de26965814aeb74a0f9a15ab01c7,"[{""trait_type"":""Background"",""value"":""Black""},{""trait_type"":""Cloak"",""value"":""Light Gray Cloak""},{""trait_type"":""Skull"",""value"":""Gray""},{""trait_type"":""Jewellery"",""value"":""Gray Necklace""},{""trait_type"":""Eyes Accessory"",""value"":""Cinema Glasses""},{""trait_type"":""Headwear"",""value"":""Devil's Horns""}]"
148,3863715,0x450147fb34929c2541b505f8648be55d7689d3f3dc85ce4ba9e1807557d021f6,"[{""trait_type"":""Background"",""value"":""Gray""},{""trait_type"":""Cloak"",""value"":""Gray Cloak""},{""trait_type"":""Skull"",""value"":""Lightened""},{""trait_type"":""Jewellery"",""value"":""Gray Necklace""},{""trait_type"":""Eyes Accessory"",""value"":""Dirty Blindfold""},{""trait_type"":""Mouth Accessory"",""value"":""Vape""}]"
147,3863714,0x571737bc8b3559e2f6358002bc3da18ab1f403171f88a3bdd289b4181e54330d,"[{""trait_type"":""Background"",""value"":""Code""},{""trait_type"":""Cloak"",""value"":""Black Cloak""},{""trait_type"":""Skull"",""value"":""Gray""},{""trait_type"":""Jewellery"",""value"":""Gray Necklace""},{""trait_type"":""Eyes Accessory"",""value"":""Black Glasses""},{""trait_type"":""Headwear"",""value"":""Devil's Horns""}]"
146,3863713,0x143379ccc4f1adf62feb7dafef675ebc726d601f548337bb41724e8eea6faf34,"[{""trait_type"":""Background"",""value"":""Gray""},{""trait_type"":""Cloak"",""value"":""Black Cloak""},{""trait_type"":""Skull"",""value"":""Lightened""},{""trait_type"":""Jewellery"",""value"":""Gray Necklace""},{""trait_type"":""Eyes Accessory"",""value"":""Eyepatch""}]"
145,3863712,0xfa6e3540ac57ecbc1332c4adbd3d4752899fd29cb7c8ff85b4d06cec0f862156,"[{""trait_type"":""Background"",""value"":""Code""},{""trait_type"":""Cloak"",""value"":""Yellow Cloak""},{""trait_type"":""Skull"",""value"":""Lightened""},{""trait_type"":""Jewellery"",""value"":""Gray Necklace""},{""trait_type"":""Eyes Accessory"",""value"":""Cinema Glasses""},{""trait_type"":""Headwear"",""value"":""Blessed""},{""trait_type"":""Mouth Accessory"",""value"":""Cigarette""}]"
144,3863711,0xbbdb711e6105ecb210a6939bb44f8e7d81e03fd5627a6a1180ab4ed275a5cdb2,"[{""trait_type"":""Background"",""value"":""Red""},{""trait_type"":""Cloak"",""value"":""Black Cloak""},{""trait_type"":""Skull"",""value"":""Gray""},{""trait_type"":""Jewellery"",""value"":""Gray Necklace""},{""trait_type"":""Eyes Accessory"",""value"":""Black Glasses""}]"
143,3863710,0x89a83799001a36d19c489b3e1ad7b9d515b63d890e07b1b72e2f019e338daece,"[{""trait_type"":""Background"",""value"":""Punk Blue""},{""trait_type"":""Cloak"",""value"":""Gray Cloak""},{""trait_type"":""Skull"",""value"":""Gray""},{""trait_type"":""Jewellery"",""value"":""Gold Cross Pendant""},{""trait_type"":""Eyes Accessory"",""value"":""Eyepatch""},{""trait_type"":""Headwear"",""value"":""Devil's Horns""},{""trait_type"":""Mouth Accessory"",""value"":""Cigarette""}]"
142,3863709,0x505d12a456f6cb84a19965770a4e8f487d80f7b012dc415c52097f2802afd7ef,"[{""trait_type"":""Background"",""value"":""Code""},{""trait_type"":""Cloak"",""value"":""Black Cloak""},{""trait_type"":""Skull"",""value"":""Gray""},{""trait_type"":""Jewellery"",""value"":""Gray Necklace""},{""trait_type"":""Eyes Accessory"",""value"":""Black Glasses""},{""trait_type"":""Mouth Accessory"",""value"":""Cigarette""},{""trait_type"":""Hand Artifact"",""value"":""Cross""}]"
141,3863708,0xee9c5f3a27e52db74be8d041bf81ecc53e584a5487289eedb95aad2af56763ad,"[{""trait_type"":""Background"",""value"":""Black""},{""trait_type"":""Cloak"",""value"":""Black Cloak""},{""trait_type"":""Skull"",""value"":""Zombie""},{""trait_type"":""Jewellery"",""value"":""Gold Necklace""},{""trait_type"":""Eyes Accessory"",""value"":""Black Glasses""}]"
140,3863707,0x24e3f2de23495b18549e0659b1402ad3e38e52d45e21af5f3a834859644fd3b9,"[{""trait_type"":""Background"",""value"":""Red""},{""trait_type"":""Cloak"",""value"":""Gray Cloak""},{""trait_type"":""Skull"",""value"":""Lightened""},{""trait_type"":""Jewellery"",""value"":""Gold Cross Pendant""},{""trait_type"":""Eyes Accessory"",""value"":""Cinema Glasses""},{""trait_type"":""Headwear"",""value"":""Devil's Horns""},{""trait_type"":""Mouth Accessory"",""value"":""Rainfallbow""}]"
139,3863706,0xfa95c8e393acc82b2082cc081ea455799fbe0e4703f64c1dea4bde716f60e496,"[{""trait_type"":""Background"",""value"":""Hell""},{""trait_type"":""Cloak"",""value"":""Red Cloak""},{""trait_type"":""Skull"",""value"":""Red""},{""trait_type"":""Headwear"",""value"":""Devil's Horns""},{""trait_type"":""Hand Artifact"",""value"":""Pitchfork""}]"
138,3863705,0x86f44f7094f8bdbb9f9d04aad2ac002f6f91886474367f56bc70fa5d0adf028b,"[{""trait_type"":""Background"",""value"":""Hell""},{""trait_type"":""Cloak"",""value"":""Light Gray Cloak""},{""trait_type"":""Skull"",""value"":""Gray""},{""trait_type"":""Jewellery"",""value"":""Gray Necklace""},{""trait_type"":""Eyes Accessory"",""value"":""Eyepatch""}]"
137,3863704,0xc1aa989a3a8404842e622b4de6ae3d6c4cfae85c6a4f2302aef81532e6ac41e3,"[{""trait_type"":""Background"",""value"":""Gray""},{""trait_type"":""Cloak"",""value"":""Black Cloak""},{""trait_type"":""Skull"",""value"":""Lightened""},{""trait_type"":""Jewellery"",""value"":""Gray Necklace""},{""trait_type"":""Eyes Accessory"",""value"":""Eyepatch""},{""trait_type"":""Headwear"",""value"":""Devil's Horns""},{""trait_type"":""Mouth Accessory"",""value"":""Rainfallbow""}]"
136,3863703,0x2bec8bb93c0e887d9a700d5c3f52dc8c85680c5db8d38f80d6d7ded27a8c52c8,"[{""trait_type"":""Background"",""value"":""Gray""},{""trait_type"":""Cloak"",""value"":""Gray Cloak""},{""trait_type"":""Skull"",""value"":""Gray""},{""trait_type"":""Eyes Accessory"",""value"":""Eyepatch""},{""trait_type"":""Climate"",""value"":""Rainfall""}]"
135,3863702,0xb60249423e83a7c56dd56a84fae078b769cd33921a3b38978495c81800ff78a2,"[{""trait_type"":""Background"",""value"":""Gray""},{""trait_type"":""Cloak"",""value"":""Gray Cloak""},{""trait_type"":""Skull"",""value"":""Gray""},{""trait_type"":""Jewellery"",""value"":""Gray Necklace""},{""trait_type"":""Eyes Accessory"",""value"":""Black Glasses""},{""trait_type"":""Wings"",""value"":""Angel's Wings""}]"
134,3863701,0x108a202dfab512f8774ac32d028d0a8f3c330acd08a63da4713858c6c1638645,"[{""trait_type"":""Background"",""value"":""Punk Blue""},{""trait_type"":""Cloak"",""value"":""Light Gray Cloak""},{""trait_type"":""Skull"",""value"":""Gray""},{""trait_type"":""Jewellery"",""value"":""Gray Necklace""},{""trait_type"":""Eyes Accessory"",""value"":""Eyepatch""}]"
133,3863700,0xc466d34b2689469f80b415dc0ec7ea40c21196464d5c0fb8fd1a1d21da80ae8b,"[{""trait_type"":""Background"",""value"":""Space""},{""trait_type"":""Cloak"",""value"":""Gray Cloak""},{""trait_type"":""Skull"",""value"":""Lightened""},{""trait_type"":""Jewellery"",""value"":""Gray Necklace""},{""trait_type"":""Eyes Accessory"",""value"":""Eyepatch""},{""trait_type"":""Climate"",""value"":""Rainfall""}]"
132,3863699,0x6ae03f398ad045a50e6aeb53252fe1da49dc8cdae08d3e8330d4a3925835ee49,"[{""trait_type"":""Background"",""value"":""Punk Blue""},{""trait_type"":""Cloak"",""value"":""Red Cloak""},{""trait_type"":""Skull"",""value"":""Gray""},{""trait_type"":""Jewellery"",""value"":""Gray Necklace""},{""trait_type"":""Eyes Accessory"",""value"":""Purple Beam""},{""trait_type"":""Wings"",""value"":""Angel's Wings""},{""trait_type"":""Headwear"",""value"":""Devil's Horns""},{""trait_type"":""Hand Artifact"",""value"":""Pitchfork""}]"
131,3863698,0x90249406ab10a28b13ace5c97c9706bc30f6b704f9b0b184801503cb84eac10c,"[{""trait_type"":""Background"",""value"":""Gray""},{""trait_type"":""Cloak"",""value"":""Light Gray Cloak""},{""trait_type"":""Skull"",""value"":""Lightened""},{""trait_type"":""Jewellery"",""value"":""Gray Necklace""},{""trait_type"":""Eyes Accessory"",""value"":""Cinema Glasses""},{""trait_type"":""Wings"",""value"":""Angel's Wings""},{""trait_type"":""Headwear"",""value"":""Devil's Horns""}]"
130,3863697,0x39dbb1852b605a7bc9578307536ca09a29eb49939126469e15b349a28fd5a6e3,"[{""trait_type"":""Background"",""value"":""Gray""},{""trait_type"":""Cloak"",""value"":""Black Cloak""},{""trait_type"":""Skull"",""value"":""Gray""},{""trait_type"":""Jewellery"",""value"":""Gray Necklace""},{""trait_type"":""Eyes Accessory"",""value"":""Eyepatch""},{""trait_type"":""Wings"",""value"":""Angel's Wings""},{""trait_type"":""Mouth Accessory"",""value"":""Cigarette""}]"
129,3863696,0x75dace01910fb0d1bc160bb07756890e23867efc6b259136df0a8899310ef104,"[{""trait_type"":""Background"",""value"":""Black""},{""trait_type"":""Cloak"",""value"":""Black Cloak""},{""trait_type"":""Skull"",""value"":""Gray""},{""trait_type"":""Jewellery"",""value"":""Gold Cross Pendant""},{""trait_type"":""Eyes Accessory"",""value"":""Black Glasses""},{""trait_type"":""Wings"",""value"":""Angel's Wings""}]"
128,3863695,0xaa431d21c0271196b5748855b0faafdff0aaf832dfe4802ebf9de3f98eb8aad9,"[{""trait_type"":""Background"",""value"":""Red""},{""trait_type"":""Cloak"",""value"":""White Cloak""},{""trait_type"":""Skull"",""value"":""Gray""},{""trait_type"":""Jewellery"",""value"":""Gray Necklace""},{""trait_type"":""Eyes Accessory"",""value"":""Cinema Glasses""},{""trait_type"":""Hand Artifact"",""value"":""Cross""}]"
127,3863694,0x235d223e41179c5aa886a32c6bb9c470576d204fe9faac9ce1f668387df6aa3b,"[{""trait_type"":""Background"",""value"":""Gray""},{""trait_type"":""Cloak"",""value"":""Light Gray Cloak""},{""trait_type"":""Skull"",""value"":""Gray""},{""trait_type"":""Jewellery"",""value"":""Gray Necklace""},{""trait_type"":""Eyes Accessory"",""value"":""Cinema Glasses""}]"
126,3863693,0x31cca7ba49b8bdbef0c0bd7b675e955b64b56442ad4e500600695ebe16819d87,"[{""trait_type"":""Background"",""value"":""Gray""},{""trait_type"":""Cloak"",""value"":""Gray Cloak""},{""trait_type"":""Skull"",""value"":""Gray""},{""trait_type"":""Jewellery"",""value"":""Gray Necklace""},{""trait_type"":""Eyes Accessory"",""value"":""Black Glasses""}]"
125,3863692,0x7adb963259c5683aee1f08179eebbe0f7a461e231afc6724371d5719f469c493,"[{""trait_type"":""Background"",""value"":""Gray""},{""trait_type"":""Cloak"",""value"":""Gray Cloak""},{""trait_type"":""Skull"",""value"":""Gray""},{""trait_type"":""Eyes Accessory"",""value"":""Black Glasses""},{""trait_type"":""Mouth Accessory"",""value"":""Rainfallbow""}]"
124,3863691,0x7d2b34fc32aa250c02baf973518e1ec2fed6156e83160aa75564941b93985b43,"[{""trait_type"":""Background"",""value"":""Gray""},{""trait_type"":""Cloak"",""value"":""White Cloak""},{""trait_type"":""Skull"",""value"":""Gray""},{""trait_type"":""Jewellery"",""value"":""Gold Cross Pendant""},{""trait_type"":""Eyes Accessory"",""value"":""Cinema Glasses""},{""trait_type"":""Mouth Accessory"",""value"":""Gold Grillz Smoke""}]"
123,3863690,0x802d4381ef5e165455f90d480b1331316b5983b7028c86022129058527a515e0,"[{""trait_type"":""Background"",""value"":""Gray""},{""trait_type"":""Cloak"",""value"":""Gray Cloak""},{""trait_type"":""Skull"",""value"":""Lightened""},{""trait_type"":""Jewellery"",""value"":""Gold Cross Pendant""},{""trait_type"":""Eyes Accessory"",""value"":""Vr Glasses""}]"
122,3863689,0x6866d6a08745a1c185c20ff325d5528fbffae12e1ae81d367e0ff04c2661f646,"[{""trait_type"":""Background"",""value"":""Code""},{""trait_type"":""Cloak"",""value"":""Light Gray Cloak""},{""trait_type"":""Skull"",""value"":""Zombie""},{""trait_type"":""Eyes Accessory"",""value"":""Eyepatch""},{""trait_type"":""Wings"",""value"":""Angel's Wings""},{""trait_type"":""Mouth Accessory"",""value"":""Rainfallbow""}]"
121,3863688,0x16bd009e77a30e3073838653d55d3a168192499d3c2a15c2d9d1836298da21fa,"[{""trait_type"":""Background"",""value"":""Black""},{""trait_type"":""Cloak"",""value"":""Gray Cloak""},{""trait_type"":""Skull"",""value"":""Gold""},{""trait_type"":""Jewellery"",""value"":""Gray Necklace""},{""trait_type"":""Eyes Accessory"",""value"":""Black Glasses""},{""trait_type"":""Mouth Accessory"",""value"":""Cigarette""},{""trait_type"":""Hand Artifact"",""value"":""Wand""}]"
120,3863687,0xae7198403eab37d96a18c5c04e1a1c6dab5954c6772381ddd9c161f8206a9561,"[{""trait_type"":""Background"",""value"":""Heaven""},{""trait_type"":""Cloak"",""value"":""Black Cloak""},{""trait_type"":""Skull"",""value"":""Alien""},{""trait_type"":""Jewellery"",""value"":""Gold Cross Pendant""},{""trait_type"":""Eyes Accessory"",""value"":""Black Glasses""}]"
119,3863686,0x4033b48bc72498d26f4b82d08c76fd4d4e8f09d0f09fac95c579e37caf78b14c,"[{""trait_type"":""Background"",""value"":""Punk Blue""},{""trait_type"":""Cloak"",""value"":""Gray Cloak""},{""trait_type"":""Skull"",""value"":""Gray""},{""trait_type"":""Jewellery"",""value"":""Gray Necklace""},{""trait_type"":""Eyes Accessory"",""value"":""Black Glasses""},{""trait_type"":""Headwear"",""value"":""Devil's Horns""},{""trait_type"":""Mouth Accessory"",""value"":""Cigarette""}]"
118,3863685,0x3adfe56f0c7196c9b77902de3dbb8f14bf3fa571b58ad57570c6282ce145e9a8,"[{""trait_type"":""Background"",""value"":""Hell""},{""trait_type"":""Cloak"",""value"":""Black Cloak""},{""trait_type"":""Skull"",""value"":""Lightened""},{""trait_type"":""Jewellery"",""value"":""Gray Necklace""},{""trait_type"":""Eyes Accessory"",""value"":""Cinema Glasses""},{""trait_type"":""Climate"",""value"":""Rainfall""},{""trait_type"":""Headwear"",""value"":""Blessed""},{""trait_type"":""Mouth Accessory"",""value"":""Cigarette""}]"
117,3863684,0xaa0fd1bab8becc5ea7e5df63725b546457a12579a6e70af4fd55b8a4db1d8768,"[{""trait_type"":""Background"",""value"":""Punk Blue""},{""trait_type"":""Cloak"",""value"":""Light Gray Cloak""},{""trait_type"":""Skull"",""value"":""Eths""},{""trait_type"":""Jewellery"",""value"":""Gray Necklace""},{""trait_type"":""Eyes Accessory"",""value"":""Cinema Glasses""}]"
116,3863683,0x0799db1c333deed7e414fa08a29fa17d83788991029769040c6552009de806c6,"[{""trait_type"":""Background"",""value"":""Black""},{""trait_type"":""Cloak"",""value"":""Black Cloak""},{""trait_type"":""Skull"",""value"":""Lightened""},{""trait_type"":""Jewellery"",""value"":""Gray Necklace""},{""trait_type"":""Eyes Accessory"",""value"":""Cinema Glasses""}]"
115,3863682,0xa9197e4f3fef182fee91ffdf89a119b9c1421c3cd37e99b0aa870f954cd7d2d1,"[{""trait_type"":""Background"",""value"":""Black""},{""trait_type"":""Cloak"",""value"":""Black Cloak""},{""trait_type"":""Skull"",""value"":""Gray""},{""trait_type"":""Jewellery"",""value"":""Gray Necklace""},{""trait_type"":""Eyes Accessory"",""value"":""Black Glasses""},{""trait_type"":""Wings"",""value"":""Angel's Wings""}]"
114,3863681,0x917519d6a6eb0664c4ec7206f3d095990fdcea392082c6746188012a4b05a762,"[{""trait_type"":""Background"",""value"":""Black""},{""trait_type"":""Cloak"",""value"":""Light Gray Cloak""},{""trait_type"":""Skull"",""value"":""Lightened""},{""trait_type"":""Jewellery"",""value"":""Gold Cross Pendant""},{""trait_type"":""Eyes Accessory"",""value"":""Cinema Glasses""},{""trait_type"":""Headwear"",""value"":""Blessed""},{""trait_type"":""Mouth Accessory"",""value"":""Cigarette""}]"
113,3863680,0x75a868afac982839de8c62b23e79f33239670cc2f7aa69c2d54fcbb6ebc65e2c,"[{""trait_type"":""Background"",""value"":""Black""},{""trait_type"":""Cloak"",""value"":""Light Gray Cloak""},{""trait_type"":""Skull"",""value"":""Gray""},{""trait_type"":""Jewellery"",""value"":""Gold Cross Pendant""},{""trait_type"":""Eyes Accessory"",""value"":""Eyepatch""},{""trait_type"":""Wings"",""value"":""Angel's Wings""},{""trait_type"":""Mouth Accessory"",""value"":""Cigarette""}]"
112,3863679,0x53c068b8532d1d06ca8f1f5fab8908b77faf751e919ec6522ed4e53be134ea36,"[{""trait_type"":""Background"",""value"":""Punk Blue""},{""trait_type"":""Cloak"",""value"":""Gray Cloak""},{""trait_type"":""Skull"",""value"":""Lightened""},{""trait_type"":""Jewellery"",""value"":""Gray Necklace""},{""trait_type"":""Eyes Accessory"",""value"":""Black Glasses""},{""trait_type"":""Mouth Accessory"",""value"":""Cigarette""},{""trait_type"":""Hand Artifact"",""value"":""Wand""}]"
111,3863678,0x5882773a714404af05273df9936e0fe089887d4156215f41db5f5276c8c7801f,"[{""trait_type"":""Background"",""value"":""Code""},{""trait_type"":""Cloak"",""value"":""Light Gray Cloak""},{""trait_type"":""Skull"",""value"":""Gray""},{""trait_type"":""Jewellery"",""value"":""Gray Necklace""},{""trait_type"":""Eyes Accessory"",""value"":""Eyepatch""},{""trait_type"":""Mouth Accessory"",""value"":""Cigarette""}]"
110,3863677,0x02e538c5fb1815f743ea4d37cda725c8255773b271f4d53cfc4ae6e7ef92e486,"[{""trait_type"":""Background"",""value"":""Black""},{""trait_type"":""Cloak"",""value"":""Light Gray Cloak""},{""trait_type"":""Skull"",""value"":""Zombie""},{""trait_type"":""Jewellery"",""value"":""Gray Necklace""},{""trait_type"":""Eyes Accessory"",""value"":""Eyepatch""},{""trait_type"":""Mouth Accessory"",""value"":""Cigarette""},{""trait_type"":""Hand Artifact"",""value"":""Wand""}]"
109,3863676,0x621cb86b1e4e19c8d21f136f78b95e0801cbb4f0d06a0a05d82bbc3f391ce2c6,"[{""trait_type"":""Background"",""value"":""Gray""},{""trait_type"":""Cloak"",""value"":""Light Gray Cloak""},{""trait_type"":""Skull"",""value"":""Gray""},{""trait_type"":""Jewellery"",""value"":""Gold Cross Pendant""},{""trait_type"":""Eyes Accessory"",""value"":""Eyepatch""},{""trait_type"":""Headwear"",""value"":""Devil's Horns""},{""trait_type"":""Hand Artifact"",""value"":""Wand""}]"
108,3863675,0x80f4ab5121e7399906e2b1f93090adea84615fdc6bd6c9af5f90d10f71c8ee09,"[{""trait_type"":""Background"",""value"":""Code""},{""trait_type"":""Cloak"",""value"":""Gray Cloak""},{""trait_type"":""Skull"",""value"":""Gold""},{""trait_type"":""Jewellery"",""value"":""Gray Necklace""},{""trait_type"":""Eyes Accessory"",""value"":""Black Glasses""},{""trait_type"":""Wings"",""value"":""Angel's Wings""},{""trait_type"":""Headwear"",""value"":""Devil's Horns""}]"
107,3863674,0x4bcf594a33e99b8e861fbd697ad68fd9f6c618b9efb44d087c7b746897ab47df,"[{""trait_type"":""Background"",""value"":""Black""},{""trait_type"":""Cloak"",""value"":""Red Cloak""},{""trait_type"":""Skull"",""value"":""Gray""},{""trait_type"":""Eyes Accessory"",""value"":""Eyepatch""},{""trait_type"":""Mouth Accessory"",""value"":""Rainfallbow""}]"
106,3863673,0xaba5317e9593bb9dc5a8db0486730d955523f13eb1bcc47c24832751898f36c3,"[{""trait_type"":""Background"",""value"":""Gray""},{""trait_type"":""Cloak"",""value"":""Gray Cloak""},{""trait_type"":""Skull"",""value"":""Gray""},{""trait_type"":""Eyes Accessory"",""value"":""Dirty Blindfold""}]"
105,3863672,0x6ecfe35f48cc74fc0ddcdc3dbd6fd9c599b0aa02a41f0c08820c314b6f1c732a,"[{""trait_type"":""Background"",""value"":""Red""},{""trait_type"":""Cloak"",""value"":""Black Cloak""},{""trait_type"":""Skull"",""value"":""Zombie""},{""trait_type"":""Jewellery"",""value"":""Gray Necklace""},{""trait_type"":""Eyes Accessory"",""value"":""Black Glasses""},{""trait_type"":""Headwear"",""value"":""Devil's Horns""}]"
104,3863671,0x151ff4e6396f43118df30ec8234dc7788ba30904bc93dfe2b14357e30a676115,"[{""trait_type"":""Background"",""value"":""Dark Clouds""},{""trait_type"":""Cloak"",""value"":""White Cloak""},{""trait_type"":""Skull"",""value"":""Gray""},{""trait_type"":""Jewellery"",""value"":""Gray Necklace""},{""trait_type"":""Eyes Accessory"",""value"":""Black Glasses""},{""trait_type"":""Mouth Accessory"",""value"":""Gold Grillz Smoke""}]"
103,3863670,0xfdb7032e0f44abef0ed019f29a064f725d1e4d778072fff5cf3ceac4a58310d5,"[{""trait_type"":""Background"",""value"":""Black""},{""trait_type"":""Cloak"",""value"":""Light Gray Cloak""},{""trait_type"":""Skull"",""value"":""Gray""},{""trait_type"":""Jewellery"",""value"":""Gray Necklace""},{""trait_type"":""Eyes Accessory"",""value"":""Eyepatch""},{""trait_type"":""Mouth Accessory"",""value"":""Rainfallbow""}]"
102,3863669,0xfea1c26569bbdcfa5c1170f4fb175fc43f288774315bd52b290146697e784503,"[{""trait_type"":""Background"",""value"":""Dark Clouds""},{""trait_type"":""Cloak"",""value"":""Light Gray Cloak""},{""trait_type"":""Skull"",""value"":""Zombie""},{""trait_type"":""Jewellery"",""value"":""Gray Necklace""},{""trait_type"":""Eyes Accessory"",""value"":""Cinema Glasses""},{""trait_type"":""Mouth Accessory"",""value"":""Vape""}]"
101,3863668,0xcdc83b4dc2a6af6ee407394d3ad72f8b63c461c00bbfa4526b75f7322f082994,"[{""trait_type"":""Background"",""value"":""Red""},{""trait_type"":""Cloak"",""value"":""Gray Cloak""},{""trait_type"":""Skull"",""value"":""Gray""},{""trait_type"":""Jewellery"",""value"":""Gray Necklace""},{""trait_type"":""Eyes Accessory"",""value"":""Cinema Glasses""}]"
100,3863667,0x8677bf7a690d0df26022f734caebf3fffac2d74b14c6adfaedfe6c87f2cef9a4,"[{""trait_type"":""Background"",""value"":""Morpheus""},{""trait_type"":""Cloak"",""value"":""White Cloak""},{""trait_type"":""Skull"",""value"":""Gray""},{""trait_type"":""Jewellery"",""value"":""Gray Necklace""},{""trait_type"":""Eyes Accessory"",""value"":""Cinema Glasses""},{""trait_type"":""Wings"",""value"":""Angel's Wings""},{""trait_type"":""Headwear"",""value"":""Devil's Horns""},{""trait_type"":""Mouth Accessory"",""value"":""Gold Grillz Smoke""},{""trait_type"":""Hand Artifact"",""value"":""Pitchfork""}]"
99,3863666,0x0e003bcf690e3bf34ab746e7d016e08f0ce65460fb7b34cf8cf641f959d8cb14,"[{""trait_type"":""Background"",""value"":""Black""},{""trait_type"":""Cloak"",""value"":""Gray Cloak""},{""trait_type"":""Skull"",""value"":""Gray""},{""trait_type"":""Jewellery"",""value"":""Gold Cross Pendant""},{""trait_type"":""Eyes Accessory"",""value"":""Dirty Blindfold""},{""trait_type"":""Wings"",""value"":""Angel's Wings""},{""trait_type"":""Mouth Accessory"",""value"":""Cigarette""}]"
98,3863438,0xbf0925032f470f62a648614350fb53bbb81386736846a2216a6336a01eccb560,"[{""trait_type"":""Background"",""value"":""Gray""},{""trait_type"":""Cloak"",""value"":""Yellow Cloak""},{""trait_type"":""Skull"",""value"":""Gray""},{""trait_type"":""Jewellery"",""value"":""Gold Cross Pendant""},{""trait_type"":""Eyes Accessory"",""value"":""Eyepatch""},{""trait_type"":""Climate"",""value"":""Rainfall""},{""trait_type"":""Headwear"",""value"":""Blessed""}]"
97,3863437,0x9264f2811cdf0cc0f94ac096e281317affc89d70886535f189d867337c84dc6b,"[{""trait_type"":""Background"",""value"":""Punk Blue""},{""trait_type"":""Cloak"",""value"":""Red Cloak""},{""trait_type"":""Skull"",""value"":""Gray""},{""trait_type"":""Jewellery"",""value"":""Gold Cross Pendant""},{""trait_type"":""Eyes Accessory"",""value"":""Black Glasses""},{""trait_type"":""Climate"",""value"":""Rainfall""},{""trait_type"":""Mouth Accessory"",""value"":""Rainfallbow""}]"
96,3863436,0xb2b31a758b6017c5fa018bf533aaedfcfc8f8186e9cdd176aa2762d9177dcf76,"[{""trait_type"":""Background"",""value"":""Punk Blue""},{""trait_type"":""Cloak"",""value"":""White Cloak""},{""trait_type"":""Skull"",""value"":""Lightened""},{""trait_type"":""Jewellery"",""value"":""Gray Necklace""},{""trait_type"":""Eyes Accessory"",""value"":""Eyepatch""},{""trait_type"":""Headwear"",""value"":""Blessed""},{""trait_type"":""Mouth Accessory"",""value"":""Gold Grillz Smoke""},{""trait_type"":""Hand Artifact"",""value"":""Cross""}]"
95,3863435,0x6ea3b7811b204ecc0fad0eb790c9e630ed6271e5f71486d1da09195f6880968d,"[{""trait_type"":""Background"",""value"":""Hell""},{""trait_type"":""Cloak"",""value"":""Yellow Cloak""},{""trait_type"":""Skull"",""value"":""Gray""},{""trait_type"":""Jewellery"",""value"":""Gray Necklace""},{""trait_type"":""Eyes Accessory"",""value"":""Eyepatch""},{""trait_type"":""Headwear"",""value"":""Devil's Horns""}]"
94,3863434,0x6622384afe5ccba8d7b5ab155aa8164c7903346dd00f90511cd47400195b8c1e,"[{""trait_type"":""Background"",""value"":""Black""},{""trait_type"":""Cloak"",""value"":""Light Gray Cloak""},{""trait_type"":""Skull"",""value"":""Lightened""},{""trait_type"":""Jewellery"",""value"":""Gray Necklace""},{""trait_type"":""Eyes Accessory"",""value"":""Cinema Glasses""},{""trait_type"":""Hand Artifact"",""value"":""Pitchfork""}]"
93,3863433,0x6f22048406b7654a9c744f402f3f34da8706aaff21659326c0482217c4390adb,"[{""trait_type"":""Background"",""value"":""Black""},{""trait_type"":""Cloak"",""value"":""Light Gray Cloak""},{""trait_type"":""Skull"",""value"":""Gray""},{""trait_type"":""Eyes Accessory"",""value"":""Cinema Glasses""},{""trait_type"":""Hand Artifact"",""value"":""Cross""}]"
92,3863432,0x7c7b77ea2cc303f7a1555898170b89096aa1fd2e42b9ce57e3799c5c471e09c5,"[{""trait_type"":""Background"",""value"":""Gray""},{""trait_type"":""Cloak"",""value"":""Gray Cloak""},{""trait_type"":""Skull"",""value"":""Zombie""},{""trait_type"":""Jewellery"",""value"":""Gold Cross Pendant""},{""trait_type"":""Eyes Accessory"",""value"":""Cinema Glasses""},{""trait_type"":""Headwear"",""value"":""Devil's Horns""}]"
91,3863430,0x94611987b9bc8c1c998d21bc2bbc31952c3ad585cbcb05bbf39d9f386de4f3bc,"[{""trait_type"":""Background"",""value"":""Gray""},{""trait_type"":""Cloak"",""value"":""Gray Cloak""},{""trait_type"":""Skull"",""value"":""Gray""},{""trait_type"":""Eyes Accessory"",""value"":""Eyepatch""},{""trait_type"":""Climate"",""value"":""Rainfall""},{""trait_type"":""Hand Artifact"",""value"":""Pitchfork""}]"
90,3863428,0xd7c5a97ad2fb748b32485cec19ce41bbc402cee5234045211ce8a6803c0b587c,"[{""trait_type"":""Background"",""value"":""Gray""},{""trait_type"":""Cloak"",""value"":""Black Cloak""},{""trait_type"":""Skull"",""value"":""Gray""},{""trait_type"":""Jewellery"",""value"":""Gold Cross Pendant""},{""trait_type"":""Eyes Accessory"",""value"":""Cinema Glasses""}]"
89,3863427,0xfd7e064feabe9eca6e381ae2668116481e67893d0ec0f3d21d9eeb3701de441b,"[{""trait_type"":""Background"",""value"":""Code""},{""trait_type"":""Cloak"",""value"":""Black Cloak""},{""trait_type"":""Skull"",""value"":""Gray""},{""trait_type"":""Jewellery"",""value"":""Gold Cross Pendant""},{""trait_type"":""Eyes Accessory"",""value"":""Cinema Glasses""},{""trait_type"":""Climate"",""value"":""Rainfall""},{""trait_type"":""Headwear"",""value"":""Devil's Horns""},{""trait_type"":""Mouth Accessory"",""value"":""Cigarette""}]"
88,3863426,0x14b93657028b2bed76d1de242368afbff8b04518b05447c0ba93a8b903afd0a7,"[{""trait_type"":""Background"",""value"":""Gray""},{""trait_type"":""Cloak"",""value"":""Yellow Cloak""},{""trait_type"":""Skull"",""value"":""Gray""},{""trait_type"":""Jewellery"",""value"":""Gray Necklace""},{""trait_type"":""Eyes Accessory"",""value"":""Eyepatch""}]"
87,3863425,0x33b58a35488b4b247a2fb2f3b9b539c6cb7ff8e1094d28d368916acbe1b3282b,"[{""trait_type"":""Background"",""value"":""Space""},{""trait_type"":""Cloak"",""value"":""Black Cloak""},{""trait_type"":""Skull"",""value"":""Lightened""},{""trait_type"":""Jewellery"",""value"":""Gray Necklace""},{""trait_type"":""Eyes Accessory"",""value"":""Black Glasses""},{""trait_type"":""Headwear"",""value"":""Devil's Horns""},{""trait_type"":""Mouth Accessory"",""value"":""Rainfallbow""}]"
86,3863424,0xa0809a85e41ca8850316b7c9443aa1ebc98fea0662e707d389ff842bd2945f61,"[{""trait_type"":""Background"",""value"":""Red""},{""trait_type"":""Cloak"",""value"":""Black Cloak""},{""trait_type"":""Skull"",""value"":""Gray""},{""trait_type"":""Jewellery"",""value"":""Gray Necklace""},{""trait_type"":""Eyes Accessory"",""value"":""Dirty Blindfold""},{""trait_type"":""Mouth Accessory"",""value"":""Cigarette""}]"
85,3863423,0x4efb49becf4b0b1650a5851b5dc265659f4b1136e28cd7898984036137b0f57e,"[{""trait_type"":""Background"",""value"":""Gray""},{""trait_type"":""Cloak"",""value"":""Black Cloak""},{""trait_type"":""Skull"",""value"":""Gray""},{""trait_type"":""Jewellery"",""value"":""Gray Necklace""},{""trait_type"":""Eyes Accessory"",""value"":""Dirty Blindfold""}]"
84,3863422,0x538469c714bb60c4eb94af4b1d5a2cbd4a8e816fd1db7bfe5fa50d8c68895d88,"[{""trait_type"":""Background"",""value"":""Space""},{""trait_type"":""Cloak"",""value"":""Black Cloak""},{""trait_type"":""Skull"",""value"":""Gold""},{""trait_type"":""Eyes Accessory"",""value"":""Black Glasses""},{""trait_type"":""Mouth Accessory"",""value"":""Cigarette""},{""trait_type"":""Hand Artifact"",""value"":""Cross""}]"
83,3863421,0x74d80b7735c90cea999eec4062863713707f389c6fef7bc684b6638014574a15,"[{""trait_type"":""Background"",""value"":""Black""},{""trait_type"":""Cloak"",""value"":""Red Cloak""},{""trait_type"":""Skull"",""value"":""Lightened""},{""trait_type"":""Jewellery"",""value"":""Gray Necklace""},{""trait_type"":""Eyes Accessory"",""value"":""Cinema Glasses""},{""trait_type"":""Wings"",""value"":""Angel's Wings""},{""trait_type"":""Mouth Accessory"",""value"":""Cigarette""},{""trait_type"":""Hand Artifact"",""value"":""Pitchfork""}]"
82,3863420,0x63ee109c3ae458c334f09e23f9040400a8cc9d2a602d70d8e94c5799112b638c,"[{""trait_type"":""Background"",""value"":""Gray""},{""trait_type"":""Cloak"",""value"":""Gray Cloak""},{""trait_type"":""Skull"",""value"":""Gold""},{""trait_type"":""Jewellery"",""value"":""Gray Necklace""},{""trait_type"":""Eyes Accessory"",""value"":""Black Glasses""},{""trait_type"":""Wings"",""value"":""Angel's Wings""},{""trait_type"":""Climate"",""value"":""Rainfall""},{""trait_type"":""Headwear"",""value"":""Devil's Horns""},{""trait_type"":""Mouth Accessory"",""value"":""Cigarette""}]"
81,3863418,0xeebb432c8364554fed5568d511ef6c1ce9dc05901cfb5d7979a43492328dbc03,"[{""trait_type"":""Background"",""value"":""Gray""},{""trait_type"":""Cloak"",""value"":""White Cloak""},{""trait_type"":""Skull"",""value"":""Lightened""},{""trait_type"":""Jewellery"",""value"":""Gray Necklace""},{""trait_type"":""Eyes Accessory"",""value"":""Eyepatch""}]"
80,3863416,0x8ef9480290a50282da90332d3de45c25b99c0dbdb8660c8d8c79fdf36828e593,"[{""trait_type"":""Background"",""value"":""Punk Blue""},{""trait_type"":""Cloak"",""value"":""Yellow Cloak""},{""trait_type"":""Skull"",""value"":""Lightened""},{""trait_type"":""Jewellery"",""value"":""Gray Necklace""},{""trait_type"":""Eyes Accessory"",""value"":""Eyepatch""},{""trait_type"":""Headwear"",""value"":""Devil's Horns""},{""trait_type"":""Mouth Accessory"",""value"":""Cigarette""}]"
79,3863415,0xd9163b68ccf96c0d402373b8d1381c884c99b95e34ca1d847f90e15f731cc9c0,"[{""trait_type"":""Background"",""value"":""Black""},{""trait_type"":""Cloak"",""value"":""Light Gray Cloak""},{""trait_type"":""Skull"",""value"":""Zombie""},{""trait_type"":""Jewellery"",""value"":""Gold Cross Pendant""},{""trait_type"":""Eyes Accessory"",""value"":""Cinema Glasses""}]"
78,3863414,0x7e3571611ec688495c4d6b714fce0c904057735212b89ba13078fabd64dcb273,"[{""trait_type"":""Background"",""value"":""Red""},{""trait_type"":""Cloak"",""value"":""White Cloak""},{""trait_type"":""Skull"",""value"":""Gray""},{""trait_type"":""Jewellery"",""value"":""Gold Cross Pendant""},{""trait_type"":""Eyes Accessory"",""value"":""Eyepatch""},{""trait_type"":""Wings"",""value"":""Angel's Wings""},{""trait_type"":""Headwear"",""value"":""Devil's Horns""}]"
77,3863413,0x744d79ebcb11e71da706b25d4e1d3429c53189bb7355a807fb981f1e6db04309,"[{""trait_type"":""Background"",""value"":""Red""},{""trait_type"":""Cloak"",""value"":""Gray Cloak""},{""trait_type"":""Skull"",""value"":""Alien""},{""trait_type"":""Jewellery"",""value"":""Gray Necklace""},{""trait_type"":""Eyes Accessory"",""value"":""Vr Glasses""},{""trait_type"":""Headwear"",""value"":""Devil's Horns""}]"
76,3863412,0x6bd02d0bdf71bd26e5e885f8ead7f5456e3a13e4b0c543c5c70bde895499e541,"[{""trait_type"":""Background"",""value"":""Gray""},{""trait_type"":""Cloak"",""value"":""Gray Cloak""},{""trait_type"":""Skull"",""value"":""Lightened""},{""trait_type"":""Jewellery"",""value"":""Gray Necklace""},{""trait_type"":""Eyes Accessory"",""value"":""Black Glasses""},{""trait_type"":""Climate"",""value"":""Rainfall""}]"
75,3863411,0x84db5733f69ca116a5f724a29c392326235b46ebc1ad7dbfc932a94989486c64,"[{""trait_type"":""Background"",""value"":""Punk Blue""},{""trait_type"":""Cloak"",""value"":""Gray Cloak""},{""trait_type"":""Skull"",""value"":""Gray""},{""trait_type"":""Eyes Accessory"",""value"":""Cinema Glasses""},{""trait_type"":""Wings"",""value"":""Angel's Wings""}]"
74,3863410,0x2b14cd6f8b37c716e6e995a2e0abe2bbf7b4bdd2e34eec80e360c1af8aa9646e,"[{""trait_type"":""Background"",""value"":""Black""},{""trait_type"":""Cloak"",""value"":""Gray Cloak""},{""trait_type"":""Skull"",""value"":""Lightened""},{""trait_type"":""Jewellery"",""value"":""Gold Cross Pendant""},{""trait_type"":""Eyes Accessory"",""value"":""Eyepatch""}]"
73,3863366,0xea4ae16d7fd65bfc66f4b823ce983b58c3978f09dae8c4014316e181de4c724c,"[{""trait_type"":""Background"",""value"":""Code""},{""trait_type"":""Cloak"",""value"":""Black Cloak""},{""trait_type"":""Skull"",""value"":""Gray""},{""trait_type"":""Eyes Accessory"",""value"":""Black Glasses""},{""trait_type"":""Headwear"",""value"":""Crown""}]"
72,3863409,0x8195091704af2e8ee5326f08eed7b5cf0302a53948504a9f4a8db4d34570672a,"[{""trait_type"":""Background"",""value"":""Dark Clouds""},{""trait_type"":""Cloak"",""value"":""Light Gray Cloak""},{""trait_type"":""Skull"",""value"":""Gray""},{""trait_type"":""Jewellery"",""value"":""Gray Necklace""},{""trait_type"":""Eyes Accessory"",""value"":""Eyepatch""},{""trait_type"":""Climate"",""value"":""Rainfall""}]"
71,3863408,0x679c7420fd1a395d6c9857e98c19f9aa6c1c6119e120e5f71a2f30d67ad2f3f5,"[{""trait_type"":""Background"",""value"":""Black""},{""trait_type"":""Cloak"",""value"":""Light Gray Cloak""},{""trait_type"":""Skull"",""value"":""Gray""},{""trait_type"":""Eyes Accessory"",""value"":""Black Glasses""},{""trait_type"":""Mouth Accessory"",""value"":""Cigarette""}]"
70,3863407,0x98760b95952510bb7f28865613fbdc7cea51d0802109240f3c852920432bca61,"[{""trait_type"":""Background"",""value"":""Black""},{""trait_type"":""Cloak"",""value"":""Red Cloak""},{""trait_type"":""Skull"",""value"":""Gray""},{""trait_type"":""Jewellery"",""value"":""Gold Cross Pendant""},{""trait_type"":""Eyes Accessory"",""value"":""Cinema Glasses""},{""trait_type"":""Climate"",""value"":""Rainfall""}]"
69,3863406,0x8a4d7cdffe3f10b44466a0aa2e23f716a589536a0f81c380c6208ed17162af7f,"[{""trait_type"":""Background"",""value"":""Space""},{""trait_type"":""Cloak"",""value"":""Black Cloak""},{""trait_type"":""Skull"",""value"":""Lightened""},{""trait_type"":""Eyes Accessory"",""value"":""Cinema Glasses""},{""trait_type"":""Climate"",""value"":""Rainfall""}]"
68,3863405,0x44810e11faae0fb8e9050e082fc387951dd4550b5b11c757b8894a072f9ce823,"[{""trait_type"":""Background"",""value"":""Gray""},{""trait_type"":""Cloak"",""value"":""Gray Cloak""},{""trait_type"":""Skull"",""value"":""Gray""},{""trait_type"":""Jewellery"",""value"":""Gold Cross Pendant""},{""trait_type"":""Eyes Accessory"",""value"":""Eyepatch""},{""trait_type"":""Mouth Accessory"",""value"":""Rainfallbow""}]"
67,3863404,0x7e8d461844690754c3a28b5cc9cfeec9fc0ef9da6afdad10e9e20fdd8e794650,"[{""trait_type"":""Background"",""value"":""Code""},{""trait_type"":""Cloak"",""value"":""Gray Cloak""},{""trait_type"":""Skull"",""value"":""Gray""},{""trait_type"":""Jewellery"",""value"":""Gold Cross Pendant""},{""trait_type"":""Eyes Accessory"",""value"":""Cinema Glasses""}]"
66,3863403,0xc3739aa049d4ef41817bd788c934ba55560fb581470eaac6262e5694dd46c7e9,"[{""trait_type"":""Background"",""value"":""Black""},{""trait_type"":""Cloak"",""value"":""Light Gray Cloak""},{""trait_type"":""Skull"",""value"":""Gray""},{""trait_type"":""Jewellery"",""value"":""Gray Necklace""},{""trait_type"":""Eyes Accessory"",""value"":""Cinema Glasses""},{""trait_type"":""Hand Artifact"",""value"":""Wand""}]"
65,3863402,0x1a3c8ce9fdfd4957280680d664fe54139732271d42d68710cfc246f94d5aeba6,"[{""trait_type"":""Background"",""value"":""Black""},{""trait_type"":""Cloak"",""value"":""Gray Cloak""},{""trait_type"":""Skull"",""value"":""Red""},{""trait_type"":""Jewellery"",""value"":""Gray Necklace""},{""trait_type"":""Eyes Accessory"",""value"":""Black Glasses""},{""trait_type"":""Wings"",""value"":""Angel's Wings""},{""trait_type"":""Headwear"",""value"":""Devil's Horns""}]"
64,3863401,0x1d4d8e101192902bd82b1a8a03b7bde5bed444920b6f313d497c8b69f9f14be0,"[{""trait_type"":""Background"",""value"":""Black""},{""trait_type"":""Cloak"",""value"":""Gray Cloak""},{""trait_type"":""Skull"",""value"":""Gray""},{""trait_type"":""Jewellery"",""value"":""Gray Necklace""},{""trait_type"":""Eyes Accessory"",""value"":""Black Glasses""},{""trait_type"":""Climate"",""value"":""Rainfall""}]"
63,3863400,0xf95ee89cbbd2d776395c8d750e5723e34f711340bcb273c3f9d1a330692a379a,"[{""trait_type"":""Background"",""value"":""Gray""},{""trait_type"":""Cloak"",""value"":""Yellow Cloak""},{""trait_type"":""Skull"",""value"":""Lightened""},{""trait_type"":""Jewellery"",""value"":""Gray Necklace""},{""trait_type"":""Eyes Accessory"",""value"":""Eyepatch""}]"
62,3863398,0xaf40920f4022f20d0faa6d98e9f07c18ee1573a84273ed190273c8b882070e73,"[{""trait_type"":""Background"",""value"":""Black""},{""trait_type"":""Cloak"",""value"":""Light Gray Cloak""},{""trait_type"":""Skull"",""value"":""Gray""},{""trait_type"":""Jewellery"",""value"":""Gray Necklace""},{""trait_type"":""Eyes Accessory"",""value"":""Eyepatch""},{""trait_type"":""Climate"",""value"":""Rainfall""}]"
61,3863365,0xfacfbb10347260fb7039ffd1bd5f4e09ae4226ef0a75cf89fdf947f58a5426d1,"[{""trait_type"":""Background"",""value"":""Black""},{""trait_type"":""Cloak"",""value"":""Gray Cloak""},{""trait_type"":""Skull"",""value"":""Lightened""},{""trait_type"":""Jewellery"",""value"":""Gray Necklace""},{""trait_type"":""Eyes Accessory"",""value"":""Cinema Glasses""},{""trait_type"":""Headwear"",""value"":""Blessed""}]"
60,3863364,0xa21483fd8adee70aa163715cfeb2153d0381bbcd1fce53b419b8d3cf692398f5,"[{""trait_type"":""Background"",""value"":""Code""},{""trait_type"":""Cloak"",""value"":""Light Gray Cloak""},{""trait_type"":""Skull"",""value"":""Gray""},{""trait_type"":""Eyes Accessory"",""value"":""Black Glasses""},{""trait_type"":""Headwear"",""value"":""Devil's Horns""}]"
59,3863363,0xc8f4654d6eaa3af5691838f40158a7f3eb0b505f8320bdebdba356b4a0f9bf72,"[{""trait_type"":""Background"",""value"":""Punk Blue""},{""trait_type"":""Cloak"",""value"":""Gray Cloak""},{""trait_type"":""Skull"",""value"":""Red""},{""trait_type"":""Jewellery"",""value"":""Gold Cross Pendant""},{""trait_type"":""Eyes Accessory"",""value"":""Cinema Glasses""},{""trait_type"":""Headwear"",""value"":""Devil's Horns""}]"
58,3863362,0xfd5b3da67efafae981070acec99a0ebdf33b457fe3c7627edd728eb64a62715d,"[{""trait_type"":""Background"",""value"":""Gray""},{""trait_type"":""Cloak"",""value"":""Black Cloak""},{""trait_type"":""Skull"",""value"":""Lightened""},{""trait_type"":""Eyes Accessory"",""value"":""Black Glasses""},{""trait_type"":""Headwear"",""value"":""Devil's Horns""}]"
57,3863361,0xd689d9d74fac82b47a43de778de05c51b366f50db1a1ba5771664b30d6a423c4,"[{""trait_type"":""Background"",""value"":""Gray""},{""trait_type"":""Cloak"",""value"":""Black Cloak""},{""trait_type"":""Skull"",""value"":""Gray""},{""trait_type"":""Jewellery"",""value"":""Gold Cross Pendant""},{""trait_type"":""Eyes Accessory"",""value"":""Eyepatch""},{""trait_type"":""Headwear"",""value"":""Devil's Horns""}]"
56,3863360,0x9bdde4474c3ca9ecaababefac6c36d1b4f80f694a46a5f2fd51894003863f9c7,"[{""trait_type"":""Background"",""value"":""Gray""},{""trait_type"":""Cloak"",""value"":""Light Gray Cloak""},{""trait_type"":""Skull"",""value"":""Gray""},{""trait_type"":""Jewellery"",""value"":""Gold Cross Pendant""},{""trait_type"":""Eyes Accessory"",""value"":""Cinema Glasses""},{""trait_type"":""Wings"",""value"":""Purple Angel's Wings""}]"
55,3863359,0x5575a7479a0b26071acb5685a1182083d1f4bd25ed8d757093dd1730402ac525,"[{""trait_type"":""Background"",""value"":""Gray""},{""trait_type"":""Cloak"",""value"":""Gray Cloak""},{""trait_type"":""Skull"",""value"":""Lightened""},{""trait_type"":""Eyes Accessory"",""value"":""Censored""},{""trait_type"":""Wings"",""value"":""Angel's Wings""},{""trait_type"":""Headwear"",""value"":""Devil's Horns""}]"
54,3863358,0x0ad60b93a05285c602c6a594e83607fd1d27883ed70797c598743bb3076de67c,"[{""trait_type"":""Background"",""value"":""Dark Clouds""},{""trait_type"":""Cloak"",""value"":""Yellow Cloak""},{""trait_type"":""Skull"",""value"":""Zombie""},{""trait_type"":""Jewellery"",""value"":""Gray Necklace""},{""trait_type"":""Eyes Accessory"",""value"":""Purple Beam""}]"
53,3863357,0x9a90562193713a439981d6702a338b987bacff4ea0a82b5a289fb31b48b49f3e,"[{""trait_type"":""Background"",""value"":""Code""},{""trait_type"":""Cloak"",""value"":""Black Cloak""},{""trait_type"":""Skull"",""value"":""Lightened""},{""trait_type"":""Jewellery"",""value"":""Gray Necklace""},{""trait_type"":""Eyes Accessory"",""value"":""Black Glasses""}]"
52,3863356,0x8c8e72bbb8783506fff8532c465547dda07ba2cc239ec8fdbffa55387b72b5b5,"[{""trait_type"":""Background"",""value"":""Gray""},{""trait_type"":""Cloak"",""value"":""Gray Cloak""},{""trait_type"":""Skull"",""value"":""Gray""},{""trait_type"":""Jewellery"",""value"":""Gray Necklace""},{""trait_type"":""Eyes Accessory"",""value"":""Cinema Glasses""},{""trait_type"":""Climate"",""value"":""Rainfall""},{""trait_type"":""Headwear"",""value"":""Devil's Horns""},{""trait_type"":""Mouth Accessory"",""value"":""Cigarette""}]"
51,3863355,0x88ac48e065b89ab4e8f19969889f230099413129adb837c6758dbaad387dc18f,"[{""trait_type"":""Background"",""value"":""Black""},{""trait_type"":""Cloak"",""value"":""Gray Cloak""},{""trait_type"":""Skull"",""value"":""Lightened""},{""trait_type"":""Jewellery"",""value"":""Gray Necklace""},{""trait_type"":""Eyes Accessory"",""value"":""Cinema Glasses""},{""trait_type"":""Wings"",""value"":""Angel's Wings""}]"
50,3863354,0x9f9bfa90a539ae9874b566b98481d4db1ef3810fcf3ed0e85b6244037855fecb,"[{""trait_type"":""Background"",""value"":""Gray""},{""trait_type"":""Cloak"",""value"":""Black Cloak""},{""trait_type"":""Skull"",""value"":""Gray""},{""trait_type"":""Jewellery"",""value"":""Gray Necklace""},{""trait_type"":""Eyes Accessory"",""value"":""Cinema Glasses""},{""trait_type"":""Wings"",""value"":""Angel's Wings""}]"
49,3863353,0x89af0e06e816d0da52809cf6008981b19fbd3a71e698fc1e99af676eecb44ea0,"[{""trait_type"":""Background"",""value"":""Punk Blue""},{""trait_type"":""Cloak"",""value"":""Red Cloak""},{""trait_type"":""Skull"",""value"":""Lightened""},{""trait_type"":""Jewellery"",""value"":""Gray Necklace""},{""trait_type"":""Eyes Accessory"",""value"":""Dirty Blindfold""},{""trait_type"":""Headwear"",""value"":""Devil's Horns""},{""trait_type"":""Hand Artifact"",""value"":""Cross""}]"
48,3863352,0x9f72d7c6808ae9d5cf4d55c3d7752419a278a001fb4bd4f4a4339b1cd377aed4,"[{""trait_type"":""Background"",""value"":""Morpheus""},{""trait_type"":""Cloak"",""value"":""Black Cloak""},{""trait_type"":""Skull"",""value"":""Gray""},{""trait_type"":""Jewellery"",""value"":""Gray Necklace""},{""trait_type"":""Eyes Accessory"",""value"":""Cinema Glasses""},{""trait_type"":""Climate"",""value"":""Rainfall""}]"
47,3863351,0x95386a83ee8d9791527251ddabff60d23f2210d5f234f0e95a71827b899378c2,"[{""trait_type"":""Background"",""value"":""Dark Clouds""},{""trait_type"":""Cloak"",""value"":""Gray Cloak""},{""trait_type"":""Skull"",""value"":""Gray""},{""trait_type"":""Jewellery"",""value"":""Gray Necklace""},{""trait_type"":""Eyes Accessory"",""value"":""Black Glasses""}]"
46,3863350,0xab0030fbe8b323504cb3b47a986844752a9bd065a3ae7139fda7483ec5ccd836,"[{""trait_type"":""Background"",""value"":""Gray""},{""trait_type"":""Cloak"",""value"":""Black Cloak""},{""trait_type"":""Skull"",""value"":""Lightened""},{""trait_type"":""Jewellery"",""value"":""Gray Necklace""},{""trait_type"":""Eyes Accessory"",""value"":""Cinema Glasses""},{""trait_type"":""Wings"",""value"":""Angel's Wings""},{""trait_type"":""Mouth Accessory"",""value"":""Cigarette""}]"
45,3863349,0x6f1539088cf9e171cbf3a0c67ad4ff6c990e5ffa29f8d2e1c3e2e774dd227bcc,"[{""trait_type"":""Background"",""value"":""Punk Blue""},{""trait_type"":""Cloak"",""value"":""Black Cloak""},{""trait_type"":""Skull"",""value"":""Lightened""},{""trait_type"":""Jewellery"",""value"":""Gold Cross Pendant""},{""trait_type"":""Eyes Accessory"",""value"":""Black Glasses""},{""trait_type"":""Headwear"",""value"":""Blessed""}]"
44,3863348,0x61b1c63bfe7be4c8ea084ae9827917aa18fd2dfdd5a450c3b7d25bc6269a6004,"[{""trait_type"":""Background"",""value"":""Gray""},{""trait_type"":""Cloak"",""value"":""Light Gray Cloak""},{""trait_type"":""Skull"",""value"":""Gray""},{""trait_type"":""Jewellery"",""value"":""Gray Necklace""},{""trait_type"":""Eyes Accessory"",""value"":""Eyepatch""}]"
43,3863347,0x54a98f4122801c2a2091520dc75e6d9d08ed58b1cceb8ff6f85bd4ac2ffd8ca5,"[{""trait_type"":""Background"",""value"":""Black""},{""trait_type"":""Cloak"",""value"":""Gray Cloak""},{""trait_type"":""Skull"",""value"":""Lightened""},{""trait_type"":""Jewellery"",""value"":""Gray Necklace""},{""trait_type"":""Eyes Accessory"",""value"":""Black Glasses""},{""trait_type"":""Mouth Accessory"",""value"":""Cigarette""}]"
42,3863346,0x6f2697f35daf86e07071d3bf4e17fa5bfa712fd1526b2c6a26846543702f8643,"[{""trait_type"":""Background"",""value"":""Black""},{""trait_type"":""Cloak"",""value"":""Black Cloak""},{""trait_type"":""Skull"",""value"":""Gray""},{""trait_type"":""Jewellery"",""value"":""Gray Necklace""},{""trait_type"":""Eyes Accessory"",""value"":""Black Glasses""},{""trait_type"":""Climate"",""value"":""Rainfall""}]"
41,3863345,0x9210d154e5be4e775abcadc2e60739a74832dca27d51adc384eb0ace5476a31a,"[{""trait_type"":""Background"",""value"":""Black""},{""trait_type"":""Cloak"",""value"":""Light Gray Cloak""},{""trait_type"":""Skull"",""value"":""Lightened""},{""trait_type"":""Jewellery"",""value"":""Gray Necklace""},{""trait_type"":""Eyes Accessory"",""value"":""Eyepatch""}]"
40,3863344,0xe1f356b1c51cd9c44b0140d1d31f4e1d6a6f2231c476172d63ca22212bed2fd8,"[{""trait_type"":""Background"",""value"":""Morpheus""},{""trait_type"":""Cloak"",""value"":""Light Gray Cloak""},{""trait_type"":""Skull"",""value"":""Gray""},{""trait_type"":""Jewellery"",""value"":""Gray Necklace""},{""trait_type"":""Eyes Accessory"",""value"":""Black Glasses""},{""trait_type"":""Headwear"",""value"":""Devil's Horns""}]"
39,3863343,0x1b71c66af5e6cc155f6f1e8da70f5311c731dcb8dc045d6f28493eee1b9ebad1,"[{""trait_type"":""Background"",""value"":""Red""},{""trait_type"":""Cloak"",""value"":""Light Gray Cloak""},{""trait_type"":""Skull"",""value"":""Gray""},{""trait_type"":""Jewellery"",""value"":""Gold Cross Pendant""},{""trait_type"":""Eyes Accessory"",""value"":""Black Glasses""},{""trait_type"":""Wings"",""value"":""Angel's Wings""}]"
38,3863342,0x814fcec3cb6e86fcd6e3e0852dab2ff63228cfdaa3279df2a7bcb7d3790d4e14,"[{""trait_type"":""Background"",""value"":""Black""},{""trait_type"":""Cloak"",""value"":""Light Gray Cloak""},{""trait_type"":""Skull"",""value"":""Gray""},{""trait_type"":""Jewellery"",""value"":""Gray Necklace""},{""trait_type"":""Eyes Accessory"",""value"":""Eyepatch""}]"
37,3863341,0x4ea38a3d9583fc62eef304f560713c17c119478371a053249e78faae6d9462ff,"[{""trait_type"":""Background"",""value"":""Gray""},{""trait_type"":""Cloak"",""value"":""Black Cloak""},{""trait_type"":""Skull"",""value"":""Gray""},{""trait_type"":""Eyes Accessory"",""value"":""Eyepatch""},{""trait_type"":""Climate"",""value"":""Rainfall""},{""trait_type"":""Headwear"",""value"":""Devil's Horns""},{""trait_type"":""Hand Artifact"",""value"":""Pitchfork""}]"
36,3863340,0x7a84e50de3866cdb44f56d66b9e785bbd4f6b8dbd84b28856ea44fe679dca298,"[{""trait_type"":""Background"",""value"":""Space""},{""trait_type"":""Cloak"",""value"":""Gray Cloak""},{""trait_type"":""Skull"",""value"":""Gray""},{""trait_type"":""Jewellery"",""value"":""Gold Cross Pendant""},{""trait_type"":""Eyes Accessory"",""value"":""Black Glasses""}]"
35,3863339,0xc93b2f9d70f987d47337bb148ee658099ad7c78e61c7c69b77a860e466e89d57,"[{""trait_type"":""Background"",""value"":""Punk Blue""},{""trait_type"":""Cloak"",""value"":""Gray Cloak""},{""trait_type"":""Skull"",""value"":""Gray""},{""trait_type"":""Jewellery"",""value"":""Gray Necklace""},{""trait_type"":""Eyes Accessory"",""value"":""Eyepatch""}]"
34,3863338,0xad76c0b1fd147e4921588b6d91d18bc74be99c7f416649fe7c3751bfebcf9409,"[{""trait_type"":""Background"",""value"":""Black""},{""trait_type"":""Cloak"",""value"":""Light Gray Cloak""},{""trait_type"":""Skull"",""value"":""Gray""},{""trait_type"":""Jewellery"",""value"":""Gray Necklace""},{""trait_type"":""Eyes Accessory"",""value"":""Censored""},{""trait_type"":""Wings"",""value"":""Angel's Wings""},{""trait_type"":""Headwear"",""value"":""Devil's Horns""}]"
33,3863337,0xea4efa91f547fce5fb10b33d3bf7ea6beca251f62c78dad544e06907d585ab0e,"[{""trait_type"":""Background"",""value"":""Code""},{""trait_type"":""Cloak"",""value"":""Gray Cloak""},{""trait_type"":""Skull"",""value"":""Lightened""},{""trait_type"":""Jewellery"",""value"":""Gray Necklace""},{""trait_type"":""Eyes Accessory"",""value"":""Cinema Glasses""},{""trait_type"":""Headwear"",""value"":""Blessed""}]"
32,3863336,0xb2710d550c675e21778e0ee5559eb55291d9471b60d90b00461a2ab1f39e3f0d,"[{""trait_type"":""Background"",""value"":""Space""},{""trait_type"":""Cloak"",""value"":""Black Cloak""},{""trait_type"":""Skull"",""value"":""Lightened""},{""trait_type"":""Jewellery"",""value"":""Gold Cross Pendant""},{""trait_type"":""Eyes Accessory"",""value"":""Black Glasses""},{""trait_type"":""Wings"",""value"":""Angel's Wings""},{""trait_type"":""Mouth Accessory"",""value"":""Cigarette""},{""trait_type"":""Hand Artifact"",""value"":""Cross""}]"
31,3863335,0xaa2bbbad37edf012b97784ac44f355e0f09f84d6a42b647de6144406d8684cbc,"[{""trait_type"":""Background"",""value"":""Gray""},{""trait_type"":""Cloak"",""value"":""Black Cloak""},{""trait_type"":""Skull"",""value"":""Gold""},{""trait_type"":""Jewellery"",""value"":""Gray Necklace""},{""trait_type"":""Eyes Accessory"",""value"":""Cinema Glasses""},{""trait_type"":""Wings"",""value"":""Angel's Wings""},{""trait_type"":""Headwear"",""value"":""Devil's Horns""}]"
30,3863334,0x23dbf98c0cea37b44171f31091f216f2bfcc2504214ed8b6c134d2bab27e7f69,"[{""trait_type"":""Background"",""value"":""Black""},{""trait_type"":""Cloak"",""value"":""Light Gray Cloak""},{""trait_type"":""Skull"",""value"":""Gray""},{""trait_type"":""Eyes Accessory"",""value"":""Eyepatch""},{""trait_type"":""Wings"",""value"":""Angel's Wings""}]"
29,3863333,0xbb082d636672423cf84fb81d842cf718151d6d54d8e369299775f5a25946e661,"[{""trait_type"":""Background"",""value"":""Gray""},{""trait_type"":""Cloak"",""value"":""Gray Cloak""},{""trait_type"":""Skull"",""value"":""Gray""},{""trait_type"":""Eyes Accessory"",""value"":""Cinema Glasses""}]"
28,3863332,0xd36cf62271319287a34db6ab7f00a8f8233eaccf5718202923eebbab229bb76d,"[{""trait_type"":""Background"",""value"":""Gray""},{""trait_type"":""Cloak"",""value"":""Yellow Cloak""},{""trait_type"":""Skull"",""value"":""Gray""},{""trait_type"":""Jewellery"",""value"":""Gold Cross Pendant""},{""trait_type"":""Eyes Accessory"",""value"":""Black Glasses""},{""trait_type"":""Headwear"",""value"":""Devil's Horns""}]"
27,3863331,0xb354fef9b86025c80ec6915fde26ac167597cab4a789851bb3d95f3d648981fd,"[{""trait_type"":""Background"",""value"":""Dark Jungle""},{""trait_type"":""Cloak"",""value"":""Gray Cloak""},{""trait_type"":""Skull"",""value"":""Zombie""},{""trait_type"":""Jewellery"",""value"":""Gray Necklace""},{""trait_type"":""Eyes Accessory"",""value"":""Eyepatch""},{""trait_type"":""Headwear"",""value"":""Devil's Horns""}]"
26,3863330,0xf218fd4c44d56269135e74b4fd19886af62b06f7a9b11cc2ef04431dd294de26,"[{""trait_type"":""Background"",""value"":""Gray""},{""trait_type"":""Cloak"",""value"":""Black Cloak""},{""trait_type"":""Skull"",""value"":""Gray""},{""trait_type"":""Jewellery"",""value"":""Gray Necklace""},{""trait_type"":""Eyes Accessory"",""value"":""Cinema Glasses""}]"
25,3863329,0x1a362cb36c3b7b9e0c0d5ce85cac1a3f575f8cb6ae4aae085e576a17cbe50968,"[{""trait_type"":""Background"",""value"":""Hell""},{""trait_type"":""Cloak"",""value"":""Black Cloak""},{""trait_type"":""Skull"",""value"":""Lightened""},{""trait_type"":""Jewellery"",""value"":""Gray Necklace""},{""trait_type"":""Eyes Accessory"",""value"":""Eyepatch""}]"
24,3863328,0x2583b995aeceb961982928a6114172a358c57493f24c104c3e7445ae683c6be3,"[{""trait_type"":""Background"",""value"":""Black""},{""trait_type"":""Cloak"",""value"":""Light Gray Cloak""},{""trait_type"":""Skull"",""value"":""Gray""},{""trait_type"":""Jewellery"",""value"":""Gold Cross Pendant""},{""trait_type"":""Eyes Accessory"",""value"":""Eyepatch""},{""trait_type"":""Climate"",""value"":""Rainfall""}]"
23,3863327,0xd9719179b15d2530fb7ebbebf766489c883126398bed8f76cd06b9a2d157f5fc,"[{""trait_type"":""Background"",""value"":""Dark Clouds""},{""trait_type"":""Cloak"",""value"":""Red Cloak""},{""trait_type"":""Skull"",""value"":""Gray""},{""trait_type"":""Jewellery"",""value"":""Gray Necklace""},{""trait_type"":""Eyes Accessory"",""value"":""Eyepatch""},{""trait_type"":""Headwear"",""value"":""Devil's Horns""},{""trait_type"":""Hand Artifact"",""value"":""Cross""}]"
22,3863326,0x0b2a871b00f4efebcffbed5ed22d3494a7349212834c40ede3f4d7e2947a7897,"[{""trait_type"":""Background"",""value"":""Gray""},{""trait_type"":""Cloak"",""value"":""Yellow Cloak""},{""trait_type"":""Skull"",""value"":""Lightened""},{""trait_type"":""Jewellery"",""value"":""Gold Cross Pendant""},{""trait_type"":""Eyes Accessory"",""value"":""Eyepatch""},{""trait_type"":""Headwear"",""value"":""Devil's Horns""}]"
21,3862944,0x0285615e73f15f9fcebd7e66441fa41b376383cbb2dc1f4e77008760815ede71,"[{""trait_type"":""Background"",""value"":""Black""},{""trait_type"":""Cloak"",""value"":""Gray Cloak""},{""trait_type"":""Skull"",""value"":""Gray""},{""trait_type"":""Jewellery"",""value"":""Gray Necklace""},{""trait_type"":""Eyes Accessory"",""value"":""Black Glasses""},{""trait_type"":""Mouth Accessory"",""value"":""Cigarette""}]"
20,3862937,0xefaf45e3b58fc7040bbc1537d73f1ed64b79bc1866af493ec573d8b408eeed68,"[{""trait_type"":""Background"",""value"":""Punk Blue""},{""trait_type"":""Cloak"",""value"":""Black Cloak""},{""trait_type"":""Skull"",""value"":""Gray""},{""trait_type"":""Jewellery"",""value"":""Gray Necklace""},{""trait_type"":""Eyes Accessory"",""value"":""Cinema Glasses""},{""trait_type"":""Wings"",""value"":""Angel's Wings""},{""trait_type"":""Mouth Accessory"",""value"":""Vape""}]"
19,3862934,0xc935f88c50e56f2926f2fa6c42c9d57d84a756c697d4e60429c39e7027bb64a1,"[{""trait_type"":""Background"",""value"":""Punk Blue""},{""trait_type"":""Cloak"",""value"":""Light Gray Cloak""},{""trait_type"":""Skull"",""value"":""Gray""},{""trait_type"":""Eyes Accessory"",""value"":""Nerd Glasses""},{""trait_type"":""Headwear"",""value"":""Devil's Horns""}]"
18,3862930,0xb237c43cdd9d1ee6ef3a5792a48d6c058f15396391591a7901665685fb5cbf0d,"[{""trait_type"":""Background"",""value"":""Punk Blue""},{""trait_type"":""Cloak"",""value"":""Light Gray Cloak""},{""trait_type"":""Skull"",""value"":""Gray""},{""trait_type"":""Jewellery"",""value"":""Gold Cross Pendant""},{""trait_type"":""Eyes Accessory"",""value"":""Cinema Glasses""},{""trait_type"":""Mouth Accessory"",""value"":""Cigarette""}]"
17,3862927,0xccfa7bae8177dd7251b23725e6546b1f1e68c11153e0fc1eb7eca583790af6a5,"[{""trait_type"":""Background"",""value"":""Black""},{""trait_type"":""Cloak"",""value"":""Gray Cloak""},{""trait_type"":""Skull"",""value"":""Lightened""},{""trait_type"":""Jewellery"",""value"":""Gray Necklace""},{""trait_type"":""Eyes Accessory"",""value"":""Eyepatch""},{""trait_type"":""Climate"",""value"":""Rainfall""}]"
16,3862926,0xa9e261451f70f37e18fdad0be672b3eb8eb5f219767342fb72ac6a61e3dbe931,"[{""trait_type"":""Background"",""value"":""Black""},{""trait_type"":""Cloak"",""value"":""Gray Cloak""},{""trait_type"":""Skull"",""value"":""Lightened""},{""trait_type"":""Jewellery"",""value"":""Gray Necklace""},{""trait_type"":""Eyes Accessory"",""value"":""Cinema Glasses""},{""trait_type"":""Wings"",""value"":""Angel's Wings""},{""trait_type"":""Headwear"",""value"":""Blessed""}]"
15,3862925,0x49fd88e611bc71b24cd094f01906a44eab1f5603d414a374cf8cd53157a62f26,"[{""trait_type"":""Background"",""value"":""Punk Blue""},{""trait_type"":""Cloak"",""value"":""Light Gray Cloak""},{""trait_type"":""Skull"",""value"":""Lightened""},{""trait_type"":""Eyes Accessory"",""value"":""Cinema Glasses""},{""trait_type"":""Headwear"",""value"":""Devil's Horns""}]"
14,3862923,0xe2600279d6d8651753491d0177f24df9f4fd00dcaf3872068f9d5317a7dd2a22,"[{""trait_type"":""Background"",""value"":""Gray""},{""trait_type"":""Cloak"",""value"":""Black Cloak""},{""trait_type"":""Skull"",""value"":""Gray""},{""trait_type"":""Jewellery"",""value"":""Gold Cross Pendant""},{""trait_type"":""Eyes Accessory"",""value"":""Cinema Glasses""},{""trait_type"":""Headwear"",""value"":""Chromy""}]"
13,3862921,0x0b5a23a395dcbe24de8699c1e4f158a70279a7063ae54754cd47253e6e199257,"[{""trait_type"":""Background"",""value"":""Punk Blue""},{""trait_type"":""Cloak"",""value"":""Black Cloak""},{""trait_type"":""Skull"",""value"":""Zombie""},{""trait_type"":""Jewellery"",""value"":""Gray Necklace""},{""trait_type"":""Eyes Accessory"",""value"":""Cinema Glasses""},{""trait_type"":""Wings"",""value"":""Angel's Wings""},{""trait_type"":""Mouth Accessory"",""value"":""Cigarette""}]"
12,3862907,0x125b437b32d4ff0bc03aa7487cfe0bd89f0c396773a96467a940b59b717a25ad,"[{""trait_type"":""Background"",""value"":""Black""},{""trait_type"":""Cloak"",""value"":""Gray Cloak""},{""trait_type"":""Skull"",""value"":""Lightened""},{""trait_type"":""Jewellery"",""value"":""Gray Necklace""},{""trait_type"":""Eyes Accessory"",""value"":""Vr Glasses""},{""trait_type"":""Mouth Accessory"",""value"":""Rainfallbow""},{""trait_type"":""Hand Artifact"",""value"":""Wand""}]"
11,3862906,0x4920e25177e6327cd45d74cdad10d8ef5c9fa886feaee58b71149eaf79ca4efd,"[{""trait_type"":""Background"",""value"":""Gray""},{""trait_type"":""Cloak"",""value"":""Gray Cloak""},{""trait_type"":""Skull"",""value"":""Zombie""},{""trait_type"":""Jewellery"",""value"":""Gray Necklace""},{""trait_type"":""Eyes Accessory"",""value"":""Black Glasses""},{""trait_type"":""Headwear"",""value"":""Devil's Horns""},{""trait_type"":""Mouth Accessory"",""value"":""Cigarette""}]"
10,3862904,0x5c6c569a4f56a2b64c23ec1cd5604bae878213540f789527be4cdeb0252c0afa,"[{""trait_type"":""Background"",""value"":""Code""},{""trait_type"":""Cloak"",""value"":""Black Cloak""},{""trait_type"":""Skull"",""value"":""Gray""},{""trait_type"":""Jewellery"",""value"":""Gray Necklace""},{""trait_type"":""Eyes Accessory"",""value"":""Black Glasses""},{""trait_type"":""Mouth Accessory"",""value"":""Cigarette""}]"
9,3862902,0x05efaea137bae0a1ce79d98cc03e9a61131500989432c98cd0fb509285f11dc3,"[{""trait_type"":""Background"",""value"":""Black""},{""trait_type"":""Cloak"",""value"":""Red Cloak""},{""trait_type"":""Skull"",""value"":""Gold""},{""trait_type"":""Jewellery"",""value"":""Gold Necklace""},{""trait_type"":""Headwear"",""value"":""Blessed""},{""trait_type"":""Mouth Accessory"",""value"":""Cigarette""}]"
8,3862901,0xd05dd15933d308fae0ffde41aa77583a9150655c9781e8b934fcb6f2385383eb,"[{""trait_type"":""Background"",""value"":""Black""},{""trait_type"":""Cloak"",""value"":""Gray Cloak""},{""trait_type"":""Skull"",""value"":""Gray""},{""trait_type"":""Jewellery"",""value"":""Gray Necklace""},{""trait_type"":""Eyes Accessory"",""value"":""Censored""}]"
7,3862899,0x8627809c0b76712acfbdf2abffdaa77205b280d10d12fe3b16e3c15df90e9d91,"[{""trait_type"":""Background"",""value"":""Code""},{""trait_type"":""Cloak"",""value"":""Black Cloak""},{""trait_type"":""Skull"",""value"":""Lightened""},{""trait_type"":""Jewellery"",""value"":""Gold Cross Pendant""},{""trait_type"":""Eyes Accessory"",""value"":""Black Glasses""},{""trait_type"":""Mouth Accessory"",""value"":""Cigarette""}]"
6,3862895,0x23ff40216ceaf700acca7cf272669ed47d44e94713d6a01ceeba0abd7988adbb,"[{""trait_type"":""Background"",""value"":""Punk Blue""},{""trait_type"":""Cloak"",""value"":""Light Gray Cloak""},{""trait_type"":""Skull"",""value"":""Lightened""},{""trait_type"":""Jewellery"",""value"":""Gray Necklace""},{""trait_type"":""Eyes Accessory"",""value"":""Dirty Blindfold""}]"
5,3862893,0x10dd111a4d78e492385570376c46a6b27cdc5a550928939def6b3c41b833c52e,"[{""trait_type"":""Background"",""value"":""Black""},{""trait_type"":""Cloak"",""value"":""Black Cloak""},{""trait_type"":""Skull"",""value"":""Gray""},{""trait_type"":""Jewellery"",""value"":""Gold Necklace""},{""trait_type"":""Eyes Accessory"",""value"":""Cinema Glasses""},{""trait_type"":""Headwear"",""value"":""Devil's Horns""}]"
4,3862890,0x7640d8483ac798c6feea646e6047c0af5f8167231d7884b26811086e04a8a0cc,"[{""trait_type"":""Background"",""value"":""Space""},{""trait_type"":""Cloak"",""value"":""Light Gray Cloak""},{""trait_type"":""Skull"",""value"":""Gray""},{""trait_type"":""Jewellery"",""value"":""Gray Necklace""},{""trait_type"":""Eyes Accessory"",""value"":""Eyepatch""},{""trait_type"":""Climate"",""value"":""Rainfall""},{""trait_type"":""Headwear"",""value"":""Devil's Horns""}]"
3,3862888,0x14f8cbdefd53f26efb2a10c3177d440e2a5e2222b433adcb50bfa85e6836fcb6,"[{""trait_type"":""Background"",""value"":""Gray""},{""trait_type"":""Cloak"",""value"":""Black Cloak""},{""trait_type"":""Skull"",""value"":""Gold""},{""trait_type"":""Jewellery"",""value"":""Gray Necklace""},{""trait_type"":""Eyes Accessory"",""value"":""Eyepatch""},{""trait_type"":""Wings"",""value"":""Angel's Wings""},{""trait_type"":""Headwear"",""value"":""Devil's Horns""},{""trait_type"":""Mouth Accessory"",""value"":""Cigarette""}]"
2,3862887,0xfb8ad9dbdf33c6ddfa2db79a5fdc5759a80c0d7716beb281df39fd5339f9ab77,"[{""trait_type"":""Background"",""value"":""Black""},{""trait_type"":""Cloak"",""value"":""Light Gray Cloak""},{""trait_type"":""Skull"",""value"":""Lightened""},{""trait_type"":""Jewellery"",""value"":""Gray Necklace""},{""trait_type"":""Eyes Accessory"",""value"":""Cinema Glasses""}]"
1,3862886,0xff697e3079aad441b3d7cf4d92da03fa1e64586abeed2ad7c54f905c1659580e,"[{""trait_type"":""Background"",""value"":""Punk Blue""},{""trait_type"":""Cloak"",""value"":""Black Cloak""},{""trait_type"":""Skull"",""value"":""Gray""},{""trait_type"":""Jewellery"",""value"":""Gray Necklace""},{""trait_type"":""Eyes Accessory"",""value"":""Nerd Glasses""},{""trait_type"":""Headwear"",""value"":""Devil's Horns""}]"
0,3862883,0xad07470eecc2173947439e238bdc8bcf9db3fdae95bf03fa8151b882599d61dc,"[{""trait_type"":""Background"",""value"":""Black""},{""trait_type"":""Cloak"",""value"":""Gray Cloak""},{""trait_type"":""Skull"",""value"":""Zombie""},{""trait_type"":""Eyes Accessory"",""value"":""Censored""},{""trait_type"":""Mouth Accessory"",""value"":""Rainfallbow""}]"
