token_id,ethscription_number,ethscription_id,attributes
799,5919199,0x695235b7abf388e0b2ea661eb6a9c31fa61e57e8f7c1bd5f0a4d78cc683805c6,"[{""trait_type"":""Backgrounds"",""value"":""Gorilla Glue""},{""trait_type"":""Body"",""value"":""Cannabisseur""},{""trait_type"":""Lips"",""value"":""What Happened""},{""trait_type"":""Eyes"",""value"":""Wylin Out""},{""trait_type"":""Buds"",""value"":""Special K Kush""},{""trait_type"":""Hats"",""value"":""LogicCap Gold""}]"
798,5919186,0x278ff2f73041635c4d9280d8581233a5eb4240492cbb32e78daf58476d189d35,"[{""trait_type"":""Backgrounds"",""value"":""MAC""},{""trait_type"":""Body"",""value"":""Herbalist""},{""trait_type"":""Lips"",""value"":""Stoner""},{""trait_type"":""Eyes"",""value"":""Wylin Out""},{""trait_type"":""Buds"",""value"":""MrsK47""},{""trait_type"":""Hats"",""value"":""Headband Pink Green""}]"
797,5919104,0xb928b2c0e2f003e91143123c8c52428c475b1d5b05661d2879853c27fbd3125a,"[{""trait_type"":""Backgrounds"",""value"":""Gushers""},{""trait_type"":""Body"",""value"":""Cannabisseur""},{""trait_type"":""Lips"",""value"":""Sissy Lips""},{""trait_type"":""Eyes"",""value"":""Cannabis Kaleidoscope Red""},{""trait_type"":""Buds"",""value"":""Grape Ape""},{""trait_type"":""Hats"",""value"":""Skully Green""}]"
796,5919076,0x49e5e785161a46074197c0a8a358027f67dc57552316974349fe993bbd9c5df2,"[{""trait_type"":""Backgrounds"",""value"":""Strawberry Cough""},{""trait_type"":""Body"",""value"":""Laughing Hyena""},{""trait_type"":""Lips"",""value"":""Smoke One""},{""trait_type"":""Eyes"",""value"":""Baked Blinkers Grey""},{""trait_type"":""Buds"",""value"":""Special K Kush""},{""trait_type"":""Hats"",""value"":""Skully Green""}]"
795,5918970,0x915068c1ab0e300aaaefd7180c4fb88feec30620c34f66e6e1c2a4a2715a0af2,"[{""trait_type"":""Backgrounds"",""value"":""Hindu Kush""},{""trait_type"":""Body"",""value"":""Cannabisseur""},{""trait_type"":""Lips"",""value"":""Sissy Lips""},{""trait_type"":""Eyes"",""value"":""Baked Blinkers Suspect""},{""trait_type"":""Buds"",""value"":""Blue Dream""},{""trait_type"":""Hats"",""value"":""LogicCap Gold""}]"
794,5918969,0x575c1716b173eff59f479c7223ea00d94ece4a7e3cf6b91f2f35624ace63a3bf,"[{""trait_type"":""Backgrounds"",""value"":""Forbidden Fruit""},{""trait_type"":""Body"",""value"":""Laughing Hyena""},{""trait_type"":""Lips"",""value"":""What Happened""},{""trait_type"":""Eyes"",""value"":""Baked Blinkers Smokey""},{""trait_type"":""Buds"",""value"":""Smokin Dice""},{""trait_type"":""Hats"",""value"":""LogicCap Purple""}]"
793,5918786,0x2e01aa725192d68dfd9d4d0dfad6bcefb80990b4407ec94c14d32bfc72f36e49,"[{""trait_type"":""Backgrounds"",""value"":""Alien OG""},{""trait_type"":""Body"",""value"":""Cannabisseur""},{""trait_type"":""Lips"",""value"":""Ganja Smoke Indica""},{""trait_type"":""Eyes"",""value"":""Blazed Green""},{""trait_type"":""Buds"",""value"":""Smokin Dice""},{""trait_type"":""Hats"",""value"":""Laughing Lid Blue""}]"
792,5918785,0xdd26266aa64a04de8c3cff35c62378bb907bb4d258b7a1b6ef6d9d540f175649,"[{""trait_type"":""Backgrounds"",""value"":""Slurricane""},{""trait_type"":""Body"",""value"":""Herbivore""},{""trait_type"":""Lips"",""value"":""Smoking Os""},{""trait_type"":""Eyes"",""value"":""Baked Blinkers Grey""},{""trait_type"":""Buds"",""value"":""Orange Crush""},{""trait_type"":""Hats"",""value"":""Skully Green""}]"
791,5918596,0xb0941d445f8850065c55af9698b99c52d4d106edfdf03f8ee8747c0f1381e387,"[{""trait_type"":""Backgrounds"",""value"":""Bubba Kush""},{""trait_type"":""Body"",""value"":""High Flyer""},{""trait_type"":""Lips"",""value"":""What Happened""},{""trait_type"":""Eyes"",""value"":""DogeMau_d""},{""trait_type"":""Buds"",""value"":""Blue Dream""},{""trait_type"":""Hats"",""value"":""Loco Lid Green""}]"
790,5918595,0x1663e886f1897eb9e182cd1cb516356a8d8705edc727b45aaf458fd9e87ee6bd,"[{""trait_type"":""Backgrounds"",""value"":""Orange Creamsicle""},{""trait_type"":""Body"",""value"":""High Flyer""},{""trait_type"":""Lips"",""value"":""Smoke One""},{""trait_type"":""Eyes"",""value"":""Tech G Goggles""},{""trait_type"":""Buds"",""value"":""MrsK47""},{""trait_type"":""Hats"",""value"":""MoonQueen Crown""}]"
789,5918162,0x0b1a7bd42a5e67f28e3d06ffe2ddaa2646c245c7e31078a183a48e26db97fc71,"[{""trait_type"":""Backgrounds"",""value"":""Strawberry Cough""},{""trait_type"":""Body"",""value"":""Space Cowboy""},{""trait_type"":""Lips"",""value"":""Smoke Os Rising""},{""trait_type"":""Eyes"",""value"":""Tech G Goggles""},{""trait_type"":""Buds"",""value"":""SkyWalker""},{""trait_type"":""Hats"",""value"":""Im High""}]"
788,5918161,0x5fe5939d68dba9fa98752e41ffc1b8517cea3b7fd7d96a3b092bf2e6bdf4f937,"[{""trait_type"":""Backgrounds"",""value"":""Kush Mints Matrix""},{""trait_type"":""Body"",""value"":""Goodfellow""},{""trait_type"":""Lips"",""value"":""Ganja Smoke Purple Haze""},{""trait_type"":""Eyes"",""value"":""Caught""},{""trait_type"":""Buds"",""value"":""Northern Lights""},{""trait_type"":""Hats"",""value"":""Skully Yellow""}]"
787,5918160,0xd7e8a2e4ab6fc1b191e04bc00a08bfe4ae1fc977a6d960d358c971c3a34e8558,"[{""trait_type"":""Backgrounds"",""value"":""Hindu Kush""},{""trait_type"":""Body"",""value"":""Sativa""},{""trait_type"":""Lips"",""value"":""Ganja Smoke Indica""},{""trait_type"":""Eyes"",""value"":""Infused Optics Blue""},{""trait_type"":""Buds"",""value"":""Golden Ticket""},{""trait_type"":""Hats"",""value"":""LogicCap Purple""}]"
786,5917982,0x77d8b1a998ad9eca9f5930c2c9537a14c0424b92d496e34445a80362d59c996d,"[{""trait_type"":""Backgrounds"",""value"":""Zkittlez""},{""trait_type"":""Body"",""value"":""Space Cowboy""},{""trait_type"":""Lips"",""value"":""Ganja Smoke Sativa""},{""trait_type"":""Eyes"",""value"":""Respecter Me""},{""trait_type"":""Buds"",""value"":""Purple Kush""},{""trait_type"":""Hats"",""value"":""LogicCap Gold""}]"
785,5915008,0x1dccdf5b3eb7150f99fab2af5584992cdd94e640b6dc8f5b254499938c326e4d,"[{""trait_type"":""Backgrounds"",""value"":""Strawberry Cough""},{""trait_type"":""Body"",""value"":""Herbalist""},{""trait_type"":""Lips"",""value"":""Cheeba Rising""},{""trait_type"":""Eyes"",""value"":""Tree Wrecked""},{""trait_type"":""Buds"",""value"":""Duck Wit It""},{""trait_type"":""Hats"",""value"":""Laughing Lid Green""}]"
784,5914054,0x89b4b0636e4fdc99e50707b8da10ce57f67d85320b8a7a444e5be0421b7e7eb7,"[{""trait_type"":""Backgrounds"",""value"":""Forbidden Fruit""},{""trait_type"":""Body"",""value"":""Sativa""},{""trait_type"":""Lips"",""value"":""What Happened""},{""trait_type"":""Eyes"",""value"":""Red AF""},{""trait_type"":""Buds"",""value"":""Northern Lights""},{""trait_type"":""Hats"",""value"":""Loco Lid Green""}]"
783,5913961,0xefbf669e7c72d5b9c39ba54f87f999dce3ce23221c9519f7e11cbf57fb0cfd5f,"[{""trait_type"":""Backgrounds"",""value"":""Forbidden Fruit""},{""trait_type"":""Body"",""value"":""High Flyer""},{""trait_type"":""Lips"",""value"":""Bogart""},{""trait_type"":""Eyes"",""value"":""Baked Blinkers Smokey""},{""trait_type"":""Buds"",""value"":""Orange Crush""},{""trait_type"":""Hats"",""value"":""Loco Lid Red""}]"
782,5892555,0x9e4ecefe92e52303b3f86309538baf031467d58a41fc392a2b9861e28a3d959b,"[{""trait_type"":""Backgrounds"",""value"":""Gorilla Glue""},{""trait_type"":""Body"",""value"":""Laughing Hyena""},{""trait_type"":""Lips"",""value"":""Stoner""},{""trait_type"":""Eyes"",""value"":""Shaggy AF""},{""trait_type"":""Buds"",""value"":""Blue Dream""},{""trait_type"":""Hats"",""value"":""Hot Lava Lid""}]"
781,5890409,0x6aa33af07a181914b0ad4eea6b668a1e5fcbbfb31cbcebd199cc2bf481965710,"[{""trait_type"":""Backgrounds"",""value"":""Orange Creamsicle""},{""trait_type"":""Body"",""value"":""Herbalist""},{""trait_type"":""Lips"",""value"":""Ganja Smoke Blue Dream""},{""trait_type"":""Eyes"",""value"":""Baked Blinkers Suspect""},{""trait_type"":""Buds"",""value"":""MrsK47""},{""trait_type"":""Hats"",""value"":""Shiller""}]"
780,5890308,0xecdda3e64f7e44f4f17cf95454e38fec6a14e4a6a916deae230fab0fda052583,"[{""trait_type"":""Backgrounds"",""value"":""GMO Cookies""},{""trait_type"":""Body"",""value"":""Indica""},{""trait_type"":""Lips"",""value"":""Woo Woo""},{""trait_type"":""Eyes"",""value"":""Caught""},{""trait_type"":""Buds"",""value"":""MrsK47""},{""trait_type"":""Hats"",""value"":""Artiefishal Halo""}]"
779,5884943,0xbe3910f7948f65ecf0faae8a56813ac21d5473f9b0a60850d67e7d23c65d4100,"[{""trait_type"":""Backgrounds"",""value"":""Gorilla Glue""},{""trait_type"":""Body"",""value"":""Herbalist""},{""trait_type"":""Lips"",""value"":""Woo Woo""},{""trait_type"":""Eyes"",""value"":""Baked Blinkers Lazy""},{""trait_type"":""Buds"",""value"":""Golden Ticket""},{""trait_type"":""Hats"",""value"":""Im High""}]"
778,5883370,0xe8b18f4df2ac05328f4c145ade6f02c6cededc23f65b0e736a49c1e1ce5e2ac6,"[{""trait_type"":""Backgrounds"",""value"":""Orange Creamsicle""},{""trait_type"":""Body"",""value"":""Sativa""},{""trait_type"":""Lips"",""value"":""Smoking Os""},{""trait_type"":""Eyes"",""value"":""Sheeeesh""},{""trait_type"":""Buds"",""value"":""Orange Crush""},{""trait_type"":""Hats"",""value"":""Headband Yellow Blue""}]"
777,5845940,0x0e93123283ada8aa198a4bf156c8f8defe54a7703dec1d8e74dc5c637588839a,"[{""trait_type"":""Backgrounds"",""value"":""Alien OG""},{""trait_type"":""Body"",""value"":""Iron Lungs""},{""trait_type"":""Lips"",""value"":""Muggle Smirk""},{""trait_type"":""Eyes"",""value"":""Caught""},{""trait_type"":""Buds"",""value"":""Special K Kush""},{""trait_type"":""Hats"",""value"":""Skully Yellow""}]"
776,5838785,0x9c587e988286b95466b69512b03c1d1677edf32946488e3868f288e7f62a70d8,"[{""trait_type"":""Backgrounds"",""value"":""Purple Urkle""},{""trait_type"":""Body"",""value"":""Iron Lungs""},{""trait_type"":""Lips"",""value"":""Smoke One""},{""trait_type"":""Eyes"",""value"":""Baked Blinkers Purple""},{""trait_type"":""Buds"",""value"":""Duck Wit It""},{""trait_type"":""Hats"",""value"":""Loco Lid Red""}]"
775,5838784,0xd22bd5317395704bb64336053578963eec96d6e6833f8e8fe433ec610f43b634,"[{""trait_type"":""Backgrounds"",""value"":""Forbidden Fruit""},{""trait_type"":""Body"",""value"":""High Flyer""},{""trait_type"":""Lips"",""value"":""Cheeba Rising""},{""trait_type"":""Eyes"",""value"":""PickleBall Purps""},{""trait_type"":""Buds"",""value"":""Grape Ape""},{""trait_type"":""Hats"",""value"":""Headband Pink Green""}]"
774,5838783,0x6abf68298302ca07487a5d61c74a7f89b0741f7d28f05da9a34f8042c022c2ea,"[{""trait_type"":""Backgrounds"",""value"":""MAC""},{""trait_type"":""Body"",""value"":""Blastasaurus Rex""},{""trait_type"":""Lips"",""value"":""Ganja Smoke Purple Haze""},{""trait_type"":""Eyes"",""value"":""Baked Blinkers Grey""},{""trait_type"":""Buds"",""value"":""Duck Wit It""},{""trait_type"":""Hats"",""value"":""Im High""}]"
773,5835813,0x67e4ed60c40804b493c9a698c5a3356432fbffc528a953e0b79835bff381e85b,"[{""trait_type"":""Backgrounds"",""value"":""Alien OG""},{""trait_type"":""Body"",""value"":""Space Cowboy""},{""trait_type"":""Lips"",""value"":""Cheeching""},{""trait_type"":""Eyes"",""value"":""Baked Blinkers Smokey""},{""trait_type"":""Buds"",""value"":""Golden Ticket""},{""trait_type"":""Hats"",""value"":""Shiller""}]"
772,5760496,0x3fe0e372dab74aff9a98278c694b093c28a382de844a4715b88b2cea6f86c0e8,"[{""trait_type"":""Backgrounds"",""value"":""Wedding Cake""},{""trait_type"":""Body"",""value"":""Space Cowboy""},{""trait_type"":""Lips"",""value"":""Bogart""},{""trait_type"":""Eyes"",""value"":""Baked Blinkers Purple""},{""trait_type"":""Buds"",""value"":""SkyWalker""},{""trait_type"":""Hats"",""value"":""Headband Yellow Blue""}]"
771,5742348,0x1f2b3f5af6f8d54b79821cbde3b4606d6cad27e0d8f873fd4c6276711fa36041,"[{""trait_type"":""Backgrounds"",""value"":""Orange Creamsicle""},{""trait_type"":""Body"",""value"":""Herbivore""},{""trait_type"":""Lips"",""value"":""Smoke Os Rising""},{""trait_type"":""Eyes"",""value"":""Blazed Green""},{""trait_type"":""Buds"",""value"":""Special K Kush""},{""trait_type"":""Hats"",""value"":""Loco Lid Green""}]"
770,5742322,0xf5c5f39b13e624dd2129929ed4ad1f592b16e13378887e7563ef3adfa1bbd6a5,"[{""trait_type"":""Backgrounds"",""value"":""Gushers""},{""trait_type"":""Body"",""value"":""High Flyer""},{""trait_type"":""Lips"",""value"":""Smoke One""},{""trait_type"":""Eyes"",""value"":""Respecter Me""},{""trait_type"":""Buds"",""value"":""MrsK47""},{""trait_type"":""Hats"",""value"":""LogicCap Green""}]"
769,5742309,0x7eb229700131a6c79d04963128ff96dc37e1d7021ff5cb1293f9e294825ed3a3,"[{""trait_type"":""Backgrounds"",""value"":""Slurricane""},{""trait_type"":""Body"",""value"":""Herbalist""},{""trait_type"":""Lips"",""value"":""Smoke One""},{""trait_type"":""Eyes"",""value"":""Baked Blinkers Purple""},{""trait_type"":""Buds"",""value"":""Smokin Dice""},{""trait_type"":""Hats"",""value"":""Hot Lava Lid""}]"
768,5740147,0x5d5c3617b0c191aa9875f4314f08a0e36045b31296e61da8f7e618f4edbfca7d,"[{""trait_type"":""Backgrounds"",""value"":""Wedding Cake""},{""trait_type"":""Body"",""value"":""Laughing Hyena""},{""trait_type"":""Lips"",""value"":""Cheeching""},{""trait_type"":""Eyes"",""value"":""PickleBall Purps""},{""trait_type"":""Buds"",""value"":""SkyWalker""},{""trait_type"":""Hats"",""value"":""Skully Yellow""}]"
767,5737948,0x71ede203ea30641d118f7d6a194d4587388fb17a6f2ff62faad6f68ae6bddfbe,"[{""trait_type"":""Backgrounds"",""value"":""ChemDog""},{""trait_type"":""Body"",""value"":""Herbivore""},{""trait_type"":""Lips"",""value"":""Cheeba Rising""},{""trait_type"":""Eyes"",""value"":""DogeMau_d""},{""trait_type"":""Buds"",""value"":""Duck Wit It""},{""trait_type"":""Hats"",""value"":""Loco Lid Red""}]"
766,5737947,0x74c14f28fcdce949627396c3f84d8be0c32acb69adf634995a720171f8ddb1fe,"[{""trait_type"":""Backgrounds"",""value"":""Zkittlez""},{""trait_type"":""Body"",""value"":""Chiefer""},{""trait_type"":""Lips"",""value"":""Sideways""},{""trait_type"":""Eyes"",""value"":""Caught""},{""trait_type"":""Buds"",""value"":""Orange Crush""},{""trait_type"":""Hats"",""value"":""Herbal Hat""}]"
765,5732889,0x9b6ab0347eacd1d0a32f432ed6af80e9c3a4bf51447b25385b97d233ea7cf1f6,"[{""trait_type"":""Backgrounds"",""value"":""MAC""},{""trait_type"":""Body"",""value"":""Sativa""},{""trait_type"":""Lips"",""value"":""Burning One Down""},{""trait_type"":""Eyes"",""value"":""Mighty Maxxed Out""},{""trait_type"":""Buds"",""value"":""Purple Kush""},{""trait_type"":""Hats"",""value"":""Herbal Hat""}]"
764,5731012,0xc43c1674cefeaef248706c17da211f9a857b1a8718bcdfcd79e28b1e69a1dff4,"[{""trait_type"":""Backgrounds"",""value"":""Gorilla Glue""},{""trait_type"":""Body"",""value"":""Chiefer""},{""trait_type"":""Lips"",""value"":""Dona Juanita""},{""trait_type"":""Eyes"",""value"":""Ziggy Red""},{""trait_type"":""Buds"",""value"":""Orange Crush""},{""trait_type"":""Hats"",""value"":""Skully Pink""}]"
763,5723745,0xb999c96303109f77decfd381bdecbc5b38948f5b1b1c7fcd9e7abaec84bc3860,"[{""trait_type"":""Backgrounds"",""value"":""White Rhino""},{""trait_type"":""Body"",""value"":""Indica""},{""trait_type"":""Lips"",""value"":""What Happened""},{""trait_type"":""Eyes"",""value"":""Cannabis Kaleidoscope Suspect""},{""trait_type"":""Buds"",""value"":""Special K Kush""},{""trait_type"":""Hats"",""value"":""LogicCap Gold""}]"
762,5723744,0x979e4d32e962557a39d538619f9faa88a6bd3dc796aaa84a6db2abe6a05b2fd2,"[{""trait_type"":""Backgrounds"",""value"":""Alien OG""},{""trait_type"":""Body"",""value"":""Laughing Hyena""},{""trait_type"":""Lips"",""value"":""Burning One Down""},{""trait_type"":""Eyes"",""value"":""DogeMau_d""},{""trait_type"":""Buds"",""value"":""SkyWalker""},{""trait_type"":""Hats"",""value"":""Headband Yellow Blue""}]"
761,5719571,0x1ae2575d9c19c06673217c9492dd00030354a74c90240a37ed25b010484be5a6,"[{""trait_type"":""Backgrounds"",""value"":""Strawberry Cough""},{""trait_type"":""Body"",""value"":""Laughing Hyena""},{""trait_type"":""Lips"",""value"":""Muggle Smirk""},{""trait_type"":""Eyes"",""value"":""Blazed Green""},{""trait_type"":""Buds"",""value"":""Golden Ticket""},{""trait_type"":""Hats"",""value"":""Herbal Hat""}]"
760,5719570,0xa8b2be795b589e68be08743b1af1fea42b89cabb8a49122a9fca362262d7d6af,"[{""trait_type"":""Backgrounds"",""value"":""Orange Creamsicle""},{""trait_type"":""Body"",""value"":""Goodfellow""},{""trait_type"":""Lips"",""value"":""Smoke One""},{""trait_type"":""Eyes"",""value"":""Baked Blinkers Stoned Red""},{""trait_type"":""Buds"",""value"":""Golden Ticket""},{""trait_type"":""Hats"",""value"":""Shiller""}]"
759,5719569,0xa97a74b0b80183f79bbce5cfad28cce850b012f7d85edeb75542b4ae8f714e02,"[{""trait_type"":""Backgrounds"",""value"":""Hindu Kush""},{""trait_type"":""Body"",""value"":""Herbalist""},{""trait_type"":""Lips"",""value"":""Ganja Smoke Purple Haze""},{""trait_type"":""Eyes"",""value"":""Baked Blinkers Grey""},{""trait_type"":""Buds"",""value"":""Blue Dream""},{""trait_type"":""Hats"",""value"":""Headband Yellow Blue""}]"
758,5719568,0x6938b45184870c6a93623d6b916c44c19a4a0827db9bcd84c6de020054fad4d5,"[{""trait_type"":""Backgrounds"",""value"":""Green Crack""},{""trait_type"":""Body"",""value"":""Herbalist""},{""trait_type"":""Lips"",""value"":""Cheeching""},{""trait_type"":""Eyes"",""value"":""Baked Blinkers Stoned Red""},{""trait_type"":""Buds"",""value"":""Special K Kush""},{""trait_type"":""Hats"",""value"":""LogicCap Gold""}]"
757,5717790,0x5389ef7d251a30f3ac545a223ef871574a27271e102b6a12f79249f6643195de,"[{""trait_type"":""Backgrounds"",""value"":""MAC""},{""trait_type"":""Body"",""value"":""Goodfellow""},{""trait_type"":""Lips"",""value"":""Ganja Smoke Purple Haze""},{""trait_type"":""Eyes"",""value"":""Baked Blinkers Stoned Red""},{""trait_type"":""Buds"",""value"":""Grape Ape""},{""trait_type"":""Hats"",""value"":""Herbal Hat""}]"
756,5717789,0xf7d9887d56ecfec4d8c3f1e0e7f314b37c23099792a9e490bf9091d27590c9a6,"[{""trait_type"":""Backgrounds"",""value"":""Mimosa""},{""trait_type"":""Body"",""value"":""Iron Lungs""},{""trait_type"":""Lips"",""value"":""Smoke One""},{""trait_type"":""Eyes"",""value"":""Baked Blinkers Suspect""},{""trait_type"":""Buds"",""value"":""Purple Kush""},{""trait_type"":""Hats"",""value"":""Hot Lava Lid""}]"
755,5717788,0xada6cdf9a485078f68f667fe45df30017127f369d3ba81c6e1a60efac14f3a09,"[{""trait_type"":""Backgrounds"",""value"":""Mimosa""},{""trait_type"":""Body"",""value"":""Sativa""},{""trait_type"":""Lips"",""value"":""Smoking Os""},{""trait_type"":""Eyes"",""value"":""Sheeeesh""},{""trait_type"":""Buds"",""value"":""Golden Ticket""},{""trait_type"":""Hats"",""value"":""Skully Green""}]"
754,5717787,0x406be4f1086ae7cd2fb791f0ebb4bb64250d5b1350a5779d4938082664ecfb04,"[{""trait_type"":""Backgrounds"",""value"":""Purple Urkle""},{""trait_type"":""Body"",""value"":""Herbalist""},{""trait_type"":""Lips"",""value"":""Woo Woo""},{""trait_type"":""Eyes"",""value"":""PickleBall Purps""},{""trait_type"":""Buds"",""value"":""Northern Lights""},{""trait_type"":""Hats"",""value"":""Laughing Lid Green""}]"
753,5716866,0x3abfc7a1a7976ada870ef9cd5aa1eda486992e685c9db06a1bbec83f98e52713,"[{""trait_type"":""Backgrounds"",""value"":""Wedding Cake""},{""trait_type"":""Body"",""value"":""Sativa""},{""trait_type"":""Lips"",""value"":""Smoking Os""},{""trait_type"":""Eyes"",""value"":""Tech G Goggles""},{""trait_type"":""Buds"",""value"":""Grape Ape""},{""trait_type"":""Hats"",""value"":""Loco Lid Red""}]"
752,5716865,0xa94ba9cabe7835eeee17a4aca67adf3204947cc6a6312b55b8ba965281e7d215,"[{""trait_type"":""Backgrounds"",""value"":""Forbidden Fruit""},{""trait_type"":""Body"",""value"":""Space Cowboy""},{""trait_type"":""Lips"",""value"":""Smoking Os""},{""trait_type"":""Eyes"",""value"":""Zig Zag Laser Red""},{""trait_type"":""Buds"",""value"":""Grape Ape""},{""trait_type"":""Hats"",""value"":""Muzik Vibes""}]"
751,5716864,0x1c35b284a108029a6050cbd4b4abe821b1e73179b0b95d249d6238dc2a11ed11,"[{""trait_type"":""Backgrounds"",""value"":""Wedding Cake""},{""trait_type"":""Body"",""value"":""High Flyer""},{""trait_type"":""Lips"",""value"":""Cheeba Rising""},{""trait_type"":""Eyes"",""value"":""Zig Zag Laser Red""},{""trait_type"":""Buds"",""value"":""Golden Ticket""},{""trait_type"":""Hats"",""value"":""Shiller""}]"
750,5716863,0xe2093c57aa91f01223cf15c30163bbf4d3bf018ee32849d96bed66e48676bbf9,"[{""trait_type"":""Backgrounds"",""value"":""ChemDog""},{""trait_type"":""Body"",""value"":""Cannabisseur""},{""trait_type"":""Lips"",""value"":""Smoke One""},{""trait_type"":""Eyes"",""value"":""Blazed Green""},{""trait_type"":""Buds"",""value"":""Duck Wit It""},{""trait_type"":""Hats"",""value"":""Skully Pink""}]"
749,5716816,0x156df833b12a2a1d5860b83a117be1a9d433f9b25b67522d85f2aa450185e442,"[{""trait_type"":""Backgrounds"",""value"":""MAC""},{""trait_type"":""Body"",""value"":""Laughing Hyena""},{""trait_type"":""Lips"",""value"":""Ganja Smoke Blue Dream""},{""trait_type"":""Eyes"",""value"":""Caught""},{""trait_type"":""Buds"",""value"":""Blue Dream""},{""trait_type"":""Hats"",""value"":""LogicCap Green""}]"
748,5716815,0xdb8bddc2074c5780cddec3a83de5e7c3803cf8de4dafb8bac4e5cea0628c5560,"[{""trait_type"":""Backgrounds"",""value"":""Strawberry Cough""},{""trait_type"":""Body"",""value"":""Iron Lungs""},{""trait_type"":""Lips"",""value"":""Cheeba Rising""},{""trait_type"":""Eyes"",""value"":""Baked Blinkers Green""},{""trait_type"":""Buds"",""value"":""Golden Ticket""},{""trait_type"":""Hats"",""value"":""Hot Lava Lid""}]"
747,5716814,0x18ee386a2dfed621773b02c562305014822368ed5a929584f1b6d7f03662b96e,"[{""trait_type"":""Backgrounds"",""value"":""Wedding Cake""},{""trait_type"":""Body"",""value"":""Cannabisseur""},{""trait_type"":""Lips"",""value"":""Ganja Smoke Indica""},{""trait_type"":""Eyes"",""value"":""Blazed Blue""},{""trait_type"":""Buds"",""value"":""Smokin Dice""},{""trait_type"":""Hats"",""value"":""Laughing Lid Blue""}]"
746,5716639,0xed0d148f65b661bf1ca9576f2f1b5f2c7021b03e968b3bebeab1ef39b98bbe08,"[{""trait_type"":""Backgrounds"",""value"":""ChemDog""},{""trait_type"":""Body"",""value"":""Space Cowboy""},{""trait_type"":""Lips"",""value"":""Ganja Smoke Sativa""},{""trait_type"":""Eyes"",""value"":""DogeMau_d""},{""trait_type"":""Buds"",""value"":""Purple Kush""},{""trait_type"":""Hats"",""value"":""Headband Pink Green""}]"
745,5716609,0x038576dd9dfb2b40f514094a394631416652422c4fe26acc533031d6e215391b,"[{""trait_type"":""Backgrounds"",""value"":""MAC""},{""trait_type"":""Body"",""value"":""Herbalist""},{""trait_type"":""Lips"",""value"":""Sissy Lips""},{""trait_type"":""Eyes"",""value"":""PickleBall Purps""},{""trait_type"":""Buds"",""value"":""Purple Kush""},{""trait_type"":""Hats"",""value"":""Im High""}]"
744,5716608,0x81565655c91910438c7623507e8238fe94373b531fe8ef23868541c439112497,"[{""trait_type"":""Backgrounds"",""value"":""Purple Urkle""},{""trait_type"":""Body"",""value"":""Herbalist""},{""trait_type"":""Lips"",""value"":""Stoner""},{""trait_type"":""Eyes"",""value"":""Baked Blinkers Purple""},{""trait_type"":""Buds"",""value"":""Northern Lights""},{""trait_type"":""Hats"",""value"":""LogicCap Gold""}]"
743,5716607,0x9ef0bca4f317d21ce69afb3bb18bbc6bc7c8c6f4f572436a0ca915f187fcdc91,"[{""trait_type"":""Backgrounds"",""value"":""TrainWreck""},{""trait_type"":""Body"",""value"":""Laughing Hyena""},{""trait_type"":""Lips"",""value"":""Ganja Smoke Blue Dream""},{""trait_type"":""Eyes"",""value"":""Baked Blinkers Grey""},{""trait_type"":""Buds"",""value"":""Blue Dream""},{""trait_type"":""Hats"",""value"":""Herbal Hat""}]"
742,5716606,0x23e04933376a5631b31a49aed51a1e9ad349956e7d0b61ee21f98eec36c6cae7,"[{""trait_type"":""Backgrounds"",""value"":""Hindu Kush""},{""trait_type"":""Body"",""value"":""Herbivore""},{""trait_type"":""Lips"",""value"":""Stoner""},{""trait_type"":""Eyes"",""value"":""Sheeeesh""},{""trait_type"":""Buds"",""value"":""MrsK47""},{""trait_type"":""Hats"",""value"":""Hot Lava Lid""}]"
741,5715775,0xf6c8079bb23def1a5ba58312085873d7b9d6964e41c76841fce892b5d494be35,"[{""trait_type"":""Backgrounds"",""value"":""Animal Cookies""},{""trait_type"":""Body"",""value"":""Space Cowboy""},{""trait_type"":""Lips"",""value"":""Bogart""},{""trait_type"":""Eyes"",""value"":""Baked Blinkers Green""},{""trait_type"":""Buds"",""value"":""Special K Kush""},{""trait_type"":""Hats"",""value"":""LogicCap Purple""}]"
740,5715550,0xc69fc904f51d9bffb4aadf31db4e324e801b92eef7efba2e783381fbda8efea6,"[{""trait_type"":""Backgrounds"",""value"":""Zkittlez""},{""trait_type"":""Body"",""value"":""Ganjapreneur""},{""trait_type"":""Lips"",""value"":""Ganja Smoke Blue Dream""},{""trait_type"":""Eyes"",""value"":""Caught""},{""trait_type"":""Buds"",""value"":""Northern Lights""},{""trait_type"":""Hats"",""value"":""Skully Yellow""}]"
739,5715131,0x694edfa3102818c932bda5c5ed49f4a249f2032920b1dbc4c77063cdc871d37e,"[{""trait_type"":""Backgrounds"",""value"":""Gorilla Glue""},{""trait_type"":""Body"",""value"":""Laughing Hyena""},{""trait_type"":""Lips"",""value"":""Burning One Down""},{""trait_type"":""Eyes"",""value"":""Infused Optics Purple""},{""trait_type"":""Buds"",""value"":""Orange Crush""},{""trait_type"":""Hats"",""value"":""Laughing Lid Green""}]"
738,5714992,0xcb1960bf9d46ff52c5a0156383758c17ffd7e58b27fd97ee61531db9c3e00556,"[{""trait_type"":""Backgrounds"",""value"":""White Rhino""},{""trait_type"":""Body"",""value"":""Herbalist""},{""trait_type"":""Lips"",""value"":""Cheeba Rising""},{""trait_type"":""Eyes"",""value"":""Baked Blinkers Suspect""},{""trait_type"":""Buds"",""value"":""Northern Lights""},{""trait_type"":""Hats"",""value"":""Herbal Hat""}]"
737,5714991,0x8e36057ab12804a85c84b853831ec6b623e079705851c4b09fa6f6ba485f4d0a,"[{""trait_type"":""Backgrounds"",""value"":""Strawberry Cough""},{""trait_type"":""Body"",""value"":""Goodfellow""},{""trait_type"":""Lips"",""value"":""Dona Juanita""},{""trait_type"":""Eyes"",""value"":""Mighty Maxxed Out""},{""trait_type"":""Buds"",""value"":""Golden Ticket""},{""trait_type"":""Hats"",""value"":""Skully Green""}]"
736,5713954,0xa306e7da4e4377cf9fba50c98a6ba8804367e527aeaa23f2012aec5c888b86cf,"[{""trait_type"":""Backgrounds"",""value"":""Gushers""},{""trait_type"":""Body"",""value"":""Herbivore""},{""trait_type"":""Lips"",""value"":""Woo Woo""},{""trait_type"":""Eyes"",""value"":""Shaggy AF""},{""trait_type"":""Buds"",""value"":""Grape Ape""},{""trait_type"":""Hats"",""value"":""Loco Lid Red""}]"
735,5713953,0x842ff62d1f9fc67dea09cb6e4350263308aa7ee6a39b21eb93d03a00c3407bc3,"[{""trait_type"":""Backgrounds"",""value"":""Green Crack""},{""trait_type"":""Body"",""value"":""Sativa""},{""trait_type"":""Lips"",""value"":""Smoke Os Rising""},{""trait_type"":""Eyes"",""value"":""Respecter Me""},{""trait_type"":""Buds"",""value"":""MrsK47""},{""trait_type"":""Hats"",""value"":""Skully Yellow""}]"
734,5713873,0x8fa0a6138f2d1047f6e8bb4b16d74ef007c70bc0dae49d44651d318edd33fcb5,"[{""trait_type"":""Backgrounds"",""value"":""Gorilla Glue""},{""trait_type"":""Body"",""value"":""Space Cowboy""},{""trait_type"":""Lips"",""value"":""Cheeba Smoke""},{""trait_type"":""Eyes"",""value"":""Sheeeesh""},{""trait_type"":""Buds"",""value"":""Purple Kush""},{""trait_type"":""Hats"",""value"":""Hot Lava Lid""}]"
733,5706573,0x3d7165c45e5778348ad593af15f9388e394480415f071a1e6b0481dd1ffeaa15,"[{""trait_type"":""Backgrounds"",""value"":""Green Crack""},{""trait_type"":""Body"",""value"":""Sativa""},{""trait_type"":""Lips"",""value"":""Cheeching""},{""trait_type"":""Eyes"",""value"":""Blazed Green""},{""trait_type"":""Buds"",""value"":""SkyWalker""},{""trait_type"":""Hats"",""value"":""LogicCap Green""}]"
732,5695385,0x53e7f33f25e9e3faf3213313325c0a6839deaef01c710b2191725f1779f5f8db,"[{""trait_type"":""Backgrounds"",""value"":""TrainWreck""},{""trait_type"":""Body"",""value"":""High Flyer""},{""trait_type"":""Lips"",""value"":""Ganja Smoke Purple Haze""},{""trait_type"":""Eyes"",""value"":""Cannabis Kaleidoscope Green""},{""trait_type"":""Buds"",""value"":""Special K Kush""},{""trait_type"":""Hats"",""value"":""Loco Lid Green""}]"
731,5695309,0x039af0bb7b111ae08115faa5e8068aad85f246334d92315a5d7bd8e02986a618,"[{""trait_type"":""Backgrounds"",""value"":""Gorilla Glue""},{""trait_type"":""Body"",""value"":""Iron Lungs""},{""trait_type"":""Lips"",""value"":""What Happened""},{""trait_type"":""Eyes"",""value"":""DogeMau_d""},{""trait_type"":""Buds"",""value"":""SkyWalker""},{""trait_type"":""Hats"",""value"":""LogicCap Purple""}]"
730,5593422,0x87ce99458012f7eb2c5f0a26422d2ba45b821710b26ba813066164b8981c6d62,"[{""trait_type"":""Backgrounds"",""value"":""Gushers""},{""trait_type"":""Body"",""value"":""Herbivore""},{""trait_type"":""Lips"",""value"":""Smoking Os""},{""trait_type"":""Eyes"",""value"":""Baked Blinkers Smokey""},{""trait_type"":""Buds"",""value"":""Purple Kush""},{""trait_type"":""Hats"",""value"":""Headband Pink Green""}]"
729,5593421,0xcc93372f1fa008e7cf9c8b6376a8345d4cd1f161f4f5c6bad79725e123f3939a,"[{""trait_type"":""Backgrounds"",""value"":""ChemDog""},{""trait_type"":""Body"",""value"":""Goodfellow""},{""trait_type"":""Lips"",""value"":""What Happened""},{""trait_type"":""Eyes"",""value"":""PickleBall Purps""},{""trait_type"":""Buds"",""value"":""Smokin Dice""},{""trait_type"":""Hats"",""value"":""Laughing Lid Green""}]"
728,5593420,0x0b7478efa9d446984fdb040cdd173c4e6e4e57117f08e34da77d87dc517aa6de,"[{""trait_type"":""Backgrounds"",""value"":""Gushers""},{""trait_type"":""Body"",""value"":""Space Cowboy""},{""trait_type"":""Lips"",""value"":""Cheeba Smoke""},{""trait_type"":""Eyes"",""value"":""Caught""},{""trait_type"":""Buds"",""value"":""Orange Crush""},{""trait_type"":""Hats"",""value"":""Herbal Hat""}]"
727,5593419,0x044bdd888eac4fca4fda9d4d156bcd56cf81a1574e96c31e91493a23e530ddeb,"[{""trait_type"":""Backgrounds"",""value"":""TrainWreck""},{""trait_type"":""Body"",""value"":""Herbivore""},{""trait_type"":""Lips"",""value"":""Ganja Smoke Sativa""},{""trait_type"":""Eyes"",""value"":""Blazed Green""},{""trait_type"":""Buds"",""value"":""Smokin Dice""},{""trait_type"":""Hats"",""value"":""Im High""}]"
726,5583282,0xcbedc44ab90ebe023b75fe9cb05df9a4c878933b7f498e150d99283c50683faa,"[{""trait_type"":""Backgrounds"",""value"":""Forbidden Fruit""},{""trait_type"":""Body"",""value"":""Cannabisseur""},{""trait_type"":""Lips"",""value"":""Ganja Smoke Indica""},{""trait_type"":""Eyes"",""value"":""OnGod Goggles Red""},{""trait_type"":""Buds"",""value"":""Northern Lights""},{""trait_type"":""Hats"",""value"":""Skully Yellow""}]"
725,5583281,0x96b915b31e3aa85d98d3b6fbdaf121aa441d3e75e29950f09261ed3818458f65,"[{""trait_type"":""Backgrounds"",""value"":""GMO Cookies""},{""trait_type"":""Body"",""value"":""Indica""},{""trait_type"":""Lips"",""value"":""Cheeching""},{""trait_type"":""Eyes"",""value"":""Tree Wrecked""},{""trait_type"":""Buds"",""value"":""Golden Ticket""},{""trait_type"":""Hats"",""value"":""Headband Yellow Blue""}]"
724,5579792,0xfeab1f032ac86ec62f46931547d5fc726d447ed7cba91f418cafaccd328d5ead,"[{""trait_type"":""Backgrounds"",""value"":""Gorilla Glue""},{""trait_type"":""Body"",""value"":""Indica""},{""trait_type"":""Lips"",""value"":""Woo Woo""},{""trait_type"":""Eyes"",""value"":""Blazed Blue""},{""trait_type"":""Buds"",""value"":""Northern Lights""},{""trait_type"":""Hats"",""value"":""LogicCap Green""}]"
723,5579791,0x467acaddeb7d6ab93a57100e834bd20801d36c4c5149c1bf3fe5d983bc223702,"[{""trait_type"":""Backgrounds"",""value"":""GMO Cookies""},{""trait_type"":""Body"",""value"":""Indica""},{""trait_type"":""Lips"",""value"":""Smoking Os""},{""trait_type"":""Eyes"",""value"":""Baked Blinkers Purple""},{""trait_type"":""Buds"",""value"":""Northern Lights""},{""trait_type"":""Hats"",""value"":""Herbal Hat""}]"
722,5579474,0x585eeddfd7434ea67cf2433b6edbe44f9dde052c51aba24b511c8276f9d72185,"[{""trait_type"":""Backgrounds"",""value"":""Green Crack""},{""trait_type"":""Body"",""value"":""Cannabisseur""},{""trait_type"":""Lips"",""value"":""Smoke Os Rising""},{""trait_type"":""Eyes"",""value"":""Cannabis Kaleidoscope Green""},{""trait_type"":""Buds"",""value"":""Grape Ape""},{""trait_type"":""Hats"",""value"":""Skully Yellow""}]"
721,5564469,0xfef17475a60034cca54745ea9c95850611293d3fd09cd0132685cf93d05844a6,"[{""trait_type"":""Backgrounds"",""value"":""Wedding Cake""},{""trait_type"":""Body"",""value"":""Indica""},{""trait_type"":""Lips"",""value"":""Cheeba Smoke""},{""trait_type"":""Eyes"",""value"":""Red AF""},{""trait_type"":""Buds"",""value"":""Purple Kush""},{""trait_type"":""Hats"",""value"":""Loco Lid Red""}]"
720,5564468,0xa79a13c8c4e5cab7850cd473cebca644b41c77f3229a3efc1eb7295a676e0f93,"[{""trait_type"":""Backgrounds"",""value"":""9 Pound Hammer""},{""trait_type"":""Body"",""value"":""Blastasaurus Rex""},{""trait_type"":""Lips"",""value"":""Cheeba Rising""},{""trait_type"":""Eyes"",""value"":""Blazed Blue""},{""trait_type"":""Buds"",""value"":""Golden Ticket""},{""trait_type"":""Hats"",""value"":""Laughing Lid Blue""}]"
719,5564467,0x7aa85e326c722e13eab64caa6a6fd4c01729acfc4b19b3b518075a884c95ea30,"[{""trait_type"":""Backgrounds"",""value"":""TrainWreck""},{""trait_type"":""Body"",""value"":""Cannabisseur""},{""trait_type"":""Lips"",""value"":""Woo Woo""},{""trait_type"":""Eyes"",""value"":""Shaggy AF""},{""trait_type"":""Buds"",""value"":""Smokin Dice""},{""trait_type"":""Hats"",""value"":""LogicCap Purple""}]"
718,5564466,0xf000a4f6c6d68a817df3ab880f75660d588e603619ee3e58695d2f4a5acc0927,"[{""trait_type"":""Backgrounds"",""value"":""Bubba Kush""},{""trait_type"":""Body"",""value"":""High Flyer""},{""trait_type"":""Lips"",""value"":""Muggle Smirk""},{""trait_type"":""Eyes"",""value"":""Baked Blinkers Smokey""},{""trait_type"":""Buds"",""value"":""Special K Kush""},{""trait_type"":""Hats"",""value"":""Loco Lid Green""}]"
717,5564465,0x84a2c91cd8ed4331ee1430efadbd2d2a6bc82df5f0ce6e2a1cb18bdb4e49e688,"[{""trait_type"":""Backgrounds"",""value"":""ChemDog""},{""trait_type"":""Body"",""value"":""Laughing Hyena""},{""trait_type"":""Lips"",""value"":""Sideways""},{""trait_type"":""Eyes"",""value"":""Baked Blinkers Grey""},{""trait_type"":""Buds"",""value"":""Northern Lights""},{""trait_type"":""Hats"",""value"":""His Grace Crown""}]"
716,5564464,0xafce75b5a0e0e7c7fdecdaa983f46a78779214b4c86178b68bbf3d3f4817a768,"[{""trait_type"":""Backgrounds"",""value"":""Bubba Kush""},{""trait_type"":""Body"",""value"":""Cannabisseur""},{""trait_type"":""Lips"",""value"":""Sissy Lips""},{""trait_type"":""Eyes"",""value"":""Baked Blinkers Stoned Red""},{""trait_type"":""Buds"",""value"":""Grape Ape""},{""trait_type"":""Hats"",""value"":""Loco Lid Red""}]"
715,5564463,0x8125e95cfce71f2ea9e0e7e92f2acfaa8613c57e987ae008feb388432ff211eb,"[{""trait_type"":""Backgrounds"",""value"":""Strawberry Cough""},{""trait_type"":""Body"",""value"":""Laughing Hyena""},{""trait_type"":""Lips"",""value"":""Smoke One""},{""trait_type"":""Eyes"",""value"":""Tree Wrecked""},{""trait_type"":""Buds"",""value"":""Grape Ape""},{""trait_type"":""Hats"",""value"":""Loco Lid Red""}]"
714,5564462,0x4d73ebd5f53252a5901b153ff996938b55ba31ba20cdff5fb549b1ffcccb3aba,"[{""trait_type"":""Backgrounds"",""value"":""Gorilla Glue""},{""trait_type"":""Body"",""value"":""High Flyer""},{""trait_type"":""Lips"",""value"":""Woo Woo""},{""trait_type"":""Eyes"",""value"":""DogeMau_d""},{""trait_type"":""Buds"",""value"":""Grape Ape""},{""trait_type"":""Hats"",""value"":""Headband Yellow Blue""}]"
713,5564461,0xed477b97a637963ffa2157309daaefd9b76d9e2e9973139c6487bf54ae512633,"[{""trait_type"":""Backgrounds"",""value"":""Gorilla Glue""},{""trait_type"":""Body"",""value"":""Blastasaurus Rex""},{""trait_type"":""Lips"",""value"":""Stoner""},{""trait_type"":""Eyes"",""value"":""Blazed Blue""},{""trait_type"":""Buds"",""value"":""Orange Crush""},{""trait_type"":""Hats"",""value"":""Love Lewey Vibes""}]"
712,5564460,0x293eab914be36a94f31dba7fadf7b77ed0d1ec05b495ff94f05a7953a9f797e6,"[{""trait_type"":""Backgrounds"",""value"":""Slurricane""},{""trait_type"":""Body"",""value"":""Blastasaurus Rex""},{""trait_type"":""Lips"",""value"":""Dona Juanita""},{""trait_type"":""Eyes"",""value"":""Baked Blinkers Stoned Red""},{""trait_type"":""Buds"",""value"":""Purple Kush""},{""trait_type"":""Hats"",""value"":""Skully Yellow""}]"
711,5561449,0xe8b28e8786473ad1814beb1b998b44ed1b25663e74174696a2664dac51c91507,"[{""trait_type"":""Backgrounds"",""value"":""Green Crack""},{""trait_type"":""Body"",""value"":""Indica""},{""trait_type"":""Lips"",""value"":""Rainy Day""},{""trait_type"":""Eyes"",""value"":""Cannabis Kaleidoscope Orange""},{""trait_type"":""Buds"",""value"":""Smokin Dice""},{""trait_type"":""Hats"",""value"":""Skully Pink""}]"
710,5561448,0x6d8560ff78469e44ba009d9b3b40def04b76e7f7c037717562dd252e50eb7d94,"[{""trait_type"":""Backgrounds"",""value"":""ChemDog""},{""trait_type"":""Body"",""value"":""Sativa""},{""trait_type"":""Lips"",""value"":""Cheeba Rising""},{""trait_type"":""Eyes"",""value"":""Blazed Blue""},{""trait_type"":""Buds"",""value"":""Blue Dream""},{""trait_type"":""Hats"",""value"":""LogicCap Green""}]"
709,5551113,0x82657fc32bf068e1036cc8868a753d614695421623455e8284ca4d3032d9f93a,"[{""trait_type"":""Backgrounds"",""value"":""Purple Urkle""},{""trait_type"":""Body"",""value"":""Herbalist""},{""trait_type"":""Lips"",""value"":""Rainy Day""},{""trait_type"":""Eyes"",""value"":""Ziggy Red""},{""trait_type"":""Buds"",""value"":""Orange Crush""},{""trait_type"":""Hats"",""value"":""LogicCap Green""}]"
708,5551112,0x8478442296cac26906e00119e6224e2143ffcfd4765743534e8b6760fc369d4b,"[{""trait_type"":""Backgrounds"",""value"":""Do Si Dos""},{""trait_type"":""Body"",""value"":""Goodfellow""},{""trait_type"":""Lips"",""value"":""Smoke Os Rising""},{""trait_type"":""Eyes"",""value"":""Baked Blinkers Smokey""},{""trait_type"":""Buds"",""value"":""Golden Ticket""},{""trait_type"":""Hats"",""value"":""Skully Yellow""}]"
707,5540878,0xbce9eecfef96ec8401ad707bc0769f0e7e6cac1f973e0da3a6ee8cfa9a5e7cc1,"[{""trait_type"":""Backgrounds"",""value"":""Zkittlez""},{""trait_type"":""Body"",""value"":""Chiefer""},{""trait_type"":""Lips"",""value"":""Ganja Smoke Blue Dream""},{""trait_type"":""Eyes"",""value"":""DogeMau_d""},{""trait_type"":""Buds"",""value"":""Special K Kush""},{""trait_type"":""Hats"",""value"":""Muzik Vibes""}]"
706,5549860,0x848230583a7e56f0e9894c585f886e848301f5cb5f323811f561fbaa8e198dcf,"[{""trait_type"":""Backgrounds"",""value"":""Zkittlez""},{""trait_type"":""Body"",""value"":""Chiefer""},{""trait_type"":""Lips"",""value"":""Ganja Smoke Blue Dream""},{""trait_type"":""Eyes"",""value"":""DogeMau_d""},{""trait_type"":""Buds"",""value"":""Special K Kush""},{""trait_type"":""Hats"",""value"":""Muzik Vibes""}]"
705,5540877,0xff3b66f2b5308c4b18e0d94e5a7fda3dd68fd7f01f3a27f6cf5a5aae11888358,"[{""trait_type"":""Backgrounds"",""value"":""Hindu Kush""},{""trait_type"":""Body"",""value"":""Weedpreneur""},{""trait_type"":""Lips"",""value"":""Stoner""},{""trait_type"":""Eyes"",""value"":""Baked Blinkers Smokey""},{""trait_type"":""Buds"",""value"":""Golden Ticket""},{""trait_type"":""Hats"",""value"":""LogicCap Gold""}]"
704,5541441,0x0f41167ee7a54b578b7c0de2dd6adef18c1baff7204ce1db6a0376f84410101c,"[{""trait_type"":""Backgrounds"",""value"":""Hindu Kush""},{""trait_type"":""Body"",""value"":""Weedpreneur""},{""trait_type"":""Lips"",""value"":""Stoner""},{""trait_type"":""Eyes"",""value"":""Baked Blinkers Smokey""},{""trait_type"":""Buds"",""value"":""Golden Ticket""},{""trait_type"":""Hats"",""value"":""LogicCap Gold""}]"
703,5540880,0xc49891ac1a71231a36a9427d772c50a1fdbf1bd1b80e8a91af390fda560d54c5,"[{""trait_type"":""Backgrounds"",""value"":""Bubba Kush""},{""trait_type"":""Body"",""value"":""High Flyer""},{""trait_type"":""Lips"",""value"":""Smoking Os""},{""trait_type"":""Eyes"",""value"":""Baked Blinkers Lazy""},{""trait_type"":""Buds"",""value"":""MrsK47""},{""trait_type"":""Hats"",""value"":""Herbal Hat""}]"
702,5540876,0x7cc54522a15c2a7a06e7e98c92360cc2bb38b83735c543327e6cb1acf5c9ce63,"[{""trait_type"":""Backgrounds"",""value"":""Bubba Kush""},{""trait_type"":""Body"",""value"":""High Flyer""},{""trait_type"":""Lips"",""value"":""Smoking Os""},{""trait_type"":""Eyes"",""value"":""Baked Blinkers Lazy""},{""trait_type"":""Buds"",""value"":""MrsK47""},{""trait_type"":""Hats"",""value"":""Herbal Hat""}]"
701,5540875,0xeb6b01135bdb5a3540b3b8e326f732c49a98bb269143a9217a9859887afe5180,"[{""trait_type"":""Backgrounds"",""value"":""Do Si Dos""},{""trait_type"":""Body"",""value"":""Iron Lungs""},{""trait_type"":""Lips"",""value"":""Sissy Lips""},{""trait_type"":""Eyes"",""value"":""Baked Blinkers Purple""},{""trait_type"":""Buds"",""value"":""Grape Ape""},{""trait_type"":""Hats"",""value"":""Loco Lid Green""}]"
700,5540879,0x8b3a7fb24f44dd810726405f5a01352b773133c124ee3c751ce84b8e75143550,"[{""trait_type"":""Backgrounds"",""value"":""Do Si Dos""},{""trait_type"":""Body"",""value"":""Iron Lungs""},{""trait_type"":""Lips"",""value"":""Sissy Lips""},{""trait_type"":""Eyes"",""value"":""Baked Blinkers Purple""},{""trait_type"":""Buds"",""value"":""Grape Ape""},{""trait_type"":""Hats"",""value"":""Loco Lid Green""}]"
699,5538352,0xd0ba1feda667cc496ec334b7462f9c833deb17177fc5bf00f7c4e12bac290103,"[{""trait_type"":""Backgrounds"",""value"":""Slurricane""},{""trait_type"":""Body"",""value"":""Space Cowboy""},{""trait_type"":""Lips"",""value"":""Muggle Smirk""},{""trait_type"":""Eyes"",""value"":""Baked Blinkers Grey""},{""trait_type"":""Buds"",""value"":""Purple Kush""},{""trait_type"":""Hats"",""value"":""LogicCap Gold""}]"
698,5536915,0x64b95f9d2f3110be2cdefcee56e1e71343cfaea3f296624315bea58715ffbea7,"[{""trait_type"":""Backgrounds"",""value"":""Green Crack""},{""trait_type"":""Body"",""value"":""Sativa""},{""trait_type"":""Lips"",""value"":""Ganja Smoke Blue Dream""},{""trait_type"":""Eyes"",""value"":""Wylin Out""},{""trait_type"":""Buds"",""value"":""Golden Ticket""},{""trait_type"":""Hats"",""value"":""Loco Lid Green""}]"
697,5536914,0xdc9945340aed2c8d1cf16a435a67f63f54b8c506fd86cc837d36263579b02bfd,"[{""trait_type"":""Backgrounds"",""value"":""Mimosa""},{""trait_type"":""Body"",""value"":""Weedpreneur""},{""trait_type"":""Lips"",""value"":""Dona Juanita""},{""trait_type"":""Eyes"",""value"":""Wylin Out""},{""trait_type"":""Buds"",""value"":""Orange Crush""},{""trait_type"":""Hats"",""value"":""Skully Pink""}]"
696,5529971,0xfab612a365b215f7704c183583b8b599528b95da181d2a69a983c473e3a5c042,"[{""trait_type"":""Backgrounds"",""value"":""Forbidden Fruit""},{""trait_type"":""Body"",""value"":""High Flyer""},{""trait_type"":""Lips"",""value"":""Rainy Day""},{""trait_type"":""Eyes"",""value"":""Baked Blinkers Lazy""},{""trait_type"":""Buds"",""value"":""Northern Lights""},{""trait_type"":""Hats"",""value"":""Muzik Vibes""}]"
695,5523426,0x9f63c275d8068ccef016c7d0de1870adbc1affaaa39c1e450e6ed32faa8cea39,"[{""trait_type"":""Backgrounds"",""value"":""Slurricane""},{""trait_type"":""Body"",""value"":""Goodfellow""},{""trait_type"":""Lips"",""value"":""Cheeba Rising""},{""trait_type"":""Eyes"",""value"":""Baked Blinkers Smokey""},{""trait_type"":""Buds"",""value"":""Purple Kush""},{""trait_type"":""Hats"",""value"":""Laughing Lid Green""}]"
694,5523425,0x26b01b73ddbe85c48ed2dc9ee22e4f5d2b1032785cb1d327e504c9d22bac8482,"[{""trait_type"":""Backgrounds"",""value"":""GMO Cookies""},{""trait_type"":""Body"",""value"":""Blastasaurus Rex""},{""trait_type"":""Lips"",""value"":""Burning One Down""},{""trait_type"":""Eyes"",""value"":""Baked Blinkers Green""},{""trait_type"":""Buds"",""value"":""Golden Ticket""},{""trait_type"":""Hats"",""value"":""Laughing Lid Green""}]"
693,5523424,0xc1d17bd2be475ad2480dfc79c9d161c897d69f88f993658510c9f6da50d13934,"[{""trait_type"":""Backgrounds"",""value"":""Wedding Cake""},{""trait_type"":""Body"",""value"":""High Flyer""},{""trait_type"":""Lips"",""value"":""Burning One Down""},{""trait_type"":""Eyes"",""value"":""Cannabis Kaleidoscope Orange""},{""trait_type"":""Buds"",""value"":""Blue Dream""},{""trait_type"":""Hats"",""value"":""Skully Yellow""}]"
692,5523423,0xbd1a70a1cbdb7b4801915f31300a825d01d209c8147e5600c4a14b3634c8d828,"[{""trait_type"":""Backgrounds"",""value"":""White Rhino""},{""trait_type"":""Body"",""value"":""Sativa""},{""trait_type"":""Lips"",""value"":""What Happened""},{""trait_type"":""Eyes"",""value"":""Respecter Me""},{""trait_type"":""Buds"",""value"":""Northern Lights""},{""trait_type"":""Hats"",""value"":""Im High""}]"
691,5523422,0xa9c567da157ce2e1af417ba5c7e0d1a9914233b0f44485963dc9ba81a91b4ab8,"[{""trait_type"":""Backgrounds"",""value"":""Zkittlez""},{""trait_type"":""Body"",""value"":""Herbivore""},{""trait_type"":""Lips"",""value"":""Woo Woo""},{""trait_type"":""Eyes"",""value"":""Baked Blinkers Grey""},{""trait_type"":""Buds"",""value"":""MrsK47""},{""trait_type"":""Hats"",""value"":""LogicCap Green""}]"
690,5523421,0x1db91a03c9504124ff60f2649233ba586ac899400c9815397ceb91afb462b2a9,"[{""trait_type"":""Backgrounds"",""value"":""Purple Urkle""},{""trait_type"":""Body"",""value"":""Blastasaurus Rex""},{""trait_type"":""Lips"",""value"":""Woo Woo""},{""trait_type"":""Eyes"",""value"":""Blazed Blue""},{""trait_type"":""Buds"",""value"":""Smokin Dice""},{""trait_type"":""Hats"",""value"":""Loco Lid Green""}]"
689,5523420,0x28259d9861e2010fcb4df2fdbfa0d950170c43d1169d6c523f457982cf7300cb,"[{""trait_type"":""Backgrounds"",""value"":""White Rhino""},{""trait_type"":""Body"",""value"":""Herbivore""},{""trait_type"":""Lips"",""value"":""Cheeba Rising""},{""trait_type"":""Eyes"",""value"":""5_ Ninja""},{""trait_type"":""Buds"",""value"":""Duck Wit It""},{""trait_type"":""Hats"",""value"":""Laughing Lid Green""}]"
688,5523419,0xe15b14c6719741ac1b58b9fa698fdd9b520520e032971207ac783ae626de60d3,"[{""trait_type"":""Backgrounds"",""value"":""Purple Urkle""},{""trait_type"":""Body"",""value"":""Goodfellow""},{""trait_type"":""Lips"",""value"":""Dona Juanita""},{""trait_type"":""Eyes"",""value"":""Infused Optics Blue""},{""trait_type"":""Buds"",""value"":""Grape Ape""},{""trait_type"":""Hats"",""value"":""Herbal Hat""}]"
687,5523418,0xace94235a24dde31b2f8a8688781fb01b25f734623e06e76568886bd6f1a39b0,"[{""trait_type"":""Backgrounds"",""value"":""Mimosa""},{""trait_type"":""Body"",""value"":""Goodfellow""},{""trait_type"":""Lips"",""value"":""Cheeba Rising""},{""trait_type"":""Eyes"",""value"":""Zig Zag Laser Green""},{""trait_type"":""Buds"",""value"":""Blue Dream""},{""trait_type"":""Hats"",""value"":""Headband Yellow Blue""}]"
686,5523417,0x367e335f1dbc75996cb78ee5008f3ae9d639fee587daee084abe055f8a46a615,"[{""trait_type"":""Backgrounds"",""value"":""Slurricane""},{""trait_type"":""Body"",""value"":""Sativa""},{""trait_type"":""Lips"",""value"":""Bogart""},{""trait_type"":""Eyes"",""value"":""Tech G Goggles""},{""trait_type"":""Buds"",""value"":""Purple Kush""},{""trait_type"":""Hats"",""value"":""Skully Green""}]"
685,5523416,0x04573b6d5fc5dd19518d0ba59dc54caabddbbfa0a392fbf154f6ce82c1e087f6,"[{""trait_type"":""Backgrounds"",""value"":""Gorilla Glue""},{""trait_type"":""Body"",""value"":""Indica""},{""trait_type"":""Lips"",""value"":""Rainy Day""},{""trait_type"":""Eyes"",""value"":""Mighty Maxxed Out""},{""trait_type"":""Buds"",""value"":""Northern Lights""},{""trait_type"":""Hats"",""value"":""Skully Green""}]"
684,5523415,0x04098800a3a87cbb1af02bcacc864b9b2d9f159b23b86033c372dd1b54325b34,"[{""trait_type"":""Backgrounds"",""value"":""White Rhino""},{""trait_type"":""Body"",""value"":""Laughing Hyena""},{""trait_type"":""Lips"",""value"":""Sissy Lips""},{""trait_type"":""Eyes"",""value"":""Infused Optics Blue""},{""trait_type"":""Buds"",""value"":""MrsK47""},{""trait_type"":""Hats"",""value"":""Laughing Lid Green""}]"
683,5523414,0xc9c05d856863c053f8b40119bbfcf11b8f4ba0ad923563b35148edcad5de52d1,"[{""trait_type"":""Backgrounds"",""value"":""Slurricane""},{""trait_type"":""Body"",""value"":""Space Cowboy""},{""trait_type"":""Lips"",""value"":""Ganja Smoke Indica""},{""trait_type"":""Eyes"",""value"":""Cannabis Kaleidoscope Green""},{""trait_type"":""Buds"",""value"":""Smokin Dice""},{""trait_type"":""Hats"",""value"":""Herbal Hat""}]"
682,5523413,0x0c7f2e9ee54b7f4cdc1982d919ae101d9ca1891d1002bfed57d0df494882cb2e,"[{""trait_type"":""Backgrounds"",""value"":""Grape Pie Matrix""},{""trait_type"":""Body"",""value"":""Goodfellow""},{""trait_type"":""Lips"",""value"":""Smoke Os Rising""},{""trait_type"":""Eyes"",""value"":""Baked Blinkers Smokey""},{""trait_type"":""Buds"",""value"":""Blue Dream""},{""trait_type"":""Hats"",""value"":""LogicCap Green""}]"
681,5523412,0x3659c6ac587c5fefa57c179e7810b322f1786ddb88c952d134ccddd60481058c,"[{""trait_type"":""Backgrounds"",""value"":""TrainWreck""},{""trait_type"":""Body"",""value"":""Laughing Hyena""},{""trait_type"":""Lips"",""value"":""Cheeba Smoke""},{""trait_type"":""Eyes"",""value"":""Baked Blinkers Smokey""},{""trait_type"":""Buds"",""value"":""Orange Crush""},{""trait_type"":""Hats"",""value"":""Im High""}]"
680,5523411,0x3736ae1208b19e950ffbfc20eff2c99f0084ed9494717bfb3316faedfb792786,"[{""trait_type"":""Backgrounds"",""value"":""Forbidden Fruit""},{""trait_type"":""Body"",""value"":""Iron Lungs""},{""trait_type"":""Lips"",""value"":""Woo Woo""},{""trait_type"":""Eyes"",""value"":""Caught""},{""trait_type"":""Buds"",""value"":""Duck Wit It""},{""trait_type"":""Hats"",""value"":""Loco Lid Green""}]"
679,5523410,0x173b3fa6937af84fa54c8f9f1f76bd0ebfe0faa20e1706db859a6cffe068ac07,"[{""trait_type"":""Backgrounds"",""value"":""ChemDog""},{""trait_type"":""Body"",""value"":""Herbivore""},{""trait_type"":""Lips"",""value"":""Dona Juanita""},{""trait_type"":""Eyes"",""value"":""Caught""},{""trait_type"":""Buds"",""value"":""Blue Dream""},{""trait_type"":""Hats"",""value"":""Headband Yellow Blue""}]"
678,5523409,0x15184ae985832af57333b79a2da4968324731e459a87f722532da1e432e18a23,"[{""trait_type"":""Backgrounds"",""value"":""Gushers""},{""trait_type"":""Body"",""value"":""Chiefer""},{""trait_type"":""Lips"",""value"":""Smoke Os Rising""},{""trait_type"":""Eyes"",""value"":""Baked Blinkers Grey""},{""trait_type"":""Buds"",""value"":""SkyWalker""},{""trait_type"":""Hats"",""value"":""Skully Pink""}]"
677,5523408,0x4ff937698ffadb2e5180d2906facf63e32648019c6d7496d747f63a62aaf4eec,"[{""trait_type"":""Backgrounds"",""value"":""Forbidden Fruit""},{""trait_type"":""Body"",""value"":""Space Cowboy""},{""trait_type"":""Lips"",""value"":""What Happened""},{""trait_type"":""Eyes"",""value"":""Shaggy AF""},{""trait_type"":""Buds"",""value"":""MrsK47""},{""trait_type"":""Hats"",""value"":""Headband Yellow Blue""}]"
676,5523407,0x2606129609a8361b672bcb1f0926bd5014d5bf22b53065f34b4c90cc3e60ade3,"[{""trait_type"":""Backgrounds"",""value"":""Gushers""},{""trait_type"":""Body"",""value"":""Goodfellow""},{""trait_type"":""Lips"",""value"":""Bogart""},{""trait_type"":""Eyes"",""value"":""Shaggy AF""},{""trait_type"":""Buds"",""value"":""Blue Dream""},{""trait_type"":""Hats"",""value"":""Skully Yellow""}]"
675,5523406,0xc6a96adacd506b907868b43cda71ca8d56bfc9e71e665d3b973cba78683fb1be,"[{""trait_type"":""Backgrounds"",""value"":""Zkittlez""},{""trait_type"":""Body"",""value"":""Weedpreneur""},{""trait_type"":""Lips"",""value"":""Cheeching""},{""trait_type"":""Eyes"",""value"":""Baked Blinkers Suspect""},{""trait_type"":""Buds"",""value"":""Special K Kush""},{""trait_type"":""Hats"",""value"":""LogicCap Purple""}]"
674,5523405,0xfb3d11379aee9bd04aaeccc09aa8e732b45a92b744872919a0cc53eebf3e22d2,"[{""trait_type"":""Backgrounds"",""value"":""Hindu Kush""},{""trait_type"":""Body"",""value"":""Herbivore""},{""trait_type"":""Lips"",""value"":""Dona Juanita""},{""trait_type"":""Eyes"",""value"":""Zig Zag Laser Red""},{""trait_type"":""Buds"",""value"":""Grape Ape""},{""trait_type"":""Hats"",""value"":""LogicCap Gold""}]"
673,5523404,0x698810efb071c1232707a7fe3a5ee689bfd6851f008e457ac06b9bc3c93a3add,"[{""trait_type"":""Backgrounds"",""value"":""Purple Urkle""},{""trait_type"":""Body"",""value"":""Space Cowboy""},{""trait_type"":""Lips"",""value"":""Dona Juanita""},{""trait_type"":""Eyes"",""value"":""PickleBall Purps""},{""trait_type"":""Buds"",""value"":""Blue Dream""},{""trait_type"":""Hats"",""value"":""Headband Yellow Blue""}]"
672,5523403,0x8d0c5efda674d3baa9d77473f5cc7770f80abf33a5b9453cb994af71532a6654,"[{""trait_type"":""Backgrounds"",""value"":""GMO Cookies""},{""trait_type"":""Body"",""value"":""Herbalist""},{""trait_type"":""Lips"",""value"":""Woo Woo""},{""trait_type"":""Eyes"",""value"":""Tree Wrecked""},{""trait_type"":""Buds"",""value"":""Duck Wit It""},{""trait_type"":""Hats"",""value"":""LogicCap Green""}]"
671,5523402,0x73d59d5930d7fadbfa74b08bf4e0b13676030572321e7868ad61fe9921987085,"[{""trait_type"":""Backgrounds"",""value"":""White Rhino""},{""trait_type"":""Body"",""value"":""Chiefer""},{""trait_type"":""Lips"",""value"":""Smoke Os Rising""},{""trait_type"":""Eyes"",""value"":""Tech G Goggles""},{""trait_type"":""Buds"",""value"":""SkyWalker""},{""trait_type"":""Hats"",""value"":""Herbal Hat""}]"
670,5523401,0x74ebe432796728e5bfe16d71454176d20a805cbc428f2e8bfea23f6e8f1cc90a,"[{""trait_type"":""Backgrounds"",""value"":""Orange Creamsicle""},{""trait_type"":""Body"",""value"":""Herbivore""},{""trait_type"":""Lips"",""value"":""Smoke Os Rising""},{""trait_type"":""Eyes"",""value"":""Zig Zag Laser Red""},{""trait_type"":""Buds"",""value"":""MrsK47""},{""trait_type"":""Hats"",""value"":""Shiller""}]"
669,5523400,0xc0543c92206ac770c471eab257b319903745e85613eff3f21c3fd2eb05c10970,"[{""trait_type"":""Backgrounds"",""value"":""Slurricane""},{""trait_type"":""Body"",""value"":""Herbivore""},{""trait_type"":""Lips"",""value"":""Woo Woo""},{""trait_type"":""Eyes"",""value"":""Baked Blinkers Stoned Red""},{""trait_type"":""Buds"",""value"":""SkyWalker""},{""trait_type"":""Hats"",""value"":""Im High""}]"
668,5523399,0x51a407554241db5e2a7b807a0fc1cd0239bc0a95dc4a407076577f276274d732,"[{""trait_type"":""Backgrounds"",""value"":""GMO Cookies""},{""trait_type"":""Body"",""value"":""Laughing Hyena""},{""trait_type"":""Lips"",""value"":""Ganja Smoke Blue Dream""},{""trait_type"":""Eyes"",""value"":""Tree Wrecked""},{""trait_type"":""Buds"",""value"":""Grape Ape""},{""trait_type"":""Hats"",""value"":""LogicCap Green""}]"
667,5523398,0xef7eb499bbceeaf2469d5ab3a4a4a97ec0d734f58ca448fb8c70f922cd1ac7ad,"[{""trait_type"":""Backgrounds"",""value"":""Hindu Kush""},{""trait_type"":""Body"",""value"":""Goodfellow""},{""trait_type"":""Lips"",""value"":""Sideways""},{""trait_type"":""Eyes"",""value"":""Baked Blinkers Grey""},{""trait_type"":""Buds"",""value"":""Golden Ticket""},{""trait_type"":""Hats"",""value"":""Headband Pink Green""}]"
666,5523396,0x4be6cbd3442f437fafa6c18a1b77938e6cf1d8a48b46311236f321d6f918cc84,"[{""trait_type"":""Backgrounds"",""value"":""Do Si Dos""},{""trait_type"":""Body"",""value"":""Laughing Hyena""},{""trait_type"":""Lips"",""value"":""Smoke Os Rising""},{""trait_type"":""Eyes"",""value"":""Ziggy Red""},{""trait_type"":""Buds"",""value"":""Orange Crush""},{""trait_type"":""Hats"",""value"":""Skully Yellow""}]"
665,5523395,0x65953621e6df0cd4a9d666b0d0173d5fa42dce9dfb05fa1d4994776458c2689c,"[{""trait_type"":""Backgrounds"",""value"":""Green Crack""},{""trait_type"":""Body"",""value"":""Space Cowboy""},{""trait_type"":""Lips"",""value"":""Stoner""},{""trait_type"":""Eyes"",""value"":""Baked Blinkers Smokey""},{""trait_type"":""Buds"",""value"":""Grape Ape""},{""trait_type"":""Hats"",""value"":""Herbal Hat""}]"
664,5523372,0xe76c91d8aa4e32f6dc73816bb2a3c7afe59e0cdfb93ae7cb9d240e12f772539c,"[{""trait_type"":""Backgrounds"",""value"":""Gushers""},{""trait_type"":""Body"",""value"":""Goodfellow""},{""trait_type"":""Lips"",""value"":""Bogart""},{""trait_type"":""Eyes"",""value"":""Baked Blinkers Green""},{""trait_type"":""Buds"",""value"":""Purple Kush""},{""trait_type"":""Hats"",""value"":""Skully Yellow""}]"
663,5523371,0x209019744a2aee673108391b440cdc807ae36a890bd3d05e1606122081a65400,"[{""trait_type"":""Backgrounds"",""value"":""Purple Urkle""},{""trait_type"":""Body"",""value"":""Herbalist""},{""trait_type"":""Lips"",""value"":""Bogart""},{""trait_type"":""Eyes"",""value"":""Baked Blinkers Smokey""},{""trait_type"":""Buds"",""value"":""Golden Ticket""},{""trait_type"":""Hats"",""value"":""Herbal Hat""}]"
662,5523370,0x64d078a9deae1442cd8745b29fcd5e8498d7d384d646670b7fbf3bfc64ec7a42,"[{""trait_type"":""Backgrounds"",""value"":""Strawberry Cough""},{""trait_type"":""Body"",""value"":""Indica""},{""trait_type"":""Lips"",""value"":""Smoke Os Rising""},{""trait_type"":""Eyes"",""value"":""Mighty Maxxed Out""},{""trait_type"":""Buds"",""value"":""Special K Kush""},{""trait_type"":""Hats"",""value"":""Skully Pink""}]"
661,5523369,0x508f5a4ef26ab314f674a559b61f1842385d0d11108961af427019e62a175d0b,"[{""trait_type"":""Backgrounds"",""value"":""MAC""},{""trait_type"":""Body"",""value"":""Herbivore""},{""trait_type"":""Lips"",""value"":""Muggle Smirk""},{""trait_type"":""Eyes"",""value"":""Blazed Blue""},{""trait_type"":""Buds"",""value"":""Northern Lights""},{""trait_type"":""Hats"",""value"":""LogicCap Green""}]"
660,5523368,0x23419dacdd6b497a54efdc1f9923e326a26892ecc5ad5bbd89e49fdf82d43c0e,"[{""trait_type"":""Backgrounds"",""value"":""White Rhino""},{""trait_type"":""Body"",""value"":""Indica""},{""trait_type"":""Lips"",""value"":""Sissy Lips""},{""trait_type"":""Eyes"",""value"":""Zig Zag Laser Red""},{""trait_type"":""Buds"",""value"":""Northern Lights""},{""trait_type"":""Hats"",""value"":""Herbal Hat""}]"
659,5523367,0xc9c096c3f99c9ec6701f4ff2a897a3035ac84bd39fb6bbaf407905f0acb2124a,"[{""trait_type"":""Backgrounds"",""value"":""Purple Urkle""},{""trait_type"":""Body"",""value"":""Blastasaurus Rex""},{""trait_type"":""Lips"",""value"":""Dona Juanita""},{""trait_type"":""Eyes"",""value"":""Baked Blinkers Purple""},{""trait_type"":""Buds"",""value"":""Blue Dream""},{""trait_type"":""Hats"",""value"":""Hot Lava Lid""}]"
658,5523366,0x7d6a24ed6a23f7a5c46cd5be763ea84c610d4a8bff032972cd70c2992e107910,"[{""trait_type"":""Backgrounds"",""value"":""Orange Creamsicle""},{""trait_type"":""Body"",""value"":""Laughing Hyena""},{""trait_type"":""Lips"",""value"":""Rainy Day""},{""trait_type"":""Eyes"",""value"":""Shaggy AF""},{""trait_type"":""Buds"",""value"":""MrsK47""},{""trait_type"":""Hats"",""value"":""Loco Lid Red""}]"
657,5523365,0x1202cd95f032659ccc6e9a969786461f69df9dd24aab0b6be021f3bcd0447fa0,"[{""trait_type"":""Backgrounds"",""value"":""Wedding Cake""},{""trait_type"":""Body"",""value"":""Indica""},{""trait_type"":""Lips"",""value"":""Stoner""},{""trait_type"":""Eyes"",""value"":""Cannabis Kaleidoscope Suspect""},{""trait_type"":""Buds"",""value"":""Northern Lights""},{""trait_type"":""Hats"",""value"":""LogicCap Gold""}]"
656,5523364,0xfb05046b57ae8e5dba875ec1ae7f52deac749c0409e65dac634e67b55060e706,"[{""trait_type"":""Backgrounds"",""value"":""Forbidden Fruit""},{""trait_type"":""Body"",""value"":""Herbivore""},{""trait_type"":""Lips"",""value"":""Smoke One""},{""trait_type"":""Eyes"",""value"":""Sheeeesh""},{""trait_type"":""Buds"",""value"":""Grape Ape""},{""trait_type"":""Hats"",""value"":""Shiller""}]"
655,5523361,0x60537823de58358fb5aa75276ab2ead9909d039edb105e557798eb586ba8be22,"[{""trait_type"":""Backgrounds"",""value"":""Mimosa""},{""trait_type"":""Body"",""value"":""Cannabisseur""},{""trait_type"":""Lips"",""value"":""Smoking Os""},{""trait_type"":""Eyes"",""value"":""PickleBall Purps""},{""trait_type"":""Buds"",""value"":""Special K Kush""},{""trait_type"":""Hats"",""value"":""Headband Yellow Blue""}]"
654,5523352,0x1ceff40c53ffdbc0c656675d69d37c6184193b6ab44e4e213784435426195687,"[{""trait_type"":""Backgrounds"",""value"":""Grape Pie Matrix""},{""trait_type"":""Body"",""value"":""Iron Lungs""},{""trait_type"":""Lips"",""value"":""Smoking Os""},{""trait_type"":""Eyes"",""value"":""Baked Blinkers Smokey""},{""trait_type"":""Buds"",""value"":""Grape Ape""},{""trait_type"":""Hats"",""value"":""Im High""}]"
653,5523351,0x502b5f598d2abd1030509e358911dbe404a2a31ba5ad0d2f6ed4e17147c1ab85,"[{""trait_type"":""Backgrounds"",""value"":""Gushers""},{""trait_type"":""Body"",""value"":""Herbivore""},{""trait_type"":""Lips"",""value"":""Ganja Smoke Blue Dream""},{""trait_type"":""Eyes"",""value"":""Baked Blinkers Grey""},{""trait_type"":""Buds"",""value"":""Duck Wit It""},{""trait_type"":""Hats"",""value"":""Im High""}]"
652,5523349,0xc973d12eb34c82f01be5e3beafeb4abf1e19c8e40a57a8409595e0fe4bf55160,"[{""trait_type"":""Backgrounds"",""value"":""Hindu Kush""},{""trait_type"":""Body"",""value"":""Space Cowboy""},{""trait_type"":""Lips"",""value"":""Ganja Smoke Blue Dream""},{""trait_type"":""Eyes"",""value"":""Cannabis Kaleidoscope Suspect""},{""trait_type"":""Buds"",""value"":""Purple Kush""},{""trait_type"":""Hats"",""value"":""Skully Yellow""}]"
651,5523348,0xcab4dcb350bf5048d68681024a84e4215c49e81d42e0fab0f4034104b3db9ed5,"[{""trait_type"":""Backgrounds"",""value"":""Alien OG""},{""trait_type"":""Body"",""value"":""Goodfellow""},{""trait_type"":""Lips"",""value"":""Smoke One""},{""trait_type"":""Eyes"",""value"":""Baked Blinkers Green""},{""trait_type"":""Buds"",""value"":""Orange Crush""},{""trait_type"":""Hats"",""value"":""Herbal Hat""}]"
650,5523347,0x753a8e7d362856f2d2c57483802a82e9ef4ddcdb6a077fe4ac3a67f267705415,"[{""trait_type"":""Backgrounds"",""value"":""ChemDog""},{""trait_type"":""Body"",""value"":""Sativa""},{""trait_type"":""Lips"",""value"":""Burning One Down""},{""trait_type"":""Eyes"",""value"":""PickleBall Purps""},{""trait_type"":""Buds"",""value"":""Duck Wit It""},{""trait_type"":""Hats"",""value"":""Skully Green""}]"
649,5523346,0xac079d4648ee5926ba246876af8a040b306fdc48841e6b324088dcd70102a79d,"[{""trait_type"":""Backgrounds"",""value"":""Do Si Dos""},{""trait_type"":""Body"",""value"":""Goodfellow""},{""trait_type"":""Lips"",""value"":""Sideways""},{""trait_type"":""Eyes"",""value"":""Shaggy AF""},{""trait_type"":""Buds"",""value"":""Golden Ticket""},{""trait_type"":""Hats"",""value"":""LogicCap Purple""}]"
648,5523345,0xe6168d603129b54655ccb7c64ed78500aaa965a2bd57ef449675084a44e6b6e6,"[{""trait_type"":""Backgrounds"",""value"":""Bubba Kush""},{""trait_type"":""Body"",""value"":""Sativa""},{""trait_type"":""Lips"",""value"":""Smoke One""},{""trait_type"":""Eyes"",""value"":""Caught""},{""trait_type"":""Buds"",""value"":""Golden Ticket""},{""trait_type"":""Hats"",""value"":""Loco Lid Red""}]"
647,5523344,0x1b6ec8da1b8a461b944bf2567b691f9a9487de1427d629d857cabe3301d073a3,"[{""trait_type"":""Backgrounds"",""value"":""Wedding Cake""},{""trait_type"":""Body"",""value"":""Sativa""},{""trait_type"":""Lips"",""value"":""What Happened""},{""trait_type"":""Eyes"",""value"":""Tree Wrecked""},{""trait_type"":""Buds"",""value"":""Smokin Dice""},{""trait_type"":""Hats"",""value"":""Laughing Lid Blue""}]"
646,5523343,0x40e8de8c2ee963a72f4a5817e6ff16cdca74b2640ef1e3b10a4971b56ee8116c,"[{""trait_type"":""Backgrounds"",""value"":""Hindu Kush""},{""trait_type"":""Body"",""value"":""Sativa""},{""trait_type"":""Lips"",""value"":""Stoner""},{""trait_type"":""Eyes"",""value"":""Baked Blinkers Grey""},{""trait_type"":""Buds"",""value"":""Special K Kush""},{""trait_type"":""Hats"",""value"":""Hot Lava Lid""}]"
645,5523342,0x4516e77fa17ad21b4d96873cf2c5ed732d6f7e4fb003e57cf56412808694427a,"[{""trait_type"":""Backgrounds"",""value"":""Zkittlez""},{""trait_type"":""Body"",""value"":""Laughing Hyena""},{""trait_type"":""Lips"",""value"":""Ganja Smoke Blue Dream""},{""trait_type"":""Eyes"",""value"":""Zig Zag Laser Red""},{""trait_type"":""Buds"",""value"":""MrsK47""},{""trait_type"":""Hats"",""value"":""Skully Pink""}]"
644,5523341,0x7605fdecf8e09ffd2a51cb8d1f0fdf5e9cde11fd835e61a8226b4a03a7f15455,"[{""trait_type"":""Backgrounds"",""value"":""Bubba Kush""},{""trait_type"":""Body"",""value"":""Indica""},{""trait_type"":""Lips"",""value"":""Ganja Smoke Indica""},{""trait_type"":""Eyes"",""value"":""Baked Blinkers Grey""},{""trait_type"":""Buds"",""value"":""Smokin Dice""},{""trait_type"":""Hats"",""value"":""Headband Pink Green""}]"
643,5523340,0x1e293f4ad74d162231a8d2407f65a3245f386deac4b9c4ac42e299bb5fc8e998,"[{""trait_type"":""Backgrounds"",""value"":""Slurricane""},{""trait_type"":""Body"",""value"":""Space Cowboy""},{""trait_type"":""Lips"",""value"":""Smoke Os Rising""},{""trait_type"":""Eyes"",""value"":""Baked Blinkers Stoned Red""},{""trait_type"":""Buds"",""value"":""Blue Dream""},{""trait_type"":""Hats"",""value"":""Im Stoned""}]"
642,5523339,0x8e50ee2c70605158de34051040cc72dac4d802b253ef2938abd82910dea9970a,"[{""trait_type"":""Backgrounds"",""value"":""ChemDog""},{""trait_type"":""Body"",""value"":""Blastasaurus Rex""},{""trait_type"":""Lips"",""value"":""Rainy Day""},{""trait_type"":""Eyes"",""value"":""Cannabis Kaleidoscope Red""},{""trait_type"":""Buds"",""value"":""Special K Kush""},{""trait_type"":""Hats"",""value"":""Skully Green""}]"
641,5523338,0x4131e40d40d202e578268a1a38c67972b702166b63c728744cb77aef04c09a22,"[{""trait_type"":""Backgrounds"",""value"":""Purple Urkle""},{""trait_type"":""Body"",""value"":""Space Cowboy""},{""trait_type"":""Lips"",""value"":""Ganja Smoke Indica""},{""trait_type"":""Eyes"",""value"":""Sheeeesh""},{""trait_type"":""Buds"",""value"":""Special K Kush""},{""trait_type"":""Hats"",""value"":""Im High""}]"
640,5523337,0x1721d2cfc85d75844fae675f6b4e05ba46711b0d41b4f6cfdf300d47b38eb62b,"[{""trait_type"":""Backgrounds"",""value"":""Gushers""},{""trait_type"":""Body"",""value"":""High Flyer""},{""trait_type"":""Lips"",""value"":""Rainy Day""},{""trait_type"":""Eyes"",""value"":""Caught""},{""trait_type"":""Buds"",""value"":""Special K Kush""},{""trait_type"":""Hats"",""value"":""Headband Yellow Blue""}]"
639,5523336,0xe5fa6d5704f9679ee7825d6ce965dcb7c0e6291aba6a61c25ef249777d9732e2,"[{""trait_type"":""Backgrounds"",""value"":""LA Confidential""},{""trait_type"":""Body"",""value"":""High Flyer""},{""trait_type"":""Lips"",""value"":""Burning One Down""},{""trait_type"":""Eyes"",""value"":""Wylin Out""},{""trait_type"":""Buds"",""value"":""SkyWalker""},{""trait_type"":""Hats"",""value"":""Laughing Lid Blue""}]"
638,5523335,0xc9d81bbb51d855e7a875a2f787cf35c9231ff1657241a97de2471e0db0a07472,"[{""trait_type"":""Backgrounds"",""value"":""GMO Cookies""},{""trait_type"":""Body"",""value"":""Space Cowboy""},{""trait_type"":""Lips"",""value"":""Ganja Smoke Sativa""},{""trait_type"":""Eyes"",""value"":""Blazed Green""},{""trait_type"":""Buds"",""value"":""Blue Dream""},{""trait_type"":""Hats"",""value"":""Headband Yellow Blue""}]"
637,5523334,0xa5e2b1485fa3d300684a6afa185b43309de701221a574d9fddd7c2048fa798d7,"[{""trait_type"":""Backgrounds"",""value"":""Slurricane""},{""trait_type"":""Body"",""value"":""Goodfellow""},{""trait_type"":""Lips"",""value"":""Cheeba Rising""},{""trait_type"":""Eyes"",""value"":""Ziggy Red""},{""trait_type"":""Buds"",""value"":""Golden Ticket""},{""trait_type"":""Hats"",""value"":""Laughing Lid Green""}]"
636,5523333,0x5d05660b3789ef2c319fc2ac2f9235b795416a83ce331b6b92d7e70eebc28eb1,"[{""trait_type"":""Backgrounds"",""value"":""Wedding Cake""},{""trait_type"":""Body"",""value"":""High Flyer""},{""trait_type"":""Lips"",""value"":""Stoner""},{""trait_type"":""Eyes"",""value"":""Blazed Green""},{""trait_type"":""Buds"",""value"":""Duck Wit It""},{""trait_type"":""Hats"",""value"":""Laughing Lid Green""}]"
635,5523330,0x8324b812e2e174b751957a3191c383fe683e778c49ea763130849e09118d3fd0,"[{""trait_type"":""Backgrounds"",""value"":""Gushers""},{""trait_type"":""Body"",""value"":""Sativa""},{""trait_type"":""Lips"",""value"":""Smoking Os""},{""trait_type"":""Eyes"",""value"":""Tree Wrecked""},{""trait_type"":""Buds"",""value"":""Grape Ape""},{""trait_type"":""Hats"",""value"":""Loco Lid Red""}]"
634,5523142,0xfbfaab6cec32b28658af0e8c4f0ac1ae0d17948a4c34867eb4ccb74c06d7a2e9,"[{""trait_type"":""Backgrounds"",""value"":""White Rhino""},{""trait_type"":""Body"",""value"":""Blastasaurus Rex""},{""trait_type"":""Lips"",""value"":""Ganja Smoke Blue Dream""},{""trait_type"":""Eyes"",""value"":""Respecter Me""},{""trait_type"":""Buds"",""value"":""Special K Kush""},{""trait_type"":""Hats"",""value"":""Im High""}]"
633,5523141,0x1285ae7a4f7bd0500eab0d99ab80c786c100b159e6213b098931312086ea78e4,"[{""trait_type"":""Backgrounds"",""value"":""White Rhino""},{""trait_type"":""Body"",""value"":""Iron Lungs""},{""trait_type"":""Lips"",""value"":""Dona Juanita""},{""trait_type"":""Eyes"",""value"":""Shaggy AF""},{""trait_type"":""Buds"",""value"":""MrsK47""},{""trait_type"":""Hats"",""value"":""Headband Yellow Blue""}]"
632,5523139,0xfe4daa0baf99fd6b86a72b521a87edd40ac9149b66fe997fda3ed254e33a3435,"[{""trait_type"":""Backgrounds"",""value"":""Do Si Dos""},{""trait_type"":""Body"",""value"":""Herbivore""},{""trait_type"":""Lips"",""value"":""Cheeba Rising""},{""trait_type"":""Eyes"",""value"":""Respecter Me""},{""trait_type"":""Buds"",""value"":""Blue Dream""},{""trait_type"":""Hats"",""value"":""LogicCap Gold""}]"
631,5523136,0x6aa3cdd9e29019a9f4b42f9b8b05345c996b9e94d4022fab86df881df7b16e35,"[{""trait_type"":""Backgrounds"",""value"":""Wedding Cake""},{""trait_type"":""Body"",""value"":""Sativa""},{""trait_type"":""Lips"",""value"":""Cheeba Rising""},{""trait_type"":""Eyes"",""value"":""Tech G Goggles""},{""trait_type"":""Buds"",""value"":""Smokin Dice""},{""trait_type"":""Hats"",""value"":""Skully Pink""}]"
630,5523032,0x0913285bc2a439f87b72405d93c8311f2f8a565a6886bb130dc06de67aeee35a,"[{""trait_type"":""Backgrounds"",""value"":""Zkittlez""},{""trait_type"":""Body"",""value"":""Chiefer""},{""trait_type"":""Lips"",""value"":""Sissy Lips""},{""trait_type"":""Eyes"",""value"":""Blazed Blue""},{""trait_type"":""Buds"",""value"":""Purple Kush""},{""trait_type"":""Hats"",""value"":""Herbal Hat""}]"
629,5522800,0x5c69d623a14a315ad574986036fb9e0b2b095962d1fa13d86ae0e7f917936919,"[{""trait_type"":""Backgrounds"",""value"":""Do Si Dos""},{""trait_type"":""Body"",""value"":""Goodfellow""},{""trait_type"":""Lips"",""value"":""Dona Juanita""},{""trait_type"":""Eyes"",""value"":""Baked Blinkers Purple""},{""trait_type"":""Buds"",""value"":""Grape Ape""},{""trait_type"":""Hats"",""value"":""Skully Pink""}]"
628,5522798,0x31e81248fffd67e129fb19ba7179c92c5b9b8713a92f964357ca4a521c62e4aa,"[{""trait_type"":""Backgrounds"",""value"":""Wedding Cake""},{""trait_type"":""Body"",""value"":""Indica""},{""trait_type"":""Lips"",""value"":""Ganja Smoke Sativa""},{""trait_type"":""Eyes"",""value"":""Zig Zag Laser Green""},{""trait_type"":""Buds"",""value"":""Special K Kush""},{""trait_type"":""Hats"",""value"":""Skully Pink""}]"
627,5522794,0xc2ab8f4e745d935f5f06bba740265bafbbf6f19f1419e37bf0a737092b1c1416,"[{""trait_type"":""Backgrounds"",""value"":""TrainWreck""},{""trait_type"":""Body"",""value"":""Space Cowboy""},{""trait_type"":""Lips"",""value"":""Ganja Smoke Sativa""},{""trait_type"":""Eyes"",""value"":""Wylin Out""},{""trait_type"":""Buds"",""value"":""SkyWalker""},{""trait_type"":""Hats"",""value"":""Im Stoned""}]"
626,5522578,0xbc5d30776310884e4b3953b68fa8f10f4228a863eeaca1422ef06e064e34fa5c,"[{""trait_type"":""Backgrounds"",""value"":""Wedding Cake""},{""trait_type"":""Body"",""value"":""Space Cowboy""},{""trait_type"":""Lips"",""value"":""Cheeba Rising""},{""trait_type"":""Eyes"",""value"":""Shaggy AF""},{""trait_type"":""Buds"",""value"":""Duck Wit It""},{""trait_type"":""Hats"",""value"":""Headband Yellow Blue""}]"
625,5522571,0xc9c1cd324821a32fbba0f9b2d3184f53c35fe6eaed0e046e2e49e5f878bad3d6,"[{""trait_type"":""Backgrounds"",""value"":""Strawberry Cough""},{""trait_type"":""Body"",""value"":""High Flyer""},{""trait_type"":""Lips"",""value"":""Stoner""},{""trait_type"":""Eyes"",""value"":""Blazed Green""},{""trait_type"":""Buds"",""value"":""Orange Crush""},{""trait_type"":""Hats"",""value"":""LogicCap Green""}]"
624,5522569,0x8949cf658db756eaccf829974f24cfcce676b4cdb6ff394f4bdf8dbfd9298cc9,"[{""trait_type"":""Backgrounds"",""value"":""MAC""},{""trait_type"":""Body"",""value"":""Herbivore""},{""trait_type"":""Lips"",""value"":""What Happened""},{""trait_type"":""Eyes"",""value"":""Respecter Me""},{""trait_type"":""Buds"",""value"":""Northern Lights""},{""trait_type"":""Hats"",""value"":""Loco Lid Red""}]"
623,5522163,0x27c41c9a63318d7fd55bc8d53adab9fe10dc055c916c745a489c3b8daf75ead6,"[{""trait_type"":""Backgrounds"",""value"":""Hindu Kush""},{""trait_type"":""Body"",""value"":""Cannabisseur""},{""trait_type"":""Lips"",""value"":""Ganja Smoke Blue Dream""},{""trait_type"":""Eyes"",""value"":""Dank Dazzlers Green""},{""trait_type"":""Buds"",""value"":""Northern Lights""},{""trait_type"":""Hats"",""value"":""LogicCap Gold""}]"
622,5515078,0x768b16ff3b039627da696b59a786d74a043a8cb05ccee703844e137cae26e41d,"[{""trait_type"":""Backgrounds"",""value"":""Mimosa""},{""trait_type"":""Body"",""value"":""Indica""},{""trait_type"":""Lips"",""value"":""Cheeba Smoke""},{""trait_type"":""Eyes"",""value"":""Baked Blinkers Smokey""},{""trait_type"":""Buds"",""value"":""Special K Kush""},{""trait_type"":""Hats"",""value"":""Laughing Lid Blue""}]"
621,5515074,0x462a50d4f49d6cfe8ec6b07ba00e9c99e1bed8716be729df7d2aff2f70d72d86,"[{""trait_type"":""Backgrounds"",""value"":""TrainWreck""},{""trait_type"":""Body"",""value"":""Sativa""},{""trait_type"":""Lips"",""value"":""Ganja Smoke Blue Dream""},{""trait_type"":""Eyes"",""value"":""OnGod Goggles Blue""},{""trait_type"":""Buds"",""value"":""Smokin Dice""},{""trait_type"":""Hats"",""value"":""Headband Yellow Blue""}]"
620,5515011,0x437adb4c0c50a9b59fc334afba45cc3d5ce5a33c6ea81993e5b93705643c4b5a,"[{""trait_type"":""Backgrounds"",""value"":""Alien OG""},{""trait_type"":""Body"",""value"":""Cannabisseur""},{""trait_type"":""Lips"",""value"":""Smoke One""},{""trait_type"":""Eyes"",""value"":""Shaggy AF""},{""trait_type"":""Buds"",""value"":""SkyWalker""},{""trait_type"":""Hats"",""value"":""Loco Lid Green""}]"
619,5515010,0x6d2afdec2573d031fbcc6371778a89374d17b7a4c5c85c3e20ff81aef754cf8e,"[{""trait_type"":""Backgrounds"",""value"":""StarDawg Matrix""},{""trait_type"":""Body"",""value"":""High Flyer""},{""trait_type"":""Lips"",""value"":""Cheeba Rising""},{""trait_type"":""Eyes"",""value"":""Caught""},{""trait_type"":""Buds"",""value"":""Special K Kush""},{""trait_type"":""Hats"",""value"":""LogicCap Green""}]"
618,5515008,0xd5c44d40a6a970233ebaef5396edf6b5dd996f784728ebeeed646fb21ad46e15,"[{""trait_type"":""Backgrounds"",""value"":""Orange Creamsicle""},{""trait_type"":""Body"",""value"":""Herbivore""},{""trait_type"":""Lips"",""value"":""Rainy Day""},{""trait_type"":""Eyes"",""value"":""Blazed Blue""},{""trait_type"":""Buds"",""value"":""Orange Crush""},{""trait_type"":""Hats"",""value"":""Laughing Lid Blue""}]"
617,5510282,0xbc053d9507972f13515e774556e55d24a50b3e39e8378226e0f7030cd8628b1a,"[{""trait_type"":""Backgrounds"",""value"":""Green Crack""},{""trait_type"":""Body"",""value"":""Space Cowboy""},{""trait_type"":""Lips"",""value"":""Smoke One""},{""trait_type"":""Eyes"",""value"":""Cannabis Kaleidoscope 3D""},{""trait_type"":""Buds"",""value"":""Orange Crush""},{""trait_type"":""Hats"",""value"":""Headband Yellow Blue""}]"
616,5509734,0x9ca2c32ea6cdaacac3f071b40ac34331ace35e1b11f796bc9ef25c856a42416c,"[{""trait_type"":""Backgrounds"",""value"":""Bubba Kush""},{""trait_type"":""Body"",""value"":""Herbalist""},{""trait_type"":""Lips"",""value"":""Rainy Day""},{""trait_type"":""Eyes"",""value"":""Mighty Maxxed Out""},{""trait_type"":""Buds"",""value"":""Duck Wit It""},{""trait_type"":""Hats"",""value"":""Headband Pink Green""}]"
615,5491238,0xe3fec3ef71eafb2c13fb708c2fcd0c92c492a462f3875be9dea83bb076d86b74,"[{""trait_type"":""Backgrounds"",""value"":""Gushers""},{""trait_type"":""Body"",""value"":""Blastasaurus Rex""},{""trait_type"":""Lips"",""value"":""Muggle Smirk""},{""trait_type"":""Eyes"",""value"":""Mighty Maxxed Out""},{""trait_type"":""Buds"",""value"":""Grape Ape""},{""trait_type"":""Hats"",""value"":""Herbal Hat""}]"
614,5491187,0x03ca52ea8a58fbaf320a23aa36fb61b1d95ed2612fb2bd0ab7e26abe96969844,"[{""trait_type"":""Backgrounds"",""value"":""Slurricane""},{""trait_type"":""Body"",""value"":""Space Cowboy""},{""trait_type"":""Lips"",""value"":""Smoking Os""},{""trait_type"":""Eyes"",""value"":""Baked Blinkers Grey""},{""trait_type"":""Buds"",""value"":""MrsK47""},{""trait_type"":""Hats"",""value"":""Skully Pink""}]"
613,5489523,0x2fa5033f2ae931fe829bacd3208916cb5eabfe4fe449e101956fc1e0b3fa4da6,"[{""trait_type"":""Backgrounds"",""value"":""Alien OG""},{""trait_type"":""Body"",""value"":""Iron Lungs""},{""trait_type"":""Lips"",""value"":""Cheeba Rising""},{""trait_type"":""Eyes"",""value"":""Wylin Out""},{""trait_type"":""Buds"",""value"":""Duck Wit It""},{""trait_type"":""Hats"",""value"":""Shiller""}]"
612,5479712,0xdc41b1e93a742e90864be5208f3bd0b55302467abc4801a69de3d0a6da24c029,"[{""trait_type"":""Backgrounds"",""value"":""MAC""},{""trait_type"":""Body"",""value"":""Sativa""},{""trait_type"":""Lips"",""value"":""Rainy Day""},{""trait_type"":""Eyes"",""value"":""Dank Dazzlers Purple""},{""trait_type"":""Buds"",""value"":""Special K Kush""},{""trait_type"":""Hats"",""value"":""LogicCap Gold""}]"
611,5478190,0x885d70289d25af3637026405fc4ef0fe717f1b560abf0b19d278f0c58f1fc103,"[{""trait_type"":""Backgrounds"",""value"":""Forbidden Fruit""},{""trait_type"":""Body"",""value"":""Cannabisseur""},{""trait_type"":""Lips"",""value"":""Ganja Smoke Purple Haze""},{""trait_type"":""Eyes"",""value"":""Blazed Green""},{""trait_type"":""Buds"",""value"":""MrsK47""},{""trait_type"":""Hats"",""value"":""Im High""}]"
610,5466282,0x4726a83a5f206e184afbf5f3a159b020ff2907b5aa0d49fe2c5392446c9fd8da,"[{""trait_type"":""Backgrounds"",""value"":""Wedding Cake""},{""trait_type"":""Body"",""value"":""Laughing Hyena""},{""trait_type"":""Lips"",""value"":""Bogart""},{""trait_type"":""Eyes"",""value"":""Infused Optics Blue""},{""trait_type"":""Buds"",""value"":""Orange Crush""},{""trait_type"":""Hats"",""value"":""Loco Lid Green""}]"
609,5466281,0x077e155599a1717ae58c15a4bc1e64c7fac9e1bf8e9b3509243df8f5c0928c36,"[{""trait_type"":""Backgrounds"",""value"":""TrainWreck""},{""trait_type"":""Body"",""value"":""Laughing Hyena""},{""trait_type"":""Lips"",""value"":""Ganja Smoke Purple Haze""},{""trait_type"":""Eyes"",""value"":""Baked Blinkers Suspect""},{""trait_type"":""Buds"",""value"":""Special K Kush""},{""trait_type"":""Hats"",""value"":""Headband Yellow Blue""}]"
608,5466280,0x527d22f85053a829ec047d87c5c13775fe28c3b7abc94e23e2dfe067e7ff43b8,"[{""trait_type"":""Backgrounds"",""value"":""Hindu Kush""},{""trait_type"":""Body"",""value"":""High Flyer""},{""trait_type"":""Lips"",""value"":""Smoke One""},{""trait_type"":""Eyes"",""value"":""Baked Blinkers Grey""},{""trait_type"":""Buds"",""value"":""SkyWalker""},{""trait_type"":""Hats"",""value"":""Hot Lava Lid""}]"
607,5466279,0xf8575cb69f9cb5d5b3c55445d8b490348147f33b785ee7004015f6ac52edab64,"[{""trait_type"":""Backgrounds"",""value"":""Forbidden Fruit""},{""trait_type"":""Body"",""value"":""Space Cowboy""},{""trait_type"":""Lips"",""value"":""Ganja Smoke Indica""},{""trait_type"":""Eyes"",""value"":""Blazed Blue""},{""trait_type"":""Buds"",""value"":""MrsK47""},{""trait_type"":""Hats"",""value"":""Headband Pink Green""}]"
606,5466278,0x109be1e002b4affea20dcbfc9799636a19a2633a8d480d9b7f9c8a92af9e6000,"[{""trait_type"":""Backgrounds"",""value"":""GMO Cookies""},{""trait_type"":""Body"",""value"":""Sativa""},{""trait_type"":""Lips"",""value"":""Rainy Day""},{""trait_type"":""Eyes"",""value"":""Baked Blinkers Grey""},{""trait_type"":""Buds"",""value"":""Northern Lights""},{""trait_type"":""Hats"",""value"":""Loco Lid Red""}]"
605,5466277,0xe3d8b49dddc77119e8cbea26072f7ef6c9892ce9821e3cf130886e35b04e6d1c,"[{""trait_type"":""Backgrounds"",""value"":""Mimosa""},{""trait_type"":""Body"",""value"":""Herbalist""},{""trait_type"":""Lips"",""value"":""Rainy Day""},{""trait_type"":""Eyes"",""value"":""Baked Blinkers Suspect""},{""trait_type"":""Buds"",""value"":""Blue Dream""},{""trait_type"":""Hats"",""value"":""Headband Pink Green""}]"
604,5466276,0x7e2355b6fec65e3a61b3e227c2e92b878b830f42711714f8eff1565c90623d84,"[{""trait_type"":""Backgrounds"",""value"":""Green Crack""},{""trait_type"":""Body"",""value"":""Sativa""},{""trait_type"":""Lips"",""value"":""Cheeba Smoke""},{""trait_type"":""Eyes"",""value"":""Infused Optics Blue""},{""trait_type"":""Buds"",""value"":""Northern Lights""},{""trait_type"":""Hats"",""value"":""Shiller""}]"
603,5466275,0xc266a2aef418a9b734ab1ed91a8c525986e703c11343988bd3caae5400affe93,"[{""trait_type"":""Backgrounds"",""value"":""Hindu Kush""},{""trait_type"":""Body"",""value"":""Ganjapreneur""},{""trait_type"":""Lips"",""value"":""Dona Juanita""},{""trait_type"":""Eyes"",""value"":""Blazed Green""},{""trait_type"":""Buds"",""value"":""SkyWalker""},{""trait_type"":""Hats"",""value"":""Loco Lid Red""}]"
602,5466274,0x70c8b10ca692a8ebc8466b6ad11512903831dedd1929844fe6a7b57379af745d,"[{""trait_type"":""Backgrounds"",""value"":""Mimosa""},{""trait_type"":""Body"",""value"":""Indica""},{""trait_type"":""Lips"",""value"":""Ganja Smoke Purple Haze""},{""trait_type"":""Eyes"",""value"":""Caught""},{""trait_type"":""Buds"",""value"":""Smokin Dice""},{""trait_type"":""Hats"",""value"":""Headband Yellow Blue""}]"
601,5466273,0x93fca6a9f43ee3d343f9a913905d03863e32502bf5cba97c5c7c930633b7d469,"[{""trait_type"":""Backgrounds"",""value"":""GMO Cookies""},{""trait_type"":""Body"",""value"":""Blastasaurus Rex""},{""trait_type"":""Lips"",""value"":""Ganja Smoke Sativa""},{""trait_type"":""Eyes"",""value"":""Shaggy AF""},{""trait_type"":""Buds"",""value"":""Special K Kush""},{""trait_type"":""Hats"",""value"":""Skully Pink""}]"
600,5464475,0x4d9d54eaff8a3b8d0138cf310a1cd1da225520dc286909dd76130cf8483e442f,"[{""trait_type"":""Backgrounds"",""value"":""GMO Cookies""},{""trait_type"":""Body"",""value"":""Herbalist""},{""trait_type"":""Lips"",""value"":""Bogart""},{""trait_type"":""Eyes"",""value"":""Blazed Green""},{""trait_type"":""Buds"",""value"":""MrsK47""},{""trait_type"":""Hats"",""value"":""LogicCap Green""}]"
599,5464416,0x5e578125e3b1705c0ee647015182d70c0c508575a261f40198387a963910f7ff,"[{""trait_type"":""Backgrounds"",""value"":""White Rhino""},{""trait_type"":""Body"",""value"":""Digijoint""},{""trait_type"":""Lips"",""value"":""Burning One Down""},{""trait_type"":""Eyes"",""value"":""Respecter Me""},{""trait_type"":""Buds"",""value"":""Smokin Dice""},{""trait_type"":""Hats"",""value"":""Skully Yellow""}]"
598,5464415,0xd6034cd9030b2c4800f81421ebe4f2c0fd4ffa8dae0d834c0bb4436b9fec1019,"[{""trait_type"":""Backgrounds"",""value"":""Bubba Kush""},{""trait_type"":""Body"",""value"":""High Flyer""},{""trait_type"":""Lips"",""value"":""Stoner""},{""trait_type"":""Eyes"",""value"":""Blazed Blue""},{""trait_type"":""Buds"",""value"":""Orange Crush""},{""trait_type"":""Hats"",""value"":""Laughing Lid Blue""}]"
597,5464160,0x6dc0b46d1eaa7c575427a1ff1c21e93fcaf2f291b51bbba5a117854095dd0dc3,"[{""trait_type"":""Backgrounds"",""value"":""Hindu Kush""},{""trait_type"":""Body"",""value"":""Iron Lungs""},{""trait_type"":""Lips"",""value"":""Stoner""},{""trait_type"":""Eyes"",""value"":""5_ Ninja""},{""trait_type"":""Buds"",""value"":""Grape Ape""},{""trait_type"":""Hats"",""value"":""Herbal Hat""}]"
596,5458390,0xbd34e5b498e58163659d9b55511d1913eb7f767c843851651d94726b6a92bd73,"[{""trait_type"":""Backgrounds"",""value"":""TrainWreck""},{""trait_type"":""Body"",""value"":""Sativa""},{""trait_type"":""Lips"",""value"":""What Happened""},{""trait_type"":""Eyes"",""value"":""PickleBall Purps""},{""trait_type"":""Buds"",""value"":""Special K Kush""},{""trait_type"":""Hats"",""value"":""Skully Green""}]"
595,5451894,0x0dd7d4228d4eae8897495f5e7a4865dc3d788562d75df2692e60f7dfdc947e43,"[{""trait_type"":""Backgrounds"",""value"":""Zkittlez""},{""trait_type"":""Body"",""value"":""Blastasaurus Rex""},{""trait_type"":""Lips"",""value"":""Bogart""},{""trait_type"":""Eyes"",""value"":""PickleBall Purps""},{""trait_type"":""Buds"",""value"":""Purple Kush""},{""trait_type"":""Hats"",""value"":""Loco Lid Green""}]"
594,5451893,0x5dc0da453df6791c8e2581e3a076a5fc467257ed56f01f50b2862c049220dcc5,"[{""trait_type"":""Backgrounds"",""value"":""Forbidden Fruit""},{""trait_type"":""Body"",""value"":""Sativa""},{""trait_type"":""Lips"",""value"":""Woo Woo""},{""trait_type"":""Eyes"",""value"":""Baked Blinkers Purple""},{""trait_type"":""Buds"",""value"":""Northern Lights""},{""trait_type"":""Hats"",""value"":""Im High""}]"
593,5448674,0x2842247fa67d179e509ed0464c0f19e84597804698a72d55824f2cdec55a12c1,"[{""trait_type"":""Backgrounds"",""value"":""Strawberry Cough""},{""trait_type"":""Body"",""value"":""Sativa""},{""trait_type"":""Lips"",""value"":""Sissy Lips""},{""trait_type"":""Eyes"",""value"":""Baked Blinkers Suspect""},{""trait_type"":""Buds"",""value"":""Special K Kush""},{""trait_type"":""Hats"",""value"":""Herbal Hat""}]"
592,5448672,0x63747022edfff8b535d916d0d6717317a40dfcc86a4950925616f2865f7acc57,"[{""trait_type"":""Backgrounds"",""value"":""Strawberry Cough""},{""trait_type"":""Body"",""value"":""High Flyer""},{""trait_type"":""Lips"",""value"":""Woo Woo""},{""trait_type"":""Eyes"",""value"":""DogeMau_d""},{""trait_type"":""Buds"",""value"":""Grape Ape""},{""trait_type"":""Hats"",""value"":""Im High""}]"
591,5446726,0xd9fb8cce4fc64fc4f6094268db8d9327441b3717b37e0eeba4284f271d7d84f1,"[{""trait_type"":""Backgrounds"",""value"":""White Rhino""},{""trait_type"":""Body"",""value"":""Indica""},{""trait_type"":""Lips"",""value"":""Sissy Lips""},{""trait_type"":""Eyes"",""value"":""Respecter Me""},{""trait_type"":""Buds"",""value"":""Northern Lights""},{""trait_type"":""Hats"",""value"":""Skully Green""}]"
590,5443766,0xca6039339aae4667326b539e969c49cfa335a016de8525ff65ee9f1f37fbae86,"[{""trait_type"":""Backgrounds"",""value"":""Green Crack""},{""trait_type"":""Body"",""value"":""Iron Lungs""},{""trait_type"":""Lips"",""value"":""Stoner""},{""trait_type"":""Eyes"",""value"":""Sheeeesh""},{""trait_type"":""Buds"",""value"":""Smokin Dice""},{""trait_type"":""Hats"",""value"":""Skully Pink""}]"
589,5443765,0x3a5d3fbb9f840bfe8a948c569b1c0871935fa0bb0b646615c075566d0d291c3f,"[{""trait_type"":""Backgrounds"",""value"":""Wedding Cake""},{""trait_type"":""Body"",""value"":""Laughing Hyena""},{""trait_type"":""Lips"",""value"":""Cheeba Smoke""},{""trait_type"":""Eyes"",""value"":""Blazed Blue""},{""trait_type"":""Buds"",""value"":""Blue Dream""},{""trait_type"":""Hats"",""value"":""Skully Yellow""}]"
588,5443764,0xe3d27bcdc0c2d6e1d195d06c2aac80af7d5dbf067ccdbfa194ce0267dd756291,"[{""trait_type"":""Backgrounds"",""value"":""Strawberry Cough""},{""trait_type"":""Body"",""value"":""Herbalist""},{""trait_type"":""Lips"",""value"":""Ganja Smoke Purple Haze""},{""trait_type"":""Eyes"",""value"":""Caught""},{""trait_type"":""Buds"",""value"":""Duck Wit It""},{""trait_type"":""Hats"",""value"":""Im Stoned""}]"
587,5443763,0x5b5a539374220a97c9f0f6b35bec9005417f1e4bdc5ac968a027dc6d0d1854b9,"[{""trait_type"":""Backgrounds"",""value"":""Purple Urkle""},{""trait_type"":""Body"",""value"":""Space Cowboy""},{""trait_type"":""Lips"",""value"":""Cheeba Rising""},{""trait_type"":""Eyes"",""value"":""Ziggy Red""},{""trait_type"":""Buds"",""value"":""MrsK47""},{""trait_type"":""Hats"",""value"":""LogicCap Purple""}]"
586,5443762,0x7675956bfeb32f52c7bcd197fe93ab973c219b033ab543c97ae18a37ff32509e,"[{""trait_type"":""Backgrounds"",""value"":""MAC""},{""trait_type"":""Body"",""value"":""Space Cowboy""},{""trait_type"":""Lips"",""value"":""Woo Woo""},{""trait_type"":""Eyes"",""value"":""Baked Blinkers Grey""},{""trait_type"":""Buds"",""value"":""Duck Wit It""},{""trait_type"":""Hats"",""value"":""Skully Pink""}]"
585,5441131,0xebe4ad6773578123068671aa60a537b9ded8304ebfe6ae4f1abe512fd66de320,"[{""trait_type"":""Backgrounds"",""value"":""Ice Cream Cake""},{""trait_type"":""Body"",""value"":""Iron Lungs""},{""trait_type"":""Lips"",""value"":""Bogart""},{""trait_type"":""Eyes"",""value"":""Blazed Blue""},{""trait_type"":""Buds"",""value"":""MrsK47""},{""trait_type"":""Hats"",""value"":""Im Stoned""}]"
584,5357486,0xf2b33f8f7daa979084bfd5e9510f215aa712c97de97326e4a148cb670e1b6a4f,"[{""trait_type"":""Backgrounds"",""value"":""TrainWreck""},{""trait_type"":""Body"",""value"":""Laughing Hyena""},{""trait_type"":""Lips"",""value"":""Muggle Smirk""},{""trait_type"":""Eyes"",""value"":""PickleBall Purps""},{""trait_type"":""Buds"",""value"":""Northern Lights""},{""trait_type"":""Hats"",""value"":""Shiller""}]"
583,5357485,0xae6a3abee177325f33977d2a8285d3d5e430b437e2c4d8bea47672048aa2cf2c,"[{""trait_type"":""Backgrounds"",""value"":""Zkittlez""},{""trait_type"":""Body"",""value"":""Goodfellow""},{""trait_type"":""Lips"",""value"":""Cheeching""},{""trait_type"":""Eyes"",""value"":""Respecter Me""},{""trait_type"":""Buds"",""value"":""Grape Ape""},{""trait_type"":""Hats"",""value"":""Headband Yellow Blue""}]"
582,5357484,0x1445c54b227abd0d34b95d156c2bdf84f7e31f406b2ee9c24fbf0f723aa44237,"[{""trait_type"":""Backgrounds"",""value"":""Wedding Cake""},{""trait_type"":""Body"",""value"":""High Flyer""},{""trait_type"":""Lips"",""value"":""Sideways""},{""trait_type"":""Eyes"",""value"":""Blazed Green""},{""trait_type"":""Buds"",""value"":""Northern Lights""},{""trait_type"":""Hats"",""value"":""LogicCap Purple""}]"
581,5357483,0x55843883065df654494b108de198f92cef3cef320bec583bc3fcd2732159707b,"[{""trait_type"":""Backgrounds"",""value"":""Gorilla Glue""},{""trait_type"":""Body"",""value"":""Cannabisseur""},{""trait_type"":""Lips"",""value"":""What Happened""},{""trait_type"":""Eyes"",""value"":""Sheeeesh""},{""trait_type"":""Buds"",""value"":""MrsK47""},{""trait_type"":""Hats"",""value"":""Loco Lid Green""}]"
580,5357482,0x66c24cc478ea3c81a6988335dd338c0b6cea7a9f43d9d213e5a4d35b56f7a171,"[{""trait_type"":""Backgrounds"",""value"":""Strawberry Cough""},{""trait_type"":""Body"",""value"":""Laughing Hyena""},{""trait_type"":""Lips"",""value"":""Ganja Smoke Sativa""},{""trait_type"":""Eyes"",""value"":""OnGod Goggles Blue""},{""trait_type"":""Buds"",""value"":""Orange Crush""},{""trait_type"":""Hats"",""value"":""Hot Lava Lid""}]"
579,5357481,0xd813ba356c60143ac8ced34286dff572ac508f9be2ffc037d28b999dcc53a438,"[{""trait_type"":""Backgrounds"",""value"":""White Rhino""},{""trait_type"":""Body"",""value"":""High Flyer""},{""trait_type"":""Lips"",""value"":""Smoke Os Rising""},{""trait_type"":""Eyes"",""value"":""Wylin Out""},{""trait_type"":""Buds"",""value"":""MrsK47""},{""trait_type"":""Hats"",""value"":""Loco Lid Red""}]"
578,5357480,0x35bf9f157ebbf3bba7d63fff07269cff84645abde6ec4bbe17edee8ec79b308a,"[{""trait_type"":""Backgrounds"",""value"":""ChemDog""},{""trait_type"":""Body"",""value"":""Ganjapreneur""},{""trait_type"":""Lips"",""value"":""Woo Woo""},{""trait_type"":""Eyes"",""value"":""Baked Blinkers Grey""},{""trait_type"":""Buds"",""value"":""Golden Ticket""},{""trait_type"":""Hats"",""value"":""Headband Pink Green""}]"
577,5357479,0x8e245d9a6631eeba72d41f56b5b9dfd2ea7a09355d49987f3b897f4769d050a9,"[{""trait_type"":""Backgrounds"",""value"":""Strawberry Cough""},{""trait_type"":""Body"",""value"":""Laughing Hyena""},{""trait_type"":""Lips"",""value"":""Woo Woo""},{""trait_type"":""Eyes"",""value"":""Cannabis Kaleidoscope Suspect""},{""trait_type"":""Buds"",""value"":""MrsK47""},{""trait_type"":""Hats"",""value"":""Headband Yellow Blue""}]"
576,5355640,0x6cf9193cf26966ab5c8dbc0c8e4377227d0128d057ba8f674d31e9b1b57d1ab1,"[{""trait_type"":""Backgrounds"",""value"":""MAC""},{""trait_type"":""Body"",""value"":""Iron Lungs""},{""trait_type"":""Lips"",""value"":""Dona Juanita""},{""trait_type"":""Eyes"",""value"":""Baked Blinkers Purple""},{""trait_type"":""Buds"",""value"":""MrsK47""},{""trait_type"":""Hats"",""value"":""MoonQueen Crown""}]"
575,5355639,0x470db2fd751df15f3c51b632132b5f2fd763541157cf6c8277ee2d81316bda31,"[{""trait_type"":""Backgrounds"",""value"":""GMO Cookies""},{""trait_type"":""Body"",""value"":""Herbivore""},{""trait_type"":""Lips"",""value"":""Rainy Day""},{""trait_type"":""Eyes"",""value"":""Baked Blinkers Grey""},{""trait_type"":""Buds"",""value"":""MrsK47""},{""trait_type"":""Hats"",""value"":""Laughing Lid Green""}]"
574,5350535,0xac30af1b437ba7a113ecadddfd7332b118ec0d88fac8775f2466fb805275ec04,"[{""trait_type"":""Backgrounds"",""value"":""Bubba Kush""},{""trait_type"":""Body"",""value"":""Laughing Hyena""},{""trait_type"":""Lips"",""value"":""Dona Juanita""},{""trait_type"":""Eyes"",""value"":""Baked Blinkers Smokey""},{""trait_type"":""Buds"",""value"":""Northern Lights""},{""trait_type"":""Hats"",""value"":""Im High""}]"
573,5345615,0x63919db09d63891427eee1060284a1dda0a635ad2c07495e6138bf3497916d77,"[{""trait_type"":""Backgrounds"",""value"":""Zkittlez""},{""trait_type"":""Body"",""value"":""High Flyer""},{""trait_type"":""Lips"",""value"":""Sideways""},{""trait_type"":""Eyes"",""value"":""Tech G Goggles""},{""trait_type"":""Buds"",""value"":""SkyWalker""},{""trait_type"":""Hats"",""value"":""Im Stoned""}]"
572,5345614,0xdd6096557ee02ecdc9e8c3efcfcdff3bdefbe36811a707daa2e5e0a6c7821bec,"[{""trait_type"":""Backgrounds"",""value"":""Orange Creamsicle""},{""trait_type"":""Body"",""value"":""Digijoint""},{""trait_type"":""Lips"",""value"":""Bogart""},{""trait_type"":""Eyes"",""value"":""Blazed Green""},{""trait_type"":""Buds"",""value"":""Orange Crush""},{""trait_type"":""Hats"",""value"":""Headband Pink Green""}]"
571,5345613,0xe82d52d264802ec55e891ddcdad5ff607f58ddfe0a184452208036caad7e4a76,"[{""trait_type"":""Backgrounds"",""value"":""Alien OG""},{""trait_type"":""Body"",""value"":""Chiefer""},{""trait_type"":""Lips"",""value"":""Muggle Smirk""},{""trait_type"":""Eyes"",""value"":""PickleBall Purps""},{""trait_type"":""Buds"",""value"":""Orange Crush""},{""trait_type"":""Hats"",""value"":""Skully Yellow""}]"
570,5345482,0x3d69c09b0f8a8a94f5a841f3e6eac373f339e5110450076ad201538728949d85,"[{""trait_type"":""Backgrounds"",""value"":""Mimosa""},{""trait_type"":""Body"",""value"":""Goodfellow""},{""trait_type"":""Lips"",""value"":""Sideways""},{""trait_type"":""Eyes"",""value"":""Mighty Maxxed Out""},{""trait_type"":""Buds"",""value"":""Grape Ape""},{""trait_type"":""Hats"",""value"":""LogicCap Gold""}]"
569,5345245,0x4bd5c2dd4e7091da6d04943853f17c238a42c80cd49f7a2f798175ca8805fc83,"[{""trait_type"":""Backgrounds"",""value"":""Forbidden Fruit""},{""trait_type"":""Body"",""value"":""Herbivore""},{""trait_type"":""Lips"",""value"":""Burning One Down""},{""trait_type"":""Eyes"",""value"":""Baked Blinkers Smokey""},{""trait_type"":""Buds"",""value"":""Grape Ape""},{""trait_type"":""Hats"",""value"":""Skully Yellow""}]"
568,5344797,0x8b74411a28a6448abc57b8d446e7a2acbfdd678d1062f40eea861b907c5c7c23,"[{""trait_type"":""Backgrounds"",""value"":""Wedding Cake""},{""trait_type"":""Body"",""value"":""Herbivore""},{""trait_type"":""Lips"",""value"":""Cheeba Smoke""},{""trait_type"":""Eyes"",""value"":""Blazed Blue""},{""trait_type"":""Buds"",""value"":""Duck Wit It""},{""trait_type"":""Hats"",""value"":""Loco Lid Red""}]"
567,5344796,0x32fc63165caad04f7a6b82e58d85e2674189011ba46d293d521174486e5c8691,"[{""trait_type"":""Backgrounds"",""value"":""Alien OG""},{""trait_type"":""Body"",""value"":""Blastasaurus Rex""},{""trait_type"":""Lips"",""value"":""Smoking Os""},{""trait_type"":""Eyes"",""value"":""PickleBall Purps""},{""trait_type"":""Buds"",""value"":""Purple Kush""},{""trait_type"":""Hats"",""value"":""Skully Yellow""}]"
566,5344795,0xb7e4c496d474ae449337418825fce8992b4005feee7cd20c39a4c3a70a85ab5a,"[{""trait_type"":""Backgrounds"",""value"":""Gushers""},{""trait_type"":""Body"",""value"":""High Flyer""},{""trait_type"":""Lips"",""value"":""Smoking Os""},{""trait_type"":""Eyes"",""value"":""Respecter Me""},{""trait_type"":""Buds"",""value"":""Special K Kush""},{""trait_type"":""Hats"",""value"":""Loco Lid Red""}]"
565,5344794,0x6a591cb2b64f50e971807afdc331d247aa7b8ec6c9b35d6e72a69858ab7a708a,"[{""trait_type"":""Backgrounds"",""value"":""Alien OG""},{""trait_type"":""Body"",""value"":""Laughing Hyena""},{""trait_type"":""Lips"",""value"":""Cheeching""},{""trait_type"":""Eyes"",""value"":""Baked Blinkers Suspect""},{""trait_type"":""Buds"",""value"":""Smokin Dice""},{""trait_type"":""Hats"",""value"":""LogicCap Purple""}]"
564,5344153,0x5d7af28c3a7a7b689b26da4bbf8c5aa90452113c39586d06ce6f8aadd2169811,"[{""trait_type"":""Backgrounds"",""value"":""Gushers""},{""trait_type"":""Body"",""value"":""Laughing Hyena""},{""trait_type"":""Lips"",""value"":""Muggle Smirk""},{""trait_type"":""Eyes"",""value"":""Baked Blinkers Purple""},{""trait_type"":""Buds"",""value"":""Duck Wit It""},{""trait_type"":""Hats"",""value"":""LogicCap Gold""}]"
563,5344152,0x9d0cb766bbcdca5209c9180f9d03a7119a4cc4360a38f2e0234cbf275dc962c0,"[{""trait_type"":""Backgrounds"",""value"":""White Rhino""},{""trait_type"":""Body"",""value"":""Herbivore""},{""trait_type"":""Lips"",""value"":""Ganja Smoke Sativa""},{""trait_type"":""Eyes"",""value"":""Baked Blinkers Suspect""},{""trait_type"":""Buds"",""value"":""Smokin Dice""},{""trait_type"":""Hats"",""value"":""Herbal Hat""}]"
562,5344144,0xfe637f94e2e329d3ac0766a86b5328b837dd2e60dceadb6e0e961a5c7b101d00,"[{""trait_type"":""Backgrounds"",""value"":""GMO Cookies""},{""trait_type"":""Body"",""value"":""Iron Lungs""},{""trait_type"":""Lips"",""value"":""Rainy Day""},{""trait_type"":""Eyes"",""value"":""Sheeeesh""},{""trait_type"":""Buds"",""value"":""Purple Kush""},{""trait_type"":""Hats"",""value"":""Skully Yellow""}]"
561,5344143,0x0cdc2b86764d2b9a347c19aea206c4f7a409acdb1b76a37af3d177b6a6040850,"[{""trait_type"":""Backgrounds"",""value"":""White Rhino""},{""trait_type"":""Body"",""value"":""Laughing Hyena""},{""trait_type"":""Lips"",""value"":""Cheeching""},{""trait_type"":""Eyes"",""value"":""Baked Blinkers Green""},{""trait_type"":""Buds"",""value"":""MrsK47""},{""trait_type"":""Hats"",""value"":""LogicCap Purple""}]"
560,5344121,0x8a5e074af49e376fdce4d5e3b339a84a2c8b2f765f9cdd48410f8ae7df641072,"[{""trait_type"":""Backgrounds"",""value"":""Mimosa""},{""trait_type"":""Body"",""value"":""Chiefer""},{""trait_type"":""Lips"",""value"":""Burning One Down""},{""trait_type"":""Eyes"",""value"":""DogeMau_d""},{""trait_type"":""Buds"",""value"":""Special K Kush""},{""trait_type"":""Hats"",""value"":""Headband Pink Green""}]"
559,5344120,0x1a221b3a640d57edef42759d6b57f554b42178cb4b346650b26acb090e8efffb,"[{""trait_type"":""Backgrounds"",""value"":""Purple Urkle""},{""trait_type"":""Body"",""value"":""Blastasaurus Rex""},{""trait_type"":""Lips"",""value"":""Dona Juanita""},{""trait_type"":""Eyes"",""value"":""Blazed Green""},{""trait_type"":""Buds"",""value"":""Orange Crush""},{""trait_type"":""Hats"",""value"":""Herbal Hat""}]"
558,5344119,0x6d6d2dabf3a4554a1d93cf8d2c4666ea4b1f1f2140ee22274f8c7b583286bc2f,"[{""trait_type"":""Backgrounds"",""value"":""Orange Creamsicle""},{""trait_type"":""Body"",""value"":""Chiefer""},{""trait_type"":""Lips"",""value"":""What Happened""},{""trait_type"":""Eyes"",""value"":""Cannabis Kaleidoscope 3D""},{""trait_type"":""Buds"",""value"":""Golden Ticket""},{""trait_type"":""Hats"",""value"":""Loco Lid Green""}]"
557,5344118,0x63cd5023a8b6093635f336923473aa4f860d3b90770b990201d57c159ddf8449,"[{""trait_type"":""Backgrounds"",""value"":""ChemDog""},{""trait_type"":""Body"",""value"":""Laughing Hyena""},{""trait_type"":""Lips"",""value"":""Ganja Smoke Purple Haze""},{""trait_type"":""Eyes"",""value"":""Shaggy AF""},{""trait_type"":""Buds"",""value"":""Grape Ape""},{""trait_type"":""Hats"",""value"":""Loco Lid Red""}]"
556,5344117,0x0131912eaba3dc1561473dfbc3846d7136f180e20787500f9f9475687da0a828,"[{""trait_type"":""Backgrounds"",""value"":""Hindu Kush""},{""trait_type"":""Body"",""value"":""Cannabisseur""},{""trait_type"":""Lips"",""value"":""Sideways""},{""trait_type"":""Eyes"",""value"":""Ziggy Red""},{""trait_type"":""Buds"",""value"":""MrsK47""},{""trait_type"":""Hats"",""value"":""LogicCap Gold""}]"
555,5344116,0x09b8676c77f2288feea976826746ab30231a8e1eaefdbae5f52db4997f72b600,"[{""trait_type"":""Backgrounds"",""value"":""Green Crack""},{""trait_type"":""Body"",""value"":""Chiefer""},{""trait_type"":""Lips"",""value"":""Stoner""},{""trait_type"":""Eyes"",""value"":""Blazed Blue""},{""trait_type"":""Buds"",""value"":""Orange Crush""},{""trait_type"":""Hats"",""value"":""Shiller""}]"
554,5344115,0x4795ad0cf5d4b3fa9ec0d9efea1856731f9b5b6572274d6ab286cbdb22aa5b95,"[{""trait_type"":""Backgrounds"",""value"":""Hindu Kush""},{""trait_type"":""Body"",""value"":""Sativa""},{""trait_type"":""Lips"",""value"":""Ganja Smoke Sativa""},{""trait_type"":""Eyes"",""value"":""Baked Blinkers Smokey""},{""trait_type"":""Buds"",""value"":""Purple Kush""},{""trait_type"":""Hats"",""value"":""Shiller""}]"
553,5344114,0x695051ccd7b5021c10812d02eb1b6f433a37b3133848f55ed442357de6c5591b,"[{""trait_type"":""Backgrounds"",""value"":""Orange Creamsicle""},{""trait_type"":""Body"",""value"":""Sativa""},{""trait_type"":""Lips"",""value"":""What Happened""},{""trait_type"":""Eyes"",""value"":""Baked Blinkers Grey""},{""trait_type"":""Buds"",""value"":""Orange Crush""},{""trait_type"":""Hats"",""value"":""Im High""}]"
552,5344113,0x53ca09c01539e9299ef729bfe551d2167fd38f8ede2b0a71f6a57c5f67609f99,"[{""trait_type"":""Backgrounds"",""value"":""Orange Creamsicle""},{""trait_type"":""Body"",""value"":""Indica""},{""trait_type"":""Lips"",""value"":""Smoking Os""},{""trait_type"":""Eyes"",""value"":""Tree Wrecked""},{""trait_type"":""Buds"",""value"":""Blue Dream""},{""trait_type"":""Hats"",""value"":""Hot Lava Lid""}]"
551,5344112,0xbeb5ea5952b74cde15957b75ea5a96a5a1a0bd89a3b62d27d6cffdbe6bfcde3a,"[{""trait_type"":""Backgrounds"",""value"":""Slurricane""},{""trait_type"":""Body"",""value"":""Herbalist""},{""trait_type"":""Lips"",""value"":""Cheeching""},{""trait_type"":""Eyes"",""value"":""Cannabis Kaleidoscope Orange""},{""trait_type"":""Buds"",""value"":""SkyWalker""},{""trait_type"":""Hats"",""value"":""LogicCap Purple""}]"
550,5337886,0xe110c63a068b97ec9ec9e71e4225509889ed124dd800f4d4f7ab03ed9cd5286a,"[{""trait_type"":""Backgrounds"",""value"":""Gushers""},{""trait_type"":""Body"",""value"":""Herbivore""},{""trait_type"":""Lips"",""value"":""Ganja Smoke Blue Dream""},{""trait_type"":""Eyes"",""value"":""Baked Blinkers Grey""},{""trait_type"":""Buds"",""value"":""Grape Ape""},{""trait_type"":""Hats"",""value"":""Herbal Hat""}]"
549,5337885,0x8af1cc6a6ad0864dd6627dce185cd512f8ed2ffd0742470bb655cf32c57136b4,"[{""trait_type"":""Backgrounds"",""value"":""Zkittlez""},{""trait_type"":""Body"",""value"":""Herbalist""},{""trait_type"":""Lips"",""value"":""Sideways""},{""trait_type"":""Eyes"",""value"":""Baked Blinkers Grey""},{""trait_type"":""Buds"",""value"":""Golden Ticket""},{""trait_type"":""Hats"",""value"":""Laughing Lid Blue""}]"
548,5336426,0x1f49901c62e0522a9245e8369c5cba5660008fb87a7d57491472c0c200c8c814,"[{""trait_type"":""Backgrounds"",""value"":""GMO Cookies""},{""trait_type"":""Body"",""value"":""Laughing Hyena""},{""trait_type"":""Lips"",""value"":""What Happened""},{""trait_type"":""Eyes"",""value"":""Shaggy AF""},{""trait_type"":""Buds"",""value"":""Special K Kush""},{""trait_type"":""Hats"",""value"":""LogicCap Purple""}]"
547,5336425,0x54c585896bd6a6d157d2613b1417513d185d3751dab24be7dc69465ce8c23780,"[{""trait_type"":""Backgrounds"",""value"":""Green Crack""},{""trait_type"":""Body"",""value"":""Indica""},{""trait_type"":""Lips"",""value"":""Cheeba Rising""},{""trait_type"":""Eyes"",""value"":""Baked Blinkers Green""},{""trait_type"":""Buds"",""value"":""Orange Crush""},{""trait_type"":""Hats"",""value"":""LogicCap Gold""}]"
546,5336345,0x551e1437d2d873e2e17e9fbdbad6676de29b28a3a4e6dd81dcf298193b100f5f,"[{""trait_type"":""Backgrounds"",""value"":""Green Crack""},{""trait_type"":""Body"",""value"":""Blastasaurus Rex""},{""trait_type"":""Lips"",""value"":""Ganja Smoke Purple Haze""},{""trait_type"":""Eyes"",""value"":""Respecter Me""},{""trait_type"":""Buds"",""value"":""Duck Wit It""},{""trait_type"":""Hats"",""value"":""Skully Yellow""}]"
545,5336344,0x817c3dccdf404dd9a99b4667f378a7766e53aa9951a5b1b5e0ef4e507d11168a,"[{""trait_type"":""Backgrounds"",""value"":""TrainWreck""},{""trait_type"":""Body"",""value"":""High Flyer""},{""trait_type"":""Lips"",""value"":""Sideways""},{""trait_type"":""Eyes"",""value"":""Tree Wrecked""},{""trait_type"":""Buds"",""value"":""SkyWalker""},{""trait_type"":""Hats"",""value"":""Shiller""}]"
544,5336343,0x240186aabf816b78058f9644c6370f20cb673e63b4807a2675813e74702dc4c1,"[{""trait_type"":""Backgrounds"",""value"":""Orange Creamsicle""},{""trait_type"":""Body"",""value"":""Herbalist""},{""trait_type"":""Lips"",""value"":""What Happened""},{""trait_type"":""Eyes"",""value"":""DogeMau_d""},{""trait_type"":""Buds"",""value"":""Special K Kush""},{""trait_type"":""Hats"",""value"":""Loco Lid Red""}]"
543,5336305,0xf8226fd2c15b5a507a71048dea9255220e2dbbd3545bb773338f7a49fadecd1c,"[{""trait_type"":""Backgrounds"",""value"":""Hindu Kush""},{""trait_type"":""Body"",""value"":""Blastasaurus Rex""},{""trait_type"":""Lips"",""value"":""Smoking Os""},{""trait_type"":""Eyes"",""value"":""Blazed Green""},{""trait_type"":""Buds"",""value"":""SkyWalker""},{""trait_type"":""Hats"",""value"":""Im Stoned""}]"
542,5334646,0x60614d5db0e705fbba82e9963bdd646f4c7ab7b00c9b97456e4efccae3fef1f7,"[{""trait_type"":""Backgrounds"",""value"":""Alien OG""},{""trait_type"":""Body"",""value"":""Laughing Hyena""},{""trait_type"":""Lips"",""value"":""Smoking Os""},{""trait_type"":""Eyes"",""value"":""PickleBall Purps""},{""trait_type"":""Buds"",""value"":""Northern Lights""},{""trait_type"":""Hats"",""value"":""Hot Lava Lid""}]"
541,5334645,0x6b8103488cbf20071b6aeac552d44a94c07cc04f564473b87d0a152771c12f4f,"[{""trait_type"":""Backgrounds"",""value"":""White Rhino""},{""trait_type"":""Body"",""value"":""Laughing Hyena""},{""trait_type"":""Lips"",""value"":""Rainy Day""},{""trait_type"":""Eyes"",""value"":""Respecter Me""},{""trait_type"":""Buds"",""value"":""MrsK47""},{""trait_type"":""Hats"",""value"":""LogicCap Purple""}]"
540,5334644,0x67dffebbc372c423416baf43633a0b4bc8c81e954011c3c67eeef73c55e9ddff,"[{""trait_type"":""Backgrounds"",""value"":""Do Si Dos""},{""trait_type"":""Body"",""value"":""Sativa""},{""trait_type"":""Lips"",""value"":""Ganja Smoke Purple Haze""},{""trait_type"":""Eyes"",""value"":""Baked Blinkers Smokey""},{""trait_type"":""Buds"",""value"":""MrsK47""},{""trait_type"":""Hats"",""value"":""LogicCap Gold""}]"
539,5334643,0xa10fe9e1b2484bdb815531fba9cdb4dfee0e62dfd26ebe341ce71030ab3b73a4,"[{""trait_type"":""Backgrounds"",""value"":""Forbidden Fruit""},{""trait_type"":""Body"",""value"":""Cannabisseur""},{""trait_type"":""Lips"",""value"":""Ganja Smoke Indica""},{""trait_type"":""Eyes"",""value"":""Red AF""},{""trait_type"":""Buds"",""value"":""MrsK47""},{""trait_type"":""Hats"",""value"":""Hot Lava Lid""}]"
538,5334642,0xc6a2102048b112a72ff5b58a3d1aaefd2a0cd767db28cdf044f4c447aa481a7b,"[{""trait_type"":""Backgrounds"",""value"":""GMO Cookies""},{""trait_type"":""Body"",""value"":""High Flyer""},{""trait_type"":""Lips"",""value"":""Woo Woo""},{""trait_type"":""Eyes"",""value"":""Wylin Out""},{""trait_type"":""Buds"",""value"":""Blue Dream""},{""trait_type"":""Hats"",""value"":""Herbal Hat""}]"
537,5328869,0x47958558edde080350738e6a407a5b2577d4c636657c47a8327c1e389910c513,"[{""trait_type"":""Backgrounds"",""value"":""TrainWreck""},{""trait_type"":""Body"",""value"":""Iron Lungs""},{""trait_type"":""Lips"",""value"":""Cheeba Rising""},{""trait_type"":""Eyes"",""value"":""OnGod Goggles Blue""},{""trait_type"":""Buds"",""value"":""Golden Ticket""},{""trait_type"":""Hats"",""value"":""Im High""}]"
536,5328868,0x9d8c5c0cb13ec3243f141a48ece539adad5d7d5c6eda13bf4d31f5029103e0e7,"[{""trait_type"":""Backgrounds"",""value"":""GMO Cookies""},{""trait_type"":""Body"",""value"":""Indica""},{""trait_type"":""Lips"",""value"":""Smoking Os""},{""trait_type"":""Eyes"",""value"":""Zig Zag Laser Green""},{""trait_type"":""Buds"",""value"":""Grape Ape""},{""trait_type"":""Hats"",""value"":""Laughing Lid Blue""}]"
535,5317971,0xfbef5ea731e4981a9fa3d941bf8b6b80bc1a3cf2b50988320d22d808f65ff3c1,"[{""trait_type"":""Backgrounds"",""value"":""GMO Cookies""},{""trait_type"":""Body"",""value"":""Herbalist""},{""trait_type"":""Lips"",""value"":""Smoke One""},{""trait_type"":""Eyes"",""value"":""Zig Zag Laser Red""},{""trait_type"":""Buds"",""value"":""Orange Crush""},{""trait_type"":""Hats"",""value"":""LogicCap Gold""}]"
534,5317970,0x6c4b0b79a0f226a7a4e48a7e312a25539c663f417c57ca5065c737d0512f66d5,"[{""trait_type"":""Backgrounds"",""value"":""TrainWreck""},{""trait_type"":""Body"",""value"":""Herbivore""},{""trait_type"":""Lips"",""value"":""Cheeching""},{""trait_type"":""Eyes"",""value"":""Ziggy Red""},{""trait_type"":""Buds"",""value"":""Smokin Dice""},{""trait_type"":""Hats"",""value"":""Shiller""}]"
533,5308171,0x4b343afd017cb19aa43204defa9cd5b64ef15b6e67aadb1fc9c3cf37f066eca9,"[{""trait_type"":""Backgrounds"",""value"":""Animal Cookies""},{""trait_type"":""Body"",""value"":""Herbalist""},{""trait_type"":""Lips"",""value"":""Cheeba Rising""},{""trait_type"":""Eyes"",""value"":""Ziggy Red""},{""trait_type"":""Buds"",""value"":""Northern Lights""},{""trait_type"":""Hats"",""value"":""Im Stoned""}]"
532,5308170,0x380b9adc38cc8ca715e33beaa2a9b574a821e685c5b08ccdcf9f9f2798e2f96d,"[{""trait_type"":""Backgrounds"",""value"":""Purple Urkle""},{""trait_type"":""Body"",""value"":""Herbivore""},{""trait_type"":""Lips"",""value"":""Woo Woo""},{""trait_type"":""Eyes"",""value"":""Baked Blinkers Lazy""},{""trait_type"":""Buds"",""value"":""Purple Kush""},{""trait_type"":""Hats"",""value"":""Skully Yellow""}]"
531,5308169,0x8f57f8871934a8ff25802dc0672c94e165202917c4eb69a264d9bcaac3030e3d,"[{""trait_type"":""Backgrounds"",""value"":""Strawberry Cough""},{""trait_type"":""Body"",""value"":""Herbalist""},{""trait_type"":""Lips"",""value"":""What Happened""},{""trait_type"":""Eyes"",""value"":""Zig Zag Laser Green""},{""trait_type"":""Buds"",""value"":""Golden Ticket""},{""trait_type"":""Hats"",""value"":""Skully Green""}]"
530,5308168,0xcfd50670e72785af2dae92b0f0cafe78f9775836dc554e5fdf3d767253b566db,"[{""trait_type"":""Backgrounds"",""value"":""Strawberry Cough""},{""trait_type"":""Body"",""value"":""Iron Lungs""},{""trait_type"":""Lips"",""value"":""Cheeba Smoke""},{""trait_type"":""Eyes"",""value"":""Cannabis Kaleidoscope 3D""},{""trait_type"":""Buds"",""value"":""Special K Kush""},{""trait_type"":""Hats"",""value"":""Hot Lava Lid""}]"
529,5308167,0xb143ea624dae5bbcc399c61244342dc6b748bd8b9f8c730516997ecaaa686824,"[{""trait_type"":""Backgrounds"",""value"":""ChemDog""},{""trait_type"":""Body"",""value"":""Space Cowboy""},{""trait_type"":""Lips"",""value"":""Ganja Smoke Purple Haze""},{""trait_type"":""Eyes"",""value"":""Wylin Out""},{""trait_type"":""Buds"",""value"":""Blue Dream""},{""trait_type"":""Hats"",""value"":""Laughing Lid Blue""}]"
528,5308166,0x76d66bdee0b3a0f0f3e0514d307c5c89ab29d92d2d4b333adcfc87abae8e6a8b,"[{""trait_type"":""Backgrounds"",""value"":""Mimosa""},{""trait_type"":""Body"",""value"":""Space Cowboy""},{""trait_type"":""Lips"",""value"":""Smoke Os Rising""},{""trait_type"":""Eyes"",""value"":""Baked Blinkers Suspect""},{""trait_type"":""Buds"",""value"":""Special K Kush""},{""trait_type"":""Hats"",""value"":""Headband Pink Green""}]"
527,5308165,0x10fe811bf091b2104b557c71db28bc6aa7bd081ce912a086cc49ae79337db4c8,"[{""trait_type"":""Backgrounds"",""value"":""Orange Creamsicle""},{""trait_type"":""Body"",""value"":""Sativa""},{""trait_type"":""Lips"",""value"":""Cheeba Smoke""},{""trait_type"":""Eyes"",""value"":""Mighty Maxxed Out""},{""trait_type"":""Buds"",""value"":""Special K Kush""},{""trait_type"":""Hats"",""value"":""Diamond Verse Blue""}]"
526,5308164,0x1e32804ce295f8400414f5a0b23a4cd2e1c7744b9d7e6076aaa533e2d439c9fd,"[{""trait_type"":""Backgrounds"",""value"":""Zkittlez""},{""trait_type"":""Body"",""value"":""Goodfellow""},{""trait_type"":""Lips"",""value"":""Smoke Os Rising""},{""trait_type"":""Eyes"",""value"":""Blazed Blue""},{""trait_type"":""Buds"",""value"":""Special K Kush""},{""trait_type"":""Hats"",""value"":""Im Stoned""}]"
525,5308163,0x969d7223d1780ec2701f87aadfe82aa4e7f87b02c79a98b73a73fe30e9c15b8a,"[{""trait_type"":""Backgrounds"",""value"":""Wedding Cake""},{""trait_type"":""Body"",""value"":""Ganjapreneur""},{""trait_type"":""Lips"",""value"":""Smoke One""},{""trait_type"":""Eyes"",""value"":""Sheeeesh""},{""trait_type"":""Buds"",""value"":""Smokin Dice""},{""trait_type"":""Hats"",""value"":""Herbal Hat""}]"
524,5308160,0x94ff674894a5ad9017bab3ef305624e60145ec188c7be0498350dfcf8601c99d,"[{""trait_type"":""Backgrounds"",""value"":""Slurricane""},{""trait_type"":""Body"",""value"":""Indica""},{""trait_type"":""Lips"",""value"":""Rainy Day""},{""trait_type"":""Eyes"",""value"":""DogeMau_d""},{""trait_type"":""Buds"",""value"":""Grape Ape""},{""trait_type"":""Hats"",""value"":""LogicCap Purple""}]"
523,5305266,0x4836ff754b93845dffa7e14432370336fb5bc01305cfe0ee31bddf98ed8fc107,"[{""trait_type"":""Backgrounds"",""value"":""Forbidden Fruit""},{""trait_type"":""Body"",""value"":""Cannabisseur""},{""trait_type"":""Lips"",""value"":""Smoke One""},{""trait_type"":""Eyes"",""value"":""Baked Blinkers Smokey""},{""trait_type"":""Buds"",""value"":""Blue Dream""},{""trait_type"":""Hats"",""value"":""Skully Pink""}]"
522,5222296,0xcc62b73179c150ac8edbb4744a60d12a6288c95e553a70be7ec54661787594ef,"[{""trait_type"":""Backgrounds"",""value"":""Wedding Cake""},{""trait_type"":""Body"",""value"":""Chiefer""},{""trait_type"":""Lips"",""value"":""Smoke Os Rising""},{""trait_type"":""Eyes"",""value"":""Zig Zag Laser Red""},{""trait_type"":""Buds"",""value"":""Special K Kush""},{""trait_type"":""Hats"",""value"":""Skully Pink""}]"
521,5222295,0xfa541e60adcd8842aa791abd4be441792d7f91e5f84790ad051aa372050db3a3,"[{""trait_type"":""Backgrounds"",""value"":""ChemDog""},{""trait_type"":""Body"",""value"":""Sativa""},{""trait_type"":""Lips"",""value"":""Ganja Smoke Purple Haze""},{""trait_type"":""Eyes"",""value"":""Tree Wrecked""},{""trait_type"":""Buds"",""value"":""MrsK47""},{""trait_type"":""Hats"",""value"":""Skully Yellow""}]"
520,5165274,0x0cd7d78b4f887cda766cc445cdfa30fcc066af038404b95fa3ca46ac2640ab65,"[{""trait_type"":""Backgrounds"",""value"":""TrainWreck""},{""trait_type"":""Body"",""value"":""Indica""},{""trait_type"":""Lips"",""value"":""Burning One Down""},{""trait_type"":""Eyes"",""value"":""DogeMau_d""},{""trait_type"":""Buds"",""value"":""Purple Kush""},{""trait_type"":""Hats"",""value"":""Headband Pink Green""}]"
519,5165273,0x312761ce31350c1051e7fa6d51982a3c37acd65edb595a2a93334bb4485190ef,"[{""trait_type"":""Backgrounds"",""value"":""Bubba Kush""},{""trait_type"":""Body"",""value"":""Herbalist""},{""trait_type"":""Lips"",""value"":""Bogart""},{""trait_type"":""Eyes"",""value"":""Baked Blinkers Smokey""},{""trait_type"":""Buds"",""value"":""SkyWalker""},{""trait_type"":""Hats"",""value"":""Skully Green""}]"
518,5031876,0xc2682f68898c25400034c4d57dfb4976b05be9e712f6423459311be7f1e569b3,"[{""trait_type"":""Backgrounds"",""value"":""Green Crack""},{""trait_type"":""Body"",""value"":""Cannabisseur""},{""trait_type"":""Lips"",""value"":""Burning One Down""},{""trait_type"":""Eyes"",""value"":""Baked Blinkers Smokey""},{""trait_type"":""Buds"",""value"":""Golden Ticket""},{""trait_type"":""Hats"",""value"":""Laughing Lid Blue""}]"
517,5031771,0x60ba05771ebcafe18d96fbc0ab9ab3abc267c9bfef529997405857b3c541052e,"[{""trait_type"":""Backgrounds"",""value"":""White Rhino""},{""trait_type"":""Body"",""value"":""Ganjapreneur""},{""trait_type"":""Lips"",""value"":""Bogart""},{""trait_type"":""Eyes"",""value"":""Blazed Green""},{""trait_type"":""Buds"",""value"":""Purple Kush""},{""trait_type"":""Hats"",""value"":""Loco Lid Red""}]"
516,4257030,0x06f4119c3fbd2e82bc64702d7a222a9189519f7f336b440e29ce295afa12b721,"[{""trait_type"":""Backgrounds"",""value"":""LA Confidential""},{""trait_type"":""Body"",""value"":""Iron Lungs""},{""trait_type"":""Lips"",""value"":""Bogart""},{""trait_type"":""Eyes"",""value"":""Baked Blinkers Suspect""},{""trait_type"":""Buds"",""value"":""SkyWalker""},{""trait_type"":""Hats"",""value"":""Laughing Lid Blue""}]"
515,4257023,0xf9df14e7992a557454f89f089a60d60d8a50c99ad651d1359484e6e80e1fb15f,"[{""trait_type"":""Backgrounds"",""value"":""Alien OG""},{""trait_type"":""Body"",""value"":""Sativa""},{""trait_type"":""Lips"",""value"":""Dona Juanita""},{""trait_type"":""Eyes"",""value"":""Cannabis Kaleidoscope Suspect""},{""trait_type"":""Buds"",""value"":""Orange Crush""},{""trait_type"":""Hats"",""value"":""Herbal Hat""}]"
514,4257004,0x8b0db1544d97f395bc9ed2a8bc2024c82d0c7aaa5ea87cdb80d64dd251043cd1,"[{""trait_type"":""Backgrounds"",""value"":""White Rhino""},{""trait_type"":""Body"",""value"":""Laughing Hyena""},{""trait_type"":""Lips"",""value"":""Cheeba Rising""},{""trait_type"":""Eyes"",""value"":""Baked Blinkers Suspect""},{""trait_type"":""Buds"",""value"":""Grape Ape""},{""trait_type"":""Hats"",""value"":""Headband Yellow Blue""}]"
513,4257003,0x07f84a73191e08e31f5ef2a8b9ea167dd3f4a3a5e0c9f0aa12c915f9d505607b,"[{""trait_type"":""Backgrounds"",""value"":""MAC""},{""trait_type"":""Body"",""value"":""Goodfellow""},{""trait_type"":""Lips"",""value"":""Sideways""},{""trait_type"":""Eyes"",""value"":""Wylin Out""},{""trait_type"":""Buds"",""value"":""Special K Kush""},{""trait_type"":""Hats"",""value"":""Skully Green""}]"
512,4127652,0xcea1c9e64ece4ae5284e8c33b96b564c86705fcdc792e0b3c97122a5af4ea31b,"[{""trait_type"":""Backgrounds"",""value"":""Alien OG""},{""trait_type"":""Body"",""value"":""Sativa""},{""trait_type"":""Lips"",""value"":""Woo Woo""},{""trait_type"":""Eyes"",""value"":""Baked Blinkers Purple""},{""trait_type"":""Buds"",""value"":""Purple Kush""},{""trait_type"":""Hats"",""value"":""Skully Green""}]"
511,4127651,0x089406f1925b0a6c304dea69620dc6410bf44f81629bd633028b5af43f139548,"[{""trait_type"":""Backgrounds"",""value"":""Gushers""},{""trait_type"":""Body"",""value"":""High Flyer""},{""trait_type"":""Lips"",""value"":""Cheeba Rising""},{""trait_type"":""Eyes"",""value"":""Baked Blinkers Suspect""},{""trait_type"":""Buds"",""value"":""Special K Kush""},{""trait_type"":""Hats"",""value"":""Headband Yellow Blue""}]"
510,4122098,0x3c8d02e501bd5c9f03a565b3947baebbf89a92d626a035225d1406cc721ae407,"[{""trait_type"":""Backgrounds"",""value"":""Orange Creamsicle""},{""trait_type"":""Body"",""value"":""Herbivore""},{""trait_type"":""Lips"",""value"":""Ganja Smoke Sativa""},{""trait_type"":""Eyes"",""value"":""Sheeeesh""},{""trait_type"":""Buds"",""value"":""MrsK47""},{""trait_type"":""Hats"",""value"":""Im Stoned""}]"
509,4122097,0x418120d0b2bcde5d8684b2d2bfe873da534f85d3b63c4d6ea9fc3e84cb9ea647,"[{""trait_type"":""Backgrounds"",""value"":""Slurricane""},{""trait_type"":""Body"",""value"":""Blastasaurus Rex""},{""trait_type"":""Lips"",""value"":""Cheeba Smoke""},{""trait_type"":""Eyes"",""value"":""Baked Blinkers Suspect""},{""trait_type"":""Buds"",""value"":""Smokin Dice""},{""trait_type"":""Hats"",""value"":""Loco Lid Green""}]"
508,4122096,0xa9e3e5b80b59f1892114c43d61a9fe786187d4f255c4699ad73fbbfcc8294057,"[{""trait_type"":""Backgrounds"",""value"":""TrainWreck""},{""trait_type"":""Body"",""value"":""Indica""},{""trait_type"":""Lips"",""value"":""Ganja Smoke Indica""},{""trait_type"":""Eyes"",""value"":""Baked Blinkers Smokey""},{""trait_type"":""Buds"",""value"":""Purple Kush""},{""trait_type"":""Hats"",""value"":""LogicCap Purple""}]"
507,4122095,0x69faa58015a6451b4a9fd5299a4fb44e471b9f1c1d976d4672242ab119a656e8,"[{""trait_type"":""Backgrounds"",""value"":""MAC""},{""trait_type"":""Body"",""value"":""Laughing Hyena""},{""trait_type"":""Lips"",""value"":""Stoner""},{""trait_type"":""Eyes"",""value"":""Cannabis Kaleidoscope 3D""},{""trait_type"":""Buds"",""value"":""SkyWalker""},{""trait_type"":""Hats"",""value"":""MoonQueen Crown""}]"
506,4122094,0x940248a262123cc8d9cd92f9d32b399312b3bbb3030add787046021816e4646d,"[{""trait_type"":""Backgrounds"",""value"":""GMO Cookies""},{""trait_type"":""Body"",""value"":""Cannabisseur""},{""trait_type"":""Lips"",""value"":""Cheeba Rising""},{""trait_type"":""Eyes"",""value"":""Ziggy Red""},{""trait_type"":""Buds"",""value"":""Special K Kush""},{""trait_type"":""Hats"",""value"":""Headband Yellow Blue""}]"
505,4122093,0xce02c2f10a168d680b6eb1f3543248b8cfde1d49d895aa2b7c2ccdd9b83ae315,"[{""trait_type"":""Backgrounds"",""value"":""Alien OG""},{""trait_type"":""Body"",""value"":""Iron Lungs""},{""trait_type"":""Lips"",""value"":""Muggle Smirk""},{""trait_type"":""Eyes"",""value"":""Blazed Blue""},{""trait_type"":""Buds"",""value"":""Blue Dream""},{""trait_type"":""Hats"",""value"":""Skully Pink""}]"
504,4122092,0xb3cb7109c440957ea7f2b9eb2abe68e185523a61068a9e8f021759a449bfa8c8,"[{""trait_type"":""Backgrounds"",""value"":""Purple Urkle""},{""trait_type"":""Body"",""value"":""Space Cowboy""},{""trait_type"":""Lips"",""value"":""Cheeba Rising""},{""trait_type"":""Eyes"",""value"":""Baked Blinkers Green""},{""trait_type"":""Buds"",""value"":""Blue Dream""},{""trait_type"":""Hats"",""value"":""Laughing Lid Green""}]"
503,4119497,0xcf4924647e284a05c78bac03cf8f52a47fb398219425d73379b672466c6dd8d8,"[{""trait_type"":""Backgrounds"",""value"":""Gorilla Glue""},{""trait_type"":""Body"",""value"":""Chiefer""},{""trait_type"":""Lips"",""value"":""Sissy Lips""},{""trait_type"":""Eyes"",""value"":""Tech G Goggles""},{""trait_type"":""Buds"",""value"":""Grape Ape""},{""trait_type"":""Hats"",""value"":""Shiller""}]"
502,4119496,0x5312c1040a7f601d36cf70211ba7247f006f323c6e2a0e62aa2fc868fe02f2ed,"[{""trait_type"":""Backgrounds"",""value"":""Bubba Kush""},{""trait_type"":""Body"",""value"":""High Flyer""},{""trait_type"":""Lips"",""value"":""Woo Woo""},{""trait_type"":""Eyes"",""value"":""DogeMau_d""},{""trait_type"":""Buds"",""value"":""Smokin Dice""},{""trait_type"":""Hats"",""value"":""Skully Pink""}]"
501,4119214,0x449dd768a7fc8b8fb8bf78a60f52b16e167cb541c68fc65040c525fe07828237,"[{""trait_type"":""Backgrounds"",""value"":""Gushers""},{""trait_type"":""Body"",""value"":""Iron Lungs""},{""trait_type"":""Lips"",""value"":""Woo Woo""},{""trait_type"":""Eyes"",""value"":""Baked Blinkers Grey""},{""trait_type"":""Buds"",""value"":""Duck Wit It""},{""trait_type"":""Hats"",""value"":""Headband Yellow Blue""}]"
500,4118693,0xb9937ff75ecd8ace4b833901f710df3552388a9fff82316484aad239a02c78a8,"[{""trait_type"":""Backgrounds"",""value"":""Orange Creamsicle""},{""trait_type"":""Body"",""value"":""Ganjapreneur""},{""trait_type"":""Lips"",""value"":""Burning One Down""},{""trait_type"":""Eyes"",""value"":""Blazed Blue""},{""trait_type"":""Buds"",""value"":""Purple Kush""},{""trait_type"":""Hats"",""value"":""LogicCap Gold""}]"
499,4118692,0xd4f513766018dcfddf2b4f14f6666ab93d4a260a92cce06e1a5fe11e6bf14768,"[{""trait_type"":""Backgrounds"",""value"":""Zkittlez""},{""trait_type"":""Body"",""value"":""Chiefer""},{""trait_type"":""Lips"",""value"":""Bogart""},{""trait_type"":""Eyes"",""value"":""Wylin Out""},{""trait_type"":""Buds"",""value"":""Duck Wit It""},{""trait_type"":""Hats"",""value"":""Headband Yellow Blue""}]"
498,4118691,0xad758fb1594066d6a6ebed5165f6950c3c207cc3a0307b567e075ee2bd55b65b,"[{""trait_type"":""Backgrounds"",""value"":""White Rhino""},{""trait_type"":""Body"",""value"":""Goodfellow""},{""trait_type"":""Lips"",""value"":""Cheeching""},{""trait_type"":""Eyes"",""value"":""Zig Zag Laser Green""},{""trait_type"":""Buds"",""value"":""Special K Kush""},{""trait_type"":""Hats"",""value"":""LogicCap Purple""}]"
497,4118690,0x4be8bf43faa43dc92728c884970ff59f517d772d97841e97f0a4672ec5457f30,"[{""trait_type"":""Backgrounds"",""value"":""MAC""},{""trait_type"":""Body"",""value"":""Iron Lungs""},{""trait_type"":""Lips"",""value"":""What Happened""},{""trait_type"":""Eyes"",""value"":""Shaggy AF""},{""trait_type"":""Buds"",""value"":""Golden Ticket""},{""trait_type"":""Hats"",""value"":""Herbal Hat""}]"
496,4118689,0x50e3e8036f0cd9650357436d2253799fbe54ad9da6762623d9a23d95eaf0fe4f,"[{""trait_type"":""Backgrounds"",""value"":""Forbidden Fruit""},{""trait_type"":""Body"",""value"":""Goodfellow""},{""trait_type"":""Lips"",""value"":""Cheeba Smoke""},{""trait_type"":""Eyes"",""value"":""Baked Blinkers Green""},{""trait_type"":""Buds"",""value"":""Blue Dream""},{""trait_type"":""Hats"",""value"":""Skully Pink""}]"
495,4118609,0x2d4750642126a0055f5e9ed07c47f1047fc10654b27e5aba25d3f9aa0856bc58,"[{""trait_type"":""Backgrounds"",""value"":""Alien OG""},{""trait_type"":""Body"",""value"":""High Flyer""},{""trait_type"":""Lips"",""value"":""Stoner""},{""trait_type"":""Eyes"",""value"":""DogeMau_d""},{""trait_type"":""Buds"",""value"":""Special K Kush""},{""trait_type"":""Hats"",""value"":""Shiller""}]"
494,4118608,0xf2e140c00ec3756afb909464cd45ae2f03981e2af6bdb80047e2515714d972a8,"[{""trait_type"":""Backgrounds"",""value"":""GMO Cookies""},{""trait_type"":""Body"",""value"":""Iron Lungs""},{""trait_type"":""Lips"",""value"":""Smoking Os""},{""trait_type"":""Eyes"",""value"":""Sheeeesh""},{""trait_type"":""Buds"",""value"":""Grape Ape""},{""trait_type"":""Hats"",""value"":""LogicCap Gold""}]"
493,4118092,0xf8c30fa8295b05abd2f8301ae75e3db5b7fc6f0facf990e98bf3c4f074285a2c,"[{""trait_type"":""Backgrounds"",""value"":""Purple Urkle""},{""trait_type"":""Body"",""value"":""Iron Lungs""},{""trait_type"":""Lips"",""value"":""Dona Juanita""},{""trait_type"":""Eyes"",""value"":""Baked Blinkers Grey""},{""trait_type"":""Buds"",""value"":""SkyWalker""},{""trait_type"":""Hats"",""value"":""Im High""}]"
492,4118091,0x2343bf86b3add8010e4180b49425df0aa0bcd9cca0db5c7c97baef8778950cb4,"[{""trait_type"":""Backgrounds"",""value"":""White Rhino""},{""trait_type"":""Body"",""value"":""Blastasaurus Rex""},{""trait_type"":""Lips"",""value"":""Ganja Smoke Sativa""},{""trait_type"":""Eyes"",""value"":""Shaggy AF""},{""trait_type"":""Buds"",""value"":""Golden Ticket""},{""trait_type"":""Hats"",""value"":""LogicCap Purple""}]"
491,4105759,0xe177f5c707eccff3cbaaeca401595d378f9dd620c879d38d38c2ceafdde299bf,"[{""trait_type"":""Backgrounds"",""value"":""TrainWreck""},{""trait_type"":""Body"",""value"":""Cannabisseur""},{""trait_type"":""Lips"",""value"":""Smoke One""},{""trait_type"":""Eyes"",""value"":""Cannabis Kaleidoscope Green""},{""trait_type"":""Buds"",""value"":""MrsK47""},{""trait_type"":""Hats"",""value"":""Loco Lid Red""}]"
490,4105150,0x350b256eaac1a9f00450131fbd202b4e6c0ae49a854c086d052bd87827d6cc5b,"[{""trait_type"":""Backgrounds"",""value"":""Mimosa""},{""trait_type"":""Body"",""value"":""Dubie""},{""trait_type"":""Lips"",""value"":""Cheeba Smoke""},{""trait_type"":""Eyes"",""value"":""Cannabis Kaleidoscope 3D""},{""trait_type"":""Buds"",""value"":""Orange Crush""},{""trait_type"":""Hats"",""value"":""Laughing Lid Green""}]"
489,4105145,0xabc23306f1b03cd4ab125755d005326d5197c6f227841bb7f284520ed83debcd,"[{""trait_type"":""Backgrounds"",""value"":""Forbidden Fruit""},{""trait_type"":""Body"",""value"":""Indica""},{""trait_type"":""Lips"",""value"":""Cheeba Smoke""},{""trait_type"":""Eyes"",""value"":""Red AF""},{""trait_type"":""Buds"",""value"":""Grape Ape""},{""trait_type"":""Hats"",""value"":""Laughing Lid Green""}]"
488,4105086,0xec222caa5c6ed7a6a694eb3968f800e4ec5a497b008d95a0666a926f892ce1d0,"[{""trait_type"":""Backgrounds"",""value"":""Zkittlez""},{""trait_type"":""Body"",""value"":""Cannabisseur""},{""trait_type"":""Lips"",""value"":""Stoner""},{""trait_type"":""Eyes"",""value"":""Baked Blinkers Suspect""},{""trait_type"":""Buds"",""value"":""Duck Wit It""},{""trait_type"":""Hats"",""value"":""Skully Pink""}]"
487,4104968,0x566aec48404a1eeab2ab4168f539cdc8a1d6836966b92400a84f9d6761dc1128,"[{""trait_type"":""Backgrounds"",""value"":""Alien OG""},{""trait_type"":""Body"",""value"":""Cannabisseur""},{""trait_type"":""Lips"",""value"":""Cheeching""},{""trait_type"":""Eyes"",""value"":""Shaggy AF""},{""trait_type"":""Buds"",""value"":""Northern Lights""},{""trait_type"":""Hats"",""value"":""LogicCap Gold""}]"
486,4104941,0x60c7f42c0105c4eb3431937b0f7207f20661c6c04b9c1c55b43edb101285ce7b,"[{""trait_type"":""Backgrounds"",""value"":""Alien OG""},{""trait_type"":""Body"",""value"":""Herbivore""},{""trait_type"":""Lips"",""value"":""Ganja Smoke Sativa""},{""trait_type"":""Eyes"",""value"":""Wylin Out""},{""trait_type"":""Buds"",""value"":""SkyWalker""},{""trait_type"":""Hats"",""value"":""Herbal Hat""}]"
485,4101806,0x2fbf3c3cab81ac464326b727d63907c86497453fed795631590275ec58d6dda6,"[{""trait_type"":""Backgrounds"",""value"":""Forbidden Fruit""},{""trait_type"":""Body"",""value"":""Chiefer""},{""trait_type"":""Lips"",""value"":""Sissy Lips""},{""trait_type"":""Eyes"",""value"":""Baked Blinkers Suspect""},{""trait_type"":""Buds"",""value"":""Special K Kush""},{""trait_type"":""Hats"",""value"":""Laughing Lid Green""}]"
484,4088484,0xf74e34841ee1292909fcd551fe30c7b3da63df0d0e6256b0434b9e529a677ec5,"[{""trait_type"":""Backgrounds"",""value"":""Alien OG""},{""trait_type"":""Body"",""value"":""Ganjapreneur""},{""trait_type"":""Lips"",""value"":""Smoke Os Rising""},{""trait_type"":""Eyes"",""value"":""PickleBall Purps""},{""trait_type"":""Buds"",""value"":""Orange Crush""},{""trait_type"":""Hats"",""value"":""Loco Lid Green""}]"
483,4084995,0x10d20dc0b6e9f4b8aeed030b49f66f290b0222aa3494d659acd7d731edcc498c,"[{""trait_type"":""Backgrounds"",""value"":""Alien OG""},{""trait_type"":""Body"",""value"":""Indica""},{""trait_type"":""Lips"",""value"":""Cheeching""},{""trait_type"":""Eyes"",""value"":""DogeMau_d""},{""trait_type"":""Buds"",""value"":""MrsK47""},{""trait_type"":""Hats"",""value"":""Headband Yellow Blue""}]"
482,4083199,0xdfdd8c52df1a23d4b3b521859d4dac6b22d9a6a0d935bdc33d1dad555c239be4,"[{""trait_type"":""Backgrounds"",""value"":""White Rhino""},{""trait_type"":""Body"",""value"":""Laughing Hyena""},{""trait_type"":""Lips"",""value"":""Bogart""},{""trait_type"":""Eyes"",""value"":""Baked Blinkers Purple""},{""trait_type"":""Buds"",""value"":""Special K Kush""},{""trait_type"":""Hats"",""value"":""Loco Lid Red""}]"
481,4083159,0xc9e69fe5be695d483b10cdc0e637578a7a0cb189aaf3596d4918766e4e9c1e12,"[{""trait_type"":""Backgrounds"",""value"":""Zkittlez""},{""trait_type"":""Body"",""value"":""Herbalist""},{""trait_type"":""Lips"",""value"":""Cheeching""},{""trait_type"":""Eyes"",""value"":""Caught""},{""trait_type"":""Buds"",""value"":""Purple Kush""},{""trait_type"":""Hats"",""value"":""Loco Lid Green""}]"
480,4082937,0xe082c01df169dc0fe3484ce963c5c3e4adfc9c5c1074932059340cd6444dbe54,"[{""trait_type"":""Backgrounds"",""value"":""Green Crack""},{""trait_type"":""Body"",""value"":""Iron Lungs""},{""trait_type"":""Lips"",""value"":""Sideways""},{""trait_type"":""Eyes"",""value"":""Wylin Out""},{""trait_type"":""Buds"",""value"":""Orange Crush""},{""trait_type"":""Hats"",""value"":""Laughing Lid Green""}]"
479,4082480,0x7d18bbd4120469bebc8c1eb716847a466615ada0d42c8c6bbfb9f24f759044c3,"[{""trait_type"":""Backgrounds"",""value"":""TrainWreck""},{""trait_type"":""Body"",""value"":""Sativa""},{""trait_type"":""Lips"",""value"":""Sideways""},{""trait_type"":""Eyes"",""value"":""Cannabis Kaleidoscope Green""},{""trait_type"":""Buds"",""value"":""Golden Ticket""},{""trait_type"":""Hats"",""value"":""Skully Green""}]"
478,4082479,0x1ca12018f796d95afa6f3928acc4211cfaac586d6596346cd263795505e3824b,"[{""trait_type"":""Backgrounds"",""value"":""9 Pound Hammer""},{""trait_type"":""Body"",""value"":""High Flyer""},{""trait_type"":""Lips"",""value"":""Dona Juanita""},{""trait_type"":""Eyes"",""value"":""Blazed Green""},{""trait_type"":""Buds"",""value"":""SkyWalker""},{""trait_type"":""Hats"",""value"":""His Grace Crown""}]"
477,4082478,0x26b2346d87087116858d72353baa0b47e33c92c12e272e592da41df4e8e16824,"[{""trait_type"":""Backgrounds"",""value"":""Hindu Kush""},{""trait_type"":""Body"",""value"":""Cannabisseur""},{""trait_type"":""Lips"",""value"":""Cheeching""},{""trait_type"":""Eyes"",""value"":""Ziggy Red""},{""trait_type"":""Buds"",""value"":""Orange Crush""},{""trait_type"":""Hats"",""value"":""LogicCap Purple""}]"
476,4073849,0xd95e33941d12b8685802f93d7ea03143f15bc1c324e7bf8a27dcf5193d49d5fb,"[{""trait_type"":""Backgrounds"",""value"":""Do Si Dos""},{""trait_type"":""Body"",""value"":""Enlightened""},{""trait_type"":""Lips"",""value"":""Dona Juanita""},{""trait_type"":""Eyes"",""value"":""Baked Blinkers Smokey""},{""trait_type"":""Buds"",""value"":""Smokin Dice""},{""trait_type"":""Hats"",""value"":""Im Stoned""}]"
475,4073844,0x691a045351bd2e58f3465f0e02f4cb29ff21e9c14fe1bd66e2bffc544cdb81e7,"[{""trait_type"":""Backgrounds"",""value"":""Wedding Cake""},{""trait_type"":""Body"",""value"":""Herbalist""},{""trait_type"":""Lips"",""value"":""Burning One Down""},{""trait_type"":""Eyes"",""value"":""Mighty Maxxed Out""},{""trait_type"":""Buds"",""value"":""Duck Wit It""},{""trait_type"":""Hats"",""value"":""Muzik Vibes""}]"
474,4073843,0x877e11485281d317af64f2b570078e9f00fbef2c3625d6b576d04f3949d8d9d1,"[{""trait_type"":""Backgrounds"",""value"":""Bubba Kush""},{""trait_type"":""Body"",""value"":""Herbalist""},{""trait_type"":""Lips"",""value"":""What Happened""},{""trait_type"":""Eyes"",""value"":""DogeMau_d""},{""trait_type"":""Buds"",""value"":""SkyWalker""},{""trait_type"":""Hats"",""value"":""Headband Yellow Blue""}]"
473,4073842,0x6bd05389d4e4324313203cb7310764cb9e700dbe57b420f2cf3b42313e895ce6,"[{""trait_type"":""Backgrounds"",""value"":""Do Si Dos""},{""trait_type"":""Body"",""value"":""Blastasaurus Rex""},{""trait_type"":""Lips"",""value"":""Cheeba Smoke""},{""trait_type"":""Eyes"",""value"":""Zig Zag Laser Red""},{""trait_type"":""Buds"",""value"":""SkyWalker""},{""trait_type"":""Hats"",""value"":""Im High""}]"
472,4073841,0x5fffa0910085614daacc1b5cc01414b190bcd361ea839a5dc5c384794f2e9c12,"[{""trait_type"":""Backgrounds"",""value"":""Alien OG""},{""trait_type"":""Body"",""value"":""Herbivore""},{""trait_type"":""Lips"",""value"":""Burning One Down""},{""trait_type"":""Eyes"",""value"":""Sheeeesh""},{""trait_type"":""Buds"",""value"":""Duck Wit It""},{""trait_type"":""Hats"",""value"":""Skully Yellow""}]"
471,4073840,0xc9fba163ff64e8a7f38466a882ccc8a422fd4fbd006a5eb06fd6e5294f8cc59d,"[{""trait_type"":""Backgrounds"",""value"":""TrainWreck""},{""trait_type"":""Body"",""value"":""Indica""},{""trait_type"":""Lips"",""value"":""Smoking Os""},{""trait_type"":""Eyes"",""value"":""DogeMau_d""},{""trait_type"":""Buds"",""value"":""Smokin Dice""},{""trait_type"":""Hats"",""value"":""Laughing Lid Blue""}]"
470,4073839,0xbc857297f012b7a76e5b27490fde75fc534f7b7aa1290eabc470c264a647f4af,"[{""trait_type"":""Backgrounds"",""value"":""Purple Urkle""},{""trait_type"":""Body"",""value"":""Iron Lungs""},{""trait_type"":""Lips"",""value"":""Muggle Smirk""},{""trait_type"":""Eyes"",""value"":""Infused Optics Blue""},{""trait_type"":""Buds"",""value"":""Duck Wit It""},{""trait_type"":""Hats"",""value"":""Laughing Lid Green""}]"
469,4073838,0xd02c82b7b3d0a8cc05dfe78e4f5bbf326b254749e9e490ea0c5e86eb9c1653d8,"[{""trait_type"":""Backgrounds"",""value"":""Gorilla Glue""},{""trait_type"":""Body"",""value"":""High Flyer""},{""trait_type"":""Lips"",""value"":""Muggle Smirk""},{""trait_type"":""Eyes"",""value"":""Respecter Me""},{""trait_type"":""Buds"",""value"":""Special K Kush""},{""trait_type"":""Hats"",""value"":""Headband Pink Green""}]"
468,4073837,0xffe454a7febdb87d44cb02e001008bb26fc9d3eb04c7679d8eb9d2d7761d7701,"[{""trait_type"":""Backgrounds"",""value"":""Hindu Kush""},{""trait_type"":""Body"",""value"":""Herbivore""},{""trait_type"":""Lips"",""value"":""Muggle Smirk""},{""trait_type"":""Eyes"",""value"":""PickleBall Purps""},{""trait_type"":""Buds"",""value"":""Smokin Dice""},{""trait_type"":""Hats"",""value"":""Laughing Lid Blue""}]"
467,4073836,0x45a2dd6fe68e5a3996bd80e37ef408dbff3f9ddbb26cbd3c04901ed022e4d10b,"[{""trait_type"":""Backgrounds"",""value"":""Green Crack""},{""trait_type"":""Body"",""value"":""Iron Lungs""},{""trait_type"":""Lips"",""value"":""Cheeba Rising""},{""trait_type"":""Eyes"",""value"":""Respecter Me""},{""trait_type"":""Buds"",""value"":""Special K Kush""},{""trait_type"":""Hats"",""value"":""Skully Pink""}]"
466,4073835,0x53d205398ce802514cfdf945b1b88592162bd745bb17d0bb3f2d5dbe8ffab690,"[{""trait_type"":""Backgrounds"",""value"":""TrainWreck""},{""trait_type"":""Body"",""value"":""Blastasaurus Rex""},{""trait_type"":""Lips"",""value"":""Sideways""},{""trait_type"":""Eyes"",""value"":""Baked Blinkers Suspect""},{""trait_type"":""Buds"",""value"":""Blue Dream""},{""trait_type"":""Hats"",""value"":""Shiller""}]"
465,4073834,0xa29ea5dd790a3b3955cab859b66746a480be32c67e69d2ff50571b6fa0e114fd,"[{""trait_type"":""Backgrounds"",""value"":""Orange Creamsicle""},{""trait_type"":""Body"",""value"":""High Flyer""},{""trait_type"":""Lips"",""value"":""Muggle Smirk""},{""trait_type"":""Eyes"",""value"":""Baked Blinkers Smokey""},{""trait_type"":""Buds"",""value"":""MrsK47""},{""trait_type"":""Hats"",""value"":""LogicCap Purple""}]"
464,4073833,0x9a64651be26eca6cf1329ffc7dad22dba7425f0cf9b9d5d6e3d6eaa75af8ba44,"[{""trait_type"":""Backgrounds"",""value"":""Bubba Kush""},{""trait_type"":""Body"",""value"":""Blastasaurus Rex""},{""trait_type"":""Lips"",""value"":""Stoner""},{""trait_type"":""Eyes"",""value"":""Cannabis Kaleidoscope 3D""},{""trait_type"":""Buds"",""value"":""SkyWalker""},{""trait_type"":""Hats"",""value"":""MoonQueen Crown""}]"
463,4073832,0x6a22ff44cb33d79ad8d6d906daf0d5b299f47aa0451985b02f95a2b85293af07,"[{""trait_type"":""Backgrounds"",""value"":""Zkittlez""},{""trait_type"":""Body"",""value"":""High Flyer""},{""trait_type"":""Lips"",""value"":""Bogart""},{""trait_type"":""Eyes"",""value"":""Baked Blinkers Smokey""},{""trait_type"":""Buds"",""value"":""MrsK47""},{""trait_type"":""Hats"",""value"":""Loco Lid Green""}]"
462,4073831,0xc65532f9fc2360e090f06acef3bd3981933462a6b524892e67c4919e86489275,"[{""trait_type"":""Backgrounds"",""value"":""Forbidden Fruit""},{""trait_type"":""Body"",""value"":""Cannabisseur""},{""trait_type"":""Lips"",""value"":""Bogart""},{""trait_type"":""Eyes"",""value"":""Mighty Maxxed Out""},{""trait_type"":""Buds"",""value"":""Special K Kush""},{""trait_type"":""Hats"",""value"":""Im Stoned""}]"
461,4073830,0x4adc318fa1fccffee6c8d02f3f076516831a8257255ad93aaf930dcd8c6a9d11,"[{""trait_type"":""Backgrounds"",""value"":""Alien OG""},{""trait_type"":""Body"",""value"":""High Flyer""},{""trait_type"":""Lips"",""value"":""Dona Juanita""},{""trait_type"":""Eyes"",""value"":""Baked Blinkers Green""},{""trait_type"":""Buds"",""value"":""Purple Kush""},{""trait_type"":""Hats"",""value"":""Headband Yellow Blue""}]"
460,4073829,0xa92b118596a6295d873c9d91069ca633b691a0cd53b050eb7960fee81740001d,"[{""trait_type"":""Backgrounds"",""value"":""White Rhino""},{""trait_type"":""Body"",""value"":""Space Cowboy""},{""trait_type"":""Lips"",""value"":""Sideways""},{""trait_type"":""Eyes"",""value"":""Cannabis Kaleidoscope Suspect""},{""trait_type"":""Buds"",""value"":""Duck Wit It""},{""trait_type"":""Hats"",""value"":""Headband Yellow Blue""}]"
459,4073828,0x1e47c8d32e72137426678d3aa5b50241fcf276ee3d8df38bd276307e94d15a4a,"[{""trait_type"":""Backgrounds"",""value"":""Orange Creamsicle""},{""trait_type"":""Body"",""value"":""Cannabisseur""},{""trait_type"":""Lips"",""value"":""Ganja Smoke Purple Haze""},{""trait_type"":""Eyes"",""value"":""Tree Wrecked""},{""trait_type"":""Buds"",""value"":""Duck Wit It""},{""trait_type"":""Hats"",""value"":""Skully Yellow""}]"
458,4073827,0x7cf5d1ca8e2a43e35a79b6193d0c5cece0dd4cfb656e78d7fb0b8e98f08a1269,"[{""trait_type"":""Backgrounds"",""value"":""Forbidden Fruit""},{""trait_type"":""Body"",""value"":""Iron Lungs""},{""trait_type"":""Lips"",""value"":""Sissy Lips""},{""trait_type"":""Eyes"",""value"":""Baked Blinkers Purple""},{""trait_type"":""Buds"",""value"":""MrsK47""},{""trait_type"":""Hats"",""value"":""Headband Yellow Blue""}]"
457,4073826,0x2e5c0f872a4b25a370cbae004db8a064c22451cff1e631d7e388052f3d79f16b,"[{""trait_type"":""Backgrounds"",""value"":""TrainWreck""},{""trait_type"":""Body"",""value"":""Space Cowboy""},{""trait_type"":""Lips"",""value"":""Cheeba Rising""},{""trait_type"":""Eyes"",""value"":""Baked Blinkers Green""},{""trait_type"":""Buds"",""value"":""Orange Crush""},{""trait_type"":""Hats"",""value"":""Laughing Lid Green""}]"
456,4073825,0xfef83a61bcb6c3b6239b8615ceb0f14ec46301519dc1e085364a4fadabf22893,"[{""trait_type"":""Backgrounds"",""value"":""Bubba Kush""},{""trait_type"":""Body"",""value"":""Cannabisseur""},{""trait_type"":""Lips"",""value"":""Sissy Lips""},{""trait_type"":""Eyes"",""value"":""Baked Blinkers Purple""},{""trait_type"":""Buds"",""value"":""Smokin Dice""},{""trait_type"":""Hats"",""value"":""Hot Lava Lid""}]"
455,4073824,0x5dd5dbfbbd8b07fae208ce8442d1f7ae21d0945a6d7358775cc32d94b5f5383a,"[{""trait_type"":""Backgrounds"",""value"":""Hindu Kush""},{""trait_type"":""Body"",""value"":""High Flyer""},{""trait_type"":""Lips"",""value"":""Cheeba Rising""},{""trait_type"":""Eyes"",""value"":""Baked Blinkers Stoned Red""},{""trait_type"":""Buds"",""value"":""Grape Ape""},{""trait_type"":""Hats"",""value"":""Herbal Hat""}]"
454,4073821,0xc1f93b53808c4f8ba3a514f03c70f995da7e78aea9663016d56eeb999d9e582f,"[{""trait_type"":""Backgrounds"",""value"":""Lemon Tree Matrix""},{""trait_type"":""Body"",""value"":""Herbivore""},{""trait_type"":""Lips"",""value"":""Ganja Smoke Blue Dream""},{""trait_type"":""Eyes"",""value"":""Blazed Blue""},{""trait_type"":""Buds"",""value"":""MrsK47""},{""trait_type"":""Hats"",""value"":""Loco Lid Green""}]"
453,4073820,0x235484af934b7009de0c768c2f6d5b511787f078a96457d27cf65c86688d72ca,"[{""trait_type"":""Backgrounds"",""value"":""Wedding Cake""},{""trait_type"":""Body"",""value"":""Indica""},{""trait_type"":""Lips"",""value"":""What Happened""},{""trait_type"":""Eyes"",""value"":""Cannabis Kaleidoscope 3D""},{""trait_type"":""Buds"",""value"":""Duck Wit It""},{""trait_type"":""Hats"",""value"":""Hot Lava Lid""}]"
452,4073589,0x5741bafcb46409153c28dd9748dd8d56014c5f0dd730c60a6aa10fc1e7e186b4,"[{""trait_type"":""Backgrounds"",""value"":""MAC""},{""trait_type"":""Body"",""value"":""Chiefer""},{""trait_type"":""Lips"",""value"":""What Happened""},{""trait_type"":""Eyes"",""value"":""Shaggy AF""},{""trait_type"":""Buds"",""value"":""SkyWalker""},{""trait_type"":""Hats"",""value"":""MoonQueen Crown""}]"
451,4073382,0xbcb3cfc4416c7fa973bdb7e1580edc1e5bf929761b2d1aee97053003acb88371,"[{""trait_type"":""Backgrounds"",""value"":""TrainWreck""},{""trait_type"":""Body"",""value"":""Sativa""},{""trait_type"":""Lips"",""value"":""Dona Juanita""},{""trait_type"":""Eyes"",""value"":""Cannabis Kaleidoscope Orange""},{""trait_type"":""Buds"",""value"":""Smokin Dice""},{""trait_type"":""Hats"",""value"":""Artiefishal Halo""}]"
450,4067802,0x7048f36db037f6e6a70fc4f00e0dd3dfca4133df2ff2b04bcf92dcb91c6e0b14,"[{""trait_type"":""Backgrounds"",""value"":""GMO Cookies""},{""trait_type"":""Body"",""value"":""Dubie""},{""trait_type"":""Lips"",""value"":""Sissy Lips""},{""trait_type"":""Eyes"",""value"":""Tech G Goggles""},{""trait_type"":""Buds"",""value"":""SkyWalker""},{""trait_type"":""Hats"",""value"":""Im Stoned""}]"
449,4067649,0x612966354ca36cfd39566f158fe0af00d4f87fd1f7eaafa272ee95123030b3a6,"[{""trait_type"":""Backgrounds"",""value"":""Slurricane""},{""trait_type"":""Body"",""value"":""Chiefer""},{""trait_type"":""Lips"",""value"":""Dona Juanita""},{""trait_type"":""Eyes"",""value"":""Respecter Me""},{""trait_type"":""Buds"",""value"":""Northern Lights""},{""trait_type"":""Hats"",""value"":""Headband Pink Green""}]"
448,4067648,0xca41e74d18873045178cb4501aaa920a38bf8eff30975f4c7bd410ef58b7a0b3,"[{""trait_type"":""Backgrounds"",""value"":""Green Crack""},{""trait_type"":""Body"",""value"":""Indica""},{""trait_type"":""Lips"",""value"":""Ganja Smoke Sativa""},{""trait_type"":""Eyes"",""value"":""Baked Blinkers Suspect""},{""trait_type"":""Buds"",""value"":""Orange Crush""},{""trait_type"":""Hats"",""value"":""LogicCap Gold""}]"
447,4067455,0xd78b711e851f4b61291b4a9d49d06433197a3a7100b794e67d9de93d08551d24,"[{""trait_type"":""Backgrounds"",""value"":""Wedding Cake""},{""trait_type"":""Body"",""value"":""Cannabisseur""},{""trait_type"":""Lips"",""value"":""Cheeba Smoke""},{""trait_type"":""Eyes"",""value"":""Baked Blinkers Green""},{""trait_type"":""Buds"",""value"":""Grape Ape""},{""trait_type"":""Hats"",""value"":""Laughing Lid Green""}]"
446,4067312,0x5b6201b1e46a30e49e9f079f3093f6392bb27edae1e029a120409e53615c0656,"[{""trait_type"":""Backgrounds"",""value"":""Orange Creamsicle""},{""trait_type"":""Body"",""value"":""Cannabisseur""},{""trait_type"":""Lips"",""value"":""Cheeba Smoke""},{""trait_type"":""Eyes"",""value"":""Cannabis Kaleidoscope Suspect""},{""trait_type"":""Buds"",""value"":""Golden Ticket""},{""trait_type"":""Hats"",""value"":""Laughing Lid Blue""}]"
445,4059191,0x654a349a8fe82c40c996b271debd685b14ead823a6478ec0ff38f076dbc4066f,"[{""trait_type"":""Backgrounds"",""value"":""Zkittlez""},{""trait_type"":""Body"",""value"":""High Flyer""},{""trait_type"":""Lips"",""value"":""Cheeba Smoke""},{""trait_type"":""Eyes"",""value"":""Respecter Me""},{""trait_type"":""Buds"",""value"":""MrsK47""},{""trait_type"":""Hats"",""value"":""Headband Pink Green""}]"
444,4058398,0xd8e84d4baa8cb6df7c1fb2e01392293c24bf2e58bc6da77c6c8648b03d1049b6,"[{""trait_type"":""Backgrounds"",""value"":""ChemDog""},{""trait_type"":""Body"",""value"":""Weedpreneur""},{""trait_type"":""Lips"",""value"":""Bogart""},{""trait_type"":""Eyes"",""value"":""Infused Optics Purple""},{""trait_type"":""Buds"",""value"":""Golden Ticket""},{""trait_type"":""Hats"",""value"":""Im High""}]"
443,4051321,0x03e8fba28b573495b864efff61b9c7bc095050f026ecf775419602c15b39f8a1,"[{""trait_type"":""Backgrounds"",""value"":""Wedding Cake""},{""trait_type"":""Body"",""value"":""Indica""},{""trait_type"":""Lips"",""value"":""Sissy Lips""},{""trait_type"":""Eyes"",""value"":""Baked Blinkers Stoned Red""},{""trait_type"":""Buds"",""value"":""Duck Wit It""},{""trait_type"":""Hats"",""value"":""Shiller""}]"
442,4051319,0x05717e9e6f2e5729a539fe139c8add74af72999387cb06ce9a50990627c8507c,"[{""trait_type"":""Backgrounds"",""value"":""Green Crack""},{""trait_type"":""Body"",""value"":""Cannabisseur""},{""trait_type"":""Lips"",""value"":""Bogart""},{""trait_type"":""Eyes"",""value"":""Mighty Maxxed Out""},{""trait_type"":""Buds"",""value"":""Blue Dream""},{""trait_type"":""Hats"",""value"":""Headband Pink Green""}]"
441,4051318,0x5dbfec674d3307e2d32c9ef8f3a40fbc84b9b1387656165e227e3e9f1a77ac66,"[{""trait_type"":""Backgrounds"",""value"":""Orange Creamsicle""},{""trait_type"":""Body"",""value"":""Cannabisseur""},{""trait_type"":""Lips"",""value"":""Smoke One""},{""trait_type"":""Eyes"",""value"":""Baked Blinkers Lazy""},{""trait_type"":""Buds"",""value"":""Northern Lights""},{""trait_type"":""Hats"",""value"":""LogicCap Green""}]"
440,4051317,0x55a6ebd62cbd0a47223a7a122efe865569d42ac48add372b4941683f6fe3d6eb,"[{""trait_type"":""Backgrounds"",""value"":""Gushers""},{""trait_type"":""Body"",""value"":""Cannabisseur""},{""trait_type"":""Lips"",""value"":""Rainy Day""},{""trait_type"":""Eyes"",""value"":""Baked Blinkers Purple""},{""trait_type"":""Buds"",""value"":""Northern Lights""},{""trait_type"":""Hats"",""value"":""Shiller""}]"
439,4051255,0x9e33483ea0fef89615cbd78d7e85e297cdfb54c1711bf5a93c8762a5a14eadfc,"[{""trait_type"":""Backgrounds"",""value"":""MAC""},{""trait_type"":""Body"",""value"":""Goodfellow""},{""trait_type"":""Lips"",""value"":""Smoke Os Rising""},{""trait_type"":""Eyes"",""value"":""Wylin Out""},{""trait_type"":""Buds"",""value"":""Grape Ape""},{""trait_type"":""Hats"",""value"":""Hot Lava Lid""}]"
438,4051254,0x7fae7e43133eb919672e6c26e6e9add9f3b2768d49382d5d4fcd0905cbc0bf5d,"[{""trait_type"":""Backgrounds"",""value"":""Gushers""},{""trait_type"":""Body"",""value"":""Iron Lungs""},{""trait_type"":""Lips"",""value"":""Sideways""},{""trait_type"":""Eyes"",""value"":""DogeMau_d""},{""trait_type"":""Buds"",""value"":""SkyWalker""},{""trait_type"":""Hats"",""value"":""Im High""}]"
437,4040427,0xa0e5dcff55132f6d0353c5c2f29187411628e74a11ce20e3d296395fcb06e12b,"[{""trait_type"":""Backgrounds"",""value"":""Orange Creamsicle""},{""trait_type"":""Body"",""value"":""Indica""},{""trait_type"":""Lips"",""value"":""Dona Juanita""},{""trait_type"":""Eyes"",""value"":""OnGod Goggles Blue""},{""trait_type"":""Buds"",""value"":""Orange Crush""},{""trait_type"":""Hats"",""value"":""Skully Green""}]"
436,4030667,0x3d550da49e08c2b49b234165574dbcac40356d3fc3f24ab31d814b73b4a38b23,"[{""trait_type"":""Backgrounds"",""value"":""Alien OG""},{""trait_type"":""Body"",""value"":""Indica""},{""trait_type"":""Lips"",""value"":""Burning One Down""},{""trait_type"":""Eyes"",""value"":""Wylin Out""},{""trait_type"":""Buds"",""value"":""SkyWalker""},{""trait_type"":""Hats"",""value"":""Im High""}]"
435,4030666,0x7566aadaa9015d8f47b0df759e8e7130d368f8ed84228e2209834386c131a66d,"[{""trait_type"":""Backgrounds"",""value"":""Strawberry Cough""},{""trait_type"":""Body"",""value"":""Herbivore""},{""trait_type"":""Lips"",""value"":""Bogart""},{""trait_type"":""Eyes"",""value"":""Mighty Maxxed Out""},{""trait_type"":""Buds"",""value"":""Duck Wit It""},{""trait_type"":""Hats"",""value"":""Skully Green""}]"
434,4030665,0xaec39d241d83a32fa47cc58d521b63bcbcb8b7a132076ce43e6bbdae74c6a5eb,"[{""trait_type"":""Backgrounds"",""value"":""Forbidden Fruit""},{""trait_type"":""Body"",""value"":""Sativa""},{""trait_type"":""Lips"",""value"":""Bogart""},{""trait_type"":""Eyes"",""value"":""Baked Blinkers Suspect""},{""trait_type"":""Buds"",""value"":""Purple Kush""},{""trait_type"":""Hats"",""value"":""Headband Pink Green""}]"
433,4030664,0x2df25b45cf83c84340bba4565dbfe04d18073fc6e51062004a0c57893884483d,"[{""trait_type"":""Backgrounds"",""value"":""Green Crack""},{""trait_type"":""Body"",""value"":""Herbivore""},{""trait_type"":""Lips"",""value"":""Ganja Smoke Purple Haze""},{""trait_type"":""Eyes"",""value"":""Blazed Green""},{""trait_type"":""Buds"",""value"":""Purple Kush""},{""trait_type"":""Hats"",""value"":""Headband Pink Green""}]"
432,4029053,0x86255baea2d6c5b286ad536952fcbe6464cfae4a11497fc661724199e4211fce,"[{""trait_type"":""Backgrounds"",""value"":""MAC""},{""trait_type"":""Body"",""value"":""Cannabisseur""},{""trait_type"":""Lips"",""value"":""Rainy Day""},{""trait_type"":""Eyes"",""value"":""Baked Blinkers Grey""},{""trait_type"":""Buds"",""value"":""Golden Ticket""},{""trait_type"":""Hats"",""value"":""LogicCap Purple""}]"
431,4029052,0x2443081fe61ce581f439ce25a5c9a00db16c86059e9d404bf2fb2f8367a4c0c6,"[{""trait_type"":""Backgrounds"",""value"":""Forbidden Fruit""},{""trait_type"":""Body"",""value"":""Space Cowboy""},{""trait_type"":""Lips"",""value"":""Muggle Smirk""},{""trait_type"":""Eyes"",""value"":""Ziggy Red""},{""trait_type"":""Buds"",""value"":""Northern Lights""},{""trait_type"":""Hats"",""value"":""LogicCap Green""}]"
430,3996888,0x0f9d9800e0188ded447f99f5ca3648220bdaa909e3eb79bf4232e963e5e5d158,"[{""trait_type"":""Backgrounds"",""value"":""Wedding Cake""},{""trait_type"":""Body"",""value"":""Laughing Hyena""},{""trait_type"":""Lips"",""value"":""Smoking Os""},{""trait_type"":""Eyes"",""value"":""Cannabis Kaleidoscope Orange""},{""trait_type"":""Buds"",""value"":""Orange Crush""},{""trait_type"":""Hats"",""value"":""LogicCap Purple""}]"
429,3996887,0xfb3b17a45d1d78fe66962842d122d364a68677329f17561c6ac44e1d522ff6b9,"[{""trait_type"":""Backgrounds"",""value"":""Strawberry Cough""},{""trait_type"":""Body"",""value"":""Sativa""},{""trait_type"":""Lips"",""value"":""Rainy Day""},{""trait_type"":""Eyes"",""value"":""PickleBall Purps""},{""trait_type"":""Buds"",""value"":""Smokin Dice""},{""trait_type"":""Hats"",""value"":""LogicCap Gold""}]"
428,3996883,0x5217e841a6187b793d53423f3f0f8985329bf49dac40f65239bb638a565f1196,"[{""trait_type"":""Backgrounds"",""value"":""ChemDog""},{""trait_type"":""Body"",""value"":""Cannabisseur""},{""trait_type"":""Lips"",""value"":""Cheeba Rising""},{""trait_type"":""Eyes"",""value"":""Sheeeesh""},{""trait_type"":""Buds"",""value"":""Purple Kush""},{""trait_type"":""Hats"",""value"":""Skully Green""}]"
427,3996881,0x871300818c8972eac0022b2e3b14802fab0b4f902e82a0974cd539e5a66ff23e,"[{""trait_type"":""Backgrounds"",""value"":""Gorilla Glue""},{""trait_type"":""Body"",""value"":""Cannabisseur""},{""trait_type"":""Lips"",""value"":""Muggle Smirk""},{""trait_type"":""Eyes"",""value"":""Respecter Me""},{""trait_type"":""Buds"",""value"":""SkyWalker""},{""trait_type"":""Hats"",""value"":""Muzik Vibes""}]"
426,3982858,0x9139430e91369b43ec5a5134140b062f5067c03cde73461d9c2183d2c34555f2,"[{""trait_type"":""Backgrounds"",""value"":""StarDawg Matrix""},{""trait_type"":""Body"",""value"":""High Flyer""},{""trait_type"":""Lips"",""value"":""What Happened""},{""trait_type"":""Eyes"",""value"":""5_ Ninja""},{""trait_type"":""Buds"",""value"":""Purple Kush""},{""trait_type"":""Hats"",""value"":""Im Stoned""}]"
425,3982823,0xe2a63d35b04f9db6361b5366bfdfe20feb119bbfdf8b04f60269f414cbb9ee2d,"[{""trait_type"":""Backgrounds"",""value"":""Orange Creamsicle""},{""trait_type"":""Body"",""value"":""Laughing Hyena""},{""trait_type"":""Lips"",""value"":""Cheeba Smoke""},{""trait_type"":""Eyes"",""value"":""Cannabis Kaleidoscope 3D""},{""trait_type"":""Buds"",""value"":""Special K Kush""},{""trait_type"":""Hats"",""value"":""Herbal Hat""}]"
424,3982816,0x48826f1abbff630749841bef929314fe4976ecbd32fae1dd7c35d3525fde0657,"[{""trait_type"":""Backgrounds"",""value"":""Kush Mints Matrix""},{""trait_type"":""Body"",""value"":""Herbivore""},{""trait_type"":""Lips"",""value"":""Ganja Smoke Blue Dream""},{""trait_type"":""Eyes"",""value"":""Baked Blinkers Suspect""},{""trait_type"":""Buds"",""value"":""Golden Ticket""},{""trait_type"":""Hats"",""value"":""Loco Lid Red""}]"
423,3982805,0xe18086bdab6534c250aac47544403799aa4aa17ce74a74f27e1e33f45744f60e,"[{""trait_type"":""Backgrounds"",""value"":""Orange Creamsicle""},{""trait_type"":""Body"",""value"":""Blastasaurus Rex""},{""trait_type"":""Lips"",""value"":""Sissy Lips""},{""trait_type"":""Eyes"",""value"":""PickleBall Purps""},{""trait_type"":""Buds"",""value"":""Purple Kush""},{""trait_type"":""Hats"",""value"":""LogicCap Purple""}]"
422,3982804,0xba15a08a627b3012df71bdd714e371e9470f8e3daef49f535cf40f8db92cd40a,"[{""trait_type"":""Backgrounds"",""value"":""Strawberry Cough""},{""trait_type"":""Body"",""value"":""High Flyer""},{""trait_type"":""Lips"",""value"":""Sissy Lips""},{""trait_type"":""Eyes"",""value"":""Sheeeesh""},{""trait_type"":""Buds"",""value"":""Blue Dream""},{""trait_type"":""Hats"",""value"":""Loco Lid Red""}]"
421,3982803,0x2aee506fd3e9f59fe4bce52626a1d3145192ba6abcf5507525100c299987cdd5,"[{""trait_type"":""Backgrounds"",""value"":""Forbidden Fruit""},{""trait_type"":""Body"",""value"":""Goodfellow""},{""trait_type"":""Lips"",""value"":""Sideways""},{""trait_type"":""Eyes"",""value"":""Cannabis Kaleidoscope Green""},{""trait_type"":""Buds"",""value"":""MrsK47""},{""trait_type"":""Hats"",""value"":""Skully Pink""}]"
420,3982802,0x507b86997aec58053e8182e3437c314d264266c3c3fc8bdda2f2971d9328a272,"[{""trait_type"":""Backgrounds"",""value"":""Lemon Tree Matrix""},{""trait_type"":""Body"",""value"":""Indica""},{""trait_type"":""Lips"",""value"":""Smoking Os""},{""trait_type"":""Eyes"",""value"":""Baked Blinkers Suspect""},{""trait_type"":""Buds"",""value"":""MrsK47""},{""trait_type"":""Hats"",""value"":""Loco Lid Red""}]"
419,3982801,0xfa396b183894fa76131f97f62de1379368859c1abf2a25b890e7d2b40ff18665,"[{""trait_type"":""Backgrounds"",""value"":""Wedding Cake""},{""trait_type"":""Body"",""value"":""Iron Lungs""},{""trait_type"":""Lips"",""value"":""Sissy Lips""},{""trait_type"":""Eyes"",""value"":""Baked Blinkers Suspect""},{""trait_type"":""Buds"",""value"":""Smokin Dice""},{""trait_type"":""Hats"",""value"":""Loco Lid Red""}]"
418,3982799,0x7d2b1e72cf8d591514470968a6ed63cb995cbaab6d5a024e4175b1f8fd55c7f6,"[{""trait_type"":""Backgrounds"",""value"":""Mimosa""},{""trait_type"":""Body"",""value"":""High Flyer""},{""trait_type"":""Lips"",""value"":""Smoke One""},{""trait_type"":""Eyes"",""value"":""Baked Blinkers Smokey""},{""trait_type"":""Buds"",""value"":""Northern Lights""},{""trait_type"":""Hats"",""value"":""LogicCap Purple""}]"
417,3982795,0x9492d86a5aa2331e78b516c8f03861a58365e114c97600defd4b29f52cbc64eb,"[{""trait_type"":""Backgrounds"",""value"":""Gushers""},{""trait_type"":""Body"",""value"":""Cannabisseur""},{""trait_type"":""Lips"",""value"":""Stoner""},{""trait_type"":""Eyes"",""value"":""Baked Blinkers Smokey""},{""trait_type"":""Buds"",""value"":""Smokin Dice""},{""trait_type"":""Hats"",""value"":""Herbal Hat""}]"
416,3982794,0xfa7bfa8b413721db140e7e9ffe56afc4fefa2ebbc0d451fa5dc4a51c1c784363,"[{""trait_type"":""Backgrounds"",""value"":""Alien OG""},{""trait_type"":""Body"",""value"":""Sativa""},{""trait_type"":""Lips"",""value"":""Dona Juanita""},{""trait_type"":""Eyes"",""value"":""Caught""},{""trait_type"":""Buds"",""value"":""Special K Kush""},{""trait_type"":""Hats"",""value"":""Im Stoned""}]"
415,3982793,0x298b3db4672e04f04f83c8d3ff620c6d921846fd41cee5a910e1e3b328d1ec5f,"[{""trait_type"":""LEGENDARY"",""value"":""SNOOPDOGG""}]"
414,3982792,0xa977953360e91aa69c257c03fa40e878ae4a7754592760a96db956bc6035da63,"[{""trait_type"":""Backgrounds"",""value"":""Bubba Kush""},{""trait_type"":""Body"",""value"":""Sativa""},{""trait_type"":""Lips"",""value"":""Smoke Os Rising""},{""trait_type"":""Eyes"",""value"":""Blazed Green""},{""trait_type"":""Buds"",""value"":""SkyWalker""},{""trait_type"":""Hats"",""value"":""Headband Pink Green""}]"
413,3982791,0x1d78a9d5aa25fa69dd891d314561a9cb34fc1763d64638b729503e022166dc91,"[{""trait_type"":""Backgrounds"",""value"":""Orange Creamsicle""},{""trait_type"":""Body"",""value"":""Sativa""},{""trait_type"":""Lips"",""value"":""Smoke One""},{""trait_type"":""Eyes"",""value"":""PickleBall Purps""},{""trait_type"":""Buds"",""value"":""Duck Wit It""},{""trait_type"":""Hats"",""value"":""Im Stoned""}]"
412,3982790,0x6da8c998a12f22113a7252e823e3bdbcab16306632989c4bd9e9585dfbada8f0,"[{""trait_type"":""Backgrounds"",""value"":""Bubba Kush""},{""trait_type"":""Body"",""value"":""Chiefer""},{""trait_type"":""Lips"",""value"":""Cheeba Smoke""},{""trait_type"":""Eyes"",""value"":""PickleBall Purps""},{""trait_type"":""Buds"",""value"":""Grape Ape""},{""trait_type"":""Hats"",""value"":""Headband Yellow Blue""}]"
411,3982789,0x174e68dd1f2ec5d0fce1d1c4ec7fe933dcac6f3e80b48a80cee78d94b9936fb9,"[{""trait_type"":""Backgrounds"",""value"":""Purple Urkle""},{""trait_type"":""Body"",""value"":""Herbivore""},{""trait_type"":""Lips"",""value"":""Rainy Day""},{""trait_type"":""Eyes"",""value"":""Dank Dazzlers Purple""},{""trait_type"":""Buds"",""value"":""Northern Lights""},{""trait_type"":""Hats"",""value"":""Im Stoned""}]"
410,3982788,0xddde782fe82e5ce5281041dd47a66e2380de12713c26f46c57cfbd1f645b91fd,"[{""trait_type"":""Backgrounds"",""value"":""Zkittlez""},{""trait_type"":""Body"",""value"":""Herbalist""},{""trait_type"":""Lips"",""value"":""Smoke One""},{""trait_type"":""Eyes"",""value"":""Baked Blinkers Purple""},{""trait_type"":""Buds"",""value"":""Grape Ape""},{""trait_type"":""Hats"",""value"":""Skully Yellow""}]"
409,3982787,0x9edb2bab49ce42b206ae21f5943621a725459e4a1f44ce2b04560b11eb9d6876,"[{""trait_type"":""Backgrounds"",""value"":""Bubba Kush""},{""trait_type"":""Body"",""value"":""Space Cowboy""},{""trait_type"":""Lips"",""value"":""Ganja Smoke Blue Dream""},{""trait_type"":""Eyes"",""value"":""Respecter Me""},{""trait_type"":""Buds"",""value"":""Smokin Dice""},{""trait_type"":""Hats"",""value"":""Laughing Lid Blue""}]"
408,3982786,0xc569c84992b0c4049e2435637e8cf2a76fb98f0bbb5497f575b2780b67474316,"[{""trait_type"":""Backgrounds"",""value"":""Green Crack""},{""trait_type"":""Body"",""value"":""Cannabisseur""},{""trait_type"":""Lips"",""value"":""Bogart""},{""trait_type"":""Eyes"",""value"":""Shaggy AF""},{""trait_type"":""Buds"",""value"":""SkyWalker""},{""trait_type"":""Hats"",""value"":""Loco Lid Red""}]"
407,3982785,0xdbc85afbb54fdc6930bd32b31c0e3f98b9c711787cf0ee62ef4ae174bc622ac8,"[{""trait_type"":""Backgrounds"",""value"":""MAC""},{""trait_type"":""Body"",""value"":""Space Cowboy""},{""trait_type"":""Lips"",""value"":""Ganja Smoke Blue Dream""},{""trait_type"":""Eyes"",""value"":""Dank Dazzlers Green""},{""trait_type"":""Buds"",""value"":""SkyWalker""},{""trait_type"":""Hats"",""value"":""Ade Vibes""}]"
406,3982784,0x9ff2253380f84ff422506a9ca0f83aa6f1a88960c0c51d7585618ad2d50379b9,"[{""trait_type"":""Backgrounds"",""value"":""Zkittlez""},{""trait_type"":""Body"",""value"":""Goodfellow""},{""trait_type"":""Lips"",""value"":""Cheeching""},{""trait_type"":""Eyes"",""value"":""Zig Zag Laser Green""},{""trait_type"":""Buds"",""value"":""MrsK47""},{""trait_type"":""Hats"",""value"":""Im High""}]"
405,3982783,0x278481c1fd3518ed75cc95accda47d3bd4ccc192517a30ae10130e2d932b31bf,"[{""trait_type"":""Backgrounds"",""value"":""Forbidden Fruit""},{""trait_type"":""Body"",""value"":""Blastasaurus Rex""},{""trait_type"":""Lips"",""value"":""Cheeba Rising""},{""trait_type"":""Eyes"",""value"":""DogeMau_d""},{""trait_type"":""Buds"",""value"":""Grape Ape""},{""trait_type"":""Hats"",""value"":""LogicCap Gold""}]"
404,3982782,0x51a1e91be7876d6d0eddcf75e5b4fb03bc748d3322498b360da85494f98d7579,"[{""trait_type"":""Backgrounds"",""value"":""White Rhino""},{""trait_type"":""Body"",""value"":""Herbivore""},{""trait_type"":""Lips"",""value"":""Ganja Smoke Sativa""},{""trait_type"":""Eyes"",""value"":""Blazed Green""},{""trait_type"":""Buds"",""value"":""Blue Dream""},{""trait_type"":""Hats"",""value"":""Laughing Lid Green""}]"
403,3982781,0xd9be782f64d13e073edbb34ab066dc2dde4a02314d6990247610a0753e4ae377,"[{""trait_type"":""Backgrounds"",""value"":""Strawberry Cough""},{""trait_type"":""Body"",""value"":""Blastasaurus Rex""},{""trait_type"":""Lips"",""value"":""Smoking Os""},{""trait_type"":""Eyes"",""value"":""Respecter Me""},{""trait_type"":""Buds"",""value"":""Smokin Dice""},{""trait_type"":""Hats"",""value"":""Shiller""}]"
402,3982780,0xa01ef1cff6d45fff1fb91b48c6eed41638d4e80a77f98f1075e98f4a860da3ad,"[{""trait_type"":""Backgrounds"",""value"":""Mimosa""},{""trait_type"":""Body"",""value"":""Chiefer""},{""trait_type"":""Lips"",""value"":""What Happened""},{""trait_type"":""Eyes"",""value"":""Respecter Me""},{""trait_type"":""Buds"",""value"":""Special K Kush""},{""trait_type"":""Hats"",""value"":""Loco Lid Red""}]"
401,3982778,0x91f28393460dbea321cc96a7441f968d51468ffbde81a94250ce6a38108184c8,"[{""trait_type"":""Backgrounds"",""value"":""Orange Creamsicle""},{""trait_type"":""Body"",""value"":""Herbivore""},{""trait_type"":""Lips"",""value"":""Woo Woo""},{""trait_type"":""Eyes"",""value"":""Cannabis Kaleidoscope Green""},{""trait_type"":""Buds"",""value"":""SkyWalker""},{""trait_type"":""Hats"",""value"":""Im Stoned""}]"
400,3982712,0xb7dcddaba3239841cb0efc16963b2a4e63d98d250028325b4f0e6c0eca8bd4a5,"[{""trait_type"":""Backgrounds"",""value"":""TrainWreck""},{""trait_type"":""Body"",""value"":""High Flyer""},{""trait_type"":""Lips"",""value"":""Cheeba Smoke""},{""trait_type"":""Eyes"",""value"":""Blazed Blue""},{""trait_type"":""Buds"",""value"":""Northern Lights""},{""trait_type"":""Hats"",""value"":""Laughing Lid Green""}]"
399,3982711,0x19adc1972905026bd23f5c48350d2f4cc34af7b4504230726454ee329bbefb69,"[{""trait_type"":""Backgrounds"",""value"":""Kush Mints Matrix""},{""trait_type"":""Body"",""value"":""Space Cowboy""},{""trait_type"":""Lips"",""value"":""Ganja Smoke Purple Haze""},{""trait_type"":""Eyes"",""value"":""Ziggy Red""},{""trait_type"":""Buds"",""value"":""Smokin Dice""},{""trait_type"":""Hats"",""value"":""LogicCap Gold""}]"
398,3982710,0x630d9fa2ba49124c3bf440bdead2489168a82d42d4f804832bc0a7e76f548702,"[{""trait_type"":""Backgrounds"",""value"":""White Rhino""},{""trait_type"":""Body"",""value"":""Blastasaurus Rex""},{""trait_type"":""Lips"",""value"":""Burning One Down""},{""trait_type"":""Eyes"",""value"":""PickleBall Purps""},{""trait_type"":""Buds"",""value"":""MrsK47""},{""trait_type"":""Hats"",""value"":""Loco Lid Red""}]"
397,3982709,0xd1ed8da67d5a4dcba9862ef4361e3e5e9e015473731f536cdec097614367e3d4,"[{""trait_type"":""Backgrounds"",""value"":""Purple Urkle""},{""trait_type"":""Body"",""value"":""High Flyer""},{""trait_type"":""Lips"",""value"":""Sideways""},{""trait_type"":""Eyes"",""value"":""Wylin Out""},{""trait_type"":""Buds"",""value"":""Blue Dream""},{""trait_type"":""Hats"",""value"":""Skully Pink""}]"
396,3982533,0x9aef5eb2aab0f941cf855021926e10d77f16d4570fb73564e3e339681b27cfa0,"[{""trait_type"":""Backgrounds"",""value"":""Slurricane""},{""trait_type"":""Body"",""value"":""Laughing Hyena""},{""trait_type"":""Lips"",""value"":""Rainy Day""},{""trait_type"":""Eyes"",""value"":""Baked Blinkers Stoned Red""},{""trait_type"":""Buds"",""value"":""Orange Crush""},{""trait_type"":""Hats"",""value"":""LogicCap Green""}]"
395,3982532,0xf34d4b307d0dee6fad0b03ac4e490022b5257dc1d7c7ac4f3786216248dd74bf,"[{""trait_type"":""Backgrounds"",""value"":""Gorilla Glue""},{""trait_type"":""Body"",""value"":""Space Cowboy""},{""trait_type"":""Lips"",""value"":""Sideways""},{""trait_type"":""Eyes"",""value"":""Dank Dazzlers Purple""},{""trait_type"":""Buds"",""value"":""Golden Ticket""},{""trait_type"":""Hats"",""value"":""Laughing Lid Green""}]"
394,3982531,0xcaad6e4453659e81a514c273f37872ae5175732be4b47385332c84c3a99c4c1d,"[{""trait_type"":""Backgrounds"",""value"":""MAC""},{""trait_type"":""Body"",""value"":""Herbivore""},{""trait_type"":""Lips"",""value"":""Smoking Os""},{""trait_type"":""Eyes"",""value"":""Mighty Maxxed Out""},{""trait_type"":""Buds"",""value"":""Northern Lights""},{""trait_type"":""Hats"",""value"":""LogicCap Gold""}]"
393,3982530,0x485d028cef1dcadc76e29c01844bf5e96079e0671cf6ceb626b097584e2213d7,"[{""trait_type"":""Backgrounds"",""value"":""StarDawg Matrix""},{""trait_type"":""Body"",""value"":""Goodfellow""},{""trait_type"":""Lips"",""value"":""Rainy Day""},{""trait_type"":""Eyes"",""value"":""Respecter Me""},{""trait_type"":""Buds"",""value"":""MrsK47""},{""trait_type"":""Hats"",""value"":""Im High""}]"
392,3982529,0xaffc9c115ac27f7b702d59d33c5609967a1b1d61972110a244f05b13eda7fe23,"[{""trait_type"":""Backgrounds"",""value"":""TrainWreck""},{""trait_type"":""Body"",""value"":""Cannabisseur""},{""trait_type"":""Lips"",""value"":""Sissy Lips""},{""trait_type"":""Eyes"",""value"":""Baked Blinkers Suspect""},{""trait_type"":""Buds"",""value"":""Special K Kush""},{""trait_type"":""Hats"",""value"":""Im Stoned""}]"
391,3982495,0x3cd6dba4192e5f7241ff74718dfd82f2912d81d57e51cd8b74e9d0728214096d,"[{""trait_type"":""Backgrounds"",""value"":""Gushers""},{""trait_type"":""Body"",""value"":""Chiefer""},{""trait_type"":""Lips"",""value"":""Cheeba Smoke""},{""trait_type"":""Eyes"",""value"":""Baked Blinkers Purple""},{""trait_type"":""Buds"",""value"":""Orange Crush""},{""trait_type"":""Hats"",""value"":""Skully Pink""}]"
390,3982493,0x67a797f2dc1b878010b23f40cb48fe632933e91cf5a8891d600f0533bcaa40c5,"[{""trait_type"":""Backgrounds"",""value"":""Gushers""},{""trait_type"":""Body"",""value"":""Blastasaurus Rex""},{""trait_type"":""Lips"",""value"":""Ganja Smoke Purple Haze""},{""trait_type"":""Eyes"",""value"":""Red AF""},{""trait_type"":""Buds"",""value"":""Golden Ticket""},{""trait_type"":""Hats"",""value"":""Headband Blue Orange""}]"
389,3982492,0x0d2420d9317ea7cae07295bd9c5b28456bcd04dfa7b3166c29d6516d502ea799,"[{""trait_type"":""Backgrounds"",""value"":""Bubba Kush""},{""trait_type"":""Body"",""value"":""High Flyer""},{""trait_type"":""Lips"",""value"":""Ganja Smoke Purple Haze""},{""trait_type"":""Eyes"",""value"":""Wylin Out""},{""trait_type"":""Buds"",""value"":""Northern Lights""},{""trait_type"":""Hats"",""value"":""Loco Lid Red""}]"
388,3982491,0x15718fd688648e026934c820b99a7093e9b597eba99e0d81060cce855c772ab0,"[{""trait_type"":""Backgrounds"",""value"":""Strawberry Cough""},{""trait_type"":""Body"",""value"":""Sativa""},{""trait_type"":""Lips"",""value"":""Cheeba Smoke""},{""trait_type"":""Eyes"",""value"":""Tree Wrecked""},{""trait_type"":""Buds"",""value"":""Northern Lights""},{""trait_type"":""Hats"",""value"":""Hot Lava Lid""}]"
387,3982490,0xbafef8b71f52b7be46e9ca88c4520877e4a02ecee80420c97cfba76daa4f8423,"[{""trait_type"":""Backgrounds"",""value"":""Bubba Kush""},{""trait_type"":""Body"",""value"":""Indica""},{""trait_type"":""Lips"",""value"":""Cheeba Smoke""},{""trait_type"":""Eyes"",""value"":""Wylin Out""},{""trait_type"":""Buds"",""value"":""Blue Dream""},{""trait_type"":""Hats"",""value"":""MoonQueen Crown""}]"
386,3982487,0x5e8d4c58692ee8701f8231c21720d9422a7b73b1becf65c2417fe30b45dd314f,"[{""trait_type"":""Backgrounds"",""value"":""9 Pound Hammer""},{""trait_type"":""Body"",""value"":""Sativa""},{""trait_type"":""Lips"",""value"":""Smoke One""},{""trait_type"":""Eyes"",""value"":""Baked Blinkers Smokey""},{""trait_type"":""Buds"",""value"":""Northern Lights""},{""trait_type"":""Hats"",""value"":""LogicCap Purple""}]"
385,3982439,0x0192d632ec22d983fe2657d62f3da6ce19588755bfb4bb202cd3b0a54b8c19fe,"[{""trait_type"":""Backgrounds"",""value"":""Alien OG""},{""trait_type"":""Body"",""value"":""Cannabisseur""},{""trait_type"":""Lips"",""value"":""Ganja Smoke Indica""},{""trait_type"":""Eyes"",""value"":""Cannabis Kaleidoscope Suspect""},{""trait_type"":""Buds"",""value"":""Smokin Dice""},{""trait_type"":""Hats"",""value"":""Im Stoned""}]"
384,3982438,0xcd597dfd05e2109a3b10bd33dded8110495bcb99e3856217653abcdf791060d9,"[{""trait_type"":""Backgrounds"",""value"":""Forbidden Fruit""},{""trait_type"":""Body"",""value"":""Indica""},{""trait_type"":""Lips"",""value"":""Stoner""},{""trait_type"":""Eyes"",""value"":""Wylin Out""},{""trait_type"":""Buds"",""value"":""Golden Ticket""},{""trait_type"":""Hats"",""value"":""Diamond Verse Green""}]"
383,3982437,0x352a8dbaf865646ae0e5560d3c860a1f1b8c7b41d2da23e2debfff5d0830c1f0,"[{""trait_type"":""Backgrounds"",""value"":""ChemDog""},{""trait_type"":""Body"",""value"":""Sativa""},{""trait_type"":""Lips"",""value"":""Ganja Smoke Purple Haze""},{""trait_type"":""Eyes"",""value"":""Tech G Goggles""},{""trait_type"":""Buds"",""value"":""SkyWalker""},{""trait_type"":""Hats"",""value"":""Im Stoned""}]"
382,3982436,0x1bfd541201722744b170dbd8056d73285cd9c916cc268981929c6c7d828d747a,"[{""trait_type"":""Backgrounds"",""value"":""Gorilla Glue""},{""trait_type"":""Body"",""value"":""Indica""},{""trait_type"":""Lips"",""value"":""Sissy Lips""},{""trait_type"":""Eyes"",""value"":""Baked Blinkers Grey""},{""trait_type"":""Buds"",""value"":""Golden Ticket""},{""trait_type"":""Hats"",""value"":""LogicCap Purple""}]"
381,3982435,0xf4c28ab997b84729fd20575839a9519f9df3670e0376a0831d283b9caa77ce54,"[{""trait_type"":""Backgrounds"",""value"":""Grape Pie Matrix""},{""trait_type"":""Body"",""value"":""Iron Lungs""},{""trait_type"":""Lips"",""value"":""Smoking Os""},{""trait_type"":""Eyes"",""value"":""Sheeeesh""},{""trait_type"":""Buds"",""value"":""Grape Ape""},{""trait_type"":""Hats"",""value"":""Im Stoned""}]"
380,3982150,0x9a07627b75d5ca7c08e253b3e59af062ebc0bdfc80a5d8c58da0a5f5d3dd8c7e,"[{""trait_type"":""Backgrounds"",""value"":""Forbidden Fruit""},{""trait_type"":""Body"",""value"":""Blastasaurus Rex""},{""trait_type"":""Lips"",""value"":""Dona Juanita""},{""trait_type"":""Eyes"",""value"":""Tech G Goggles""},{""trait_type"":""Buds"",""value"":""Blue Dream""},{""trait_type"":""Hats"",""value"":""Im Stoned""}]"
379,3982149,0x5d6cd1ed51618dbcc02de2992de8f43e6761ad5c3e70e7dad36aaab493b1535b,"[{""trait_type"":""Backgrounds"",""value"":""ChemDog""},{""trait_type"":""Body"",""value"":""Herbivore""},{""trait_type"":""Lips"",""value"":""Ganja Smoke Purple Haze""},{""trait_type"":""Eyes"",""value"":""Baked Blinkers Lazy""},{""trait_type"":""Buds"",""value"":""Smokin Dice""},{""trait_type"":""Hats"",""value"":""Im Stoned""}]"
378,3982148,0x09f7c59319a7af7157fed4eb321b0209ec12d340e4d3f68b588f4597b5e0321f,"[{""trait_type"":""Backgrounds"",""value"":""Green Crack""},{""trait_type"":""Body"",""value"":""High Flyer""},{""trait_type"":""Lips"",""value"":""Cheeching""},{""trait_type"":""Eyes"",""value"":""Dank Dazzlers Green""},{""trait_type"":""Buds"",""value"":""Orange Crush""},{""trait_type"":""Hats"",""value"":""Loco Lid Red""}]"
377,3982131,0xf10d34985e7abe95ccad26c5dc50e77d487251a11fea986067c9819a18d85930,"[{""trait_type"":""Backgrounds"",""value"":""Orange Creamsicle""},{""trait_type"":""Body"",""value"":""Cannabisseur""},{""trait_type"":""Lips"",""value"":""Sideways""},{""trait_type"":""Eyes"",""value"":""Baked Blinkers Purple""},{""trait_type"":""Buds"",""value"":""Purple Kush""},{""trait_type"":""Hats"",""value"":""Loco Lid Red""}]"
376,3982130,0xb19d271ac668784a027478356d2523bfe0200a0b0443bb4c08e67e87f3d136fd,"[{""trait_type"":""Backgrounds"",""value"":""GMO Cookies""},{""trait_type"":""Body"",""value"":""Space Cowboy""},{""trait_type"":""Lips"",""value"":""Burning One Down""},{""trait_type"":""Eyes"",""value"":""Zig Zag Laser Green""},{""trait_type"":""Buds"",""value"":""MrsK47""},{""trait_type"":""Hats"",""value"":""Headband Yellow Blue""}]"
375,3982129,0x5bdcc2d6b956d4662a6172da908e2028c2d32f04de57fd7ec9a1cb8022c9955c,"[{""trait_type"":""Backgrounds"",""value"":""Purple Urkle""},{""trait_type"":""Body"",""value"":""Herbivore""},{""trait_type"":""Lips"",""value"":""Ganja Smoke Sativa""},{""trait_type"":""Eyes"",""value"":""Caught""},{""trait_type"":""Buds"",""value"":""Duck Wit It""},{""trait_type"":""Hats"",""value"":""Hot Lava Lid""}]"
374,3982128,0xefc72548a7cbb74a4fa87ff2bd88ae22fd48357bcce813922a2a4a05383e66e0,"[{""trait_type"":""Backgrounds"",""value"":""Wedding Cake""},{""trait_type"":""Body"",""value"":""Iron Lungs""},{""trait_type"":""Lips"",""value"":""Muggle Smirk""},{""trait_type"":""Eyes"",""value"":""Baked Blinkers Lazy""},{""trait_type"":""Buds"",""value"":""SkyWalker""},{""trait_type"":""Hats"",""value"":""Headband Pink Green""}]"
373,3981871,0x19706220f38807b64824e40f0637310d946895f7d6610d5222d17e26f4801c62,"[{""trait_type"":""Backgrounds"",""value"":""Zkittlez""},{""trait_type"":""Body"",""value"":""Goodfellow""},{""trait_type"":""Lips"",""value"":""Woo Woo""},{""trait_type"":""Eyes"",""value"":""Shaggy AF""},{""trait_type"":""Buds"",""value"":""Purple Kush""},{""trait_type"":""Hats"",""value"":""Im High""}]"
372,3981869,0xc858b8e98236ba0adab8ed8996ac3a4aaa27d0332af996324d176c5189e7de78,"[{""trait_type"":""Backgrounds"",""value"":""Bubba Kush""},{""trait_type"":""Body"",""value"":""Goodfellow""},{""trait_type"":""Lips"",""value"":""Burning One Down""},{""trait_type"":""Eyes"",""value"":""Sheeeesh""},{""trait_type"":""Buds"",""value"":""Blue Dream""},{""trait_type"":""Hats"",""value"":""Skully Yellow""}]"
371,3981615,0xe77a9cd2ee8b3e849a30974792764ee4eea53fe664bac34b94d6b73045b146ad,"[{""trait_type"":""Backgrounds"",""value"":""ChemDog""},{""trait_type"":""Body"",""value"":""Herbalist""},{""trait_type"":""Lips"",""value"":""Stoner""},{""trait_type"":""Eyes"",""value"":""Baked Blinkers Grey""},{""trait_type"":""Buds"",""value"":""SkyWalker""},{""trait_type"":""Hats"",""value"":""Skully Green""}]"
370,3981614,0xfc93d4e251374d66c8f89848705a119d492bc4cb3403a6d957d7d5bda3f99d8e,"[{""trait_type"":""Backgrounds"",""value"":""Orange Creamsicle""},{""trait_type"":""Body"",""value"":""Laughing Hyena""},{""trait_type"":""Lips"",""value"":""Cheeba Rising""},{""trait_type"":""Eyes"",""value"":""Blazed Green""},{""trait_type"":""Buds"",""value"":""Golden Ticket""},{""trait_type"":""Hats"",""value"":""Skully Green""}]"
369,3978273,0x377084ce0225e637cd0bbdaa2cdd68ed832b43f115011f06497125cdc6c6db14,"[{""trait_type"":""Backgrounds"",""value"":""Slurricane""},{""trait_type"":""Body"",""value"":""High Flyer""},{""trait_type"":""Lips"",""value"":""Cheeching""},{""trait_type"":""Eyes"",""value"":""Baked Blinkers Suspect""},{""trait_type"":""Buds"",""value"":""MrsK47""},{""trait_type"":""Hats"",""value"":""Headband Yellow Blue""}]"
368,3977226,0xe62981129eefc054fccce615bbab1eca76c4efdee4626edeaaf44acd61bb7885,"[{""trait_type"":""Backgrounds"",""value"":""Green Crack""},{""trait_type"":""Body"",""value"":""Iron Lungs""},{""trait_type"":""Lips"",""value"":""Ganja Smoke Purple Haze""},{""trait_type"":""Eyes"",""value"":""Wylin Out""},{""trait_type"":""Buds"",""value"":""Grape Ape""},{""trait_type"":""Hats"",""value"":""Headband Pink Green""}]"
367,3977197,0xd01828ec08ea31ea85478f3da15cf0c0c75f1f9747a59412f10f386eda0131c4,"[{""trait_type"":""Backgrounds"",""value"":""Orange Creamsicle""},{""trait_type"":""Body"",""value"":""Weedpreneur""},{""trait_type"":""Lips"",""value"":""Rainy Day""},{""trait_type"":""Eyes"",""value"":""Baked Blinkers Purple""},{""trait_type"":""Buds"",""value"":""Blue Dream""},{""trait_type"":""Hats"",""value"":""Im High""}]"
366,3976606,0xb96db6c76b63f1d39ad477539776a8d2bf7509d8d79c0fc2abd22eb24f250458,"[{""trait_type"":""Backgrounds"",""value"":""Orange Creamsicle""},{""trait_type"":""Body"",""value"":""Herbalist""},{""trait_type"":""Lips"",""value"":""Cheeba Rising""},{""trait_type"":""Eyes"",""value"":""Blazed Green""},{""trait_type"":""Buds"",""value"":""Northern Lights""},{""trait_type"":""Hats"",""value"":""Laughing Lid Green""}]"
365,3976605,0xc9553f8a88e9c189a42b6d9d86c09afb4c80ba60d221ae9dbd7734bbf87e20f8,"[{""trait_type"":""Backgrounds"",""value"":""Alien OG""},{""trait_type"":""Body"",""value"":""Sativa""},{""trait_type"":""Lips"",""value"":""Muggle Smirk""},{""trait_type"":""Eyes"",""value"":""Blazed Blue""},{""trait_type"":""Buds"",""value"":""Duck Wit It""},{""trait_type"":""Hats"",""value"":""Loco Lid Red""}]"
364,3975942,0x8c2fe43c550fef532cd2526b81f97a7c6627374f5516affbca19bf8c7eb00085,"[{""trait_type"":""Backgrounds"",""value"":""Green Crack""},{""trait_type"":""Body"",""value"":""Chiefer""},{""trait_type"":""Lips"",""value"":""Ganja Smoke Purple Haze""},{""trait_type"":""Eyes"",""value"":""Mighty Maxxed Out""},{""trait_type"":""Buds"",""value"":""Duck Wit It""},{""trait_type"":""Hats"",""value"":""Herbal Hat""}]"
363,3975941,0xa1e7e08cbee4b8bc3f28d987da8ebdc19b543057558de79134f09ba08cc58fca,"[{""trait_type"":""Backgrounds"",""value"":""Gushers""},{""trait_type"":""Body"",""value"":""Weedpreneur""},{""trait_type"":""Lips"",""value"":""Cheeching""},{""trait_type"":""Eyes"",""value"":""Baked Blinkers Green""},{""trait_type"":""Buds"",""value"":""Special K Kush""},{""trait_type"":""Hats"",""value"":""Hot Lava Lid""}]"
362,3975940,0xdff32a311b15dbe49bd785b62f25a0777fb1580ea88a6909db1e05d5f4b6f7c0,"[{""trait_type"":""Backgrounds"",""value"":""Do Si Dos""},{""trait_type"":""Body"",""value"":""Blastasaurus Rex""},{""trait_type"":""Lips"",""value"":""Ganja Smoke Indica""},{""trait_type"":""Eyes"",""value"":""Zig Zag Laser Green""},{""trait_type"":""Buds"",""value"":""Duck Wit It""},{""trait_type"":""Hats"",""value"":""Herbal Hat""}]"
361,3954542,0xe474ac7d24b7a97251b776abd58572f5cae4d9b2b679818c517d6d5ca933acd4,"[{""trait_type"":""Backgrounds"",""value"":""Strawberry Cough""},{""trait_type"":""Body"",""value"":""High Flyer""},{""trait_type"":""Lips"",""value"":""Ganja Smoke Sativa""},{""trait_type"":""Eyes"",""value"":""DogeMau_d""},{""trait_type"":""Buds"",""value"":""SkyWalker""},{""trait_type"":""Hats"",""value"":""Skully Yellow""}]"
360,3954541,0xd375c6d07ef131152f188c0498b670b39c265e1a57d33537b1c42c84c0adb9fb,"[{""trait_type"":""Backgrounds"",""value"":""Zkittlez""},{""trait_type"":""Body"",""value"":""Chiefer""},{""trait_type"":""Lips"",""value"":""Cheeba Smoke""},{""trait_type"":""Eyes"",""value"":""Baked Blinkers Green""},{""trait_type"":""Buds"",""value"":""Northern Lights""},{""trait_type"":""Hats"",""value"":""Shiller""}]"
359,3954540,0xd65c6fb7dcd8585dd8c563d2489565208839173809494fa05de339af289d648f,"[{""trait_type"":""Backgrounds"",""value"":""Green Crack""},{""trait_type"":""Body"",""value"":""Herbalist""},{""trait_type"":""Lips"",""value"":""Ganja Smoke Indica""},{""trait_type"":""Eyes"",""value"":""Baked Blinkers Lazy""},{""trait_type"":""Buds"",""value"":""Orange Crush""},{""trait_type"":""Hats"",""value"":""Loco Lid Red""}]"
358,3954514,0x154b30920893aed9a0bde49145f2c8f1aaf92ca47a9d37dc0ef6e74979087d4c,"[{""trait_type"":""Backgrounds"",""value"":""Slurricane""},{""trait_type"":""Body"",""value"":""Herbivore""},{""trait_type"":""Lips"",""value"":""Cheeba Smoke""},{""trait_type"":""Eyes"",""value"":""OnGod Goggles Blue""},{""trait_type"":""Buds"",""value"":""Northern Lights""},{""trait_type"":""Hats"",""value"":""Shiller""}]"
357,3954513,0xa77f2fdbaafd8a1dd1a7ee23d0e9a4ddd4edb54a2d1b9996377f871e1bfdd9c8,"[{""trait_type"":""Backgrounds"",""value"":""TrainWreck""},{""trait_type"":""Body"",""value"":""Blastasaurus Rex""},{""trait_type"":""Lips"",""value"":""Ganja Smoke Indica""},{""trait_type"":""Eyes"",""value"":""Sheeeesh""},{""trait_type"":""Buds"",""value"":""SkyWalker""},{""trait_type"":""Hats"",""value"":""Herbal Hat""}]"
356,3954512,0x1e9547b322ed638a30c6d07a30e3f4d2c934ff36b7b3eda6d9dc2c9c7fe4509a,"[{""trait_type"":""Backgrounds"",""value"":""Wedding Cake""},{""trait_type"":""Body"",""value"":""Cannabisseur""},{""trait_type"":""Lips"",""value"":""Cheeching""},{""trait_type"":""Eyes"",""value"":""Baked Blinkers Grey""},{""trait_type"":""Buds"",""value"":""Northern Lights""},{""trait_type"":""Hats"",""value"":""Laughing Lid Green""}]"
355,3954511,0x6ada9a037cc1b2f5e1c5f29adc34ba132f991afa4bf08a22f4095aecd8c5c3a0,"[{""trait_type"":""Backgrounds"",""value"":""Zkittlez""},{""trait_type"":""Body"",""value"":""Blastasaurus Rex""},{""trait_type"":""Lips"",""value"":""Sissy Lips""},{""trait_type"":""Eyes"",""value"":""Tech G Goggles""},{""trait_type"":""Buds"",""value"":""Blue Dream""},{""trait_type"":""Hats"",""value"":""MoonQueen Crown""}]"
354,3954510,0x592be117631b5f8ad54eee7fa4367a80c074767c13555da74fe2ddc390c0d1e9,"[{""trait_type"":""Backgrounds"",""value"":""GMO Cookies""},{""trait_type"":""Body"",""value"":""Indica""},{""trait_type"":""Lips"",""value"":""Rainy Day""},{""trait_type"":""Eyes"",""value"":""DogeMau_d""},{""trait_type"":""Buds"",""value"":""Special K Kush""},{""trait_type"":""Hats"",""value"":""Headband Pink Green""}]"
353,3954509,0x75f74b1db88c745c0931bcde49648d502693cfc781f2f4cef9091cce3d8efc00,"[{""trait_type"":""Backgrounds"",""value"":""Gorilla Glue""},{""trait_type"":""Body"",""value"":""Herbivore""},{""trait_type"":""Lips"",""value"":""Cheeba Smoke""},{""trait_type"":""Eyes"",""value"":""Zig Zag Laser Red""},{""trait_type"":""Buds"",""value"":""SkyWalker""},{""trait_type"":""Hats"",""value"":""Skully Green""}]"
352,3954508,0x53b1ddc96eb382faa6b7782c0edfbbcf99621194deaa4d2b0243f9f2db428b31,"[{""trait_type"":""Backgrounds"",""value"":""Zkittlez""},{""trait_type"":""Body"",""value"":""Indica""},{""trait_type"":""Lips"",""value"":""Ganja Smoke Purple Haze""},{""trait_type"":""Eyes"",""value"":""Cannabis Kaleidoscope Orange""},{""trait_type"":""Buds"",""value"":""Blue Dream""},{""trait_type"":""Hats"",""value"":""Im Stoned""}]"
351,3954507,0x89646198f9abd1e13bbb51be71025433c3b3ac17f9ef9d9ecffcaba933131f16,"[{""trait_type"":""Backgrounds"",""value"":""Orange Creamsicle""},{""trait_type"":""Body"",""value"":""Indica""},{""trait_type"":""Lips"",""value"":""Ganja Smoke Purple Haze""},{""trait_type"":""Eyes"",""value"":""Shaggy AF""},{""trait_type"":""Buds"",""value"":""Orange Crush""},{""trait_type"":""Hats"",""value"":""Shiller""}]"
350,3954506,0x5a106b5932f14e26d2f51a1fbedceb308429529399e879a7dcdbfc847cb96769,"[{""trait_type"":""Backgrounds"",""value"":""Gorilla Glue""},{""trait_type"":""Body"",""value"":""High Flyer""},{""trait_type"":""Lips"",""value"":""Smoking Os""},{""trait_type"":""Eyes"",""value"":""Blazed Blue""},{""trait_type"":""Buds"",""value"":""Duck Wit It""},{""trait_type"":""Hats"",""value"":""Skully Green""}]"
349,3954505,0xe12337ed22cd7a22befac82a8ad484489320ba07e7cb7776ccf824ccb6a60bbf,"[{""trait_type"":""Backgrounds"",""value"":""Wedding Cake""},{""trait_type"":""Body"",""value"":""Herbalist""},{""trait_type"":""Lips"",""value"":""Smoke One""},{""trait_type"":""Eyes"",""value"":""Cannabis Kaleidoscope Red""},{""trait_type"":""Buds"",""value"":""Grape Ape""},{""trait_type"":""Hats"",""value"":""Headband Pink Green""}]"
348,3954504,0x24a06f8cb7d76518dfe038508ed25984a149495c1e6723fcc1ff74f775e46014,"[{""trait_type"":""Backgrounds"",""value"":""Alien OG""},{""trait_type"":""Body"",""value"":""Herbivore""},{""trait_type"":""Lips"",""value"":""What Happened""},{""trait_type"":""Eyes"",""value"":""Cannabis Kaleidoscope Green""},{""trait_type"":""Buds"",""value"":""Blue Dream""},{""trait_type"":""Hats"",""value"":""Skully Green""}]"
347,3954503,0xfded3a381479a7448297bde2c051a2c9d4caa82f669c2fe71c4997221c9866bd,"[{""trait_type"":""Backgrounds"",""value"":""Gushers""},{""trait_type"":""Body"",""value"":""Herbalist""},{""trait_type"":""Lips"",""value"":""Stoner""},{""trait_type"":""Eyes"",""value"":""Baked Blinkers Purple""},{""trait_type"":""Buds"",""value"":""Smokin Dice""},{""trait_type"":""Hats"",""value"":""Hot Lava Lid""}]"
346,3954502,0x9204d17b72c0c42c09d7a6d2379bf45ae72a84be305237ed3509711b0fb1feb9,"[{""trait_type"":""Backgrounds"",""value"":""White Rhino""},{""trait_type"":""Body"",""value"":""Weedpreneur""},{""trait_type"":""Lips"",""value"":""Rainy Day""},{""trait_type"":""Eyes"",""value"":""Dank Dazzlers Green""},{""trait_type"":""Buds"",""value"":""Blue Dream""},{""trait_type"":""Hats"",""value"":""LogicCap Purple""}]"
345,3954501,0x8423cdcfc06eb8be82501f0fb0ca77d44d16faf4c3a6b1923acb2e023082edee,"[{""trait_type"":""Backgrounds"",""value"":""Wedding Cake""},{""trait_type"":""Body"",""value"":""Chiefer""},{""trait_type"":""Lips"",""value"":""Bogart""},{""trait_type"":""Eyes"",""value"":""Tree Wrecked""},{""trait_type"":""Buds"",""value"":""Golden Ticket""},{""trait_type"":""Hats"",""value"":""Headband Pink Green""}]"
344,3954500,0x3f0cec78cd3b70a216d6ae1ca61d116d03e79ac16979740ffd2d75d7e9340878,"[{""trait_type"":""Backgrounds"",""value"":""Gorilla Glue""},{""trait_type"":""Body"",""value"":""Sativa""},{""trait_type"":""Lips"",""value"":""Smoke One""},{""trait_type"":""Eyes"",""value"":""Wylin Out""},{""trait_type"":""Buds"",""value"":""Orange Crush""},{""trait_type"":""Hats"",""value"":""Im Stoned""}]"
343,3954499,0x2b0dab94b4c73cf0cf9b448dc073a52fc67282b4da714217309148823dccd051,"[{""trait_type"":""Backgrounds"",""value"":""Zkittlez""},{""trait_type"":""Body"",""value"":""Cannabisseur""},{""trait_type"":""Lips"",""value"":""Smoking Os""},{""trait_type"":""Eyes"",""value"":""Mighty Maxxed Out""},{""trait_type"":""Buds"",""value"":""Orange Crush""},{""trait_type"":""Hats"",""value"":""Laughing Lid Green""}]"
342,3954498,0xdfd6e1a6e25feffaf92759e6ef145a44705b3a42c3fbcfde79cba44846b5859a,"[{""trait_type"":""Backgrounds"",""value"":""Alien OG""},{""trait_type"":""Body"",""value"":""Chiefer""},{""trait_type"":""Lips"",""value"":""Smoking Os""},{""trait_type"":""Eyes"",""value"":""Cannabis Kaleidoscope 3D""},{""trait_type"":""Buds"",""value"":""Duck Wit It""},{""trait_type"":""Hats"",""value"":""LogicCap Purple""}]"
341,3954497,0xb6773575b6bf3e28b1f33e3282ee539db7af68bc558770b62d4f4d9cffc3d011,"[{""trait_type"":""Backgrounds"",""value"":""Slurricane""},{""trait_type"":""Body"",""value"":""Laughing Hyena""},{""trait_type"":""Lips"",""value"":""Bogart""},{""trait_type"":""Eyes"",""value"":""PickleBall Purps""},{""trait_type"":""Buds"",""value"":""SkyWalker""},{""trait_type"":""Hats"",""value"":""LogicCap Green""}]"
340,3954496,0x42efc7bebeb7e8bf065f9a0d05162f287f8bc0243e3d426e4ac4f2ffb286b2fa,"[{""trait_type"":""Backgrounds"",""value"":""Bubba Kush""},{""trait_type"":""Body"",""value"":""Laughing Hyena""},{""trait_type"":""Lips"",""value"":""Stoner""},{""trait_type"":""Eyes"",""value"":""Baked Blinkers Stoned Red""},{""trait_type"":""Buds"",""value"":""Smokin Dice""},{""trait_type"":""Hats"",""value"":""Headband Yellow Blue""}]"
339,3954491,0x03a9dfad96e9ae49ff2ae3aacf7978bae4c63e2290a8aeac84346dc4077e930a,"[{""trait_type"":""Backgrounds"",""value"":""Zkittlez""},{""trait_type"":""Body"",""value"":""Goodfellow""},{""trait_type"":""Lips"",""value"":""Cheeching""},{""trait_type"":""Eyes"",""value"":""Tech G Goggles""},{""trait_type"":""Buds"",""value"":""Special K Kush""},{""trait_type"":""Hats"",""value"":""Laughing Lid Green""}]"
338,3951389,0xada6a1971627df07bd46bbaf44e513b82a9910c6731f25b1f6978dbd186959ba,"[{""trait_type"":""Backgrounds"",""value"":""GMO Cookies""},{""trait_type"":""Body"",""value"":""Blastasaurus Rex""},{""trait_type"":""Lips"",""value"":""Muggle Smirk""},{""trait_type"":""Eyes"",""value"":""5_ Ninja""},{""trait_type"":""Buds"",""value"":""Smokin Dice""},{""trait_type"":""Hats"",""value"":""LogicCap Green""}]"
337,3951388,0x49698322547af813c061f3c76aa177a007b0721c16a0fa3c2478d83f6400beec,"[{""trait_type"":""Backgrounds"",""value"":""Grape Pie Matrix""},{""trait_type"":""Body"",""value"":""Chiefer""},{""trait_type"":""Lips"",""value"":""Dona Juanita""},{""trait_type"":""Eyes"",""value"":""5_ Ninja""},{""trait_type"":""Buds"",""value"":""Northern Lights""},{""trait_type"":""Hats"",""value"":""Skully Yellow""}]"
336,3951387,0x44e305635e176f08a69fb5c96343a06782ffcdcfe307c12d290b611111a3d96f,"[{""trait_type"":""Backgrounds"",""value"":""Do Si Dos""},{""trait_type"":""Body"",""value"":""Chiefer""},{""trait_type"":""Lips"",""value"":""Burning One Down""},{""trait_type"":""Eyes"",""value"":""Caught""},{""trait_type"":""Buds"",""value"":""MrsK47""},{""trait_type"":""Hats"",""value"":""Hot Lava Lid""}]"
335,3951386,0xcaadf659dee2b67adbe000547870c02cb1c569c3d238645f767e901c5b1652b4,"[{""trait_type"":""Backgrounds"",""value"":""Alien OG""},{""trait_type"":""Body"",""value"":""High Flyer""},{""trait_type"":""Lips"",""value"":""Ganja Smoke Blue Dream""},{""trait_type"":""Eyes"",""value"":""Red AF""},{""trait_type"":""Buds"",""value"":""Smokin Dice""},{""trait_type"":""Hats"",""value"":""Skully Green""}]"
334,3951381,0x27ff1398af902c2f3b24bd73f51b7c8699f149b337fc90eb22dbd664644a790c,"[{""trait_type"":""Backgrounds"",""value"":""Do Si Dos""},{""trait_type"":""Body"",""value"":""Herbivore""},{""trait_type"":""Lips"",""value"":""Stoner""},{""trait_type"":""Eyes"",""value"":""Zig Zag Laser Red""},{""trait_type"":""Buds"",""value"":""Smokin Dice""},{""trait_type"":""Hats"",""value"":""Skully Green""}]"
333,3951380,0xd164e15895d70c51cb8d655dd9a99e42975439f6585404deea87b00c75b828aa,"[{""trait_type"":""Backgrounds"",""value"":""Gushers""},{""trait_type"":""Body"",""value"":""Goodfellow""},{""trait_type"":""Lips"",""value"":""Cheeching""},{""trait_type"":""Eyes"",""value"":""Caught""},{""trait_type"":""Buds"",""value"":""Duck Wit It""},{""trait_type"":""Hats"",""value"":""Im Stoned""}]"
332,3951379,0x2efaf310760ecd8e452fc50fe738f6ec23d567b3da619cac1d7f36993f34ef8e,"[{""trait_type"":""Backgrounds"",""value"":""Wedding Cake""},{""trait_type"":""Body"",""value"":""Herbivore""},{""trait_type"":""Lips"",""value"":""Muggle Smirk""},{""trait_type"":""Eyes"",""value"":""Wylin Out""},{""trait_type"":""Buds"",""value"":""Orange Crush""},{""trait_type"":""Hats"",""value"":""LogicCap Green""}]"
331,3951378,0x6ec5087a60fa6fa451050bfeb6f948182ba40b7b21e08f74560bc8c6c7ce4c41,"[{""trait_type"":""Backgrounds"",""value"":""Gushers""},{""trait_type"":""Body"",""value"":""Indica""},{""trait_type"":""Lips"",""value"":""Smoke Os Rising""},{""trait_type"":""Eyes"",""value"":""Sheeeesh""},{""trait_type"":""Buds"",""value"":""Duck Wit It""},{""trait_type"":""Hats"",""value"":""Diamond Verse Blue""}]"
330,3951377,0xe310931f5938255cbe10a19493cfeb5e0797bac16a907ccecdb6a803df5dea8a,"[{""trait_type"":""Backgrounds"",""value"":""Hindu Kush""},{""trait_type"":""Body"",""value"":""Laughing Hyena""},{""trait_type"":""Lips"",""value"":""Smoke Os Rising""},{""trait_type"":""Eyes"",""value"":""Blazed Blue""},{""trait_type"":""Buds"",""value"":""Purple Kush""},{""trait_type"":""Hats"",""value"":""LogicCap Green""}]"
329,3951376,0x57e46a615584c6fd6e1aaf6ffff4242718a6ee0c75cae4d877f489ca53629d84,"[{""trait_type"":""Backgrounds"",""value"":""Slurricane""},{""trait_type"":""Body"",""value"":""Herbivore""},{""trait_type"":""Lips"",""value"":""Smoke One""},{""trait_type"":""Eyes"",""value"":""Mighty Maxxed Out""},{""trait_type"":""Buds"",""value"":""Smokin Dice""},{""trait_type"":""Hats"",""value"":""Laughing Lid Green""}]"
328,3951183,0x9a94c6bd87ef6bef03ceebdcba826b877c27dfd75332aede3423daa69725d1da,"[{""trait_type"":""Backgrounds"",""value"":""Zkittlez""},{""trait_type"":""Body"",""value"":""Indica""},{""trait_type"":""Lips"",""value"":""Cheeba Smoke""},{""trait_type"":""Eyes"",""value"":""Caught""},{""trait_type"":""Buds"",""value"":""Golden Ticket""},{""trait_type"":""Hats"",""value"":""Im Stoned""}]"
327,3951182,0x9d1e0905f869f98560278225a2844d27c25f66a663228477aac11bfea27b0f2c,"[{""trait_type"":""Backgrounds"",""value"":""Orange Creamsicle""},{""trait_type"":""Body"",""value"":""Laughing Hyena""},{""trait_type"":""Lips"",""value"":""Muggle Smirk""},{""trait_type"":""Eyes"",""value"":""Respecter Me""},{""trait_type"":""Buds"",""value"":""Purple Kush""},{""trait_type"":""Hats"",""value"":""LogicCap Green""}]"
326,3951181,0xef1977da84a7f235e0b98af67f8c06b10b4ed20408a129e3a52f85b0e8cfe187,"[{""trait_type"":""Backgrounds"",""value"":""Hindu Kush""},{""trait_type"":""Body"",""value"":""Laughing Hyena""},{""trait_type"":""Lips"",""value"":""Stoner""},{""trait_type"":""Eyes"",""value"":""Baked Blinkers Green""},{""trait_type"":""Buds"",""value"":""Purple Kush""},{""trait_type"":""Hats"",""value"":""His Grace Crown""}]"
325,3951180,0xbf888420c22067356a86fea4c311474c3ecb8fe731439c82285643e569327a49,"[{""trait_type"":""Backgrounds"",""value"":""Zkittlez""},{""trait_type"":""Body"",""value"":""Laughing Hyena""},{""trait_type"":""Lips"",""value"":""Ganja Smoke Purple Haze""},{""trait_type"":""Eyes"",""value"":""DogeMau_d""},{""trait_type"":""Buds"",""value"":""SkyWalker""},{""trait_type"":""Hats"",""value"":""Shiller""}]"
324,3951179,0x29d420a00780f3333c0651cda2f9bd483f4e6c5d7fcc2e882b23ba928bf2a660,"[{""trait_type"":""Backgrounds"",""value"":""Bubba Kush""},{""trait_type"":""Body"",""value"":""Herbalist""},{""trait_type"":""Lips"",""value"":""Burning One Down""},{""trait_type"":""Eyes"",""value"":""Respecter Me""},{""trait_type"":""Buds"",""value"":""MrsK47""},{""trait_type"":""Hats"",""value"":""Skully Yellow""}]"
323,3951178,0x42146524ff6b9370a39ae186ae02e2831e0c5c19cdaf03d486913869bdad4983,"[{""trait_type"":""Backgrounds"",""value"":""Wedding Cake""},{""trait_type"":""Body"",""value"":""Sativa""},{""trait_type"":""Lips"",""value"":""Ganja Smoke Purple Haze""},{""trait_type"":""Eyes"",""value"":""Tree Wrecked""},{""trait_type"":""Buds"",""value"":""Golden Ticket""},{""trait_type"":""Hats"",""value"":""Skully Green""}]"
322,3951177,0xc51b770b1bca80d52f88f809af027cf8cf641875628a2986cc0a5dd267ba0e6e,"[{""trait_type"":""Backgrounds"",""value"":""Hindu Kush""},{""trait_type"":""Body"",""value"":""Goodfellow""},{""trait_type"":""Lips"",""value"":""Sissy Lips""},{""trait_type"":""Eyes"",""value"":""Respecter Me""},{""trait_type"":""Buds"",""value"":""Purple Kush""},{""trait_type"":""Hats"",""value"":""LogicCap Green""}]"
321,3951176,0x40f19efe84ca631c0c1846952a4a0f3621a207d69b55a2ccba4d7ea9218b9406,"[{""trait_type"":""Backgrounds"",""value"":""Orange Creamsicle""},{""trait_type"":""Body"",""value"":""Space Cowboy""},{""trait_type"":""Lips"",""value"":""Ganja Smoke Sativa""},{""trait_type"":""Eyes"",""value"":""Blazed Green""},{""trait_type"":""Buds"",""value"":""Purple Kush""},{""trait_type"":""Hats"",""value"":""Hot Lava Lid""}]"
320,3951175,0x3f403378afe4433a6d399677264c18f02e1cca1d6e00e862c858102099eae5d3,"[{""trait_type"":""Backgrounds"",""value"":""ChemDog""},{""trait_type"":""Body"",""value"":""Herbivore""},{""trait_type"":""Lips"",""value"":""Dona Juanita""},{""trait_type"":""Eyes"",""value"":""Cannabis Kaleidoscope 3D""},{""trait_type"":""Buds"",""value"":""Blue Dream""},{""trait_type"":""Hats"",""value"":""Skully Pink""}]"
319,3951174,0xe2e4c38a641915b12695755dfc96c2a80e8af055c9af4bb90c89d259cbbb530b,"[{""trait_type"":""Backgrounds"",""value"":""Hindu Kush""},{""trait_type"":""Body"",""value"":""Enlightened""},{""trait_type"":""Lips"",""value"":""What Happened""},{""trait_type"":""Eyes"",""value"":""Baked Blinkers Grey""},{""trait_type"":""Buds"",""value"":""Purple Kush""},{""trait_type"":""Hats"",""value"":""Skully Pink""}]"
318,3951166,0xdb622eb32550cf9d869730a457503f4e7c81fc3858795f787f823b977f78fdca,"[{""trait_type"":""Backgrounds"",""value"":""Hindu Kush""},{""trait_type"":""Body"",""value"":""Weedpreneur""},{""trait_type"":""Lips"",""value"":""Ganja Smoke Purple Haze""},{""trait_type"":""Eyes"",""value"":""Respecter Me""},{""trait_type"":""Buds"",""value"":""Northern Lights""},{""trait_type"":""Hats"",""value"":""Loco Lid Red""}]"
317,3951165,0x1c2273903b6039db4fbc91c99b0fc44aa6216514b382dd8d79a105f3b1788e20,"[{""trait_type"":""Backgrounds"",""value"":""Alien OG""},{""trait_type"":""Body"",""value"":""Chiefer""},{""trait_type"":""Lips"",""value"":""Rainy Day""},{""trait_type"":""Eyes"",""value"":""Wylin Out""},{""trait_type"":""Buds"",""value"":""SkyWalker""},{""trait_type"":""Hats"",""value"":""Loco Lid Red""}]"
316,3951164,0xb9b948b17196cc6eca5f690ec1503c35c7d9d578a916a49dac0b191a71a74ff2,"[{""trait_type"":""Backgrounds"",""value"":""Do Si Dos""},{""trait_type"":""Body"",""value"":""Space Cowboy""},{""trait_type"":""Lips"",""value"":""Bogart""},{""trait_type"":""Eyes"",""value"":""DogeMau_d""},{""trait_type"":""Buds"",""value"":""Golden Ticket""},{""trait_type"":""Hats"",""value"":""Skully Green""}]"
315,3951163,0x579cb1e5198c21e18831f5bdaf93ba4135280815b4cbd9299811fae5ae7ddc7d,"[{""trait_type"":""Backgrounds"",""value"":""Wedding Cake""},{""trait_type"":""Body"",""value"":""Laughing Hyena""},{""trait_type"":""Lips"",""value"":""Ganja Smoke Indica""},{""trait_type"":""Eyes"",""value"":""Baked Blinkers Grey""},{""trait_type"":""Buds"",""value"":""Northern Lights""},{""trait_type"":""Hats"",""value"":""Herbal Hat""}]"
314,3951162,0xae26b18bfe84344105235ebdcd01d5d32ba65efb5ef63ff7f53dcdab8d486893,"[{""trait_type"":""Backgrounds"",""value"":""Hindu Kush""},{""trait_type"":""Body"",""value"":""Chiefer""},{""trait_type"":""Lips"",""value"":""Bogart""},{""trait_type"":""Eyes"",""value"":""Baked Blinkers Suspect""},{""trait_type"":""Buds"",""value"":""SkyWalker""},{""trait_type"":""Hats"",""value"":""Laughing Lid Blue""}]"
313,3951161,0x72af73df3156cd0c1a8db8fa96d0024bd55226d465c7e08519bbc5b969911da0,"[{""trait_type"":""Backgrounds"",""value"":""Gushers""},{""trait_type"":""Body"",""value"":""Herbalist""},{""trait_type"":""Lips"",""value"":""Smoking Os""},{""trait_type"":""Eyes"",""value"":""PickleBall Purps""},{""trait_type"":""Buds"",""value"":""Smokin Dice""},{""trait_type"":""Hats"",""value"":""Herbal Hat""}]"
312,3951160,0xe01ef247cce0e9a0ca3f5444dd83f0dd08d794a7571fba9bfa63a5c9f73be0e4,"[{""trait_type"":""Backgrounds"",""value"":""GMO Cookies""},{""trait_type"":""Body"",""value"":""High Flyer""},{""trait_type"":""Lips"",""value"":""Sideways""},{""trait_type"":""Eyes"",""value"":""Sheeeesh""},{""trait_type"":""Buds"",""value"":""Smokin Dice""},{""trait_type"":""Hats"",""value"":""Skully Yellow""}]"
311,3951159,0x5c99ca5e3f7ca20edd2f7dc2e26f55b9f091d85255b54445ad84f7a4b528e9b9,"[{""trait_type"":""Backgrounds"",""value"":""Hindu Kush""},{""trait_type"":""Body"",""value"":""Sativa""},{""trait_type"":""Lips"",""value"":""Ganja Smoke Sativa""},{""trait_type"":""Eyes"",""value"":""Blazed Blue""},{""trait_type"":""Buds"",""value"":""Golden Ticket""},{""trait_type"":""Hats"",""value"":""Laughing Lid Green""}]"
310,3951158,0xc258e8b0d607d4bf836f7a5eb4468f04e4c2a8a1fb91ebdbe5b489a53ffa6e9b,"[{""trait_type"":""Backgrounds"",""value"":""TrainWreck""},{""trait_type"":""Body"",""value"":""Sativa""},{""trait_type"":""Lips"",""value"":""Sideways""},{""trait_type"":""Eyes"",""value"":""Zig Zag Laser Green""},{""trait_type"":""Buds"",""value"":""Special K Kush""},{""trait_type"":""Hats"",""value"":""Headband Yellow Blue""}]"
309,3951157,0xddf69dc1431e520d632937c9fb23f309ef82af734909c5a32edf69c7758d877a,"[{""trait_type"":""Backgrounds"",""value"":""White Rhino""},{""trait_type"":""Body"",""value"":""Goodfellow""},{""trait_type"":""Lips"",""value"":""Smoking Os""},{""trait_type"":""Eyes"",""value"":""Baked Blinkers Green""},{""trait_type"":""Buds"",""value"":""MrsK47""},{""trait_type"":""Hats"",""value"":""Headband Pink Green""}]"
308,3941595,0xe28701331f807e49e8473528349c770d3da637d11a0edecd7de19e9f15c5ffa9,"[{""trait_type"":""Backgrounds"",""value"":""Wedding Cake""},{""trait_type"":""Body"",""value"":""Herbalist""},{""trait_type"":""Lips"",""value"":""What Happened""},{""trait_type"":""Eyes"",""value"":""Ziggy Red""},{""trait_type"":""Buds"",""value"":""Northern Lights""},{""trait_type"":""Hats"",""value"":""Im Stoned""}]"
307,3941545,0x25431fd770601703a81aa191d63f4e8b43a9cdf0e144061a03f25f4f9b372a42,"[{""trait_type"":""Backgrounds"",""value"":""Orange Creamsicle""},{""trait_type"":""Body"",""value"":""Cannabisseur""},{""trait_type"":""Lips"",""value"":""Smoke Os Rising""},{""trait_type"":""Eyes"",""value"":""Cannabis Kaleidoscope Green""},{""trait_type"":""Buds"",""value"":""SkyWalker""},{""trait_type"":""Hats"",""value"":""LogicCap Purple""}]"
306,3941399,0xf104c4c5e5bba28f155bd5c80ff7703c0236314e4f9c115a738baf770a137622,"[{""trait_type"":""Backgrounds"",""value"":""Orange Creamsicle""},{""trait_type"":""Body"",""value"":""Space Cowboy""},{""trait_type"":""Lips"",""value"":""Cheeba Smoke""},{""trait_type"":""Eyes"",""value"":""Blazed Blue""},{""trait_type"":""Buds"",""value"":""SkyWalker""},{""trait_type"":""Hats"",""value"":""LogicCap Green""}]"
305,3941398,0x27de2584f8016b05a766302875aedafcd84775f65018a7c21d677576bab34868,"[{""trait_type"":""Backgrounds"",""value"":""Gushers""},{""trait_type"":""Body"",""value"":""High Flyer""},{""trait_type"":""Lips"",""value"":""Smoke Os Rising""},{""trait_type"":""Eyes"",""value"":""DogeMau_d""},{""trait_type"":""Buds"",""value"":""Orange Crush""},{""trait_type"":""Hats"",""value"":""LogicCap Gold""}]"
304,3941397,0x4f3ca6ce85ad15a0fd21930a1fc65933b25561a292a0f380cda82eaf0a2f7cd0,"[{""trait_type"":""Backgrounds"",""value"":""Bubba Kush""},{""trait_type"":""Body"",""value"":""Blastasaurus Rex""},{""trait_type"":""Lips"",""value"":""Smoke One""},{""trait_type"":""Eyes"",""value"":""OnGod Goggles Red""},{""trait_type"":""Buds"",""value"":""Blue Dream""},{""trait_type"":""Hats"",""value"":""Laughing Lid Green""}]"
303,3941268,0x8ad5b9c572b678da33e488d3d1c466ebd876108c5f52e7b4ebd383786bac399a,"[{""trait_type"":""Backgrounds"",""value"":""GMO Cookies""},{""trait_type"":""Body"",""value"":""Goodfellow""},{""trait_type"":""Lips"",""value"":""Sideways""},{""trait_type"":""Eyes"",""value"":""Tech G Goggles""},{""trait_type"":""Buds"",""value"":""Duck Wit It""},{""trait_type"":""Hats"",""value"":""Laughing Lid Green""}]"
302,3941267,0x18de4e606672d9e78ffa18375a42d3746c2d7ecd91e7c9df5c1d9c5a3b538ebd,"[{""trait_type"":""Backgrounds"",""value"":""Mimosa""},{""trait_type"":""Body"",""value"":""Digijoint""},{""trait_type"":""Lips"",""value"":""Woo Woo""},{""trait_type"":""Eyes"",""value"":""Blazed Green""},{""trait_type"":""Buds"",""value"":""SkyWalker""},{""trait_type"":""Hats"",""value"":""Headband Yellow Blue""}]"
301,3941183,0x12ed23f22bf11fc1864b555c117f9c8025de635cbb3cb436beacff723f6aa39c,"[{""trait_type"":""Backgrounds"",""value"":""Do Si Dos""},{""trait_type"":""Body"",""value"":""Laughing Hyena""},{""trait_type"":""Lips"",""value"":""Burning One Down""},{""trait_type"":""Eyes"",""value"":""Baked Blinkers Smokey""},{""trait_type"":""Buds"",""value"":""Orange Crush""},{""trait_type"":""Hats"",""value"":""LogicCap Green""}]"
300,3941182,0xcefd8d9b51bdcba4df222817d7b68a2317afc75accdd7c68708c5f3ab90d77af,"[{""trait_type"":""Backgrounds"",""value"":""Green Crack""},{""trait_type"":""Body"",""value"":""Herbalist""},{""trait_type"":""Lips"",""value"":""Dona Juanita""},{""trait_type"":""Eyes"",""value"":""Ziggy Red""},{""trait_type"":""Buds"",""value"":""Smokin Dice""},{""trait_type"":""Hats"",""value"":""Herbal Hat""}]"
299,3940602,0xb586a51b9897641db661d8ea36008fddd1be754e55196b60365d6216d9d8d53e,"[{""trait_type"":""Backgrounds"",""value"":""TrainWreck""},{""trait_type"":""Body"",""value"":""Herbivore""},{""trait_type"":""Lips"",""value"":""Ganja Smoke Blue Dream""},{""trait_type"":""Eyes"",""value"":""Baked Blinkers Suspect""},{""trait_type"":""Buds"",""value"":""Smokin Dice""},{""trait_type"":""Hats"",""value"":""Laughing Lid Green""}]"
298,3940601,0x33c55707f7ce4084d0507afbe379720da1869971d92db825a902e02721c66197,"[{""trait_type"":""Backgrounds"",""value"":""Bubba Kush""},{""trait_type"":""Body"",""value"":""Herbivore""},{""trait_type"":""Lips"",""value"":""Burning One Down""},{""trait_type"":""Eyes"",""value"":""Baked Blinkers Suspect""},{""trait_type"":""Buds"",""value"":""Duck Wit It""},{""trait_type"":""Hats"",""value"":""LogicCap Purple""}]"
297,3939849,0xd0ba531d79a6d363170797f8f7ac31cbc25a8538c8dd3e6b4e5bebd57afc1b29,"[{""trait_type"":""Backgrounds"",""value"":""Forbidden Fruit""},{""trait_type"":""Body"",""value"":""Space Cowboy""},{""trait_type"":""Lips"",""value"":""Sideways""},{""trait_type"":""Eyes"",""value"":""Baked Blinkers Grey""},{""trait_type"":""Buds"",""value"":""Blue Dream""},{""trait_type"":""Hats"",""value"":""Hot Lava Lid""}]"
296,3939848,0xb5fe071373f69e0336d0c894c41efd1f36aef4655ca5c001d7c003d74dd100fb,"[{""trait_type"":""Backgrounds"",""value"":""Gorilla Glue""},{""trait_type"":""Body"",""value"":""Blastasaurus Rex""},{""trait_type"":""Lips"",""value"":""Ganja Smoke Blue Dream""},{""trait_type"":""Eyes"",""value"":""Baked Blinkers Smokey""},{""trait_type"":""Buds"",""value"":""Special K Kush""},{""trait_type"":""Hats"",""value"":""Headband Yellow Blue""}]"
295,3939799,0xe8d4a7037d5805fb1431c3c88f1da8b4700ce4af8c2107dea260e3b66e3543fa,"[{""trait_type"":""Backgrounds"",""value"":""Slurricane""},{""trait_type"":""Body"",""value"":""Herbalist""},{""trait_type"":""Lips"",""value"":""Smoke One""},{""trait_type"":""Eyes"",""value"":""PickleBall Purps""},{""trait_type"":""Buds"",""value"":""Special K Kush""},{""trait_type"":""Hats"",""value"":""LogicCap Purple""}]"
294,3939798,0xdf51aa536ba79a3cecb98aafaed66216c88195a0e7c60485b7dc4beb18c8a049,"[{""trait_type"":""Backgrounds"",""value"":""Gushers""},{""trait_type"":""Body"",""value"":""Chiefer""},{""trait_type"":""Lips"",""value"":""Cheeba Smoke""},{""trait_type"":""Eyes"",""value"":""DogeMau_d""},{""trait_type"":""Buds"",""value"":""Duck Wit It""},{""trait_type"":""Hats"",""value"":""Skully Yellow""}]"
293,3939797,0xe4c1db36a81b97737d8cbf87dc69f4b91d817ff4e0ae5f27aa9e9bec95c793ae,"[{""trait_type"":""Backgrounds"",""value"":""Hindu Kush""},{""trait_type"":""Body"",""value"":""High Flyer""},{""trait_type"":""Lips"",""value"":""What Happened""},{""trait_type"":""Eyes"",""value"":""Ziggy Red""},{""trait_type"":""Buds"",""value"":""Purple Kush""},{""trait_type"":""Hats"",""value"":""Im High""}]"
292,3939796,0xabafb1a918d17d842300b1282512e8323a48afdeaf71b2d4db1dba9b4d53bb0a,"[{""trait_type"":""Backgrounds"",""value"":""Purple Urkle""},{""trait_type"":""Body"",""value"":""Sativa""},{""trait_type"":""Lips"",""value"":""Woo Woo""},{""trait_type"":""Eyes"",""value"":""Wylin Out""},{""trait_type"":""Buds"",""value"":""Special K Kush""},{""trait_type"":""Hats"",""value"":""Loco Lid Red""}]"
291,3939795,0xa9d0b265eb46f4443f46a03144f325344faa858ba9dd1b93c074e0b830d2b8d6,"[{""trait_type"":""Backgrounds"",""value"":""Purple Urkle""},{""trait_type"":""Body"",""value"":""Iron Lungs""},{""trait_type"":""Lips"",""value"":""Ganja Smoke Purple Haze""},{""trait_type"":""Eyes"",""value"":""Caught""},{""trait_type"":""Buds"",""value"":""Duck Wit It""},{""trait_type"":""Hats"",""value"":""Herbal Hat""}]"
290,3939794,0xb6ef5267c0c930174f23fa11b0621a24514081f78e46c5884b93b6d8935db52a,"[{""trait_type"":""Backgrounds"",""value"":""Do Si Dos""},{""trait_type"":""Body"",""value"":""Cannabisseur""},{""trait_type"":""Lips"",""value"":""Ganja Smoke Purple Haze""},{""trait_type"":""Eyes"",""value"":""PickleBall Purps""},{""trait_type"":""Buds"",""value"":""Blue Dream""},{""trait_type"":""Hats"",""value"":""Headband Yellow Blue""}]"
289,3939793,0x0a7448ae94e37ad896e9d0a8cd793b6f71aac9e0f37b619067783b25c797c4f7,"[{""trait_type"":""Backgrounds"",""value"":""Zkittlez""},{""trait_type"":""Body"",""value"":""Sativa""},{""trait_type"":""Lips"",""value"":""Cheeba Smoke""},{""trait_type"":""Eyes"",""value"":""Tree Wrecked""},{""trait_type"":""Buds"",""value"":""Duck Wit It""},{""trait_type"":""Hats"",""value"":""Herbal Hat""}]"
288,3935175,0x931f3ec0dad10dc0bc6a4319193b9d299f05b218a2a113adc78c1e3f5df32a7d,"[{""trait_type"":""Backgrounds"",""value"":""Forbidden Fruit""},{""trait_type"":""Body"",""value"":""Indica""},{""trait_type"":""Lips"",""value"":""Smoking Os""},{""trait_type"":""Eyes"",""value"":""Ziggy Red""},{""trait_type"":""Buds"",""value"":""Blue Dream""},{""trait_type"":""Hats"",""value"":""Skully Green""}]"
287,3931839,0xa8798880492d9c250fbe629c3869512642c7cf2bfdff3df6608238fefce2f1cb,"[{""trait_type"":""Backgrounds"",""value"":""Slurricane""},{""trait_type"":""Body"",""value"":""Chiefer""},{""trait_type"":""Lips"",""value"":""Dona Juanita""},{""trait_type"":""Eyes"",""value"":""Baked Blinkers Green""},{""trait_type"":""Buds"",""value"":""Grape Ape""},{""trait_type"":""Hats"",""value"":""Skully Green""}]"
286,3929543,0x4b986701c2c940401d03fb65b6ca84458eaf343d8fda3ee15fd06c6d08db4ffb,"[{""trait_type"":""Backgrounds"",""value"":""MAC""},{""trait_type"":""Body"",""value"":""Enlightened""},{""trait_type"":""Lips"",""value"":""Smoking Os""},{""trait_type"":""Eyes"",""value"":""Baked Blinkers Grey""},{""trait_type"":""Buds"",""value"":""Northern Lights""},{""trait_type"":""Hats"",""value"":""Loco Lid Red""}]"
285,3929542,0x360073db88df82c279a9434ca719d57da6e6ad1fabcd5734c05d61e3fb73d2ed,"[{""trait_type"":""Backgrounds"",""value"":""Orange Creamsicle""},{""trait_type"":""Body"",""value"":""Laughing Hyena""},{""trait_type"":""Lips"",""value"":""Sissy Lips""},{""trait_type"":""Eyes"",""value"":""PickleBall Purps""},{""trait_type"":""Buds"",""value"":""Smokin Dice""},{""trait_type"":""Hats"",""value"":""LogicCap Green""}]"
284,3929541,0x36a0d8f5efa7887887611059726c8555a132c53971a48dc52860ca073c325268,"[{""trait_type"":""Backgrounds"",""value"":""Forbidden Fruit""},{""trait_type"":""Body"",""value"":""Laughing Hyena""},{""trait_type"":""Lips"",""value"":""Muggle Smirk""},{""trait_type"":""Eyes"",""value"":""DogeMau_d""},{""trait_type"":""Buds"",""value"":""Duck Wit It""},{""trait_type"":""Hats"",""value"":""Love Lewey Vibes""}]"
283,3929540,0xeb682cf00ab8c70dfccb76ddaa71d97eb7935f273b62663b23ff30bc6b281912,"[{""trait_type"":""Backgrounds"",""value"":""Zkittlez""},{""trait_type"":""Body"",""value"":""Cannabisseur""},{""trait_type"":""Lips"",""value"":""Ganja Smoke Sativa""},{""trait_type"":""Eyes"",""value"":""Baked Blinkers Grey""},{""trait_type"":""Buds"",""value"":""Blue Dream""},{""trait_type"":""Hats"",""value"":""Hot Lava Lid""}]"
282,3929539,0x12bca3ff698145ce3de25606f034f48f8974f6dccc9deea3cd53ab9afd2e09bc,"[{""trait_type"":""Backgrounds"",""value"":""Green Crack""},{""trait_type"":""Body"",""value"":""Iron Lungs""},{""trait_type"":""Lips"",""value"":""Cheeching""},{""trait_type"":""Eyes"",""value"":""Blazed Green""},{""trait_type"":""Buds"",""value"":""Purple Kush""},{""trait_type"":""Hats"",""value"":""Loco Lid Green""}]"
281,3929538,0x6df27eb1feeca93e9988933ff044cf4b6f1d7342ad13587569a23dd5bd5395c9,"[{""trait_type"":""Backgrounds"",""value"":""Hindu Kush""},{""trait_type"":""Body"",""value"":""Herbalist""},{""trait_type"":""Lips"",""value"":""Cheeba Rising""},{""trait_type"":""Eyes"",""value"":""Shaggy AF""},{""trait_type"":""Buds"",""value"":""Duck Wit It""},{""trait_type"":""Hats"",""value"":""Muzik Vibes""}]"
280,3929435,0x117c2631597fed85f98d325cb598f84e2722e497908c3336f2b0afc5f9adc282,"[{""trait_type"":""Backgrounds"",""value"":""TrainWreck""},{""trait_type"":""Body"",""value"":""Iron Lungs""},{""trait_type"":""Lips"",""value"":""Dona Juanita""},{""trait_type"":""Eyes"",""value"":""OnGod Goggles Blue""},{""trait_type"":""Buds"",""value"":""SkyWalker""},{""trait_type"":""Hats"",""value"":""Herbal Hat""}]"
279,3929434,0x7e09331fce36052867b23a7d469496ac638173c4b05ebf0b69db7e1e37af1f19,"[{""trait_type"":""Backgrounds"",""value"":""Alien OG""},{""trait_type"":""Body"",""value"":""High Flyer""},{""trait_type"":""Lips"",""value"":""Ganja Smoke Sativa""},{""trait_type"":""Eyes"",""value"":""Caught""},{""trait_type"":""Buds"",""value"":""MrsK47""},{""trait_type"":""Hats"",""value"":""MoonQueen Crown""}]"
278,3929433,0x32e317e41df3522b175dea88e53b11dcb42eb4feb18277abee6a0c80f1a985c4,"[{""trait_type"":""Backgrounds"",""value"":""Forbidden Fruit""},{""trait_type"":""Body"",""value"":""Herbivore""},{""trait_type"":""Lips"",""value"":""Smoke Os Rising""},{""trait_type"":""Eyes"",""value"":""Red AF""},{""trait_type"":""Buds"",""value"":""MrsK47""},{""trait_type"":""Hats"",""value"":""Headband Yellow Blue""}]"
277,3929430,0xe2a3ff249ef0a46fba01fc12fbf4c9086a82bab686b6f1ca65a15a677d52abfe,"[{""trait_type"":""Backgrounds"",""value"":""Green Crack""},{""trait_type"":""Body"",""value"":""Blastasaurus Rex""},{""trait_type"":""Lips"",""value"":""Ganja Smoke Sativa""},{""trait_type"":""Eyes"",""value"":""Blazed Blue""},{""trait_type"":""Buds"",""value"":""Duck Wit It""},{""trait_type"":""Hats"",""value"":""Herbal Hat""}]"
276,3929338,0xddd7d72b1e547d29f664d790d239bf03721b0d12cba93e451ee80a08d3ce1978,"[{""trait_type"":""Backgrounds"",""value"":""Mimosa""},{""trait_type"":""Body"",""value"":""Herbalist""},{""trait_type"":""Lips"",""value"":""Burning One Down""},{""trait_type"":""Eyes"",""value"":""Shaggy AF""},{""trait_type"":""Buds"",""value"":""Duck Wit It""},{""trait_type"":""Hats"",""value"":""Hot Lava Lid""}]"
275,3929337,0x9e2b5ee28e22e6a4faf7dd6eb035d468a61ef27568640e318883f1219afd70c2,"[{""trait_type"":""Backgrounds"",""value"":""Gorilla Glue""},{""trait_type"":""Body"",""value"":""Cannabisseur""},{""trait_type"":""Lips"",""value"":""Dona Juanita""},{""trait_type"":""Eyes"",""value"":""Ziggy Red""},{""trait_type"":""Buds"",""value"":""Smokin Dice""},{""trait_type"":""Hats"",""value"":""Laughing Lid Green""}]"
274,3929336,0x99329e80efb6fe8dd9c9665266be22cd5e064e4d46e093b6df9753985ae205bc,"[{""trait_type"":""Backgrounds"",""value"":""Green Crack""},{""trait_type"":""Body"",""value"":""Goodfellow""},{""trait_type"":""Lips"",""value"":""Cheeba Rising""},{""trait_type"":""Eyes"",""value"":""Baked Blinkers Green""},{""trait_type"":""Buds"",""value"":""Northern Lights""},{""trait_type"":""Hats"",""value"":""Skully Pink""}]"
273,3929335,0xdc6c44c316a4fae752c0c6dc3faa4ddea478d19d5e9e0cd1c826551730996ab6,"[{""trait_type"":""Backgrounds"",""value"":""TrainWreck""},{""trait_type"":""Body"",""value"":""Herbalist""},{""trait_type"":""Lips"",""value"":""What Happened""},{""trait_type"":""Eyes"",""value"":""Caught""},{""trait_type"":""Buds"",""value"":""Duck Wit It""},{""trait_type"":""Hats"",""value"":""Laughing Lid Blue""}]"
272,3929334,0xef3ed85c7d83c828ac54fd51b9d6e4081a8c1761025cfee614b489e6fd4d99b6,"[{""trait_type"":""Backgrounds"",""value"":""TrainWreck""},{""trait_type"":""Body"",""value"":""Cannabisseur""},{""trait_type"":""Lips"",""value"":""Ganja Smoke Sativa""},{""trait_type"":""Eyes"",""value"":""Tree Wrecked""},{""trait_type"":""Buds"",""value"":""Golden Ticket""},{""trait_type"":""Hats"",""value"":""Hot Lava Lid""}]"
271,3929320,0x8c95d60a3946c0b8a3e273fcae39c6615ddd67f8b7bc2e5f6d40c850069c507d,"[{""trait_type"":""Backgrounds"",""value"":""Gushers""},{""trait_type"":""Body"",""value"":""Laughing Hyena""},{""trait_type"":""Lips"",""value"":""Rainy Day""},{""trait_type"":""Eyes"",""value"":""Baked Blinkers Grey""},{""trait_type"":""Buds"",""value"":""Golden Ticket""},{""trait_type"":""Hats"",""value"":""Hot Lava Lid""}]"
270,3929319,0xd522331d561746c790724cfe62bda23a5adabf6cbc70ad7e22a00dfc0bfd6848,"[{""trait_type"":""Backgrounds"",""value"":""Alien OG""},{""trait_type"":""Body"",""value"":""Blastasaurus Rex""},{""trait_type"":""Lips"",""value"":""Cheeching""},{""trait_type"":""Eyes"",""value"":""DogeMau_d""},{""trait_type"":""Buds"",""value"":""Northern Lights""},{""trait_type"":""Hats"",""value"":""Im Stoned""}]"
269,3929300,0x8c5a1cd48147860fe84adfc348d2ed76b967608e1328192ca0e28812cdb652af,"[{""trait_type"":""Backgrounds"",""value"":""Slurricane""},{""trait_type"":""Body"",""value"":""Indica""},{""trait_type"":""Lips"",""value"":""Ganja Smoke Purple Haze""},{""trait_type"":""Eyes"",""value"":""Shaggy AF""},{""trait_type"":""Buds"",""value"":""Smokin Dice""},{""trait_type"":""Hats"",""value"":""LogicCap Purple""}]"
268,3929293,0x2f40a6af7b016f837884d8dd672826d6f7855f612f8b22196fa98e416abf3af4,"[{""trait_type"":""Backgrounds"",""value"":""Strawberry Cough""},{""trait_type"":""Body"",""value"":""Blastasaurus Rex""},{""trait_type"":""Lips"",""value"":""Ganja Smoke Blue Dream""},{""trait_type"":""Eyes"",""value"":""Baked Blinkers Lazy""},{""trait_type"":""Buds"",""value"":""Golden Ticket""},{""trait_type"":""Hats"",""value"":""Skully Pink""}]"
267,3928233,0xcb5deabaa3ca4858de6b64ec937a9642c35550fa3bde26aca4b7f26f993fc2fe,"[{""trait_type"":""Backgrounds"",""value"":""Mimosa""},{""trait_type"":""Body"",""value"":""Chiefer""},{""trait_type"":""Lips"",""value"":""Ganja Smoke Sativa""},{""trait_type"":""Eyes"",""value"":""Baked Blinkers Suspect""},{""trait_type"":""Buds"",""value"":""Smokin Dice""},{""trait_type"":""Hats"",""value"":""Im High""}]"
266,3928232,0x9f28c59e077dbbbd910685d577c58ebd854bdbf935b8964f44cb8617c7d2a4bc,"[{""trait_type"":""Backgrounds"",""value"":""Mimosa""},{""trait_type"":""Body"",""value"":""High Flyer""},{""trait_type"":""Lips"",""value"":""Stoner""},{""trait_type"":""Eyes"",""value"":""Baked Blinkers Lazy""},{""trait_type"":""Buds"",""value"":""Duck Wit It""},{""trait_type"":""Hats"",""value"":""Skully Yellow""}]"
265,3928231,0x31c25d957b6dc5d32b323e2c0c2f520415889a6fdfe1e4f68afdbb1bf519bdbc,"[{""trait_type"":""Backgrounds"",""value"":""Orange Creamsicle""},{""trait_type"":""Body"",""value"":""Goodfellow""},{""trait_type"":""Lips"",""value"":""Rainy Day""},{""trait_type"":""Eyes"",""value"":""Baked Blinkers Suspect""},{""trait_type"":""Buds"",""value"":""MrsK47""},{""trait_type"":""Hats"",""value"":""Laughing Lid Green""}]"
264,3928230,0x158c87758bca89a957b230b208f2a98bb9c05249111dc0b82206800876887bb3,"[{""trait_type"":""Backgrounds"",""value"":""Orange Creamsicle""},{""trait_type"":""Body"",""value"":""Space Cowboy""},{""trait_type"":""Lips"",""value"":""Cheeba Rising""},{""trait_type"":""Eyes"",""value"":""Baked Blinkers Stoned Red""},{""trait_type"":""Buds"",""value"":""Blue Dream""},{""trait_type"":""Hats"",""value"":""Im Stoned""}]"
263,3928229,0x4c5987daebfff62f0ac2c6522f2367511318d52c0d8e7a3cf5d73c8078611352,"[{""trait_type"":""Backgrounds"",""value"":""TrainWreck""},{""trait_type"":""Body"",""value"":""Indica""},{""trait_type"":""Lips"",""value"":""Rainy Day""},{""trait_type"":""Eyes"",""value"":""PickleBall Purps""},{""trait_type"":""Buds"",""value"":""Northern Lights""},{""trait_type"":""Hats"",""value"":""Laughing Lid Green""}]"
262,3928228,0xe80b27cb76da82fa842d2723fb25c2944f06c619dfdd0a2e09b3c1bb713c537e,"[{""trait_type"":""Backgrounds"",""value"":""Purple Urkle""},{""trait_type"":""Body"",""value"":""Sativa""},{""trait_type"":""Lips"",""value"":""Cheeba Rising""},{""trait_type"":""Eyes"",""value"":""Tech G Goggles""},{""trait_type"":""Buds"",""value"":""Smokin Dice""},{""trait_type"":""Hats"",""value"":""Loco Lid Red""}]"
261,3928227,0xc0d0396e4a199cf17e4f8a558eb29877808092835908ca1fd71a1a15b13db3e0,"[{""trait_type"":""Backgrounds"",""value"":""9 Pound Hammer""},{""trait_type"":""Body"",""value"":""Indica""},{""trait_type"":""Lips"",""value"":""Ganja Smoke Sativa""},{""trait_type"":""Eyes"",""value"":""Respecter Me""},{""trait_type"":""Buds"",""value"":""Grape Ape""},{""trait_type"":""Hats"",""value"":""Headband Yellow Blue""}]"
260,3928226,0x1126ca1e51d3d2e9f531dcc51448e1cafc212bbc2ca0cc6633d2926b16f1e886,"[{""trait_type"":""Backgrounds"",""value"":""Alien OG""},{""trait_type"":""Body"",""value"":""Space Cowboy""},{""trait_type"":""Lips"",""value"":""Rainy Day""},{""trait_type"":""Eyes"",""value"":""Baked Blinkers Grey""},{""trait_type"":""Buds"",""value"":""Purple Kush""},{""trait_type"":""Hats"",""value"":""Skully Yellow""}]"
259,3928225,0x7473f39270e992dccddbad6f6f41fa83190df2dccdacaa82b7d324be4487045e,"[{""trait_type"":""Backgrounds"",""value"":""Wedding Cake""},{""trait_type"":""Body"",""value"":""Iron Lungs""},{""trait_type"":""Lips"",""value"":""Ganja Smoke Blue Dream""},{""trait_type"":""Eyes"",""value"":""Blazed Blue""},{""trait_type"":""Buds"",""value"":""Purple Kush""},{""trait_type"":""Hats"",""value"":""Laughing Lid Blue""}]"
258,3928224,0xe18ccbaa0908eaff8efbf8bb510e5f2f1846ceb68139c9eae34e8c950570230d,"[{""trait_type"":""Backgrounds"",""value"":""Green Crack""},{""trait_type"":""Body"",""value"":""Sativa""},{""trait_type"":""Lips"",""value"":""Ganja Smoke Indica""},{""trait_type"":""Eyes"",""value"":""Dank Dazzlers Green""},{""trait_type"":""Buds"",""value"":""Smokin Dice""},{""trait_type"":""Hats"",""value"":""Laughing Lid Green""}]"
257,3928221,0x8779ab457865c5f071daf95fd0b18d23ae0ef2ee38af2bb3b432414685f1742b,"[{""trait_type"":""Backgrounds"",""value"":""Kush Mints Matrix""},{""trait_type"":""Body"",""value"":""Space Cowboy""},{""trait_type"":""Lips"",""value"":""Woo Woo""},{""trait_type"":""Eyes"",""value"":""Blazed Blue""},{""trait_type"":""Buds"",""value"":""Grape Ape""},{""trait_type"":""Hats"",""value"":""LogicCap Green""}]"
256,3928220,0x3259ed7534715667c10dc08e89a8366cb8d021c02d94cea793b2e24b28e15bd5,"[{""trait_type"":""Backgrounds"",""value"":""Purple Urkle""},{""trait_type"":""Body"",""value"":""Cannabisseur""},{""trait_type"":""Lips"",""value"":""Burning One Down""},{""trait_type"":""Eyes"",""value"":""Sheeeesh""},{""trait_type"":""Buds"",""value"":""Smokin Dice""},{""trait_type"":""Hats"",""value"":""Im High""}]"
255,3928091,0x05e814fadfa7b443fb63127465d053c12c32c306ceaca9a62aebe33cd5b9d1aa,"[{""trait_type"":""Backgrounds"",""value"":""MAC""},{""trait_type"":""Body"",""value"":""Goodfellow""},{""trait_type"":""Lips"",""value"":""Bogart""},{""trait_type"":""Eyes"",""value"":""OnGod Goggles Blue""},{""trait_type"":""Buds"",""value"":""Duck Wit It""},{""trait_type"":""Hats"",""value"":""Skully Green""}]"
254,3927439,0x3cd66ef290bea53c853e1072dbaa17af58f5ca8ce63403de0bf5dc4aad7386e1,"[{""trait_type"":""Backgrounds"",""value"":""Hindu Kush""},{""trait_type"":""Body"",""value"":""Goodfellow""},{""trait_type"":""Lips"",""value"":""Ganja Smoke Indica""},{""trait_type"":""Eyes"",""value"":""Ziggy Red""},{""trait_type"":""Buds"",""value"":""Purple Kush""},{""trait_type"":""Hats"",""value"":""Im High""}]"
253,3927438,0xca1fb3125ecef412cbb58caa3e5adc16eee632889ba59040ed9a4c4dc3065539,"[{""trait_type"":""Backgrounds"",""value"":""Bubba Kush""},{""trait_type"":""Body"",""value"":""Space Cowboy""},{""trait_type"":""Lips"",""value"":""Cheeba Smoke""},{""trait_type"":""Eyes"",""value"":""Wylin Out""},{""trait_type"":""Buds"",""value"":""MrsK47""},{""trait_type"":""Hats"",""value"":""Skully Yellow""}]"
252,3926546,0x0cd129ce7063fd5f5d9c009dc28c0998e9f18b9b05e9978139fbb61bbbbc2835,"[{""trait_type"":""Backgrounds"",""value"":""Strawberry Cough""},{""trait_type"":""Body"",""value"":""Goodfellow""},{""trait_type"":""Lips"",""value"":""Ganja Smoke Blue Dream""},{""trait_type"":""Eyes"",""value"":""Blazed Green""},{""trait_type"":""Buds"",""value"":""Smokin Dice""},{""trait_type"":""Hats"",""value"":""Loco Lid Red""}]"
251,3926545,0x8f6c12d7f2930e1d0ca498825186b6d0b6dad797a225ebe2303a2aeda4868753,"[{""trait_type"":""Backgrounds"",""value"":""Zkittlez""},{""trait_type"":""Body"",""value"":""Laughing Hyena""},{""trait_type"":""Lips"",""value"":""Muggle Smirk""},{""trait_type"":""Eyes"",""value"":""Baked Blinkers Green""},{""trait_type"":""Buds"",""value"":""Northern Lights""},{""trait_type"":""Hats"",""value"":""Skully Green""}]"
250,3926469,0x16681314fdbe347223a3acde82d6968cc75ab02692681e0adde1e3ad358adf20,"[{""trait_type"":""Backgrounds"",""value"":""Slurricane""},{""trait_type"":""Body"",""value"":""Iron Lungs""},{""trait_type"":""Lips"",""value"":""Smoking Os""},{""trait_type"":""Eyes"",""value"":""Wylin Out""},{""trait_type"":""Buds"",""value"":""Smokin Dice""},{""trait_type"":""Hats"",""value"":""LogicCap Purple""}]"
249,3917453,0x73fc541c38fa64d65b93c2b75f444d8525639c2b4bd544715cba08b81b2b2fdd,"[{""trait_type"":""Backgrounds"",""value"":""ChemDog""},{""trait_type"":""Body"",""value"":""Indica""},{""trait_type"":""Lips"",""value"":""Sideways""},{""trait_type"":""Eyes"",""value"":""PickleBall Purps""},{""trait_type"":""Buds"",""value"":""Duck Wit It""},{""trait_type"":""Hats"",""value"":""Loco Lid Green""}]"
248,3914544,0x1c06e772faf0ff75499e37a312a3505dbda59f97c2dee93182e57140b5a8817c,"[{""trait_type"":""Backgrounds"",""value"":""Gushers""},{""trait_type"":""Body"",""value"":""Goodfellow""},{""trait_type"":""Lips"",""value"":""Cheeching""},{""trait_type"":""Eyes"",""value"":""Tree Wrecked""},{""trait_type"":""Buds"",""value"":""Golden Ticket""},{""trait_type"":""Hats"",""value"":""Laughing Lid Blue""}]"
247,3914543,0x578b35e58af856eeff7a735ec0d87c2e8c83f9d0f2cadf65da38d6dea35dd644,"[{""trait_type"":""Backgrounds"",""value"":""Purple Urkle""},{""trait_type"":""Body"",""value"":""Cannabisseur""},{""trait_type"":""Lips"",""value"":""Ganja Smoke Sativa""},{""trait_type"":""Eyes"",""value"":""Baked Blinkers Lazy""},{""trait_type"":""Buds"",""value"":""Duck Wit It""},{""trait_type"":""Hats"",""value"":""Herbal Hat""}]"
246,3914470,0xa66f4b05ae77414bc6c491956046aba6f69930e027e15e948e519b17c2c5bbde,"[{""trait_type"":""Backgrounds"",""value"":""Zkittlez""},{""trait_type"":""Body"",""value"":""High Flyer""},{""trait_type"":""Lips"",""value"":""Burning One Down""},{""trait_type"":""Eyes"",""value"":""PickleBall Purps""},{""trait_type"":""Buds"",""value"":""Grape Ape""},{""trait_type"":""Hats"",""value"":""Headband Pink Green""}]"
245,3914456,0xd87e06c9320a142db43003c4e03ca2cbd48213389d6b30f72bf0413d4c1b2349,"[{""trait_type"":""Backgrounds"",""value"":""Gushers""},{""trait_type"":""Body"",""value"":""Blastasaurus Rex""},{""trait_type"":""Lips"",""value"":""Ganja Smoke Sativa""},{""trait_type"":""Eyes"",""value"":""Shaggy AF""},{""trait_type"":""Buds"",""value"":""Smokin Dice""},{""trait_type"":""Hats"",""value"":""Diamond Verse Green""}]"
244,3914455,0x1791804c310e376dfc851d259573d255bcd271a1597116e316cadc9ba1c878a5,"[{""trait_type"":""Backgrounds"",""value"":""Zkittlez""},{""trait_type"":""Body"",""value"":""Herbalist""},{""trait_type"":""Lips"",""value"":""Smoke Os Rising""},{""trait_type"":""Eyes"",""value"":""Shaggy AF""},{""trait_type"":""Buds"",""value"":""Orange Crush""},{""trait_type"":""Hats"",""value"":""Shiller""}]"
243,3914454,0x3e3787b6aa537e0dc4a1716658d8a753d05f2681c54b06d5da0e0ed83c7dfc53,"[{""trait_type"":""Backgrounds"",""value"":""Purple Urkle""},{""trait_type"":""Body"",""value"":""Iron Lungs""},{""trait_type"":""Lips"",""value"":""Smoke One""},{""trait_type"":""Eyes"",""value"":""Zig Zag Laser Red""},{""trait_type"":""Buds"",""value"":""Purple Kush""},{""trait_type"":""Hats"",""value"":""Loco Lid Green""}]"
242,3914453,0x789f3f92025df2b2d4c0cf3b33af0f5fb1b85d7a6c8fc4e51aa31c6ce9d1c8f0,"[{""trait_type"":""Backgrounds"",""value"":""Mimosa""},{""trait_type"":""Body"",""value"":""Iron Lungs""},{""trait_type"":""Lips"",""value"":""Cheeba Rising""},{""trait_type"":""Eyes"",""value"":""DogeMau_d""},{""trait_type"":""Buds"",""value"":""Northern Lights""},{""trait_type"":""Hats"",""value"":""Laughing Lid Blue""}]"
241,3914452,0x2a24b07a198461c7d0929d56571a5aa7b6766b0612b773bfb815956055dbc6d6,"[{""trait_type"":""Backgrounds"",""value"":""Green Crack""},{""trait_type"":""Body"",""value"":""Herbivore""},{""trait_type"":""Lips"",""value"":""Smoking Os""},{""trait_type"":""Eyes"",""value"":""Tree Wrecked""},{""trait_type"":""Buds"",""value"":""Grape Ape""},{""trait_type"":""Hats"",""value"":""Loco Lid Red""}]"
240,3914451,0xc370e84fd908d84cfeea16609dedece49163c0dea34c337700de7519bc0a4689,"[{""trait_type"":""Backgrounds"",""value"":""Green Crack""},{""trait_type"":""Body"",""value"":""Space Cowboy""},{""trait_type"":""Lips"",""value"":""Ganja Smoke Purple Haze""},{""trait_type"":""Eyes"",""value"":""Tech G Goggles""},{""trait_type"":""Buds"",""value"":""Northern Lights""},{""trait_type"":""Hats"",""value"":""Headband Yellow Blue""}]"
239,3914450,0x807af89c34fcf06a26f701c05a620d28182ae0c50f305c81bb6a96e3728b0117,"[{""trait_type"":""Backgrounds"",""value"":""Do Si Dos""},{""trait_type"":""Body"",""value"":""Iron Lungs""},{""trait_type"":""Lips"",""value"":""Cheeba Rising""},{""trait_type"":""Eyes"",""value"":""Tree Wrecked""},{""trait_type"":""Buds"",""value"":""Orange Crush""},{""trait_type"":""Hats"",""value"":""Headband Yellow Blue""}]"
238,3914449,0x62e44253acea6a5bba082d0844820c9f04e25f939283adb60420388d992ce66e,"[{""trait_type"":""Backgrounds"",""value"":""Green Crack""},{""trait_type"":""Body"",""value"":""Cannabisseur""},{""trait_type"":""Lips"",""value"":""Stoner""},{""trait_type"":""Eyes"",""value"":""Baked Blinkers Green""},{""trait_type"":""Buds"",""value"":""Grape Ape""},{""trait_type"":""Hats"",""value"":""Loco Lid Green""}]"
237,3914448,0xfd4f0450e51b3f645ca558ca865c42f73fd0bbfa624f416189554edf8deb533d,"[{""trait_type"":""Backgrounds"",""value"":""ChemDog""},{""trait_type"":""Body"",""value"":""Laughing Hyena""},{""trait_type"":""Lips"",""value"":""Ganja Smoke Sativa""},{""trait_type"":""Eyes"",""value"":""Zig Zag Laser Red""},{""trait_type"":""Buds"",""value"":""Blue Dream""},{""trait_type"":""Hats"",""value"":""Shiller""}]"
236,3914447,0xc6f6a8f7f34bfe48694d9d85b65efc269374e88df2d70449a441a63eb0ce922a,"[{""trait_type"":""Backgrounds"",""value"":""Bubba Kush""},{""trait_type"":""Body"",""value"":""Space Cowboy""},{""trait_type"":""Lips"",""value"":""Bogart""},{""trait_type"":""Eyes"",""value"":""Mighty Maxxed Out""},{""trait_type"":""Buds"",""value"":""Duck Wit It""},{""trait_type"":""Hats"",""value"":""Im Stoned""}]"
235,3914445,0xfb1c6d3bdd3aca51cf6ee9ef50ad5664d1225220bab2d2d19692cfaa7d77b7cd,"[{""trait_type"":""Backgrounds"",""value"":""Strawberry Cough""},{""trait_type"":""Body"",""value"":""High Flyer""},{""trait_type"":""Lips"",""value"":""What Happened""},{""trait_type"":""Eyes"",""value"":""Wylin Out""},{""trait_type"":""Buds"",""value"":""Golden Ticket""},{""trait_type"":""Hats"",""value"":""Shiller""}]"
234,3914444,0xadb568b481c5f804266c787f1957e495f996edb6ae371392d0068636157aaba5,"[{""trait_type"":""Backgrounds"",""value"":""TrainWreck""},{""trait_type"":""Body"",""value"":""Indica""},{""trait_type"":""Lips"",""value"":""Stoner""},{""trait_type"":""Eyes"",""value"":""Baked Blinkers Suspect""},{""trait_type"":""Buds"",""value"":""Smokin Dice""},{""trait_type"":""Hats"",""value"":""Loco Lid Red""}]"
233,3914443,0x54f56edddb431e8a25f377f11ac7fafe7133da8c564a3318b1be0f9b8ed812ff,"[{""trait_type"":""Backgrounds"",""value"":""GMO Cookies""},{""trait_type"":""Body"",""value"":""Chiefer""},{""trait_type"":""Lips"",""value"":""Ganja Smoke Blue Dream""},{""trait_type"":""Eyes"",""value"":""Baked Blinkers Purple""},{""trait_type"":""Buds"",""value"":""Golden Ticket""},{""trait_type"":""Hats"",""value"":""Laughing Lid Blue""}]"
232,3914442,0x2e85fd3e2fa39967322d590828fc06aba59f8e83f48454d050104cecdfb2b621,"[{""trait_type"":""Backgrounds"",""value"":""Forbidden Fruit""},{""trait_type"":""Body"",""value"":""Cannabisseur""},{""trait_type"":""Lips"",""value"":""Ganja Smoke Indica""},{""trait_type"":""Eyes"",""value"":""Cannabis Kaleidoscope 3D""},{""trait_type"":""Buds"",""value"":""Orange Crush""},{""trait_type"":""Hats"",""value"":""Shiller""}]"
231,3914441,0x7d07e1dd2ac6886e14f6520741b391e717e946160c311148f585baa0d2486706,"[{""trait_type"":""Backgrounds"",""value"":""TrainWreck""},{""trait_type"":""Body"",""value"":""Iron Lungs""},{""trait_type"":""Lips"",""value"":""Muggle Smirk""},{""trait_type"":""Eyes"",""value"":""Baked Blinkers Purple""},{""trait_type"":""Buds"",""value"":""Smokin Dice""},{""trait_type"":""Hats"",""value"":""Im High""}]"
230,3913584,0xe0a3b1b7f15e3b6add5b2656ec37e6822739123426cfe4be283ca19b583da5f4,"[{""trait_type"":""Backgrounds"",""value"":""Do Si Dos""},{""trait_type"":""Body"",""value"":""Chiefer""},{""trait_type"":""Lips"",""value"":""Dona Juanita""},{""trait_type"":""Eyes"",""value"":""Tree Wrecked""},{""trait_type"":""Buds"",""value"":""Smokin Dice""},{""trait_type"":""Hats"",""value"":""LogicCap Green""}]"
229,3913454,0xacc5eb9595fa20e34c6ff68eeb1dddc2cf05d4ea9b72ddbc7d5316f32e19f137,"[{""trait_type"":""Backgrounds"",""value"":""TrainWreck""},{""trait_type"":""Body"",""value"":""Indica""},{""trait_type"":""Lips"",""value"":""Cheeching""},{""trait_type"":""Eyes"",""value"":""Cannabis Kaleidoscope 3D""},{""trait_type"":""Buds"",""value"":""Orange Crush""},{""trait_type"":""Hats"",""value"":""LogicCap Purple""}]"
228,3913453,0x375436f53d84f96b1096b438a07a4b103ad19359d9f97d434384de7769c0d24f,"[{""trait_type"":""Backgrounds"",""value"":""Wedding Cake""},{""trait_type"":""Body"",""value"":""Blastasaurus Rex""},{""trait_type"":""Lips"",""value"":""Ganja Smoke Sativa""},{""trait_type"":""Eyes"",""value"":""Baked Blinkers Smokey""},{""trait_type"":""Buds"",""value"":""Special K Kush""},{""trait_type"":""Hats"",""value"":""Skully Yellow""}]"
227,3913452,0x75be4c0199846376ea69d6db99f34a006b22d20fbae870b18f7ffbc7752ef48f,"[{""trait_type"":""Backgrounds"",""value"":""Strawberry Cough""},{""trait_type"":""Body"",""value"":""Herbivore""},{""trait_type"":""Lips"",""value"":""Ganja Smoke Blue Dream""},{""trait_type"":""Eyes"",""value"":""Respecter Me""},{""trait_type"":""Buds"",""value"":""SkyWalker""},{""trait_type"":""Hats"",""value"":""LogicCap Purple""}]"
226,3913449,0xc5322c90ae928477037604282956af87743a22139c0634500d3802db42b2df5f,"[{""trait_type"":""Backgrounds"",""value"":""White Rhino""},{""trait_type"":""Body"",""value"":""Space Cowboy""},{""trait_type"":""Lips"",""value"":""Ganja Smoke Purple Haze""},{""trait_type"":""Eyes"",""value"":""Blazed Green""},{""trait_type"":""Buds"",""value"":""Special K Kush""},{""trait_type"":""Hats"",""value"":""Headband Pink Green""}]"
225,3913124,0x6278ed095770624bc44ac256c88974d81fad0bdb1f4ec771dd36bd8ad8e70a40,"[{""trait_type"":""Backgrounds"",""value"":""Do Si Dos""},{""trait_type"":""Body"",""value"":""Cannabisseur""},{""trait_type"":""Lips"",""value"":""Smoke One""},{""trait_type"":""Eyes"",""value"":""Mighty Maxxed Out""},{""trait_type"":""Buds"",""value"":""Golden Ticket""},{""trait_type"":""Hats"",""value"":""His Grace Crown""}]"
224,3913060,0x74289981a519efff3f6de3bda51db59ed9a96d0ef1c1df767274d199822d764c,"[{""trait_type"":""Backgrounds"",""value"":""Hindu Kush""},{""trait_type"":""Body"",""value"":""Indica""},{""trait_type"":""Lips"",""value"":""Smoke One""},{""trait_type"":""Eyes"",""value"":""Baked Blinkers Stoned Red""},{""trait_type"":""Buds"",""value"":""Smokin Dice""},{""trait_type"":""Hats"",""value"":""Laughing Lid Green""}]"
223,3913009,0xdbde7975546fef346fd8c6a9bfc259c3793f68576ff927e44757f1980b8f6ab7,"[{""trait_type"":""Backgrounds"",""value"":""Slurricane""},{""trait_type"":""Body"",""value"":""Digijoint""},{""trait_type"":""Lips"",""value"":""Cheeba Smoke""},{""trait_type"":""Eyes"",""value"":""Blazed Blue""},{""trait_type"":""Buds"",""value"":""Duck Wit It""},{""trait_type"":""Hats"",""value"":""Laughing Lid Blue""}]"
222,3913008,0xeab8c7141239848ac8b836fe6a62873250cfdf55660bf0dbc74202696add7aa3,"[{""trait_type"":""Backgrounds"",""value"":""Mimosa""},{""trait_type"":""Body"",""value"":""Chiefer""},{""trait_type"":""Lips"",""value"":""Sideways""},{""trait_type"":""Eyes"",""value"":""OnGod Goggles Red""},{""trait_type"":""Buds"",""value"":""Blue Dream""},{""trait_type"":""Hats"",""value"":""Laughing Lid Blue""}]"
221,3913007,0xe5430dc9d066a9ac8643eac1023d8ba72cc082dd76e4198781474508e40fa928,"[{""trait_type"":""Backgrounds"",""value"":""Slurricane""},{""trait_type"":""Body"",""value"":""Space Cowboy""},{""trait_type"":""Lips"",""value"":""Smoking Os""},{""trait_type"":""Eyes"",""value"":""Tree Wrecked""},{""trait_type"":""Buds"",""value"":""Golden Ticket""},{""trait_type"":""Hats"",""value"":""Headband Pink Green""}]"
220,3912985,0xcd060eea2d0bea6b72ddc7565565ec6d4d28b0dbc24950aca904540a65c8e5a1,"[{""trait_type"":""Backgrounds"",""value"":""Hindu Kush""},{""trait_type"":""Body"",""value"":""Laughing Hyena""},{""trait_type"":""Lips"",""value"":""Cheeching""},{""trait_type"":""Eyes"",""value"":""Baked Blinkers Green""},{""trait_type"":""Buds"",""value"":""Smokin Dice""},{""trait_type"":""Hats"",""value"":""Loco Lid Red""}]"
219,3912509,0xab12ce78d64593d12a16f2baba34405b033ed2dfdee84205c7d0adc27457e6c3,"[{""trait_type"":""Backgrounds"",""value"":""Wedding Cake""},{""trait_type"":""Body"",""value"":""Sativa""},{""trait_type"":""Lips"",""value"":""Woo Woo""},{""trait_type"":""Eyes"",""value"":""Respecter Me""},{""trait_type"":""Buds"",""value"":""Purple Kush""},{""trait_type"":""Hats"",""value"":""Im High""}]"
218,3911177,0xdb35893d03c75450ce6dc5512346fd32ed066bc1c090f3d5899af52cbd3890d4,"[{""trait_type"":""Backgrounds"",""value"":""MAC""},{""trait_type"":""Body"",""value"":""Cannabisseur""},{""trait_type"":""Lips"",""value"":""Burning One Down""},{""trait_type"":""Eyes"",""value"":""Ziggy Red""},{""trait_type"":""Buds"",""value"":""Purple Kush""},{""trait_type"":""Hats"",""value"":""Headband Yellow Blue""}]"
217,3911176,0xfd70672ad4a94279786065596bdd08b72ffca9dd3af790e4720d49556bba463e,"[{""trait_type"":""Backgrounds"",""value"":""Forbidden Fruit""},{""trait_type"":""Body"",""value"":""Herbalist""},{""trait_type"":""Lips"",""value"":""Burning One Down""},{""trait_type"":""Eyes"",""value"":""Baked Blinkers Stoned Red""},{""trait_type"":""Buds"",""value"":""SkyWalker""},{""trait_type"":""Hats"",""value"":""LogicCap Gold""}]"
216,3911175,0x47f50333a8d9a44196d15a127ffa818b57aef7aa7a753d133e867706730134e9,"[{""trait_type"":""Backgrounds"",""value"":""Mimosa""},{""trait_type"":""Body"",""value"":""Weedpreneur""},{""trait_type"":""Lips"",""value"":""Ganja Smoke Indica""},{""trait_type"":""Eyes"",""value"":""Baked Blinkers Lazy""},{""trait_type"":""Buds"",""value"":""Duck Wit It""},{""trait_type"":""Hats"",""value"":""LogicCap Green""}]"
215,3911174,0x09b18f28bcb3c5ab4a33a4a3a362d43bbdddbdda5201817caaef960c3e902c16,"[{""trait_type"":""Backgrounds"",""value"":""MAC""},{""trait_type"":""Body"",""value"":""Chiefer""},{""trait_type"":""Lips"",""value"":""Sissy Lips""},{""trait_type"":""Eyes"",""value"":""DogeMau_d""},{""trait_type"":""Buds"",""value"":""SkyWalker""},{""trait_type"":""Hats"",""value"":""Skully Green""}]"
214,3911173,0x507ac7688b8a9807431d0f5c4d4bad08fe52b73eaac2aa2d02d7cd7aac6c2f41,"[{""trait_type"":""Backgrounds"",""value"":""Bubba Kush""},{""trait_type"":""Body"",""value"":""Herbalist""},{""trait_type"":""Lips"",""value"":""Cheeba Rising""},{""trait_type"":""Eyes"",""value"":""Baked Blinkers Purple""},{""trait_type"":""Buds"",""value"":""SkyWalker""},{""trait_type"":""Hats"",""value"":""LogicCap Purple""}]"
213,3911171,0xce7f225e92319751021f784ac672c1ad84fd5f7e4ad6122e59db5deed9a576b8,"[{""trait_type"":""Backgrounds"",""value"":""Gushers""},{""trait_type"":""Body"",""value"":""Ganjapreneur""},{""trait_type"":""Lips"",""value"":""Cheeching""},{""trait_type"":""Eyes"",""value"":""Baked Blinkers Suspect""},{""trait_type"":""Buds"",""value"":""Special K Kush""},{""trait_type"":""Hats"",""value"":""Laughing Lid Green""}]"
212,3911106,0x23f8ed3d0ccff08226f8fe0e8d025356f6a17a380a5deaf6ee2a97c51658b312,"[{""trait_type"":""Backgrounds"",""value"":""Strawberry Cough""},{""trait_type"":""Body"",""value"":""Herbalist""},{""trait_type"":""Lips"",""value"":""Cheeching""},{""trait_type"":""Eyes"",""value"":""Tree Wrecked""},{""trait_type"":""Buds"",""value"":""Northern Lights""},{""trait_type"":""Hats"",""value"":""Im Stoned""}]"
211,3911105,0xf45eba5d4ca11c3228ae4ae2caeb12884aea58e3f3ff0ac2354a058cb8dfc63d,"[{""trait_type"":""Backgrounds"",""value"":""Wedding Cake""},{""trait_type"":""Body"",""value"":""Enlightened""},{""trait_type"":""Lips"",""value"":""Ganja Smoke Blue Dream""},{""trait_type"":""Eyes"",""value"":""Baked Blinkers Green""},{""trait_type"":""Buds"",""value"":""Golden Ticket""},{""trait_type"":""Hats"",""value"":""Skully Yellow""}]"
210,3911104,0x66116923bf320158f43a08630c999e79f978a16cc1bebb2ac24fa273be20e048,"[{""trait_type"":""Backgrounds"",""value"":""Orange Creamsicle""},{""trait_type"":""Body"",""value"":""Herbalist""},{""trait_type"":""Lips"",""value"":""What Happened""},{""trait_type"":""Eyes"",""value"":""Blazed Blue""},{""trait_type"":""Buds"",""value"":""Golden Ticket""},{""trait_type"":""Hats"",""value"":""Herbal Hat""}]"
209,3911103,0x8ac1e8c4748816d59921b736aeabfead1e3cab17b044fbb7e459c5bfc0726252,"[{""trait_type"":""Backgrounds"",""value"":""Alien OG""},{""trait_type"":""Body"",""value"":""Ganjapreneur""},{""trait_type"":""Lips"",""value"":""Ganja Smoke Purple Haze""},{""trait_type"":""Eyes"",""value"":""Wylin Out""},{""trait_type"":""Buds"",""value"":""Northern Lights""},{""trait_type"":""Hats"",""value"":""Shiller""}]"
208,3911102,0xe52c23dd145a5f9c379a4955b87a0ad149f9032a27afb04bdeb49d5a7212edff,"[{""trait_type"":""Backgrounds"",""value"":""Alien OG""},{""trait_type"":""Body"",""value"":""Goodfellow""},{""trait_type"":""Lips"",""value"":""Rainy Day""},{""trait_type"":""Eyes"",""value"":""Blazed Green""},{""trait_type"":""Buds"",""value"":""Golden Ticket""},{""trait_type"":""Hats"",""value"":""Im High""}]"
207,3910916,0xf1758205eeeb83eba11dbfc541dc4d06f8f7734a00a4025272b34a5776ede647,"[{""trait_type"":""Backgrounds"",""value"":""Mimosa""},{""trait_type"":""Body"",""value"":""High Flyer""},{""trait_type"":""Lips"",""value"":""Cheeching""},{""trait_type"":""Eyes"",""value"":""Infused Optics Blue""},{""trait_type"":""Buds"",""value"":""Purple Kush""},{""trait_type"":""Hats"",""value"":""Laughing Lid Green""}]"
206,3910871,0xb427e99ab920a503fcfe83a082fac8853d6f800cd8e39376b890eb43cf0defac,"[{""trait_type"":""Backgrounds"",""value"":""Hindu Kush""},{""trait_type"":""Body"",""value"":""Chiefer""},{""trait_type"":""Lips"",""value"":""Burning One Down""},{""trait_type"":""Eyes"",""value"":""Shaggy AF""},{""trait_type"":""Buds"",""value"":""SkyWalker""},{""trait_type"":""Hats"",""value"":""Im High""}]"
205,3910870,0xac5d99629717ccef7ab67220ff4b44574c986526b6c03cac9f8177fd892dd6f3,"[{""trait_type"":""Backgrounds"",""value"":""Gorilla Glue""},{""trait_type"":""Body"",""value"":""Goodfellow""},{""trait_type"":""Lips"",""value"":""Cheeba Smoke""},{""trait_type"":""Eyes"",""value"":""Baked Blinkers Purple""},{""trait_type"":""Buds"",""value"":""Duck Wit It""},{""trait_type"":""Hats"",""value"":""Im High""}]"
204,3910869,0x33885903fdff53e2c13e92b4a3b2a73aec29f89932bca40b1ea62d2b6aae97d8,"[{""trait_type"":""Backgrounds"",""value"":""Alien OG""},{""trait_type"":""Body"",""value"":""Weedpreneur""},{""trait_type"":""Lips"",""value"":""Woo Woo""},{""trait_type"":""Eyes"",""value"":""Blazed Green""},{""trait_type"":""Buds"",""value"":""Northern Lights""},{""trait_type"":""Hats"",""value"":""Herbal Hat""}]"
203,3910868,0x868bf1a8e8903d400880adc589d9c1f27d5ae65da8820cd4b186307f34d1829c,"[{""trait_type"":""Backgrounds"",""value"":""Gorilla Glue""},{""trait_type"":""Body"",""value"":""Chiefer""},{""trait_type"":""Lips"",""value"":""Ganja Smoke Blue Dream""},{""trait_type"":""Eyes"",""value"":""Baked Blinkers Suspect""},{""trait_type"":""Buds"",""value"":""Smokin Dice""},{""trait_type"":""Hats"",""value"":""Skully Yellow""}]"
202,3910864,0xa54eed9e038b25b786de31e71f4233e18d8e8f221f2f22bec2bd8aa1f5c669b1,"[{""trait_type"":""Backgrounds"",""value"":""Gorilla Glue""},{""trait_type"":""Body"",""value"":""Herbalist""},{""trait_type"":""Lips"",""value"":""Ganja Smoke Blue Dream""},{""trait_type"":""Eyes"",""value"":""Red AF""},{""trait_type"":""Buds"",""value"":""Duck Wit It""},{""trait_type"":""Hats"",""value"":""Im High""}]"
201,3910863,0x6c9b49315ec4fa9e8f11ecf64e7b6aeae0d42c8519678a0e1b0dc18d94540037,"[{""trait_type"":""Backgrounds"",""value"":""Gorilla Glue""},{""trait_type"":""Body"",""value"":""Laughing Hyena""},{""trait_type"":""Lips"",""value"":""What Happened""},{""trait_type"":""Eyes"",""value"":""Baked Blinkers Smokey""},{""trait_type"":""Buds"",""value"":""SkyWalker""},{""trait_type"":""Hats"",""value"":""Im Stoned""}]"
200,3910861,0xdceeee89e4e2185df55a3ddb14ed38f550949ac746fea368ffc6b40b27fa9c01,"[{""trait_type"":""Backgrounds"",""value"":""Purple Urkle""},{""trait_type"":""Body"",""value"":""Space Cowboy""},{""trait_type"":""Lips"",""value"":""Cheeba Rising""},{""trait_type"":""Eyes"",""value"":""Baked Blinkers Suspect""},{""trait_type"":""Buds"",""value"":""Special K Kush""},{""trait_type"":""Hats"",""value"":""Laughing Lid Green""}]"
199,3910710,0x4d5de1e3c2f590bab6c624d783578bee67a703c093f091d956795933c641d748,"[{""trait_type"":""Backgrounds"",""value"":""Hindu Kush""},{""trait_type"":""Body"",""value"":""Goodfellow""},{""trait_type"":""Lips"",""value"":""Woo Woo""},{""trait_type"":""Eyes"",""value"":""Cannabis Kaleidoscope Orange""},{""trait_type"":""Buds"",""value"":""SkyWalker""},{""trait_type"":""Hats"",""value"":""Loco Lid Green""}]"
198,3910683,0x0e35d9ec5dff89db9e4c23e0947f981b62b2ebd011af2cd14455062d4c2e6f84,"[{""trait_type"":""Backgrounds"",""value"":""Slurricane""},{""trait_type"":""Body"",""value"":""Chiefer""},{""trait_type"":""Lips"",""value"":""Smoke Os Rising""},{""trait_type"":""Eyes"",""value"":""Mighty Maxxed Out""},{""trait_type"":""Buds"",""value"":""Special K Kush""},{""trait_type"":""Hats"",""value"":""Headband Blue Orange""}]"
197,3910682,0x71beb8aa735e2cd9b225541ef4acc276b9aabb4e4e6b850645a377f18a43d816,"[{""trait_type"":""Backgrounds"",""value"":""Kush Mints Matrix""},{""trait_type"":""Body"",""value"":""Indica""},{""trait_type"":""Lips"",""value"":""Stoner""},{""trait_type"":""Eyes"",""value"":""Blazed Blue""},{""trait_type"":""Buds"",""value"":""Golden Ticket""},{""trait_type"":""Hats"",""value"":""Im High""}]"
196,3910342,0xeeb633f8fb94f0ef2e97e3eab7a312fed49fce7cea5dab165c65ceb990dc5b51,"[{""trait_type"":""Backgrounds"",""value"":""Orange Creamsicle""},{""trait_type"":""Body"",""value"":""Blastasaurus Rex""},{""trait_type"":""Lips"",""value"":""Muggle Smirk""},{""trait_type"":""Eyes"",""value"":""5_ Ninja""},{""trait_type"":""Buds"",""value"":""Smokin Dice""},{""trait_type"":""Hats"",""value"":""MoonQueen Crown""}]"
195,3910341,0xcaff6e681e7f5aae974a955725f02495ce53608a67f0fc7ab4c82f2599ecc98e,"[{""trait_type"":""Backgrounds"",""value"":""9 Pound Hammer""},{""trait_type"":""Body"",""value"":""Blastasaurus Rex""},{""trait_type"":""Lips"",""value"":""Smoking Os""},{""trait_type"":""Eyes"",""value"":""Baked Blinkers Smokey""},{""trait_type"":""Buds"",""value"":""SkyWalker""},{""trait_type"":""Hats"",""value"":""LogicCap Gold""}]"
194,3910340,0xbf1803a44aaa1d084b048319f8a18bad057afe804a89f0b44e7663b3cdddc821,"[{""trait_type"":""Backgrounds"",""value"":""Zkittlez""},{""trait_type"":""Body"",""value"":""Laughing Hyena""},{""trait_type"":""Lips"",""value"":""Smoke One""},{""trait_type"":""Eyes"",""value"":""Baked Blinkers Suspect""},{""trait_type"":""Buds"",""value"":""Duck Wit It""},{""trait_type"":""Hats"",""value"":""Laughing Lid Green""}]"
193,3910339,0x7fe8a4d5a1bb29c4e64a17516d4491039a2c7e2f812f3bec7dde0b2d3b571ecf,"[{""trait_type"":""Backgrounds"",""value"":""Bubba Kush""},{""trait_type"":""Body"",""value"":""Herbivore""},{""trait_type"":""Lips"",""value"":""Cheeching""},{""trait_type"":""Eyes"",""value"":""Mighty Maxxed Out""},{""trait_type"":""Buds"",""value"":""Orange Crush""},{""trait_type"":""Hats"",""value"":""Skully Green""}]"
192,3910338,0xaf3763fc6033c3271caccbb8febf61630b56582f394b53191f26c7ff0fbaf368,"[{""trait_type"":""Backgrounds"",""value"":""Strawberry Cough""},{""trait_type"":""Body"",""value"":""Iron Lungs""},{""trait_type"":""Lips"",""value"":""Sissy Lips""},{""trait_type"":""Eyes"",""value"":""Shaggy AF""},{""trait_type"":""Buds"",""value"":""Special K Kush""},{""trait_type"":""Hats"",""value"":""LogicCap Green""}]"
191,3910337,0x6175e784aa72025ab7454634d5f11d52753d974185b3222c51795cdb696a9aa7,"[{""trait_type"":""Backgrounds"",""value"":""GMO Cookies""},{""trait_type"":""Body"",""value"":""High Flyer""},{""trait_type"":""Lips"",""value"":""Bogart""},{""trait_type"":""Eyes"",""value"":""Cannabis Kaleidoscope Orange""},{""trait_type"":""Buds"",""value"":""Grape Ape""},{""trait_type"":""Hats"",""value"":""Headband Pink Green""}]"
190,3910336,0xcc280007c65567bd3a9ab9e1c749818da1c9ceb8a56f2c7e0cd1a22369d51bd4,"[{""trait_type"":""Backgrounds"",""value"":""GMO Cookies""},{""trait_type"":""Body"",""value"":""Laughing Hyena""},{""trait_type"":""Lips"",""value"":""Smoking Os""},{""trait_type"":""Eyes"",""value"":""Respecter Me""},{""trait_type"":""Buds"",""value"":""Duck Wit It""},{""trait_type"":""Hats"",""value"":""LogicCap Green""}]"
189,3910335,0x5f6ba3fba99f34e116c401e4134c453acc9969057b51d9648d537d119e5992d6,"[{""trait_type"":""Backgrounds"",""value"":""Do Si Dos""},{""trait_type"":""Body"",""value"":""Iron Lungs""},{""trait_type"":""Lips"",""value"":""Smoking Os""},{""trait_type"":""Eyes"",""value"":""Baked Blinkers Smokey""},{""trait_type"":""Buds"",""value"":""Smokin Dice""},{""trait_type"":""Hats"",""value"":""Skully Yellow""}]"
188,3910334,0x599b4e6c7b95ad60d42c853f9279fc6bf87b9961fdbf5a3c080187ce0e3966bb,"[{""trait_type"":""Backgrounds"",""value"":""Forbidden Fruit""},{""trait_type"":""Body"",""value"":""Cannabisseur""},{""trait_type"":""Lips"",""value"":""Stoner""},{""trait_type"":""Eyes"",""value"":""Blazed Green""},{""trait_type"":""Buds"",""value"":""Special K Kush""},{""trait_type"":""Hats"",""value"":""LogicCap Green""}]"
187,3910333,0x2170a43539929a8c4f08614b11f47fb8fcc6b56a8237f958ee4280cbf1e9553a,"[{""trait_type"":""Backgrounds"",""value"":""Forbidden Fruit""},{""trait_type"":""Body"",""value"":""High Flyer""},{""trait_type"":""Lips"",""value"":""Ganja Smoke Sativa""},{""trait_type"":""Eyes"",""value"":""Baked Blinkers Grey""},{""trait_type"":""Buds"",""value"":""Special K Kush""},{""trait_type"":""Hats"",""value"":""Im Stoned""}]"
186,3910169,0xf0714bb0f8509ba8a3b68a2d1b45bacb1383332f902505df469b1a1a5c408dab,"[{""trait_type"":""Backgrounds"",""value"":""Bubba Kush""},{""trait_type"":""Body"",""value"":""Dubie""},{""trait_type"":""Lips"",""value"":""Sideways""},{""trait_type"":""Eyes"",""value"":""Baked Blinkers Suspect""},{""trait_type"":""Buds"",""value"":""SkyWalker""},{""trait_type"":""Hats"",""value"":""LogicCap Gold""}]"
185,3909967,0x7f6434da59c3134d0fa38ffe293da8d3cbe57ffbba7eaf3081e26f13633b64b6,"[{""trait_type"":""Backgrounds"",""value"":""GMO Cookies""},{""trait_type"":""Body"",""value"":""Herbivore""},{""trait_type"":""Lips"",""value"":""Ganja Smoke Purple Haze""},{""trait_type"":""Eyes"",""value"":""Zig Zag Laser Red""},{""trait_type"":""Buds"",""value"":""Special K Kush""},{""trait_type"":""Hats"",""value"":""Loco Lid Red""}]"
184,3909966,0xb5a4b1bbd32975d36475ce73ea2a4069a14dd335bc92e3876ef7e6c6487db80a,"[{""trait_type"":""Backgrounds"",""value"":""Wedding Cake""},{""trait_type"":""Body"",""value"":""Herbivore""},{""trait_type"":""Lips"",""value"":""Smoking Os""},{""trait_type"":""Eyes"",""value"":""Blazed Green""},{""trait_type"":""Buds"",""value"":""Golden Ticket""},{""trait_type"":""Hats"",""value"":""Shiller""}]"
183,3909965,0xec95746ea8503ef456b02bbb8d93f789494046d41991aafc9765bfe8c90debcd,"[{""trait_type"":""Backgrounds"",""value"":""White Rhino""},{""trait_type"":""Body"",""value"":""Laughing Hyena""},{""trait_type"":""Lips"",""value"":""Sideways""},{""trait_type"":""Eyes"",""value"":""Caught""},{""trait_type"":""Buds"",""value"":""Orange Crush""},{""trait_type"":""Hats"",""value"":""Ade Vibes""}]"
182,3909964,0xa8f7867bdd5028c5fae643786d2a7a780e9e6efcfa1b19d24262738010049a4b,"[{""trait_type"":""Backgrounds"",""value"":""Orange Creamsicle""},{""trait_type"":""Body"",""value"":""Blastasaurus Rex""},{""trait_type"":""Lips"",""value"":""Smoke One""},{""trait_type"":""Eyes"",""value"":""Baked Blinkers Green""},{""trait_type"":""Buds"",""value"":""Blue Dream""},{""trait_type"":""Hats"",""value"":""LogicCap Gold""}]"
181,3909963,0x48a492b5d9ebae2420b11eb88c305046351b2b868df8dcf7e04ef1ac9e5d361a,"[{""trait_type"":""Backgrounds"",""value"":""Purple Urkle""},{""trait_type"":""Body"",""value"":""Laughing Hyena""},{""trait_type"":""Lips"",""value"":""Stoner""},{""trait_type"":""Eyes"",""value"":""Red AF""},{""trait_type"":""Buds"",""value"":""Duck Wit It""},{""trait_type"":""Hats"",""value"":""Herbal Hat""}]"
180,3909796,0x1e5b57d09d144c3b7bc543fc3082257f87dbf0238a7d2fa36201aa2c661cc936,"[{""trait_type"":""Backgrounds"",""value"":""Ice Cream Cake""},{""trait_type"":""Body"",""value"":""Chiefer""},{""trait_type"":""Lips"",""value"":""Smoking Os""},{""trait_type"":""Eyes"",""value"":""Cannabis Kaleidoscope 3D""},{""trait_type"":""Buds"",""value"":""Blue Dream""},{""trait_type"":""Hats"",""value"":""LogicCap Purple""}]"
179,3909783,0x265f347b6f5f1d6bbf750fab56625aa41d46d56f6874e72ae1776a8c809a1f22,"[{""trait_type"":""Backgrounds"",""value"":""GMO Cookies""},{""trait_type"":""Body"",""value"":""Chiefer""},{""trait_type"":""Lips"",""value"":""Burning One Down""},{""trait_type"":""Eyes"",""value"":""Cannabis Kaleidoscope Red""},{""trait_type"":""Buds"",""value"":""Golden Ticket""},{""trait_type"":""Hats"",""value"":""Im High""}]"
178,3909782,0xf4a7b5b7fccf5ed10174fa25dfdd8b2bbb0e2d8074efe759e9fea9d14d0f65c0,"[{""trait_type"":""Backgrounds"",""value"":""MAC""},{""trait_type"":""Body"",""value"":""Indica""},{""trait_type"":""Lips"",""value"":""Cheeba Rising""},{""trait_type"":""Eyes"",""value"":""Baked Blinkers Suspect""},{""trait_type"":""Buds"",""value"":""SkyWalker""},{""trait_type"":""Hats"",""value"":""Laughing Lid Green""}]"
177,3909705,0x95fe78262e406b04710219cc67f23e32636c08e0f55e3045b75ee1a1b6d6e65f,"[{""trait_type"":""Backgrounds"",""value"":""Gushers""},{""trait_type"":""Body"",""value"":""Herbalist""},{""trait_type"":""Lips"",""value"":""Ganja Smoke Indica""},{""trait_type"":""Eyes"",""value"":""Baked Blinkers Purple""},{""trait_type"":""Buds"",""value"":""Purple Kush""},{""trait_type"":""Hats"",""value"":""MoonQueen Crown""}]"
176,3909704,0x30b0f62bd54f5724cab61267c8e40d7d13122de7080df398a556501bdf3bc1bd,"[{""trait_type"":""Backgrounds"",""value"":""LA Confidential""},{""trait_type"":""Body"",""value"":""Laughing Hyena""},{""trait_type"":""Lips"",""value"":""Ganja Smoke Blue Dream""},{""trait_type"":""Eyes"",""value"":""Baked Blinkers Stoned Red""},{""trait_type"":""Buds"",""value"":""Purple Kush""},{""trait_type"":""Hats"",""value"":""Herbal Hat""}]"
175,3909703,0x3f6afc80e9cc5ce547b30514d64052cd6eb4f32f5e787a84376b6fdf5afda581,"[{""trait_type"":""Backgrounds"",""value"":""White Rhino""},{""trait_type"":""Body"",""value"":""Herbivore""},{""trait_type"":""Lips"",""value"":""Cheeba Smoke""},{""trait_type"":""Eyes"",""value"":""Caught""},{""trait_type"":""Buds"",""value"":""SkyWalker""},{""trait_type"":""Hats"",""value"":""Skully Pink""}]"
174,3909667,0x1a3ca84ab19ba2350b203f202106c003d2e8db0ecb9f29414cab01aaa0f9c49e,"[{""trait_type"":""Backgrounds"",""value"":""Wedding Cake""},{""trait_type"":""Body"",""value"":""Iron Lungs""},{""trait_type"":""Lips"",""value"":""Smoke Os Rising""},{""trait_type"":""Eyes"",""value"":""Baked Blinkers Smokey""},{""trait_type"":""Buds"",""value"":""Golden Ticket""},{""trait_type"":""Hats"",""value"":""LogicCap Gold""}]"
173,3909666,0xc97a4ead44661674fd8d8518732e68b11ec7c188b11a1476e705b44b0c5170a4,"[{""trait_type"":""Backgrounds"",""value"":""Slurricane""},{""trait_type"":""Body"",""value"":""Sativa""},{""trait_type"":""Lips"",""value"":""Ganja Smoke Purple Haze""},{""trait_type"":""Eyes"",""value"":""5_ Ninja""},{""trait_type"":""Buds"",""value"":""Golden Ticket""},{""trait_type"":""Hats"",""value"":""Skully Yellow""}]"
172,3909665,0x84a9ccfd307ba3bbfc641608714b1e486b46fe754d216a7fd8c5d791d7ad9dc3,"[{""trait_type"":""Backgrounds"",""value"":""Bubba Kush""},{""trait_type"":""Body"",""value"":""Iron Lungs""},{""trait_type"":""Lips"",""value"":""Smoke One""},{""trait_type"":""Eyes"",""value"":""Cannabis Kaleidoscope 3D""},{""trait_type"":""Buds"",""value"":""Smokin Dice""},{""trait_type"":""Hats"",""value"":""Headband Yellow Blue""}]"
171,3909619,0x64c6b0b746a5c6001adf5fd24e0d6bdd07848d8ded20070636ac2dec526cd0b0,"[{""trait_type"":""Backgrounds"",""value"":""Purple Urkle""},{""trait_type"":""Body"",""value"":""Chiefer""},{""trait_type"":""Lips"",""value"":""Stoner""},{""trait_type"":""Eyes"",""value"":""Blazed Green""},{""trait_type"":""Buds"",""value"":""Grape Ape""},{""trait_type"":""Hats"",""value"":""Shiller""}]"
170,3909616,0x5089f3c25918191a732e657df4cd57bab44660120b8a1076e84a0d42210a3f4b,"[{""trait_type"":""Backgrounds"",""value"":""Do Si Dos""},{""trait_type"":""Body"",""value"":""Weedpreneur""},{""trait_type"":""Lips"",""value"":""Bogart""},{""trait_type"":""Eyes"",""value"":""Sheeeesh""},{""trait_type"":""Buds"",""value"":""SkyWalker""},{""trait_type"":""Hats"",""value"":""Im Stoned""}]"
169,3909615,0x9c31a2d3b35a669b154e1583020faebb3fd970c2a230351b8b6047b9571cec6f,"[{""trait_type"":""Backgrounds"",""value"":""Gushers""},{""trait_type"":""Body"",""value"":""Herbivore""},{""trait_type"":""Lips"",""value"":""Cheeching""},{""trait_type"":""Eyes"",""value"":""Caught""},{""trait_type"":""Buds"",""value"":""Grape Ape""},{""trait_type"":""Hats"",""value"":""Skully Yellow""}]"
168,3909609,0x088cd8229f75688acae7df9b97764a3159f0315749909b442e6482ecea53a015,"[{""trait_type"":""Backgrounds"",""value"":""Mimosa""},{""trait_type"":""Body"",""value"":""Indica""},{""trait_type"":""Lips"",""value"":""Ganja Smoke Indica""},{""trait_type"":""Eyes"",""value"":""5_ Ninja""},{""trait_type"":""Buds"",""value"":""Smokin Dice""},{""trait_type"":""Hats"",""value"":""Loco Lid Red""}]"
167,3909595,0x6ac8eb30e9743717d33cbaad1f201c223d19e3c1d236481db473d6135f393fd9,"[{""trait_type"":""Backgrounds"",""value"":""Hindu Kush""},{""trait_type"":""Body"",""value"":""Herbalist""},{""trait_type"":""Lips"",""value"":""Sideways""},{""trait_type"":""Eyes"",""value"":""Blazed Blue""},{""trait_type"":""Buds"",""value"":""MrsK47""},{""trait_type"":""Hats"",""value"":""Im Stoned""}]"
166,3901374,0x3c01c96f00ad539786a899a5dfd317a9a7894366796434146b1319230c070188,"[{""trait_type"":""Backgrounds"",""value"":""Zkittlez""},{""trait_type"":""Body"",""value"":""Herbivore""},{""trait_type"":""Lips"",""value"":""Dona Juanita""},{""trait_type"":""Eyes"",""value"":""Shaggy AF""},{""trait_type"":""Buds"",""value"":""Special K Kush""},{""trait_type"":""Hats"",""value"":""LogicCap Gold""}]"
165,3901373,0x2c6cf6dcea9aec9e5d3c50146c1aaae2286606906fc286aa31d96e283ba9abdb,"[{""trait_type"":""Backgrounds"",""value"":""Orange Creamsicle""},{""trait_type"":""Body"",""value"":""Dubie""},{""trait_type"":""Lips"",""value"":""Cheeching""},{""trait_type"":""Eyes"",""value"":""Respecter Me""},{""trait_type"":""Buds"",""value"":""Blue Dream""},{""trait_type"":""Hats"",""value"":""Headband Pink Green""}]"
164,3901328,0x92aae0d6aef2f533b4afa485706ab409a4fa4ff3dbd047addb3ba4c8d3e8baed,"[{""trait_type"":""Backgrounds"",""value"":""Purple Urkle""},{""trait_type"":""Body"",""value"":""Herbivore""},{""trait_type"":""Lips"",""value"":""Ganja Smoke Purple Haze""},{""trait_type"":""Eyes"",""value"":""Baked Blinkers Lazy""},{""trait_type"":""Buds"",""value"":""Golden Ticket""},{""trait_type"":""Hats"",""value"":""Loco Lid Red""}]"
163,3900929,0x03a5309c6b34cd9ddea2e93aff4613a524269506e3031a1974f8619e6a6beb93,"[{""trait_type"":""Backgrounds"",""value"":""White Rhino""},{""trait_type"":""Body"",""value"":""Herbivore""},{""trait_type"":""Lips"",""value"":""Smoke One""},{""trait_type"":""Eyes"",""value"":""DogeMau_d""},{""trait_type"":""Buds"",""value"":""Purple Kush""},{""trait_type"":""Hats"",""value"":""LogicCap Gold""}]"
162,3900928,0xac26e6a359cccdb26702defd5369332c570b4d95552095f449f0f0789b32b337,"[{""trait_type"":""Backgrounds"",""value"":""Orange Creamsicle""},{""trait_type"":""Body"",""value"":""Sativa""},{""trait_type"":""Lips"",""value"":""Stoner""},{""trait_type"":""Eyes"",""value"":""Caught""},{""trait_type"":""Buds"",""value"":""Northern Lights""},{""trait_type"":""Hats"",""value"":""Skully Pink""}]"
161,3900927,0xa2a696251d34154286cbcddafa1e3c18a9b4600ac723083143f592d5122a4ed1,"[{""trait_type"":""Backgrounds"",""value"":""Slurricane""},{""trait_type"":""Body"",""value"":""Blastasaurus Rex""},{""trait_type"":""Lips"",""value"":""Woo Woo""},{""trait_type"":""Eyes"",""value"":""Cannabis Kaleidoscope Suspect""},{""trait_type"":""Buds"",""value"":""Duck Wit It""},{""trait_type"":""Hats"",""value"":""Herbal Hat""}]"
160,3900926,0xda2a1115d8d78a382dfdb011b38641132bfe56bdc982c90b69eff72482f6b7b5,"[{""trait_type"":""Backgrounds"",""value"":""Purple Urkle""},{""trait_type"":""Body"",""value"":""Cannabisseur""},{""trait_type"":""Lips"",""value"":""Ganja Smoke Indica""},{""trait_type"":""Eyes"",""value"":""Sheeeesh""},{""trait_type"":""Buds"",""value"":""Grape Ape""},{""trait_type"":""Hats"",""value"":""Skully Yellow""}]"
159,3900925,0x40733a53affb9ceebb8a36b7430f3de4933d547fad3ecf014c8abd158289bbcc,"[{""trait_type"":""Backgrounds"",""value"":""MAC""},{""trait_type"":""Body"",""value"":""Chiefer""},{""trait_type"":""Lips"",""value"":""Ganja Smoke Sativa""},{""trait_type"":""Eyes"",""value"":""Blazed Blue""},{""trait_type"":""Buds"",""value"":""Purple Kush""},{""trait_type"":""Hats"",""value"":""Im High""}]"
158,3892420,0x8d87fcd7bfb2195d349b81d9334e9055042a911401deedc3a0a58a07ca51e3e6,"[{""trait_type"":""Backgrounds"",""value"":""Gorilla Glue""},{""trait_type"":""Body"",""value"":""Goodfellow""},{""trait_type"":""Lips"",""value"":""Sissy Lips""},{""trait_type"":""Eyes"",""value"":""Mighty Maxxed Out""},{""trait_type"":""Buds"",""value"":""Grape Ape""},{""trait_type"":""Hats"",""value"":""Loco Lid Red""}]"
157,3892410,0x29f8481aeb6ec98ddff08636551292e26cd62de00ba3daf4dd9904901b5b8df1,"[{""trait_type"":""Backgrounds"",""value"":""Gorilla Glue""},{""trait_type"":""Body"",""value"":""Blastasaurus Rex""},{""trait_type"":""Lips"",""value"":""Ganja Smoke Blue Dream""},{""trait_type"":""Eyes"",""value"":""Sheeeesh""},{""trait_type"":""Buds"",""value"":""Orange Crush""},{""trait_type"":""Hats"",""value"":""LogicCap Gold""}]"
156,3892409,0xd0c3eac9eb22dc54caef072d9562409813e25339a61379925ca840826341db94,"[{""trait_type"":""Backgrounds"",""value"":""Green Crack""},{""trait_type"":""Body"",""value"":""Ganjapreneur""},{""trait_type"":""Lips"",""value"":""Smoking Os""},{""trait_type"":""Eyes"",""value"":""5_ Ninja""},{""trait_type"":""Buds"",""value"":""Orange Crush""},{""trait_type"":""Hats"",""value"":""Herbal Hat""}]"
155,3892408,0x43ed127e4e53c14408956950c85afb814c7d2826741ef3181e43f48995165b22,"[{""trait_type"":""Backgrounds"",""value"":""GMO Cookies""},{""trait_type"":""Body"",""value"":""Laughing Hyena""},{""trait_type"":""Lips"",""value"":""Bogart""},{""trait_type"":""Eyes"",""value"":""Baked Blinkers Lazy""},{""trait_type"":""Buds"",""value"":""Duck Wit It""},{""trait_type"":""Hats"",""value"":""Im High""}]"
154,3891812,0x0ed29367c5f4d740099052c3f2f4a4d2602617c468cd62ccc98c7ac96acd7a72,"[{""trait_type"":""Backgrounds"",""value"":""Strawberry Cough""},{""trait_type"":""Body"",""value"":""Goodfellow""},{""trait_type"":""Lips"",""value"":""Cheeching""},{""trait_type"":""Eyes"",""value"":""Zig Zag Laser Green""},{""trait_type"":""Buds"",""value"":""Blue Dream""},{""trait_type"":""Hats"",""value"":""Headband Yellow Blue""}]"
153,3891811,0xff675ff9731322172b2f29e5f7d0f98bbe5d3e6ea0a4e42f8e913980476becd4,"[{""trait_type"":""Backgrounds"",""value"":""Mimosa""},{""trait_type"":""Body"",""value"":""High Flyer""},{""trait_type"":""Lips"",""value"":""Cheeba Smoke""},{""trait_type"":""Eyes"",""value"":""Baked Blinkers Smokey""},{""trait_type"":""Buds"",""value"":""Purple Kush""},{""trait_type"":""Hats"",""value"":""Hot Lava Lid""}]"
152,3888698,0x92e36537aa6b26d5941ba4b28126d493c6b1bdd77e7b69b4316cd65cc9a430c4,"[{""trait_type"":""Backgrounds"",""value"":""MAC""},{""trait_type"":""Body"",""value"":""Chiefer""},{""trait_type"":""Lips"",""value"":""Smoke Os Rising""},{""trait_type"":""Eyes"",""value"":""Blazed Blue""},{""trait_type"":""Buds"",""value"":""Grape Ape""},{""trait_type"":""Hats"",""value"":""Skully Green""}]"
151,3888697,0x7a08c3d736ff6b8d90abb73491e9399223d120eba70ff0b4526f9f763947803f,"[{""trait_type"":""Backgrounds"",""value"":""GMO Cookies""},{""trait_type"":""Body"",""value"":""Chiefer""},{""trait_type"":""Lips"",""value"":""Muggle Smirk""},{""trait_type"":""Eyes"",""value"":""PickleBall Purps""},{""trait_type"":""Buds"",""value"":""Orange Crush""},{""trait_type"":""Hats"",""value"":""Laughing Lid Blue""}]"
150,3888694,0x13eed5001ec6ec8cb4254f5c35eba92da28ee653a326526478d48ba54075dcd3,"[{""trait_type"":""Backgrounds"",""value"":""Forbidden Fruit""},{""trait_type"":""Body"",""value"":""Laughing Hyena""},{""trait_type"":""Lips"",""value"":""Ganja Smoke Purple Haze""},{""trait_type"":""Eyes"",""value"":""Ziggy Red""},{""trait_type"":""Buds"",""value"":""Smokin Dice""},{""trait_type"":""Hats"",""value"":""LogicCap Gold""}]"
149,3888553,0xbe6c4991e6e48635c60069db4a693a88f6091980b9c1301fc450ce2af1ce7ee6,"[{""trait_type"":""Backgrounds"",""value"":""Strawberry Cough""},{""trait_type"":""Body"",""value"":""High Flyer""},{""trait_type"":""Lips"",""value"":""Muggle Smirk""},{""trait_type"":""Eyes"",""value"":""Wylin Out""},{""trait_type"":""Buds"",""value"":""Grape Ape""},{""trait_type"":""Hats"",""value"":""Skully Green""}]"
148,3888552,0xc79819d201c1d639e4ab8af16cb7cd2e68bc1440c8673bad779c08dfb64205c5,"[{""trait_type"":""Backgrounds"",""value"":""Bubba Kush""},{""trait_type"":""Body"",""value"":""Blastasaurus Rex""},{""trait_type"":""Lips"",""value"":""Cheeba Smoke""},{""trait_type"":""Eyes"",""value"":""Baked Blinkers Suspect""},{""trait_type"":""Buds"",""value"":""Grape Ape""},{""trait_type"":""Hats"",""value"":""Shiller""}]"
147,3888539,0xff79f9749403c6de3ee06717c2d049902700e5f1350c471d9ace3a61dd434601,"[{""trait_type"":""Backgrounds"",""value"":""Forbidden Fruit""},{""trait_type"":""Body"",""value"":""Blastasaurus Rex""},{""trait_type"":""Lips"",""value"":""Dona Juanita""},{""trait_type"":""Eyes"",""value"":""Baked Blinkers Smokey""},{""trait_type"":""Buds"",""value"":""Orange Crush""},{""trait_type"":""Hats"",""value"":""Hot Lava Lid""}]"
146,3888391,0xf227e7c3839ea97fc9a741ee5fb7ea820bbec3089555bd323e2081e966e6182e,"[{""trait_type"":""Backgrounds"",""value"":""Gorilla Glue""},{""trait_type"":""Body"",""value"":""Goodfellow""},{""trait_type"":""Lips"",""value"":""Smoke One""},{""trait_type"":""Eyes"",""value"":""Shaggy AF""},{""trait_type"":""Buds"",""value"":""Smokin Dice""},{""trait_type"":""Hats"",""value"":""Skully Yellow""}]"
145,3888367,0x18cfba83915b805ecb3c05c5746da8fc94348e0e08b529063dba44e2c0fde611,"[{""trait_type"":""Backgrounds"",""value"":""GMO Cookies""},{""trait_type"":""Body"",""value"":""Herbalist""},{""trait_type"":""Lips"",""value"":""Rainy Day""},{""trait_type"":""Eyes"",""value"":""Baked Blinkers Purple""},{""trait_type"":""Buds"",""value"":""Northern Lights""},{""trait_type"":""Hats"",""value"":""Herbal Hat""}]"
144,3888366,0x51ac61d0b07df80bc101651dbccc12711e315fa548773655a7c431844ed89dd1,"[{""trait_type"":""Backgrounds"",""value"":""Do Si Dos""},{""trait_type"":""Body"",""value"":""Indica""},{""trait_type"":""Lips"",""value"":""Rainy Day""},{""trait_type"":""Eyes"",""value"":""Mighty Maxxed Out""},{""trait_type"":""Buds"",""value"":""Special K Kush""},{""trait_type"":""Hats"",""value"":""LogicCap Green""}]"
143,3888291,0xf50679d54336866ce302a10cb9749908758a3992dafa078a6ae7c3bb4fe997f7,"[{""trait_type"":""Backgrounds"",""value"":""Gushers""},{""trait_type"":""Body"",""value"":""Cannabisseur""},{""trait_type"":""Lips"",""value"":""Cheeba Smoke""},{""trait_type"":""Eyes"",""value"":""Baked Blinkers Green""},{""trait_type"":""Buds"",""value"":""Purple Kush""},{""trait_type"":""Hats"",""value"":""LogicCap Purple""}]"
142,3888290,0xf78f7da53dcc4e8dd8f9ea0dbd08bc08479949a0b970d83227d95c54d40bc1b6,"[{""trait_type"":""Backgrounds"",""value"":""Purple Urkle""},{""trait_type"":""Body"",""value"":""Space Cowboy""},{""trait_type"":""Lips"",""value"":""Rainy Day""},{""trait_type"":""Eyes"",""value"":""5_ Ninja""},{""trait_type"":""Buds"",""value"":""Orange Crush""},{""trait_type"":""Hats"",""value"":""Laughing Lid Green""}]"
141,3888289,0xe22202af5a1bf62a2a2b1a7b0e31942a880f3b573f15bec769b5c82c15414022,"[{""trait_type"":""Backgrounds"",""value"":""Hindu Kush""},{""trait_type"":""Body"",""value"":""Goodfellow""},{""trait_type"":""Lips"",""value"":""Ganja Smoke Indica""},{""trait_type"":""Eyes"",""value"":""Shaggy AF""},{""trait_type"":""Buds"",""value"":""Grape Ape""},{""trait_type"":""Hats"",""value"":""Laughing Lid Green""}]"
140,3888288,0x2203a77bae925f8d230f22ea5f2a1bd9e7c737aa5d91077c14a4603e6a5daea1,"[{""trait_type"":""Backgrounds"",""value"":""Mimosa""},{""trait_type"":""Body"",""value"":""Herbivore""},{""trait_type"":""Lips"",""value"":""Cheeba Rising""},{""trait_type"":""Eyes"",""value"":""DogeMau_d""},{""trait_type"":""Buds"",""value"":""Blue Dream""},{""trait_type"":""Hats"",""value"":""Shiller""}]"
139,3888255,0xb8fd9ff0baa0536c178ce4a0369505dd9b8299bcb659ecede8eea096e57e1793,"[{""trait_type"":""Backgrounds"",""value"":""Gorilla Glue""},{""trait_type"":""Body"",""value"":""Cannabisseur""},{""trait_type"":""Lips"",""value"":""Sissy Lips""},{""trait_type"":""Eyes"",""value"":""DogeMau_d""},{""trait_type"":""Buds"",""value"":""Duck Wit It""},{""trait_type"":""Hats"",""value"":""Shiller""}]"
138,3888253,0xf058f63bfdfe443b330c711796c93a09c249942751c9c2cbe0738675cf8c12a9,"[{""trait_type"":""Backgrounds"",""value"":""TrainWreck""},{""trait_type"":""Body"",""value"":""Chiefer""},{""trait_type"":""Lips"",""value"":""Rainy Day""},{""trait_type"":""Eyes"",""value"":""DogeMau_d""},{""trait_type"":""Buds"",""value"":""Grape Ape""},{""trait_type"":""Hats"",""value"":""Im Stoned""}]"
137,3888222,0x7ccbb6106702b42033e72cf51e85ae99a2c3768dc326e6eed2351a7e804a36cf,"[{""trait_type"":""Backgrounds"",""value"":""Do Si Dos""},{""trait_type"":""Body"",""value"":""Space Cowboy""},{""trait_type"":""Lips"",""value"":""Ganja Smoke Indica""},{""trait_type"":""Eyes"",""value"":""Zig Zag Laser Red""},{""trait_type"":""Buds"",""value"":""Golden Ticket""},{""trait_type"":""Hats"",""value"":""LogicCap Purple""}]"
136,3888212,0x25455156603a4c8421273e3ffe855ef256408661f86681cad9d143d4f8951d65,"[{""trait_type"":""Backgrounds"",""value"":""TrainWreck""},{""trait_type"":""Body"",""value"":""Chiefer""},{""trait_type"":""Lips"",""value"":""Smoke Os Rising""},{""trait_type"":""Eyes"",""value"":""Blazed Blue""},{""trait_type"":""Buds"",""value"":""Golden Ticket""},{""trait_type"":""Hats"",""value"":""Loco Lid Red""}]"
135,3888211,0xc5968cd4802b91201ef0e996c41849a5b3ec689cf699c4eb95d1cb8aac23d29e,"[{""trait_type"":""Backgrounds"",""value"":""Alien OG""},{""trait_type"":""Body"",""value"":""Sativa""},{""trait_type"":""Lips"",""value"":""Sissy Lips""},{""trait_type"":""Eyes"",""value"":""Zig Zag Laser Red""},{""trait_type"":""Buds"",""value"":""Purple Kush""},{""trait_type"":""Hats"",""value"":""Skully Yellow""}]"
134,3888210,0x732057692a854335493be48567ae976097f64f51826756d087452f7de443a9d6,"[{""trait_type"":""Backgrounds"",""value"":""Gorilla Glue""},{""trait_type"":""Body"",""value"":""Herbalist""},{""trait_type"":""Lips"",""value"":""Ganja Smoke Purple Haze""},{""trait_type"":""Eyes"",""value"":""Tree Wrecked""},{""trait_type"":""Buds"",""value"":""MrsK47""},{""trait_type"":""Hats"",""value"":""Headband Yellow Blue""}]"
133,3888197,0x0f6a997f45423690bca03d0ffe41722ff2d1498efe2009290073847e917b6184,"[{""trait_type"":""Backgrounds"",""value"":""Wedding Cake""},{""trait_type"":""Body"",""value"":""Herbivore""},{""trait_type"":""Lips"",""value"":""Smoking Os""},{""trait_type"":""Eyes"",""value"":""Wylin Out""},{""trait_type"":""Buds"",""value"":""Duck Wit It""},{""trait_type"":""Hats"",""value"":""Headband Pink Green""}]"
132,3888196,0x5fb3225de927654818611390bc87fffcb4eed4317918d743f579d88bd08df4a6,"[{""trait_type"":""Backgrounds"",""value"":""Zkittlez""},{""trait_type"":""Body"",""value"":""Herbalist""},{""trait_type"":""Lips"",""value"":""Rainy Day""},{""trait_type"":""Eyes"",""value"":""Baked Blinkers Stoned Red""},{""trait_type"":""Buds"",""value"":""MrsK47""},{""trait_type"":""Hats"",""value"":""Loco Lid Purple""}]"
131,3888161,0x63fa0a50290c135208085618d298afe727a40383acdcad90bd5dc2761123986a,"[{""trait_type"":""Backgrounds"",""value"":""Green Crack""},{""trait_type"":""Body"",""value"":""Laughing Hyena""},{""trait_type"":""Lips"",""value"":""What Happened""},{""trait_type"":""Eyes"",""value"":""Caught""},{""trait_type"":""Buds"",""value"":""Grape Ape""},{""trait_type"":""Hats"",""value"":""Headband Blue Orange""}]"
130,3888160,0x518a1ca8ea583281f938127929639dcb0123bc0f2b30859cc8bf9bf0b1b61b9a,"[{""trait_type"":""Backgrounds"",""value"":""Gorilla Glue""},{""trait_type"":""Body"",""value"":""Chiefer""},{""trait_type"":""Lips"",""value"":""Ganja Smoke Sativa""},{""trait_type"":""Eyes"",""value"":""Red AF""},{""trait_type"":""Buds"",""value"":""Golden Ticket""},{""trait_type"":""Hats"",""value"":""Laughing Lid Green""}]"
129,3888154,0x4e3e3ee2ecede4a537b99444e4f0b9dc0bd24ec4c4fac3d0f40bb14f14c588ab,"[{""trait_type"":""Backgrounds"",""value"":""Gorilla Glue""},{""trait_type"":""Body"",""value"":""Enlightened""},{""trait_type"":""Lips"",""value"":""Muggle Smirk""},{""trait_type"":""Eyes"",""value"":""Blazed Green""},{""trait_type"":""Buds"",""value"":""Orange Crush""},{""trait_type"":""Hats"",""value"":""Skully Pink""}]"
128,3888148,0x2eb416f0a75545c32d20f66c9edbd4077b2340aeeac46ad9b9e54b0956c57c8f,"[{""trait_type"":""Backgrounds"",""value"":""Do Si Dos""},{""trait_type"":""Body"",""value"":""Blastasaurus Rex""},{""trait_type"":""Lips"",""value"":""Cheeching""},{""trait_type"":""Eyes"",""value"":""Baked Blinkers Grey""},{""trait_type"":""Buds"",""value"":""Smokin Dice""},{""trait_type"":""Hats"",""value"":""Headband Yellow Blue""}]"
127,3888146,0xf5f2d99a5294136350966159c0780767972bd50797854a9d791bd3e98e84be55,"[{""trait_type"":""Backgrounds"",""value"":""Alien OG""},{""trait_type"":""Body"",""value"":""Sativa""},{""trait_type"":""Lips"",""value"":""Cheeching""},{""trait_type"":""Eyes"",""value"":""Blazed Green""},{""trait_type"":""Buds"",""value"":""Blue Dream""},{""trait_type"":""Hats"",""value"":""Skully Pink""}]"
126,3888145,0xa5692d4e7a5a9884979db16fb0ebd36fa9785d69934da4c905d46861fc62644c,"[{""trait_type"":""Backgrounds"",""value"":""White Rhino""},{""trait_type"":""Body"",""value"":""Herbalist""},{""trait_type"":""Lips"",""value"":""Rainy Day""},{""trait_type"":""Eyes"",""value"":""Blazed Blue""},{""trait_type"":""Buds"",""value"":""Grape Ape""},{""trait_type"":""Hats"",""value"":""LogicCap Green""}]"
125,3888142,0xe43fdfe73eafced8b75ac98fb110ce93dc157c17d5d64eb2f8a0091eb832d3f8,"[{""trait_type"":""Backgrounds"",""value"":""Wedding Cake""},{""trait_type"":""Body"",""value"":""Herbalist""},{""trait_type"":""Lips"",""value"":""Rainy Day""},{""trait_type"":""Eyes"",""value"":""Blazed Blue""},{""trait_type"":""Buds"",""value"":""Special K Kush""},{""trait_type"":""Hats"",""value"":""Loco Lid Red""}]"
124,3888141,0xb31f2a9a55e67c5f865a717106a5d2e1979b5059cd1f14fc857b121ade207f5c,"[{""trait_type"":""Backgrounds"",""value"":""Hindu Kush""},{""trait_type"":""Body"",""value"":""Enlightened""},{""trait_type"":""Lips"",""value"":""Smoke One""},{""trait_type"":""Eyes"",""value"":""DogeMau_d""},{""trait_type"":""Buds"",""value"":""Special K Kush""},{""trait_type"":""Hats"",""value"":""LogicCap Green""}]"
123,3888140,0x1f111080e2cb32bc969bf6d68c51245fe674fd5b6e4e4f4721f2f87f7692c1be,"[{""trait_type"":""Backgrounds"",""value"":""Orange Creamsicle""},{""trait_type"":""Body"",""value"":""Chiefer""},{""trait_type"":""Lips"",""value"":""Smoke One""},{""trait_type"":""Eyes"",""value"":""Wylin Out""},{""trait_type"":""Buds"",""value"":""Northern Lights""},{""trait_type"":""Hats"",""value"":""Im High""}]"
122,3888139,0x56f365fada1fd1b841d61ef976e878b08d39aab50388578af437f70955c1244a,"[{""trait_type"":""Backgrounds"",""value"":""White Rhino""},{""trait_type"":""Body"",""value"":""Weedpreneur""},{""trait_type"":""Lips"",""value"":""Burning One Down""},{""trait_type"":""Eyes"",""value"":""Baked Blinkers Stoned Red""},{""trait_type"":""Buds"",""value"":""Special K Kush""},{""trait_type"":""Hats"",""value"":""Laughing Lid Blue""}]"
121,3888138,0xbcafbf81549cfc9f2bc66dc5483352a858225f740a81daf7cf77238462955c00,"[{""trait_type"":""Backgrounds"",""value"":""Bubba Kush""},{""trait_type"":""Body"",""value"":""Laughing Hyena""},{""trait_type"":""Lips"",""value"":""Woo Woo""},{""trait_type"":""Eyes"",""value"":""Respecter Me""},{""trait_type"":""Buds"",""value"":""Smokin Dice""},{""trait_type"":""Hats"",""value"":""Headband Pink Green""}]"
120,3888137,0x4c5402442d2df96fd2f4eefde761ae7723201548bbbaa084c22fa66f0f90b48b,"[{""trait_type"":""Backgrounds"",""value"":""Zkittlez""},{""trait_type"":""Body"",""value"":""Sativa""},{""trait_type"":""Lips"",""value"":""Stoner""},{""trait_type"":""Eyes"",""value"":""Baked Blinkers Suspect""},{""trait_type"":""Buds"",""value"":""SkyWalker""},{""trait_type"":""Hats"",""value"":""Herbal Hat""}]"
119,3888136,0x2604f902fe9da2d8349c935099044880021381093d2558227362dda50c5ecc61,"[{""trait_type"":""Backgrounds"",""value"":""Forbidden Fruit""},{""trait_type"":""Body"",""value"":""Sativa""},{""trait_type"":""Lips"",""value"":""Ganja Smoke Indica""},{""trait_type"":""Eyes"",""value"":""Baked Blinkers Smokey""},{""trait_type"":""Buds"",""value"":""Golden Ticket""},{""trait_type"":""Hats"",""value"":""Laughing Lid Green""}]"
118,3888117,0x6439c3051e2aa9661ba29ee2f7a1c06499ab3940cd95754ea52b444ce43de5ce,"[{""trait_type"":""Backgrounds"",""value"":""Forbidden Fruit""},{""trait_type"":""Body"",""value"":""Space Cowboy""},{""trait_type"":""Lips"",""value"":""Burning One Down""},{""trait_type"":""Eyes"",""value"":""Baked Blinkers Suspect""},{""trait_type"":""Buds"",""value"":""Smokin Dice""},{""trait_type"":""Hats"",""value"":""Shiller""}]"
117,3888112,0x0f5595c1af27e648d074f545ecfcb8578ccdb278bcf7a8b84c93be1788adfc8f,"[{""trait_type"":""Backgrounds"",""value"":""ChemDog""},{""trait_type"":""Body"",""value"":""Herbivore""},{""trait_type"":""Lips"",""value"":""Cheeching""},{""trait_type"":""Eyes"",""value"":""5_ Ninja""},{""trait_type"":""Buds"",""value"":""SkyWalker""},{""trait_type"":""Hats"",""value"":""LogicCap Purple""}]"
116,3888089,0x65fd39e1ab62c7c9f971989e114cfdccf6c512de88b11744889c948519e64a28,"[{""trait_type"":""Backgrounds"",""value"":""Orange Creamsicle""},{""trait_type"":""Body"",""value"":""Cannabisseur""},{""trait_type"":""Lips"",""value"":""Ganja Smoke Blue Dream""},{""trait_type"":""Eyes"",""value"":""Shaggy AF""},{""trait_type"":""Buds"",""value"":""Purple Kush""},{""trait_type"":""Hats"",""value"":""Skully Green""}]"
115,3888063,0x048f119016db9737f55b1ae88687aef5162ea419680298ab6bd5139c10703f8e,"[{""trait_type"":""Backgrounds"",""value"":""Mimosa""},{""trait_type"":""Body"",""value"":""Indica""},{""trait_type"":""Lips"",""value"":""Ganja Smoke Sativa""},{""trait_type"":""Eyes"",""value"":""Caught""},{""trait_type"":""Buds"",""value"":""Purple Kush""},{""trait_type"":""Hats"",""value"":""LogicCap Gold""}]"
114,3888062,0x3f6c54d7b649c9007653cf59db2513ece51f3e28530d5ddb27ac28d3c90a44ed,"[{""trait_type"":""Backgrounds"",""value"":""Wedding Cake""},{""trait_type"":""Body"",""value"":""Blastasaurus Rex""},{""trait_type"":""Lips"",""value"":""Smoke One""},{""trait_type"":""Eyes"",""value"":""Tech G Goggles""},{""trait_type"":""Buds"",""value"":""Duck Wit It""},{""trait_type"":""Hats"",""value"":""Loco Lid Red""}]"
113,3888061,0xf1ceeb8d02e4562a3b82d5b671ba6be6108f190a17b038f58cb35c6b54b901c0,"[{""trait_type"":""Backgrounds"",""value"":""TrainWreck""},{""trait_type"":""Body"",""value"":""Indica""},{""trait_type"":""Lips"",""value"":""Cheeba Rising""},{""trait_type"":""Eyes"",""value"":""DogeMau_d""},{""trait_type"":""Buds"",""value"":""Northern Lights""},{""trait_type"":""Hats"",""value"":""Hot Lava Lid""}]"
112,3888060,0xcd98f0451725934cbf2d6dd0b31892e941949c2e1df8900a8ec774dc4c48f05d,"[{""trait_type"":""Backgrounds"",""value"":""White Rhino""},{""trait_type"":""Body"",""value"":""Space Cowboy""},{""trait_type"":""Lips"",""value"":""Smoke Os Rising""},{""trait_type"":""Eyes"",""value"":""PickleBall Purps""},{""trait_type"":""Buds"",""value"":""Golden Ticket""},{""trait_type"":""Hats"",""value"":""Loco Lid Green""}]"
111,3888059,0x76879a1dd63a19ad8dcfd44cbb2466f88a0654a86dc77492191d8d2213f40e3e,"[{""trait_type"":""Backgrounds"",""value"":""Orange Creamsicle""},{""trait_type"":""Body"",""value"":""Chiefer""},{""trait_type"":""Lips"",""value"":""Dona Juanita""},{""trait_type"":""Eyes"",""value"":""Wylin Out""},{""trait_type"":""Buds"",""value"":""Purple Kush""},{""trait_type"":""Hats"",""value"":""Laughing Lid Green""}]"
110,3888058,0xeb7489e1a98cb5d69e22e8c1a7e5252b76dab5732abba246f38d36fc4320a0f9,"[{""trait_type"":""Backgrounds"",""value"":""MAC""},{""trait_type"":""Body"",""value"":""Blastasaurus Rex""},{""trait_type"":""Lips"",""value"":""Sissy Lips""},{""trait_type"":""Eyes"",""value"":""PickleBall Purps""},{""trait_type"":""Buds"",""value"":""Smokin Dice""},{""trait_type"":""Hats"",""value"":""Laughing Lid Green""}]"
109,3888057,0x5c1d0d09c5f5800dc4696ed89c107c58c8b93bd53ce46efb11696c7a966cc513,"[{""trait_type"":""Backgrounds"",""value"":""TrainWreck""},{""trait_type"":""Body"",""value"":""Herbalist""},{""trait_type"":""Lips"",""value"":""Muggle Smirk""},{""trait_type"":""Eyes"",""value"":""Baked Blinkers Stoned Red""},{""trait_type"":""Buds"",""value"":""MrsK47""},{""trait_type"":""Hats"",""value"":""Loco Lid Red""}]"
108,3888056,0x49041922c4c842e56e93530d36dd54742623f581f3a5fb6f2390c8c9d25258a8,"[{""trait_type"":""Backgrounds"",""value"":""ChemDog""},{""trait_type"":""Body"",""value"":""Space Cowboy""},{""trait_type"":""Lips"",""value"":""Dona Juanita""},{""trait_type"":""Eyes"",""value"":""Zig Zag Laser Red""},{""trait_type"":""Buds"",""value"":""Orange Crush""},{""trait_type"":""Hats"",""value"":""Skully Pink""}]"
107,3888055,0xe5921428e30dee7c2586d7f22a2509be4f56acb126201107aa9919d4d86650c8,"[{""trait_type"":""Backgrounds"",""value"":""Bubba Kush""},{""trait_type"":""Body"",""value"":""Herbalist""},{""trait_type"":""Lips"",""value"":""Cheeching""},{""trait_type"":""Eyes"",""value"":""Baked Blinkers Suspect""},{""trait_type"":""Buds"",""value"":""Smokin Dice""},{""trait_type"":""Hats"",""value"":""LogicCap Gold""}]"
106,3888053,0x3f60eff09d7210a34b71f7324cc8e6441070a79112ca14f7f916e56ac149ca4b,"[{""trait_type"":""Backgrounds"",""value"":""GMO Cookies""},{""trait_type"":""Body"",""value"":""Cannabisseur""},{""trait_type"":""Lips"",""value"":""What Happened""},{""trait_type"":""Eyes"",""value"":""Shaggy AF""},{""trait_type"":""Buds"",""value"":""Northern Lights""},{""trait_type"":""Hats"",""value"":""Skully Yellow""}]"
105,3888052,0x751558a94a6c61a99fe98a6d1ce62faefaa4cf76cb2fe8de56b8efa8f981b8f4,"[{""trait_type"":""Backgrounds"",""value"":""Do Si Dos""},{""trait_type"":""Body"",""value"":""Herbivore""},{""trait_type"":""Lips"",""value"":""Dona Juanita""},{""trait_type"":""Eyes"",""value"":""Ziggy Red""},{""trait_type"":""Buds"",""value"":""SkyWalker""},{""trait_type"":""Hats"",""value"":""Hot Lava Lid""}]"
104,3888051,0xd1a24c68a8e6e28c6716682a9a35e91515e4428fc34f6f008d49b0cce61fa4f7,"[{""trait_type"":""Backgrounds"",""value"":""Hindu Kush""},{""trait_type"":""Body"",""value"":""Blastasaurus Rex""},{""trait_type"":""Lips"",""value"":""Ganja Smoke Sativa""},{""trait_type"":""Eyes"",""value"":""Baked Blinkers Stoned Red""},{""trait_type"":""Buds"",""value"":""Golden Ticket""},{""trait_type"":""Hats"",""value"":""Diamond Verse Blue""}]"
103,3888050,0x8093f810825380802a95eff516c4a73b2ef8d3ccf4d441915c5229399ca2996e,"[{""trait_type"":""Backgrounds"",""value"":""MAC""},{""trait_type"":""Body"",""value"":""Herbalist""},{""trait_type"":""Lips"",""value"":""Cheeba Smoke""},{""trait_type"":""Eyes"",""value"":""Ziggy Red""},{""trait_type"":""Buds"",""value"":""Smokin Dice""},{""trait_type"":""Hats"",""value"":""Headband Pink Green""}]"
102,3888049,0x317b91e4a32e47700e2a2b60f2659be9d8396ca97b397e9b64a3ed5a8e9f281d,"[{""trait_type"":""Backgrounds"",""value"":""Mimosa""},{""trait_type"":""Body"",""value"":""Herbivore""},{""trait_type"":""Lips"",""value"":""Ganja Smoke Blue Dream""},{""trait_type"":""Eyes"",""value"":""Baked Blinkers Lazy""},{""trait_type"":""Buds"",""value"":""Duck Wit It""},{""trait_type"":""Hats"",""value"":""Hot Lava Lid""}]"
101,3888048,0x23d2d57e6164ca9822ebf2ca5f64a1ea4a59d6012ebb59ab478b17ffb1c90c98,"[{""trait_type"":""Backgrounds"",""value"":""Gorilla Glue""},{""trait_type"":""Body"",""value"":""Space Cowboy""},{""trait_type"":""Lips"",""value"":""Smoke One""},{""trait_type"":""Eyes"",""value"":""PickleBall Purps""},{""trait_type"":""Buds"",""value"":""SkyWalker""},{""trait_type"":""Hats"",""value"":""Shiller""}]"
100,3888047,0x084aff8d85d76cdeb9cc13e2c54e720e61c3804ac0c0a730a12e6707fb9d0e2b,"[{""trait_type"":""Backgrounds"",""value"":""Strawberry Cough""},{""trait_type"":""Body"",""value"":""Space Cowboy""},{""trait_type"":""Lips"",""value"":""Ganja Smoke Sativa""},{""trait_type"":""Eyes"",""value"":""Ziggy Red""},{""trait_type"":""Buds"",""value"":""MrsK47""},{""trait_type"":""Hats"",""value"":""Shiller""}]"
99,3887942,0xa6e01e304178a3d12bd19f566f4a00b38c98c6ef9a7ae9180b6d6490b6158e2d,"[{""trait_type"":""Backgrounds"",""value"":""Gushers""},{""trait_type"":""Body"",""value"":""Herbivore""},{""trait_type"":""Lips"",""value"":""Smoke Os Rising""},{""trait_type"":""Eyes"",""value"":""Baked Blinkers Smokey""},{""trait_type"":""Buds"",""value"":""Blue Dream""},{""trait_type"":""Hats"",""value"":""Shiller""}]"
98,3887924,0xe72a3b35bc502a2d2ced8b7418f6696d350cdcee10441eacdaafc5a6a3c754a5,"[{""trait_type"":""Backgrounds"",""value"":""Bubba Kush""},{""trait_type"":""Body"",""value"":""Cannabisseur""},{""trait_type"":""Lips"",""value"":""Stoner""},{""trait_type"":""Eyes"",""value"":""Shaggy AF""},{""trait_type"":""Buds"",""value"":""MrsK47""},{""trait_type"":""Hats"",""value"":""Loco Lid Red""}]"
97,3887880,0x91619eb620819c5f89b7b0004ae61b110b2fde1378e3d5cbc6460e414b83b6ea,"[{""trait_type"":""Backgrounds"",""value"":""Gorilla Glue""},{""trait_type"":""Body"",""value"":""Goodfellow""},{""trait_type"":""Lips"",""value"":""Cheeba Smoke""},{""trait_type"":""Eyes"",""value"":""Cannabis Kaleidoscope Green""},{""trait_type"":""Buds"",""value"":""Special K Kush""},{""trait_type"":""Hats"",""value"":""Im Stoned""}]"
96,3887879,0xed19e0f1de142933905def3f4b6623e787e93ae0a467ead7451c2d68c5acd2f0,"[{""trait_type"":""Backgrounds"",""value"":""Orange Creamsicle""},{""trait_type"":""Body"",""value"":""Herbivore""},{""trait_type"":""Lips"",""value"":""Ganja Smoke Indica""},{""trait_type"":""Eyes"",""value"":""Blazed Green""},{""trait_type"":""Buds"",""value"":""Special K Kush""},{""trait_type"":""Hats"",""value"":""Im Stoned""}]"
95,3887878,0x08ec5ef87d644a9760581f0b73825e57084cc089d1f7c96495a058afb3a1815d,"[{""trait_type"":""Backgrounds"",""value"":""Forbidden Fruit""},{""trait_type"":""Body"",""value"":""Goodfellow""},{""trait_type"":""Lips"",""value"":""Dona Juanita""},{""trait_type"":""Eyes"",""value"":""Shaggy AF""},{""trait_type"":""Buds"",""value"":""Golden Ticket""},{""trait_type"":""Hats"",""value"":""Laughing Lid Blue""}]"
94,3887877,0x20d0552b5b7783f6cda4248a5b31c03ee5d11940357fb6c894b2ddb0c6f3eed9,"[{""trait_type"":""Backgrounds"",""value"":""Zkittlez""},{""trait_type"":""Body"",""value"":""Iron Lungs""},{""trait_type"":""Lips"",""value"":""Burning One Down""},{""trait_type"":""Eyes"",""value"":""Sheeeesh""},{""trait_type"":""Buds"",""value"":""Purple Kush""},{""trait_type"":""Hats"",""value"":""LogicCap Green""}]"
93,3887876,0xbd4e98b09f8b3af8aee20191c4c9ca4d4d52937706e08c1376f2b3df34e4c8ef,"[{""trait_type"":""Backgrounds"",""value"":""Gushers""},{""trait_type"":""Body"",""value"":""Blastasaurus Rex""},{""trait_type"":""Lips"",""value"":""Ganja Smoke Indica""},{""trait_type"":""Eyes"",""value"":""PickleBall Purps""},{""trait_type"":""Buds"",""value"":""Northern Lights""},{""trait_type"":""Hats"",""value"":""Diamond Verse Green""}]"
92,3887875,0x751e3d021446b45e1b23187d6255a347064c6e41d0015afe159031ad01f066d4,"[{""trait_type"":""Backgrounds"",""value"":""Hindu Kush""},{""trait_type"":""Body"",""value"":""Space Cowboy""},{""trait_type"":""Lips"",""value"":""Burning One Down""},{""trait_type"":""Eyes"",""value"":""Baked Blinkers Lazy""},{""trait_type"":""Buds"",""value"":""Blue Dream""},{""trait_type"":""Hats"",""value"":""Loco Lid Red""}]"
91,3887874,0x8c46eb224f636babdbbeb3124a8bb2e74c8b558c7aa3ca1dffb53b5582ba3592,"[{""trait_type"":""Backgrounds"",""value"":""GMO Cookies""},{""trait_type"":""Body"",""value"":""Cannabisseur""},{""trait_type"":""Lips"",""value"":""Sideways""},{""trait_type"":""Eyes"",""value"":""OnGod Goggles Blue""},{""trait_type"":""Buds"",""value"":""SkyWalker""},{""trait_type"":""Hats"",""value"":""Skully Green""}]"
90,3887873,0xfbf17cb62b2e2ad94aa83f752248f0e7ec27816520fd7f03e5958dad2da20c9e,"[{""trait_type"":""Backgrounds"",""value"":""White Rhino""},{""trait_type"":""Body"",""value"":""Laughing Hyena""},{""trait_type"":""Lips"",""value"":""Ganja Smoke Blue Dream""},{""trait_type"":""Eyes"",""value"":""Mighty Maxxed Out""},{""trait_type"":""Buds"",""value"":""Smokin Dice""},{""trait_type"":""Hats"",""value"":""Shiller""}]"
89,3887872,0x896c6c398eceaedabc1b09e31f09ffe910e5a5ad1d08f1ca15d863801e8a2b0b,"[{""trait_type"":""Backgrounds"",""value"":""ChemDog""},{""trait_type"":""Body"",""value"":""High Flyer""},{""trait_type"":""Lips"",""value"":""Smoke Os Rising""},{""trait_type"":""Eyes"",""value"":""Baked Blinkers Suspect""},{""trait_type"":""Buds"",""value"":""Orange Crush""},{""trait_type"":""Hats"",""value"":""Loco Lid Red""}]"
88,3887871,0x81a635b7d1d0bd77933e8f04f7688d3f09c6ae4ea286fde248c8b4d869d70c53,"[{""trait_type"":""Backgrounds"",""value"":""Strawberry Cough""},{""trait_type"":""Body"",""value"":""Indica""},{""trait_type"":""Lips"",""value"":""Sideways""},{""trait_type"":""Eyes"",""value"":""Shaggy AF""},{""trait_type"":""Buds"",""value"":""Northern Lights""},{""trait_type"":""Hats"",""value"":""Laughing Lid Blue""}]"
87,3887870,0xe180585f8b0b2f7df8d3f3c684812685f2884d84bef7d3fe07cc8b33b77a43b8,"[{""trait_type"":""Backgrounds"",""value"":""Bubba Kush""},{""trait_type"":""Body"",""value"":""Blastasaurus Rex""},{""trait_type"":""Lips"",""value"":""Smoke One""},{""trait_type"":""Eyes"",""value"":""Cannabis Kaleidoscope Orange""},{""trait_type"":""Buds"",""value"":""MrsK47""},{""trait_type"":""Hats"",""value"":""Loco Lid Red""}]"
86,3887848,0x648d8960ca1297b911799ac4acdf2ad49b4159c6d730213fde98f03c18177123,"[{""trait_type"":""Backgrounds"",""value"":""Orange Creamsicle""},{""trait_type"":""Body"",""value"":""Dubie""},{""trait_type"":""Lips"",""value"":""Dona Juanita""},{""trait_type"":""Eyes"",""value"":""Baked Blinkers Lazy""},{""trait_type"":""Buds"",""value"":""SkyWalker""},{""trait_type"":""Hats"",""value"":""Skully Pink""}]"
85,3887842,0x1819f54ac3371558468f60d9ec5e7acd483ffc500650c51bd35a92281b050cb4,"[{""trait_type"":""Backgrounds"",""value"":""Wedding Cake""},{""trait_type"":""Body"",""value"":""Ganjapreneur""},{""trait_type"":""Lips"",""value"":""Bogart""},{""trait_type"":""Eyes"",""value"":""Baked Blinkers Stoned Red""},{""trait_type"":""Buds"",""value"":""MrsK47""},{""trait_type"":""Hats"",""value"":""Laughing Lid Blue""}]"
84,3887787,0x7af275217af455a4fa924dc3f870c1a5e9385c2055900a2fdad7b49955d23036,"[{""trait_type"":""Backgrounds"",""value"":""Gushers""},{""trait_type"":""Body"",""value"":""Herbalist""},{""trait_type"":""Lips"",""value"":""Smoke Os Rising""},{""trait_type"":""Eyes"",""value"":""Baked Blinkers Smokey""},{""trait_type"":""Buds"",""value"":""MrsK47""},{""trait_type"":""Hats"",""value"":""Shiller""}]"
83,3887776,0xe00e06d8452239940be3e9245123c68c75977ee6dfb91fc34f06c39fa5efccaa,"[{""trait_type"":""Backgrounds"",""value"":""Forbidden Fruit""},{""trait_type"":""Body"",""value"":""Space Cowboy""},{""trait_type"":""Lips"",""value"":""Smoke One""},{""trait_type"":""Eyes"",""value"":""Baked Blinkers Grey""},{""trait_type"":""Buds"",""value"":""Orange Crush""},{""trait_type"":""Hats"",""value"":""Headband Pink Green""}]"
82,3887775,0x8a9743c65c0efc5f5546eb70409bc5bc4dd3d7c0022e88ed4d4d630a8f098d97,"[{""trait_type"":""Backgrounds"",""value"":""Gorilla Glue""},{""trait_type"":""Body"",""value"":""Herbalist""},{""trait_type"":""Lips"",""value"":""Dona Juanita""},{""trait_type"":""Eyes"",""value"":""Baked Blinkers Suspect""},{""trait_type"":""Buds"",""value"":""SkyWalker""},{""trait_type"":""Hats"",""value"":""Im High""}]"
81,3887774,0xcbc87c25d1d6c35bbd6fadfae63697e6026dfd245233bdfc6f697edbbc07d252,"[{""trait_type"":""Backgrounds"",""value"":""Gorilla Glue""},{""trait_type"":""Body"",""value"":""Goodfellow""},{""trait_type"":""Lips"",""value"":""Ganja Smoke Indica""},{""trait_type"":""Eyes"",""value"":""PickleBall Purps""},{""trait_type"":""Buds"",""value"":""Smokin Dice""},{""trait_type"":""Hats"",""value"":""Headband Pink Green""}]"
80,3887701,0x4bae41b24968e4b654e0c6ca7482d7ec84679685e95572c0eb62ca4f7cd03cb6,"[{""trait_type"":""Backgrounds"",""value"":""Do Si Dos""},{""trait_type"":""Body"",""value"":""High Flyer""},{""trait_type"":""Lips"",""value"":""Dona Juanita""},{""trait_type"":""Eyes"",""value"":""Shaggy AF""},{""trait_type"":""Buds"",""value"":""Grape Ape""},{""trait_type"":""Hats"",""value"":""Headband Yellow Blue""}]"
79,3887700,0xbfaba05b6ea0f6427c70902580dc58178473a83e1adf09c779a49085f66c1030,"[{""trait_type"":""Backgrounds"",""value"":""Bubba Kush""},{""trait_type"":""Body"",""value"":""Herbalist""},{""trait_type"":""Lips"",""value"":""Dona Juanita""},{""trait_type"":""Eyes"",""value"":""Respecter Me""},{""trait_type"":""Buds"",""value"":""SkyWalker""},{""trait_type"":""Hats"",""value"":""Loco Lid Green""}]"
78,3887699,0x7a4c15252f9c70db8fc9b0b19850f8136f4965787b6275060efbc968ba140e2e,"[{""trait_type"":""Backgrounds"",""value"":""ChemDog""},{""trait_type"":""Body"",""value"":""Chiefer""},{""trait_type"":""Lips"",""value"":""Smoke Os Rising""},{""trait_type"":""Eyes"",""value"":""Wylin Out""},{""trait_type"":""Buds"",""value"":""Orange Crush""},{""trait_type"":""Hats"",""value"":""Hot Lava Lid""}]"
77,3887698,0x67ea251d6226905699dafddd4c93a590ef479122eb6613fb745a7fbcc8066490,"[{""trait_type"":""Backgrounds"",""value"":""Hindu Kush""},{""trait_type"":""Body"",""value"":""Sativa""},{""trait_type"":""Lips"",""value"":""Stoner""},{""trait_type"":""Eyes"",""value"":""Sheeeesh""},{""trait_type"":""Buds"",""value"":""Smokin Dice""},{""trait_type"":""Hats"",""value"":""MoonQueen Crown""}]"
76,3887695,0x4ca60d4499496150c5514b00eadc48d51bde7a1e0e9b73ef785fa3c205557907,"[{""trait_type"":""Backgrounds"",""value"":""ChemDog""},{""trait_type"":""Body"",""value"":""Herbivore""},{""trait_type"":""Lips"",""value"":""Ganja Smoke Sativa""},{""trait_type"":""Eyes"",""value"":""Blazed Green""},{""trait_type"":""Buds"",""value"":""MrsK47""},{""trait_type"":""Hats"",""value"":""Muzik Vibes""}]"
75,3887694,0x7600f3dfd522be37c03e07fcd64f3aad1013c4b6d31f4a8faf7d433906dcbe27,"[{""trait_type"":""Backgrounds"",""value"":""Gorilla Glue""},{""trait_type"":""Body"",""value"":""High Flyer""},{""trait_type"":""Lips"",""value"":""Bogart""},{""trait_type"":""Eyes"",""value"":""Wylin Out""},{""trait_type"":""Buds"",""value"":""SkyWalker""},{""trait_type"":""Hats"",""value"":""Skully Pink""}]"
74,3887693,0x972bea83b9b99d55001ede6dcff38567792c31dba60d3ff933a3ca207322faed,"[{""trait_type"":""Backgrounds"",""value"":""Wedding Cake""},{""trait_type"":""Body"",""value"":""Chiefer""},{""trait_type"":""Lips"",""value"":""Sideways""},{""trait_type"":""Eyes"",""value"":""DogeMau_d""},{""trait_type"":""Buds"",""value"":""Smokin Dice""},{""trait_type"":""Hats"",""value"":""Headband Pink Green""}]"
73,3887692,0x9844198f7c28c9ea24750b9fdabbaba36ed0271b889f5c4e7cb035dda32122f4,"[{""trait_type"":""Backgrounds"",""value"":""Green Crack""},{""trait_type"":""Body"",""value"":""Blastasaurus Rex""},{""trait_type"":""Lips"",""value"":""Ganja Smoke Indica""},{""trait_type"":""Eyes"",""value"":""Sheeeesh""},{""trait_type"":""Buds"",""value"":""Smokin Dice""},{""trait_type"":""Hats"",""value"":""Loco Lid Green""}]"
72,3887685,0x3dd07ecb2df2a836b856b9aab799e6308ac2da648165380f92fe0e6dba227839,"[{""trait_type"":""Backgrounds"",""value"":""Strawberry Cough""},{""trait_type"":""Body"",""value"":""Goodfellow""},{""trait_type"":""Lips"",""value"":""Stoner""},{""trait_type"":""Eyes"",""value"":""Sheeeesh""},{""trait_type"":""Buds"",""value"":""Golden Ticket""},{""trait_type"":""Hats"",""value"":""Love Lewey Vibes""}]"
71,3887683,0x166511a3bdeb03f1daa76886af00f1f74a19f5a1cda3fde61160fc397c0f1d4a,"[{""trait_type"":""Backgrounds"",""value"":""Purple Urkle""},{""trait_type"":""Body"",""value"":""Sativa""},{""trait_type"":""Lips"",""value"":""Ganja Smoke Indica""},{""trait_type"":""Eyes"",""value"":""Wylin Out""},{""trait_type"":""Buds"",""value"":""SkyWalker""},{""trait_type"":""Hats"",""value"":""Hot Lava Lid""}]"
70,3887682,0xf20d4f47c87b504fb5566528bbdcb8cea5a9495171ec933615f5032e35b4af4a,"[{""trait_type"":""Backgrounds"",""value"":""Animal Cookies""},{""trait_type"":""Body"",""value"":""Chiefer""},{""trait_type"":""Lips"",""value"":""Muggle Smirk""},{""trait_type"":""Eyes"",""value"":""Shaggy AF""},{""trait_type"":""Buds"",""value"":""Special K Kush""},{""trait_type"":""Hats"",""value"":""Herbal Hat""}]"
69,3887680,0xce28f8f88f906e16db29287e43e1609de31911a4fd8069240b067329cd23c601,"[{""trait_type"":""Backgrounds"",""value"":""Hindu Kush""},{""trait_type"":""Body"",""value"":""Chiefer""},{""trait_type"":""Lips"",""value"":""Smoke One""},{""trait_type"":""Eyes"",""value"":""Baked Blinkers Stoned Red""},{""trait_type"":""Buds"",""value"":""Duck Wit It""},{""trait_type"":""Hats"",""value"":""Im High""}]"
68,3887676,0x9668f177662c17e411680c4c748a4ecfdaa0286398db25fa17ea26de1334817d,"[{""trait_type"":""Backgrounds"",""value"":""Strawberry Cough""},{""trait_type"":""Body"",""value"":""High Flyer""},{""trait_type"":""Lips"",""value"":""Smoke One""},{""trait_type"":""Eyes"",""value"":""Baked Blinkers Grey""},{""trait_type"":""Buds"",""value"":""Smokin Dice""},{""trait_type"":""Hats"",""value"":""Headband Pink Green""}]"
67,3887675,0xc62099f1ff2fb1d28e9352ec9dfc3b8cc24ee658b526d56367e0fa1f14b37237,"[{""trait_type"":""Backgrounds"",""value"":""Wedding Cake""},{""trait_type"":""Body"",""value"":""Herbivore""},{""trait_type"":""Lips"",""value"":""Cheeba Smoke""},{""trait_type"":""Eyes"",""value"":""DogeMau_d""},{""trait_type"":""Buds"",""value"":""Grape Ape""},{""trait_type"":""Hats"",""value"":""Im Stoned""}]"
66,3887671,0xc794d1e8679d37455d44e0fcd91015e200306fad8ebf23e1583e2fdec0c909a4,"[{""trait_type"":""Backgrounds"",""value"":""MAC""},{""trait_type"":""Body"",""value"":""Chiefer""},{""trait_type"":""Lips"",""value"":""Sideways""},{""trait_type"":""Eyes"",""value"":""Tree Wrecked""},{""trait_type"":""Buds"",""value"":""Duck Wit It""},{""trait_type"":""Hats"",""value"":""Hot Lava Lid""}]"
65,3887668,0x8407542ac29d72dcb8fc3f07a055c07a05ccbeea694cce3597e2eda1eb517e47,"[{""trait_type"":""Backgrounds"",""value"":""Orange Creamsicle""},{""trait_type"":""Body"",""value"":""Cannabisseur""},{""trait_type"":""Lips"",""value"":""Smoke Os Rising""},{""trait_type"":""Eyes"",""value"":""Baked Blinkers Green""},{""trait_type"":""Buds"",""value"":""Northern Lights""},{""trait_type"":""Hats"",""value"":""Headband Yellow Blue""}]"
64,3887666,0xe5bbcf63c8f150d5ec6eeeb14a8deba9b8734150d338265d1810c3612c35ca8d,"[{""trait_type"":""Backgrounds"",""value"":""ChemDog""},{""trait_type"":""Body"",""value"":""Space Cowboy""},{""trait_type"":""Lips"",""value"":""Woo Woo""},{""trait_type"":""Eyes"",""value"":""Wylin Out""},{""trait_type"":""Buds"",""value"":""Grape Ape""},{""trait_type"":""Hats"",""value"":""Laughing Lid Blue""}]"
63,3887663,0x21b1a6675cc5b4f34dae469da29425a98078492c1a475bcf44b1c2492be14ba1,"[{""trait_type"":""Backgrounds"",""value"":""Forbidden Fruit""},{""trait_type"":""Body"",""value"":""Laughing Hyena""},{""trait_type"":""Lips"",""value"":""Muggle Smirk""},{""trait_type"":""Eyes"",""value"":""Baked Blinkers Stoned Red""},{""trait_type"":""Buds"",""value"":""MrsK47""},{""trait_type"":""Hats"",""value"":""LogicCap Green""}]"
62,3887662,0xaa393717e715844703c04c3197380261b212babe3483d93ce1ce13782254612d,"[{""trait_type"":""Backgrounds"",""value"":""Strawberry Cough""},{""trait_type"":""Body"",""value"":""High Flyer""},{""trait_type"":""Lips"",""value"":""Burning One Down""},{""trait_type"":""Eyes"",""value"":""Mighty Maxxed Out""},{""trait_type"":""Buds"",""value"":""Special K Kush""},{""trait_type"":""Hats"",""value"":""Laughing Lid Green""}]"
61,3887661,0x7f3fcabd466ae390b3c34fc24584d9a7e46b1912f8e23abfe2345d23f284a587,"[{""trait_type"":""Backgrounds"",""value"":""StarDawg Matrix""},{""trait_type"":""Body"",""value"":""Laughing Hyena""},{""trait_type"":""Lips"",""value"":""Bogart""},{""trait_type"":""Eyes"",""value"":""Blazed Blue""},{""trait_type"":""Buds"",""value"":""SkyWalker""},{""trait_type"":""Hats"",""value"":""Shiller""}]"
60,3887660,0xf10aef5b4fb5e633b3b5eda5483dbeb00fd7d6a459a0a9705e38d3001b13c0a8,"[{""trait_type"":""Backgrounds"",""value"":""Bubba Kush""},{""trait_type"":""Body"",""value"":""Goodfellow""},{""trait_type"":""Lips"",""value"":""Cheeba Rising""},{""trait_type"":""Eyes"",""value"":""Baked Blinkers Suspect""},{""trait_type"":""Buds"",""value"":""Northern Lights""},{""trait_type"":""Hats"",""value"":""LogicCap Purple""}]"
59,3887655,0xc6bc24744a336c5d5074d81a7e668ea6237077b506bb874a422d06c4dc4bb3c0,"[{""trait_type"":""Backgrounds"",""value"":""ChemDog""},{""trait_type"":""Body"",""value"":""Space Cowboy""},{""trait_type"":""Lips"",""value"":""Stoner""},{""trait_type"":""Eyes"",""value"":""Red AF""},{""trait_type"":""Buds"",""value"":""Grape Ape""},{""trait_type"":""Hats"",""value"":""Headband Pink Green""}]"
58,3887640,0x98eedb81a811fbd49530f90cbbb2853bc48e47b6cbb712517a897b618cea1a0d,"[{""trait_type"":""Backgrounds"",""value"":""ChemDog""},{""trait_type"":""Body"",""value"":""Weedpreneur""},{""trait_type"":""Lips"",""value"":""Cheeba Rising""},{""trait_type"":""Eyes"",""value"":""Blazed Blue""},{""trait_type"":""Buds"",""value"":""Grape Ape""},{""trait_type"":""Hats"",""value"":""Im High""}]"
57,3887638,0xe5939b1e72a2299a22d3ae5a03b81c753ad2255dcd81f2f1488c8f9eaf7b63cd,"[{""trait_type"":""Backgrounds"",""value"":""Purple Urkle""},{""trait_type"":""Body"",""value"":""Herbalist""},{""trait_type"":""Lips"",""value"":""Ganja Smoke Sativa""},{""trait_type"":""Eyes"",""value"":""Tree Wrecked""},{""trait_type"":""Buds"",""value"":""Blue Dream""},{""trait_type"":""Hats"",""value"":""Hot Lava Lid""}]"
56,3887637,0x712051632c7cd1c6f8430eb89b8675a682a99e4f34fadfe1b1c76b8e3ffdd163,"[{""trait_type"":""Backgrounds"",""value"":""Mimosa""},{""trait_type"":""Body"",""value"":""Iron Lungs""},{""trait_type"":""Lips"",""value"":""Ganja Smoke Blue Dream""},{""trait_type"":""Eyes"",""value"":""Cannabis Kaleidoscope Suspect""},{""trait_type"":""Buds"",""value"":""Northern Lights""},{""trait_type"":""Hats"",""value"":""Skully Pink""}]"
55,3887636,0x41081917d40b1fa623c0b274e17aa2359cebe3a04d4bce4cfa6b906806eb6646,"[{""trait_type"":""Backgrounds"",""value"":""Slurricane""},{""trait_type"":""Body"",""value"":""Chiefer""},{""trait_type"":""Lips"",""value"":""Ganja Smoke Indica""},{""trait_type"":""Eyes"",""value"":""Blazed Blue""},{""trait_type"":""Buds"",""value"":""Northern Lights""},{""trait_type"":""Hats"",""value"":""Loco Lid Red""}]"
54,3887635,0xffd7f9c7693bc6ced1c124de6ee04ad9625e8c7a4f163df66691d84625a3250a,"[{""trait_type"":""Backgrounds"",""value"":""Bubba Kush""},{""trait_type"":""Body"",""value"":""Sativa""},{""trait_type"":""Lips"",""value"":""Cheeching""},{""trait_type"":""Eyes"",""value"":""PickleBall Purps""},{""trait_type"":""Buds"",""value"":""Blue Dream""},{""trait_type"":""Hats"",""value"":""Skully Pink""}]"
53,3887634,0x4c9a6b07a38b74d7d4eb71fcdecaeef6f506283811ea2c02aaa1bca7a3b07316,"[{""trait_type"":""Backgrounds"",""value"":""Hindu Kush""},{""trait_type"":""Body"",""value"":""Laughing Hyena""},{""trait_type"":""Lips"",""value"":""Cheeba Smoke""},{""trait_type"":""Eyes"",""value"":""Blazed Green""},{""trait_type"":""Buds"",""value"":""Orange Crush""},{""trait_type"":""Hats"",""value"":""Laughing Lid Blue""}]"
52,3887633,0x6248773942502630288230b94a906dcb46b5b75c3cc45e1f80830b53f063ac55,"[{""trait_type"":""Backgrounds"",""value"":""Hindu Kush""},{""trait_type"":""Body"",""value"":""Goodfellow""},{""trait_type"":""Lips"",""value"":""Stoner""},{""trait_type"":""Eyes"",""value"":""Infused Optics Blue""},{""trait_type"":""Buds"",""value"":""MrsK47""},{""trait_type"":""Hats"",""value"":""LogicCap Gold""}]"
51,3887632,0xc9db7986ad1bfef7e931a4514845875f942e6e1494b2c81ef8731dfeb0027330,"[{""trait_type"":""Backgrounds"",""value"":""Hindu Kush""},{""trait_type"":""Body"",""value"":""Sativa""},{""trait_type"":""Lips"",""value"":""Smoking Os""},{""trait_type"":""Eyes"",""value"":""Baked Blinkers Grey""},{""trait_type"":""Buds"",""value"":""MrsK47""},{""trait_type"":""Hats"",""value"":""Loco Lid Red""}]"
50,3887630,0x664f380a941ae2c0d943c274e81857d9bee156781017ea870bcf91c09895d386,"[{""trait_type"":""Backgrounds"",""value"":""GMO Cookies""},{""trait_type"":""Body"",""value"":""High Flyer""},{""trait_type"":""Lips"",""value"":""Muggle Smirk""},{""trait_type"":""Eyes"",""value"":""Ziggy Red""},{""trait_type"":""Buds"",""value"":""Grape Ape""},{""trait_type"":""Hats"",""value"":""Muzik Vibes""}]"
49,3887629,0xf4cc44e48c172980608846dafed02bf054e320364a2b4de2a75982ca79e5c0f7,"[{""trait_type"":""Backgrounds"",""value"":""TrainWreck""},{""trait_type"":""Body"",""value"":""Iron Lungs""},{""trait_type"":""Lips"",""value"":""Muggle Smirk""},{""trait_type"":""Eyes"",""value"":""PickleBall Purps""},{""trait_type"":""Buds"",""value"":""Grape Ape""},{""trait_type"":""Hats"",""value"":""Laughing Lid Blue""}]"
48,3887622,0x07ee38ccfb5a83e84e1509b32ff893221d190e2f5eb3f7b64992aefef082e1ee,"[{""trait_type"":""Backgrounds"",""value"":""Purple Urkle""},{""trait_type"":""Body"",""value"":""Iron Lungs""},{""trait_type"":""Lips"",""value"":""Woo Woo""},{""trait_type"":""Eyes"",""value"":""Infused Optics Purple""},{""trait_type"":""Buds"",""value"":""Golden Ticket""},{""trait_type"":""Hats"",""value"":""LogicCap Gold""}]"
47,3887621,0x1f5a67b6aa2a684cd7cb1be732d44cfbe152215e2c78f7c7e575856e9b1726df,"[{""trait_type"":""Backgrounds"",""value"":""Purple Urkle""},{""trait_type"":""Body"",""value"":""Herbalist""},{""trait_type"":""Lips"",""value"":""Bogart""},{""trait_type"":""Eyes"",""value"":""Tree Wrecked""},{""trait_type"":""Buds"",""value"":""Golden Ticket""},{""trait_type"":""Hats"",""value"":""Headband Yellow Blue""}]"
46,3887620,0xae62e05bdf73bad019dfc3cf69cf153b328f1e2c9a6253144b5f303afe440929,"[{""trait_type"":""Backgrounds"",""value"":""MAC""},{""trait_type"":""Body"",""value"":""Space Cowboy""},{""trait_type"":""Lips"",""value"":""What Happened""},{""trait_type"":""Eyes"",""value"":""Tree Wrecked""},{""trait_type"":""Buds"",""value"":""Golden Ticket""},{""trait_type"":""Hats"",""value"":""Hot Lava Lid""}]"
45,3887619,0xf18cd0ac467d59af5db5b7143db783d3111b38daecd5949e35c096cfd490105e,"[{""trait_type"":""Backgrounds"",""value"":""Wedding Cake""},{""trait_type"":""Body"",""value"":""Space Cowboy""},{""trait_type"":""Lips"",""value"":""Sideways""},{""trait_type"":""Eyes"",""value"":""Baked Blinkers Smokey""},{""trait_type"":""Buds"",""value"":""Duck Wit It""},{""trait_type"":""Hats"",""value"":""Skully Yellow""}]"
44,3887618,0x402b56ee29459021a4bd2884109a80d472e9c997c91c1fffc6139dd4a4e87a09,"[{""trait_type"":""Backgrounds"",""value"":""Zkittlez""},{""trait_type"":""Body"",""value"":""Herbivore""},{""trait_type"":""Lips"",""value"":""Sissy Lips""},{""trait_type"":""Eyes"",""value"":""OnGod Goggles Red""},{""trait_type"":""Buds"",""value"":""MrsK47""},{""trait_type"":""Hats"",""value"":""LogicCap Purple""}]"
43,3887617,0x2a340b82eeac0a7344a8de465eb4f85b56e5515a439d4218bad4a15f3db669db,"[{""trait_type"":""Backgrounds"",""value"":""Hindu Kush""},{""trait_type"":""Body"",""value"":""Iron Lungs""},{""trait_type"":""Lips"",""value"":""Smoke One""},{""trait_type"":""Eyes"",""value"":""Zig Zag Laser Green""},{""trait_type"":""Buds"",""value"":""Smokin Dice""},{""trait_type"":""Hats"",""value"":""Loco Lid Red""}]"
42,3887616,0x25dd86e7388db31132a338236af362402f5501b19637304ac1b12520a43b70dc,"[{""trait_type"":""Backgrounds"",""value"":""White Rhino""},{""trait_type"":""Body"",""value"":""Blastasaurus Rex""},{""trait_type"":""Lips"",""value"":""What Happened""},{""trait_type"":""Eyes"",""value"":""Baked Blinkers Suspect""},{""trait_type"":""Buds"",""value"":""Purple Kush""},{""trait_type"":""Hats"",""value"":""Herbal Hat""}]"
41,3887615,0xb3ba0c59e578f14507e1d8a8803c2f9b6c423422fd9a3b229584a79f60ad7ca5,"[{""trait_type"":""Backgrounds"",""value"":""Do Si Dos""},{""trait_type"":""Body"",""value"":""Weedpreneur""},{""trait_type"":""Lips"",""value"":""Smoking Os""},{""trait_type"":""Eyes"",""value"":""Baked Blinkers Grey""},{""trait_type"":""Buds"",""value"":""Grape Ape""},{""trait_type"":""Hats"",""value"":""Loco Lid Red""}]"
40,3887614,0xd024663e5ba81be7b09de7dabbfa8d43028cd473f5f52bd98449a3aa1d9d2f81,"[{""trait_type"":""Backgrounds"",""value"":""Strawberry Cough""},{""trait_type"":""Body"",""value"":""Herbalist""},{""trait_type"":""Lips"",""value"":""Ganja Smoke Sativa""},{""trait_type"":""Eyes"",""value"":""Wylin Out""},{""trait_type"":""Buds"",""value"":""Grape Ape""},{""trait_type"":""Hats"",""value"":""Laughing Lid Green""}]"
39,3887613,0x67c19c5e603acba0674b75729002f2776ca20cd46e580206d54c4b108ba78db1,"[{""trait_type"":""Backgrounds"",""value"":""Bubba Kush""},{""trait_type"":""Body"",""value"":""Indica""},{""trait_type"":""Lips"",""value"":""Bogart""},{""trait_type"":""Eyes"",""value"":""Shaggy AF""},{""trait_type"":""Buds"",""value"":""Grape Ape""},{""trait_type"":""Hats"",""value"":""LogicCap Green""}]"
38,3887612,0x5e521cfb205212f3e6e812c7db64dc7d37c57af153a787de321f1c7eed29fc94,"[{""trait_type"":""Backgrounds"",""value"":""Green Crack""},{""trait_type"":""Body"",""value"":""Chiefer""},{""trait_type"":""Lips"",""value"":""Burning One Down""},{""trait_type"":""Eyes"",""value"":""Shaggy AF""},{""trait_type"":""Buds"",""value"":""Northern Lights""},{""trait_type"":""Hats"",""value"":""Headband Yellow Blue""}]"
37,3887607,0xf539fb9a0b90fe6959e144b69b8d2f9db58a4a26f4c718679c5f09f86d05af7a,"[{""trait_type"":""Backgrounds"",""value"":""Wedding Cake""},{""trait_type"":""Body"",""value"":""Herbalist""},{""trait_type"":""Lips"",""value"":""Cheeba Smoke""},{""trait_type"":""Eyes"",""value"":""Dank Dazzlers Purple""},{""trait_type"":""Buds"",""value"":""Special K Kush""},{""trait_type"":""Hats"",""value"":""LogicCap Green""}]"
36,3887606,0x671b1559aa12273d46bd6d65c9ed0f75addf67819083a0581e25c8323218ac3e,"[{""trait_type"":""Backgrounds"",""value"":""Alien OG""},{""trait_type"":""Body"",""value"":""Space Cowboy""},{""trait_type"":""Lips"",""value"":""Cheeching""},{""trait_type"":""Eyes"",""value"":""5_ Ninja""},{""trait_type"":""Buds"",""value"":""Northern Lights""},{""trait_type"":""Hats"",""value"":""Im Stoned""}]"
35,3887605,0x2ddbe7c84e0c37643477311824e4251f46e81cf67f2430f663171d0ad373b7b8,"[{""trait_type"":""Backgrounds"",""value"":""Purple Urkle""},{""trait_type"":""Body"",""value"":""Iron Lungs""},{""trait_type"":""Lips"",""value"":""Ganja Smoke Sativa""},{""trait_type"":""Eyes"",""value"":""Respecter Me""},{""trait_type"":""Buds"",""value"":""Golden Ticket""},{""trait_type"":""Hats"",""value"":""Skully Pink""}]"
34,3887604,0x5e296d53fa186f42adf5d820229521e67baa23cdb91425d804e4d274f31785d0,"[{""trait_type"":""Backgrounds"",""value"":""Strawberry Cough""},{""trait_type"":""Body"",""value"":""Herbivore""},{""trait_type"":""Lips"",""value"":""Cheeba Rising""},{""trait_type"":""Eyes"",""value"":""Tech G Goggles""},{""trait_type"":""Buds"",""value"":""Northern Lights""},{""trait_type"":""Hats"",""value"":""Im Stoned""}]"
33,3887603,0xe403550636882ad711ed39ec5d91d8ddd0740655c939ad80dcb8c6268c14818e,"[{""trait_type"":""Backgrounds"",""value"":""White Rhino""},{""trait_type"":""Body"",""value"":""Chiefer""},{""trait_type"":""Lips"",""value"":""What Happened""},{""trait_type"":""Eyes"",""value"":""Dank Dazzlers Purple""},{""trait_type"":""Buds"",""value"":""Smokin Dice""},{""trait_type"":""Hats"",""value"":""Headband Pink Green""}]"
32,3887602,0xf73aa7bebe3ff54659bb281524dee654ed90833679ba27d1e3dfde3139b72084,"[{""trait_type"":""Backgrounds"",""value"":""Forbidden Fruit""},{""trait_type"":""Body"",""value"":""Sativa""},{""trait_type"":""Lips"",""value"":""Sissy Lips""},{""trait_type"":""Eyes"",""value"":""Baked Blinkers Lazy""},{""trait_type"":""Buds"",""value"":""Purple Kush""},{""trait_type"":""Hats"",""value"":""Loco Lid Green""}]"
31,3887601,0x6433cfdee59df43fff07d6cfe8c86148043b67b5b9266d0f880fedf391c1525a,"[{""trait_type"":""Backgrounds"",""value"":""Slurricane""},{""trait_type"":""Body"",""value"":""High Flyer""},{""trait_type"":""Lips"",""value"":""Woo Woo""},{""trait_type"":""Eyes"",""value"":""Baked Blinkers Purple""},{""trait_type"":""Buds"",""value"":""Smokin Dice""},{""trait_type"":""Hats"",""value"":""Skully Yellow""}]"
30,3887600,0x0df82a3f2a67943f50e1cee17231ac27584e5b3065a36ddd3b5653869c80cf75,"[{""trait_type"":""Backgrounds"",""value"":""Mimosa""},{""trait_type"":""Body"",""value"":""Iron Lungs""},{""trait_type"":""Lips"",""value"":""Dona Juanita""},{""trait_type"":""Eyes"",""value"":""5_ Ninja""},{""trait_type"":""Buds"",""value"":""Blue Dream""},{""trait_type"":""Hats"",""value"":""Diamond Verse Blue""}]"
29,3887599,0x6d9df441e3485138f654044bfa056d7938e38b66860468bcdd31b087f094ada4,"[{""trait_type"":""Backgrounds"",""value"":""Wedding Cake""},{""trait_type"":""Body"",""value"":""Goodfellow""},{""trait_type"":""Lips"",""value"":""What Happened""},{""trait_type"":""Eyes"",""value"":""Baked Blinkers Lazy""},{""trait_type"":""Buds"",""value"":""Duck Wit It""},{""trait_type"":""Hats"",""value"":""LogicCap Purple""}]"
28,3887596,0x327bca969f687296e7181ee6a8872f32bc44e8ed55723c1efe2bf9afac581909,"[{""trait_type"":""Backgrounds"",""value"":""Do Si Dos""},{""trait_type"":""Body"",""value"":""Goodfellow""},{""trait_type"":""Lips"",""value"":""Smoke Os Rising""},{""trait_type"":""Eyes"",""value"":""Wylin Out""},{""trait_type"":""Buds"",""value"":""Smokin Dice""},{""trait_type"":""Hats"",""value"":""LogicCap Purple""}]"
27,3887588,0xfdf86d724b61977755c4f90fd2ecb7bdd0cbe7491ebeabd4f8f79caa5d6ea842,"[{""trait_type"":""Backgrounds"",""value"":""Strawberry Cough""},{""trait_type"":""Body"",""value"":""Sativa""},{""trait_type"":""Lips"",""value"":""Stoner""},{""trait_type"":""Eyes"",""value"":""Ziggy Red""},{""trait_type"":""Buds"",""value"":""Blue Dream""},{""trait_type"":""Hats"",""value"":""Skully Yellow""}]"
26,3887587,0xdab8f676caa14891de0804a3e80dd4b1fb91fec024d016269933a9952882fa3b,"[{""trait_type"":""Backgrounds"",""value"":""Gushers""},{""trait_type"":""Body"",""value"":""Goodfellow""},{""trait_type"":""Lips"",""value"":""Ganja Smoke Blue Dream""},{""trait_type"":""Eyes"",""value"":""DogeMau_d""},{""trait_type"":""Buds"",""value"":""Smokin Dice""},{""trait_type"":""Hats"",""value"":""Love Lewey Vibes""}]"
25,3887586,0x953932e3ebb663508fd267fed3a28c03a5f8195954647652f5458158c05b6af1,"[{""trait_type"":""Backgrounds"",""value"":""MAC""},{""trait_type"":""Body"",""value"":""Goodfellow""},{""trait_type"":""Lips"",""value"":""Sideways""},{""trait_type"":""Eyes"",""value"":""Shaggy AF""},{""trait_type"":""Buds"",""value"":""Golden Ticket""},{""trait_type"":""Hats"",""value"":""Loco Lid Green""}]"
24,3887585,0x34aa7ec95963ca14d8db6a1a94d77f3d4c6e7a2df91f75fbd23d76710dac9a14,"[{""trait_type"":""Backgrounds"",""value"":""GMO Cookies""},{""trait_type"":""Body"",""value"":""Indica""},{""trait_type"":""Lips"",""value"":""Dona Juanita""},{""trait_type"":""Eyes"",""value"":""Ziggy Red""},{""trait_type"":""Buds"",""value"":""Orange Crush""},{""trait_type"":""Hats"",""value"":""Headband Yellow Blue""}]"
23,3887584,0xa10a1aad07128be885dfe1ad8b30664f734946cde27a311ed88f1c9fe0e659c9,"[{""trait_type"":""Backgrounds"",""value"":""Bubba Kush""},{""trait_type"":""Body"",""value"":""Chiefer""},{""trait_type"":""Lips"",""value"":""Cheeching""},{""trait_type"":""Eyes"",""value"":""Red AF""},{""trait_type"":""Buds"",""value"":""Golden Ticket""},{""trait_type"":""Hats"",""value"":""Headband Pink Green""}]"
22,3887583,0x7da4fba66493ed74f1d1c6e93f662d3e8360125a2c57407be1476367042fdac2,"[{""trait_type"":""Backgrounds"",""value"":""Bubba Kush""},{""trait_type"":""Body"",""value"":""Space Cowboy""},{""trait_type"":""Lips"",""value"":""What Happened""},{""trait_type"":""Eyes"",""value"":""Tree Wrecked""},{""trait_type"":""Buds"",""value"":""Golden Ticket""},{""trait_type"":""Hats"",""value"":""Skully Yellow""}]"
21,3887582,0x7d375992942ba443613e2653e268910f13783387adec231c539105491f977380,"[{""trait_type"":""Backgrounds"",""value"":""Gorilla Glue""},{""trait_type"":""Body"",""value"":""Herbivore""},{""trait_type"":""Lips"",""value"":""Ganja Smoke Blue Dream""},{""trait_type"":""Eyes"",""value"":""Caught""},{""trait_type"":""Buds"",""value"":""Smokin Dice""},{""trait_type"":""Hats"",""value"":""Skully Pink""}]"
20,3887581,0xf38ebf17bd1539c1fa81ea1c97a898c11b813752bed74908e1eded55d3f7e844,"[{""trait_type"":""Backgrounds"",""value"":""MAC""},{""trait_type"":""Body"",""value"":""Space Cowboy""},{""trait_type"":""Lips"",""value"":""Burning One Down""},{""trait_type"":""Eyes"",""value"":""Baked Blinkers Smokey""},{""trait_type"":""Buds"",""value"":""Grape Ape""},{""trait_type"":""Hats"",""value"":""Laughing Lid Green""}]"
19,3887580,0x29b61fa6267aff87cc73c6433b558bce03bb3900c025692e0d8eef231a91512d,"[{""trait_type"":""Backgrounds"",""value"":""Slurricane""},{""trait_type"":""Body"",""value"":""Herbalist""},{""trait_type"":""Lips"",""value"":""Woo Woo""},{""trait_type"":""Eyes"",""value"":""Baked Blinkers Purple""},{""trait_type"":""Buds"",""value"":""Duck Wit It""},{""trait_type"":""Hats"",""value"":""Skully Yellow""}]"
18,3887578,0xb4faf72aff5e3f716b4e9c189140d4a69d8d7aeda1e33752f0a4ac9f992d7495,"[{""trait_type"":""Backgrounds"",""value"":""Orange Creamsicle""},{""trait_type"":""Body"",""value"":""Cannabisseur""},{""trait_type"":""Lips"",""value"":""Cheeba Smoke""},{""trait_type"":""Eyes"",""value"":""Baked Blinkers Suspect""},{""trait_type"":""Buds"",""value"":""Grape Ape""},{""trait_type"":""Hats"",""value"":""Skully Pink""}]"
17,3887577,0x0b959af0550faaf10be27bafc33d5611f534fb90e781c703d81325873869230c,"[{""trait_type"":""Backgrounds"",""value"":""Do Si Dos""},{""trait_type"":""Body"",""value"":""Space Cowboy""},{""trait_type"":""Lips"",""value"":""Bogart""},{""trait_type"":""Eyes"",""value"":""Baked Blinkers Suspect""},{""trait_type"":""Buds"",""value"":""Golden Ticket""},{""trait_type"":""Hats"",""value"":""Loco Lid Red""}]"
16,3887576,0xf7922a8317d71c9da1cea524889b27a62d526b22180cad6aaab0e86cba1e50eb,"[{""trait_type"":""Backgrounds"",""value"":""Green Crack""},{""trait_type"":""Body"",""value"":""Herbalist""},{""trait_type"":""Lips"",""value"":""Burning One Down""},{""trait_type"":""Eyes"",""value"":""Ziggy Red""},{""trait_type"":""Buds"",""value"":""Orange Crush""},{""trait_type"":""Hats"",""value"":""Loco Lid Red""}]"
15,3887575,0x638cc881744d323d7e52cfb0a778e5d0fe5fd7a44a1491e656bd8c04525914c5,"[{""trait_type"":""Backgrounds"",""value"":""Orange Creamsicle""},{""trait_type"":""Body"",""value"":""Blastasaurus Rex""},{""trait_type"":""Lips"",""value"":""Cheeba Smoke""},{""trait_type"":""Eyes"",""value"":""Baked Blinkers Lazy""},{""trait_type"":""Buds"",""value"":""Purple Kush""},{""trait_type"":""Hats"",""value"":""Headband Blue Orange""}]"
14,3887574,0x59d6fe00c583d99119b8de3e920f8f85419c5f58e1c23f054ff47caed346a97f,"[{""trait_type"":""Backgrounds"",""value"":""TrainWreck""},{""trait_type"":""Body"",""value"":""Ganjapreneur""},{""trait_type"":""Lips"",""value"":""Smoke Os Rising""},{""trait_type"":""Eyes"",""value"":""Respecter Me""},{""trait_type"":""Buds"",""value"":""Special K Kush""},{""trait_type"":""Hats"",""value"":""Hot Lava Lid""}]"
13,3887573,0x6b81359659e6673adf7bc4ae3634e912e77904cefdb54b878e1a6096145e45ac,"[{""trait_type"":""Backgrounds"",""value"":""9 Pound Hammer""},{""trait_type"":""Body"",""value"":""Iron Lungs""},{""trait_type"":""Lips"",""value"":""Burning One Down""},{""trait_type"":""Eyes"",""value"":""Baked Blinkers Suspect""},{""trait_type"":""Buds"",""value"":""Duck Wit It""},{""trait_type"":""Hats"",""value"":""Skully Green""}]"
12,3887572,0x4ea53c79ed22b78e382a673f8eaafff5aec123ab6305f35ca3ac009f5ac5abb7,"[{""trait_type"":""Backgrounds"",""value"":""Do Si Dos""},{""trait_type"":""Body"",""value"":""Herbivore""},{""trait_type"":""Lips"",""value"":""Ganja Smoke Sativa""},{""trait_type"":""Eyes"",""value"":""Ziggy Red""},{""trait_type"":""Buds"",""value"":""Purple Kush""},{""trait_type"":""Hats"",""value"":""LogicCap Green""}]"
11,3887571,0x9961b60950e45165d29f881595003a017b693c752b50a7fed02d5ea0b8e11c56,"[{""trait_type"":""Backgrounds"",""value"":""ChemDog""},{""trait_type"":""Body"",""value"":""Cannabisseur""},{""trait_type"":""Lips"",""value"":""Muggle Smirk""},{""trait_type"":""Eyes"",""value"":""Zig Zag Laser Green""},{""trait_type"":""Buds"",""value"":""Blue Dream""},{""trait_type"":""Hats"",""value"":""LogicCap Green""}]"
10,3887570,0x107ba8c0d7f140b1f9a3544d63f7499308ff3d69b206866dafc5ac8fba193e9f,"[{""trait_type"":""Backgrounds"",""value"":""Zkittlez""},{""trait_type"":""Body"",""value"":""Herbalist""},{""trait_type"":""Lips"",""value"":""Smoke One""},{""trait_type"":""Eyes"",""value"":""Cannabis Kaleidoscope 3D""},{""trait_type"":""Buds"",""value"":""Blue Dream""},{""trait_type"":""Hats"",""value"":""Laughing Lid Blue""}]"
9,3887563,0x10e49553b1af4a0a32951b23bcbf00bbf5a56db675ccc0867661a6b2b7d43f80,"[{""trait_type"":""Backgrounds"",""value"":""White Rhino""},{""trait_type"":""Body"",""value"":""Iron Lungs""},{""trait_type"":""Lips"",""value"":""What Happened""},{""trait_type"":""Eyes"",""value"":""Ziggy Red""},{""trait_type"":""Buds"",""value"":""Duck Wit It""},{""trait_type"":""Hats"",""value"":""Love Lewey Vibes""}]"
8,3887559,0x79ce75a422e985e39f0f4d80c644f17027894cc039fc786c13ce9a8c102e09a4,"[{""trait_type"":""Backgrounds"",""value"":""Purple Urkle""},{""trait_type"":""Body"",""value"":""Goodfellow""},{""trait_type"":""Lips"",""value"":""Ganja Smoke Blue Dream""},{""trait_type"":""Eyes"",""value"":""Respecter Me""},{""trait_type"":""Buds"",""value"":""Smokin Dice""},{""trait_type"":""Hats"",""value"":""Loco Lid Green""}]"
7,3887547,0xd10cbdd09f04d518bae10480ce047000fe9ce3294799cf8951f358341bc7ea3b,"[{""trait_type"":""Backgrounds"",""value"":""Green Crack""},{""trait_type"":""Body"",""value"":""Herbivore""},{""trait_type"":""Lips"",""value"":""Ganja Smoke Sativa""},{""trait_type"":""Eyes"",""value"":""Baked Blinkers Grey""},{""trait_type"":""Buds"",""value"":""Duck Wit It""},{""trait_type"":""Hats"",""value"":""Herbal Hat""}]"
6,3887534,0xbb920ff4e5a55d6b605d9d0eedd52d4502cbd9aed97d456c4c777ced35ae5927,"[{""trait_type"":""Backgrounds"",""value"":""ChemDog""},{""trait_type"":""Body"",""value"":""Indica""},{""trait_type"":""Lips"",""value"":""Ganja Smoke Sativa""},{""trait_type"":""Eyes"",""value"":""Baked Blinkers Purple""},{""trait_type"":""Buds"",""value"":""Blue Dream""},{""trait_type"":""Hats"",""value"":""Skully Pink""}]"
5,3887533,0xb62ed7aa033e9f3f8502c0ba5df91bf037ddf2b5802eb0ed5a79af2b3c077768,"[{""trait_type"":""Backgrounds"",""value"":""GMO Cookies""},{""trait_type"":""Body"",""value"":""Blastasaurus Rex""},{""trait_type"":""Lips"",""value"":""Stoner""},{""trait_type"":""Eyes"",""value"":""5_ Ninja""},{""trait_type"":""Buds"",""value"":""Northern Lights""},{""trait_type"":""Hats"",""value"":""Herbal Hat""}]"
4,3887527,0x72e938b1b05d8274e78e01f6ce4db8c06fb5f781419603dd6bba5b2272d7e28f,"[{""trait_type"":""Backgrounds"",""value"":""Hindu Kush""},{""trait_type"":""Body"",""value"":""Ganjapreneur""},{""trait_type"":""Lips"",""value"":""Bogart""},{""trait_type"":""Eyes"",""value"":""Shaggy AF""},{""trait_type"":""Buds"",""value"":""MrsK47""},{""trait_type"":""Hats"",""value"":""Laughing Lid Blue""}]"
3,3887231,0x94caef9e3a618bb2a500ce86ea3436cf3a9bfa0d0c4749f84d2eb199357a16b5,"[{""trait_type"":""Backgrounds"",""value"":""LA Confidential""},{""trait_type"":""Body"",""value"":""Weedpreneur""},{""trait_type"":""Lips"",""value"":""Cheeching""},{""trait_type"":""Eyes"",""value"":""Mighty Maxxed Out""},{""trait_type"":""Buds"",""value"":""Special K Kush""},{""trait_type"":""Hats"",""value"":""Skully Yellow""}]"
2,3887230,0x31c501b39d0c47ceed6a809382c488aafc6ed04fc2e9ce1056f4652a7961bcf8,"[{""trait_type"":""Backgrounds"",""value"":""Gorilla Glue""},{""trait_type"":""Body"",""value"":""Digijoint""},{""trait_type"":""Lips"",""value"":""Cheeba Rising""},{""trait_type"":""Eyes"",""value"":""Baked Blinkers Lazy""},{""trait_type"":""Buds"",""value"":""Duck Wit It""},{""trait_type"":""Hats"",""value"":""Diamond Verse Purple""}]"
1,3887208,0x41b1a92e0b13986bbc6da36126e181b18fff5a779e437e720c19dae8c7c47f8d,"[{""trait_type"":""Backgrounds"",""value"":""Forbidden Fruit""},{""trait_type"":""Body"",""value"":""Space Cowboy""},{""trait_type"":""Lips"",""value"":""Ganja Smoke Sativa""},{""trait_type"":""Eyes"",""value"":""Baked Blinkers Purple""},{""trait_type"":""Buds"",""value"":""Blue Dream""},{""trait_type"":""Hats"",""value"":""LogicCap Green""}]"
0,3887207,0x4dc66bc8378f3b3558eccea573b1875a6ba99207be1782d2bede3db2706d4c9f,"[{""trait_type"":""Backgrounds"",""value"":""Purple Urkle""},{""trait_type"":""Body"",""value"":""Herbalist""},{""trait_type"":""Lips"",""value"":""Rainy Day""},{""trait_type"":""Eyes"",""value"":""PickleBall Purps""},{""trait_type"":""Buds"",""value"":""Purple Kush""},{""trait_type"":""Hats"",""value"":""Im Stoned""}]"
