token_id,ethscription_number,ethscription_id,attributes
2022,1360942,0xebd180db8ddf9b14d92ae26bf9f40e284a6d9efbf2423d46d659b63a323c245f,"[{""trait_type"":""1 of 1"",""value"":""Golden Hoodie""}]"
2021,1360960,0x5b2e982d47fdb19d9237a8a8f34097f89e2848c027e8b052528617c55e4f3afa,"[{""trait_type"":""1 of 1"",""value"":""In the Clouds""}]"
2020,1360991,0x2604412d2ac4dc160547e92f572ac8c7b914962c3e29f5f879662cbc29e51335,"[{""trait_type"":""1 of 1"",""value"":""Books""}]"
2019,1361009,0x584356194a25453c054069cb20f82cf4aa738d9e051748eb7b2dab68dfc80bc2,"[{""trait_type"":""1 of 1"",""value"":""Nerd is the Word""}]"
2018,1361042,0x54b7f4f5f6c7a64cdec67a27f4d991f053f11e8331cd7e178beaf7f068b8ef02,"[{""trait_type"":""1 of 1"",""value"":""Penny""}]"
2017,1361769,0xd0596b93a6259a520a687b8051b853db18a7ede0b922bac7189c52796470557f,"[{""trait_type"":""Glasses"",""value"":""Blue Rectangular Glasses ""},{""trait_type"":""Hair"",""value"":""Red Quiff Haircut ""},{""trait_type"":""Mouth"",""value"":""Smile ""},{""trait_type"":""Clothes"",""value"":""Yellow Tie ""},{""trait_type"":""Nerd"",""value"":""Skinny Nerd ""},{""trait_type"":""Background"",""value"":""Cyan Background ""}]"
2016,1361742,0xc4f694c59ce2ad7af7e07cf05c3a57b6f69e7c63cc4e3ca0a0d6144b364b1a86,"[{""trait_type"":""Glasses"",""value"":""No Glasses ""},{""trait_type"":""Hair"",""value"":""Brown Short Hair ""},{""trait_type"":""Mouth"",""value"":""Braces ""},{""trait_type"":""Clothes"",""value"":""Red Tie ""},{""trait_type"":""Nerd"",""value"":""Fat Nerd ""},{""trait_type"":""Background"",""value"":""Purple Background ""}]"
2015,1361739,0xc7d15c72895603c215d74bf53d4e245fbe0546aed32dc802027f23709b1738e1,"[{""trait_type"":""Glasses"",""value"":""No Glasses ""},{""trait_type"":""Hair"",""value"":""Brown Quiff Haircut ""},{""trait_type"":""Mouth"",""value"":""Big teeth ""},{""trait_type"":""Clothes"",""value"":""Blue Tie ""},{""trait_type"":""Nerd"",""value"":""Fat Nerd ""},{""trait_type"":""Background"",""value"":""Blue Background ""}]"
2014,1361732,0x66c848468bf5a07a55cc3b540a9788bd4c04b61415b463a4c6b13d894c41c456,"[{""trait_type"":""Glasses"",""value"":""Red Rectangular Glasses""},{""trait_type"":""Hair"",""value"":""Brown Quiff Haircut""},{""trait_type"":""Mouth"",""value"":""Big Teeth ""},{""trait_type"":""Clothes"",""value"":""Green Shirt ""},{""trait_type"":""Nerd"",""value"":""Fat Nerd ""},{""trait_type"":""Background"",""value"":""Blue Background ""}]"
2013,1361726,0xfa4f240167f920c1ee21058111596c3a2c7846bad04f5a02529a430c7cd9c7c9,"[{""trait_type"":""Glasses"",""value"":""No Glasses ""},{""trait_type"":""Hair"",""value"":""Blonde Short Hair ""},{""trait_type"":""Mouth"",""value"":""Smile""},{""trait_type"":""Clothes"",""value"":""Red Tie""},{""trait_type"":""Nerd"",""value"":""Fat Nerd ""},{""trait_type"":""Background"",""value"":""Blue Background ""}]"
2012,1361711,0x771feded446ac0c8077c21d946841d538f114097e65b1fab70e26bb732e0e7a4,"[{""trait_type"":""Glasses"",""value"":""Blue Round Glasses""},{""trait_type"":""Hair"",""value"":""Brown Quiff Haircut ""},{""trait_type"":""Mouth"",""value"":""Braces ""},{""trait_type"":""Clothes"",""value"":""Blue T-Shirt ""},{""trait_type"":""Nerd"",""value"":""Fat Nerd ""},{""trait_type"":""Background"",""value"":""Yellow Background ""}]"
2011,1361699,0x61c6c1664ddc8173ffd83bb33cc0faff66042d4243003d3f29fe00bcf7c81391,"[{""trait_type"":""Glasses"",""value"":""Green Rectangular Glasse""},{""trait_type"":""Hair"",""value"":""Black Bowl cut ""},{""trait_type"":""Mouth"",""value"":""Braces ""},{""trait_type"":""Clothes"",""value"":""Green T-Shirt ""},{""trait_type"":""Nerd"",""value"":""Fat Nerd ""},{""trait_type"":""Background"",""value"":""Cyan Background ""}]"
2010,1361690,0xfa32901e70c03ab7d6d04eec0fd3d3f645cef162bd5ee5a6fccd76a3c7af2f14,"[{""trait_type"":""Glasses"",""value"":""Blue Round Glasses ""},{""trait_type"":""Hair"",""value"":""Brown Short Hair ""},{""trait_type"":""Mouth"",""value"":""Smile ""},{""trait_type"":""Clothes"",""value"":""Red Shirt ""},{""trait_type"":""Nerd"",""value"":""Skinny Nerd ""},{""trait_type"":""Background"",""value"":""Purple Background""}]"
2009,1361683,0xc020bfea7d34f7540dd7425399292ce86f68ca3ed94db3bf5ddcf0a453bf2bac,"[{""trait_type"":""Glasses"",""value"":""Yellow Rectangular Glasses ""},{""trait_type"":""Hair"",""value"":""Yellow Hair ""},{""trait_type"":""Mouth"",""value"":""Big Teeth ""},{""trait_type"":""Clothes"",""value"":""Red T-Shirt ""},{""trait_type"":""Nerd"",""value"":""Fat Nerd ""},{""trait_type"":""Background"",""value"":""Red Background""}]"
2008,1361681,0xc57a92f64217f2e353eece0e7a19a4aafe02f0bea9f0f72a8d5de348ae01e749,"[{""trait_type"":""Glasses"",""value"":""Blue Rectagular Glasses""},{""trait_type"":""Hair"",""value"":""Red Messy Hair ""},{""trait_type"":""Mouth"",""value"":""Braces ""},{""trait_type"":""Clothes"",""value"":""Red Shirt ""},{""trait_type"":""Nerd"",""value"":""Skinny Nerd ""},{""trait_type"":""Background"",""value"":""Green Background ""}]"
2007,1361671,0x128e4955e877a626303c2f396b1d4d27c259afeb7bb86fafdfcabcb34acb2736,"[{""trait_type"":""Glasses"",""value"":""Yellow Rectangular Glasses ""},{""trait_type"":""Hair"",""value"":""Black Quiff Haircut ""},{""trait_type"":""Mouth"",""value"":""Braces ""},{""trait_type"":""Clothes"",""value"":""Green Shirt ""},{""trait_type"":""Nerd"",""value"":""Skinny Nerd ""},{""trait_type"":""Background"",""value"":""Green Background ""}]"
2006,1361661,0xfe77b77f09dbbb2e9aa10bb4fb81c29579217bd4cd4cf7f1d92860ec5154dcd6,"[{""trait_type"":""Glasses"",""value"":""Black Rectangular Glasses""},{""trait_type"":""Hair"",""value"":""Black Bowl cut ""},{""trait_type"":""Mouth"",""value"":""Big Teeth ""},{""trait_type"":""Clothes"",""value"":""Blue Tie ""},{""trait_type"":""Nerd"",""value"":""Skinny Nerd ""},{""trait_type"":""Background"",""value"":""Yellow Background ""}]"
2005,1361658,0x5432114493a96db94a2e7b73c0b32f368527e74862efeab8747173e16bca6820,"[{""trait_type"":""Glasses"",""value"":""No Glasses ""},{""trait_type"":""Hair"",""value"":""Brown Hair ""},{""trait_type"":""Mouth"",""value"":""Smile ""},{""trait_type"":""Clothes"",""value"":""Red Shirt ""},{""trait_type"":""Nerd"",""value"":""Fat Nerd ""},{""trait_type"":""Background"",""value"":""Green Background ""}]"
2004,1361652,0xfbc675b017bb222e212bd33953430b0709088378b835b52a468d4758b9f8fbfb,"[{""trait_type"":""Glasses"",""value"":""Green Round Glasses ""},{""trait_type"":""Hair"",""value"":""Yellow Quiff Haircut ""},{""trait_type"":""Mouth"",""value"":""Smile ""},{""trait_type"":""Clothes"",""value"":""Blue T-Shirt ""},{""trait_type"":""Nerd"",""value"":""Skinny Nerd ""},{""trait_type"":""Background"",""value"":""Blue Background ""}]"
2003,1361647,0x8f39d7b46015ec0afbf262207021b08b3d47914010e374d2962a7a3b09187ebd,"[{""trait_type"":""Glasses"",""value"":""Blue Rectangular Glasses""},{""trait_type"":""Hair"",""value"":""Red Messy Hair ""},{""trait_type"":""Mouth"",""value"":""Smile ""},{""trait_type"":""Clothes"",""value"":""Blue Shirt ""},{""trait_type"":""Nerd"",""value"":""Skinny Nerd ""},{""trait_type"":""Background"",""value"":""Cyan Background ""}]"
2002,1361639,0xc877347e074da0b92c7e740d03392a51fc8b202d2935c8901d448d5e73eefe83,"[{""trait_type"":""Glasses"",""value"":""White Round Glasses ""},{""trait_type"":""Hair"",""value"":""Blonde Messy Hair ""},{""trait_type"":""Mouth"",""value"":""Braces ""},{""trait_type"":""Clothes"",""value"":""Red T-Shirt ""},{""trait_type"":""Nerd"",""value"":""Fat Nerd ""},{""trait_type"":""Background"",""value"":""Yellow Background ""}]"
2001,1361629,0xa5a3713312aa6cd01b1e53e77c369bca9f12f37901127e5faee7905e3eb6729c,"[{""trait_type"":""Glasses"",""value"":""Blue Round Glasses ""},{""trait_type"":""Hair"",""value"":""Black Bowl cut ""},{""trait_type"":""Mouth"",""value"":""Braces ""},{""trait_type"":""Clothes"",""value"":""Red T-Shirt ""},{""trait_type"":""Nerd"",""value"":""Skinny Nerd ""},{""trait_type"":""Background"",""value"":""Cyan Background ""}]"
2000,1361616,0xceabdd16e747c014a26f0e79a88bd80aa4bbad64e055a445873caa926aecb5d1,"[{""trait_type"":""Glasses"",""value"":""Blue Rectangular Glasses ""},{""trait_type"":""Hair"",""value"":""Black Hair ""},{""trait_type"":""Mouth"",""value"":""Big Teeth ""},{""trait_type"":""Clothes"",""value"":""Red T-Shirt ""},{""trait_type"":""Nerd"",""value"":""Fat Nerd ""},{""trait_type"":""Background"",""value"":""Red Background ""}]"
1999,1361608,0x6a688c6b11792a88448a7d55cfb8a502620e00362abcc713432dff85fdaf381c,"[{""trait_type"":""Glasses"",""value"":""Yellow Rectangular Glasses""},{""trait_type"":""Hair"",""value"":""Red Hair ""},{""trait_type"":""Mouth"",""value"":""Braces ""},{""trait_type"":""Clothes"",""value"":""Red Shirt ""},{""trait_type"":""Nerd"",""value"":""Fat Nerd ""},{""trait_type"":""Background"",""value"":""Yellow Background ""}]"
1998,1358783,0x1ef4df2694b3240f83d45553ac6a45c11bc2847fc7c82d1c988e613002d99145,"[{""trait_type"":""Glasses"",""value"":""Red Rectangular Glasses ""},{""trait_type"":""Hair"",""value"":""Red Short Hair ""},{""trait_type"":""Mouth"",""value"":""Smile ""},{""trait_type"":""Clothes"",""value"":""Red  T-Shirt ""},{""trait_type"":""Nerd"",""value"":""Skinny Nerd ""},{""trait_type"":""Background"",""value"":""Green Background ""}]"
1997,1358881,0xc4f5192c9e1595f9dbeb7198bbbc8fed6fb45526e296050202a5e45abec50904,"[{""trait_type"":""Glasses"",""value"":""No Glasses ""},{""trait_type"":""Hair"",""value"":""Blonde Quiff Haircut ""},{""trait_type"":""Mouth"",""value"":""Big Teeth ""},{""trait_type"":""Clothes"",""value"":""Red  T-Shirt ""},{""trait_type"":""Nerd"",""value"":""Fat Nerd ""},{""trait_type"":""Background"",""value"":""Green Background ""}]"
1996,1358612,0xd9cebf6b5cb0e4d2bad0c33a22c1673492f355ed2a7af9e4ecd94fd9783fcad9,"[{""trait_type"":""Glasses"",""value"":""Yellow Round Glasses ""},{""trait_type"":""Hair"",""value"":""Blonde Bowl cut ""},{""trait_type"":""Mouth"",""value"":""Braces ""},{""trait_type"":""Clothes"",""value"":""Yellow Tie ""},{""trait_type"":""Nerd"",""value"":""Skinny Nerd ""},{""trait_type"":""Background"",""value"":""Red Background ""}]"
1995,1359395,0x56e93b36fd91e1996834d06cb1343f467663946be50fb78827e6eac0de03e439,"[{""trait_type"":""Glasses"",""value"":""Yellow Rectangular Glasses ""},{""trait_type"":""Hair"",""value"":""Black Messy Hair ""},{""trait_type"":""Mouth"",""value"":""Smile ""},{""trait_type"":""Clothes"",""value"":""Green  T-Shirt ""},{""trait_type"":""Nerd"",""value"":""Skinny Nerd ""},{""trait_type"":""Background"",""value"":""Purple Background ""}]"
1994,1360028,0x93b617e143d547463135911144239f34fd06a773cfffecb8d956696946f3c20c,"[{""trait_type"":""Glasses"",""value"":""Blue Rectangular Glasses ""},{""trait_type"":""Hair"",""value"":""Red Quiff Haircut ""},{""trait_type"":""Mouth"",""value"":""Braces ""},{""trait_type"":""Clothes"",""value"":""Green Tie ""},{""trait_type"":""Nerd"",""value"":""Fat Nerd ""},{""trait_type"":""Background"",""value"":""Blue Background ""}]"
1993,1359626,0x34c65b1a2e754c52e688c852112150258c53b5baa60165e186a5488baf9fe0ac,"[{""trait_type"":""Glasses"",""value"":""Blue Rectangular Glasses ""},{""trait_type"":""Hair"",""value"":""Black Hair ""},{""trait_type"":""Mouth"",""value"":""Braces ""},{""trait_type"":""Clothes"",""value"":""Blue  T-Shirt ""},{""trait_type"":""Nerd"",""value"":""Skinny Nerd ""},{""trait_type"":""Background"",""value"":""Green Background ""}]"
1992,1358755,0xa3eb099fca59608a33ae52a23dad4345874f40ddd79cb9a7776db249fae8bdd9,"[{""trait_type"":""Glasses"",""value"":""Purple Round Glasses ""},{""trait_type"":""Hair"",""value"":""Brown Quiff Haircut ""},{""trait_type"":""Mouth"",""value"":""Smile ""},{""trait_type"":""Clothes"",""value"":""Green Tie ""},{""trait_type"":""Nerd"",""value"":""Skinny Nerd ""},{""trait_type"":""Background"",""value"":""Green Background ""}]"
1991,1360389,0xa3dc3595c5aee2e8bcc486e873a9e35b7a4fa277c6b6fba46caade599a0326bf,"[{""trait_type"":""Glasses"",""value"":""Red Round Glasses ""},{""trait_type"":""Hair"",""value"":""Blonde Short Hair ""},{""trait_type"":""Mouth"",""value"":""Smile ""},{""trait_type"":""Clothes"",""value"":""Blue Tie ""},{""trait_type"":""Nerd"",""value"":""Skinny Nerd ""},{""trait_type"":""Background"",""value"":""Cyan Background ""}]"
1990,1359968,0x2a897098f17cab51abe214ca3451d30a6b8ba7d32539d676446491d74aa0e43e,"[{""trait_type"":""Glasses"",""value"":""Blue Rectangular Glasses ""},{""trait_type"":""Hair"",""value"":""Red Bowl cut ""},{""trait_type"":""Mouth"",""value"":""Braces ""},{""trait_type"":""Clothes"",""value"":""Blue Shirt ""},{""trait_type"":""Nerd"",""value"":""Skinny Nerd ""},{""trait_type"":""Background"",""value"":""Cyan Background ""}]"
1989,1360138,0xd058e59167b26f1bb0cf258ea41b03c7164926285c85cdb0e82eb3e947a8a9b0,"[{""trait_type"":""Glasses"",""value"":""Green Round Glasses ""},{""trait_type"":""Hair"",""value"":""Black Bowl cut ""},{""trait_type"":""Mouth"",""value"":""Braces ""},{""trait_type"":""Clothes"",""value"":""Blue Shirt ""},{""trait_type"":""Nerd"",""value"":""Fat Nerd ""},{""trait_type"":""Background"",""value"":""Red Background ""}]"
1988,1359832,0x3268888a0a9ff7cfb4352c1fd4f135b0d05f8fea8291bdf155947002de386bdf,"[{""trait_type"":""Glasses"",""value"":""Yellow Round Glasses ""},{""trait_type"":""Hair"",""value"":""Black Messy Hair ""},{""trait_type"":""Mouth"",""value"":""Smile ""},{""trait_type"":""Clothes"",""value"":""Yellow Shirt ""},{""trait_type"":""Nerd"",""value"":""Skinny Nerd ""},{""trait_type"":""Background"",""value"":""Yellow Background ""}]"
1987,1358760,0x4f498f7950ec90c34cbfa7a70d3d7baff1a49244a8866a7403a8a5b7e9f4afd7,"[{""trait_type"":""Glasses"",""value"":""No Glasses ""},{""trait_type"":""Hair"",""value"":""Red Bowl cut ""},{""trait_type"":""Mouth"",""value"":""Big Teeth ""},{""trait_type"":""Clothes"",""value"":""Yellow  T-Shirt ""},{""trait_type"":""Nerd"",""value"":""Fat Nerd ""},{""trait_type"":""Background"",""value"":""Yellow Background ""}]"
1986,1359596,0x372f587ccada3b178aa39c4e89c2232d113ed30e049dec2eaaf233d22f6f1b7d,"[{""trait_type"":""Glasses"",""value"":""White Rectangular Glasses ""},{""trait_type"":""Hair"",""value"":""Red Bowl cut ""},{""trait_type"":""Mouth"",""value"":""Smile ""},{""trait_type"":""Clothes"",""value"":""Red  T-Shirt ""},{""trait_type"":""Nerd"",""value"":""Fat Nerd ""},{""trait_type"":""Background"",""value"":""Cyan Background ""}]"
1985,1360057,0xac338f459f22a1a9d9a76ffe1ead6e49da777898826bd6ee49dd3973cfe4041e,"[{""trait_type"":""Glasses"",""value"":""No Glasses ""},{""trait_type"":""Hair"",""value"":""Blonde Short Hair ""},{""trait_type"":""Mouth"",""value"":""Braces ""},{""trait_type"":""Clothes"",""value"":""Yellow Tie ""},{""trait_type"":""Nerd"",""value"":""Skinny Nerd ""},{""trait_type"":""Background"",""value"":""Blue Background ""}]"
1984,1359215,0xe8819838f9094154db9b7a020a694f7a8895c4f490546708b48d770d57e21521,"[{""trait_type"":""Glasses"",""value"":""Blue Round Glasses ""},{""trait_type"":""Hair"",""value"":""Brown Messy Hair ""},{""trait_type"":""Mouth"",""value"":""Braces ""},{""trait_type"":""Clothes"",""value"":""Green Shirt ""},{""trait_type"":""Nerd"",""value"":""Skinny Nerd ""},{""trait_type"":""Background"",""value"":""Purple Background ""}]"
1983,1360760,0x143f0cc6d8395fb3d5c9dab5c34e2c9713ae34c7b8bea625e5caba4fb13cfa92,"[{""trait_type"":""Glasses"",""value"":""White Round Glasses ""},{""trait_type"":""Hair"",""value"":""Blonde Short Hair ""},{""trait_type"":""Mouth"",""value"":""Big Teeth ""},{""trait_type"":""Clothes"",""value"":""Blue  T-Shirt ""},{""trait_type"":""Nerd"",""value"":""Skinny Nerd ""},{""trait_type"":""Background"",""value"":""Blue Background ""}]"
1982,1360008,0x6b5ab087871ede47bdc2f73a95a050995474f32b082dc19d46b059f86f27b54d,"[{""trait_type"":""Glasses"",""value"":""No Glasses ""},{""trait_type"":""Hair"",""value"":""Blonde Short Hair ""},{""trait_type"":""Mouth"",""value"":""Big Teeth ""},{""trait_type"":""Clothes"",""value"":""Purple Tie ""},{""trait_type"":""Nerd"",""value"":""Fat Nerd ""},{""trait_type"":""Background"",""value"":""Yellow Background ""}]"
1981,1359245,0x87a2f94804ed1285a50129c3932bf5735e6e3ab354c11f39281fe63b6ac40f55,"[{""trait_type"":""Glasses"",""value"":""White Rectangular Glasses ""},{""trait_type"":""Hair"",""value"":""Red Quiff Haircut ""},{""trait_type"":""Mouth"",""value"":""Braces ""},{""trait_type"":""Clothes"",""value"":""Blue Tie ""},{""trait_type"":""Nerd"",""value"":""Fat Nerd ""},{""trait_type"":""Background"",""value"":""Cyan Background ""}]"
1980,1359540,0xc122f387a7f9bb87dd1f3e6899e587f41e6716656504b922b23f2993a75e7c88,"[{""trait_type"":""Glasses"",""value"":""Green Round Glasses ""},{""trait_type"":""Hair"",""value"":""Brown Quiff Haircut ""},{""trait_type"":""Mouth"",""value"":""Smile ""},{""trait_type"":""Clothes"",""value"":""Blue  T-Shirt ""},{""trait_type"":""Nerd"",""value"":""Skinny Nerd ""},{""trait_type"":""Background"",""value"":""Yellow Background ""}]"
1979,1359369,0xa4f7f253a0faf0ad19f8834d67e810cc04a3ba175d58f2a0d04db3e96b03b9f0,"[{""trait_type"":""Glasses"",""value"":""Blue Round Glasses ""},{""trait_type"":""Hair"",""value"":""Black Hair ""},{""trait_type"":""Mouth"",""value"":""Smile ""},{""trait_type"":""Clothes"",""value"":""Blue Shirt ""},{""trait_type"":""Nerd"",""value"":""Fat Nerd ""},{""trait_type"":""Background"",""value"":""Blue Background ""}]"
1978,1358768,0x75577fc58cdb6aaf428a63e0356b32a78519e18d9963623eeb70b646bc26cd62,"[{""trait_type"":""Glasses"",""value"":""No Glasses ""},{""trait_type"":""Hair"",""value"":""Blonde Quiff Haircut ""},{""trait_type"":""Mouth"",""value"":""Smile ""},{""trait_type"":""Clothes"",""value"":""Purple  T-Shirt ""},{""trait_type"":""Nerd"",""value"":""Fat Nerd ""},{""trait_type"":""Background"",""value"":""Green Background ""}]"
1977,1359336,0x3d825c8090ce124e5232681b1d60bda6722da938443ffb21d16f04c9b2ebc31c,"[{""trait_type"":""Glasses"",""value"":""Red Round Glasses ""},{""trait_type"":""Hair"",""value"":""Brown Hair ""},{""trait_type"":""Mouth"",""value"":""Smile ""},{""trait_type"":""Clothes"",""value"":""Red Shirt ""},{""trait_type"":""Nerd"",""value"":""Fat Nerd ""},{""trait_type"":""Background"",""value"":""Blue Background ""}]"
1976,1360173,0x52930eb5006ab2ddd4538c3fea795148d312722899088f02e2988d7dc81d17f8,"[{""trait_type"":""Glasses"",""value"":""Yellow Rectangular Glasses ""},{""trait_type"":""Hair"",""value"":""Red Quiff Haircut ""},{""trait_type"":""Mouth"",""value"":""Big Teeth ""},{""trait_type"":""Clothes"",""value"":""Blue Shirt ""},{""trait_type"":""Nerd"",""value"":""Fat Nerd ""},{""trait_type"":""Background"",""value"":""Yellow Background ""}]"
1975,1360625,0x3c0ac8e655b40408a1e17db13e812b16bce096bacc7e8e89fb92d3ca7fbd3f42,"[{""trait_type"":""Glasses"",""value"":""Green Round Glasses ""},{""trait_type"":""Hair"",""value"":""Blonde Short Hair ""},{""trait_type"":""Mouth"",""value"":""Braces ""},{""trait_type"":""Clothes"",""value"":""Red Shirt ""},{""trait_type"":""Nerd"",""value"":""Skinny Nerd ""},{""trait_type"":""Background"",""value"":""Green Background ""}]"
1974,1360219,0x6491a390b0a568e6542ded2e5bbaf1c0cd8c90c435af4516654c771dc01dadcd,"[{""trait_type"":""Glasses"",""value"":""No Glasses ""},{""trait_type"":""Hair"",""value"":""Brown Messy Hair ""},{""trait_type"":""Mouth"",""value"":""Big Teeth ""},{""trait_type"":""Clothes"",""value"":""Red Tie ""},{""trait_type"":""Nerd"",""value"":""Skinny Nerd ""},{""trait_type"":""Background"",""value"":""Blue Background ""}]"
1973,1358608,0x1556c7293daab25f70c624bc1749725b0459f25cedfaf3b4155e63e5d23d77db,"[{""trait_type"":""Glasses"",""value"":""White Round Glasses ""},{""trait_type"":""Hair"",""value"":""Red Quiff Haircut ""},{""trait_type"":""Mouth"",""value"":""Braces ""},{""trait_type"":""Clothes"",""value"":""Green Shirt ""},{""trait_type"":""Nerd"",""value"":""Skinny Nerd ""},{""trait_type"":""Background"",""value"":""Yellow Background ""}]"
1972,1359945,0x715ef7474cfef1fce4dbb4b83fa2059acbbdc057a8f9f4f71906a01b36fa374d,"[{""trait_type"":""Glasses"",""value"":""Yellow Round Glasses ""},{""trait_type"":""Hair"",""value"":""Black Short Hair ""},{""trait_type"":""Mouth"",""value"":""Braces ""},{""trait_type"":""Clothes"",""value"":""Blue Shirt ""},{""trait_type"":""Nerd"",""value"":""Fat Nerd ""},{""trait_type"":""Background"",""value"":""Yellow Background ""}]"
1971,1360468,0x5400865056eb3075cfd35a1214f13524b3bc991aec57be10c856950cea7cc5d0,"[{""trait_type"":""Glasses"",""value"":""Red Rectangular Glasses ""},{""trait_type"":""Hair"",""value"":""Blonde Bowl cut ""},{""trait_type"":""Mouth"",""value"":""Braces ""},{""trait_type"":""Clothes"",""value"":""Green Shirt ""},{""trait_type"":""Nerd"",""value"":""Fat Nerd ""},{""trait_type"":""Background"",""value"":""Cyan Background ""}]"
1970,1360705,0xcf0d6e460c16d2cfa61fca4d786e1cce5306dee25dbe0304af07b846bcef5e48,"[{""trait_type"":""Glasses"",""value"":""No Glasses ""},{""trait_type"":""Hair"",""value"":""Brown Messy Hair ""},{""trait_type"":""Mouth"",""value"":""Big Teeth ""},{""trait_type"":""Clothes"",""value"":""Purple Tie ""},{""trait_type"":""Nerd"",""value"":""Fat Nerd ""},{""trait_type"":""Background"",""value"":""Purple Background ""}]"
1969,1360041,0xd4dc07888e66d5fa7165912b4b301704ea2fac96673e650cc2713b171b3a9d24,"[{""trait_type"":""Glasses"",""value"":""Red Rectangular Glasses ""},{""trait_type"":""Hair"",""value"":""Red Quiff Haircut ""},{""trait_type"":""Mouth"",""value"":""Big Teeth ""},{""trait_type"":""Clothes"",""value"":""Green Shirt ""},{""trait_type"":""Nerd"",""value"":""Fat Nerd ""},{""trait_type"":""Background"",""value"":""Red Background ""}]"
1968,1359306,0xefdf8d44b74fd3b56890ead43d85556f281433cac084744094c698861c95c7ac,"[{""trait_type"":""Glasses"",""value"":""No Glasses ""},{""trait_type"":""Hair"",""value"":""Red Quiff Haircut ""},{""trait_type"":""Mouth"",""value"":""Smile ""},{""trait_type"":""Clothes"",""value"":""Yellow Shirt ""},{""trait_type"":""Nerd"",""value"":""Fat Nerd ""},{""trait_type"":""Background"",""value"":""Cyan Background ""}]"
1967,1360451,0x3fafe776a74990d7893d1f9e015be2a431cda04482b2de13203d54569d58326e,"[{""trait_type"":""Glasses"",""value"":""Red Round Glasses ""},{""trait_type"":""Hair"",""value"":""Red Hair ""},{""trait_type"":""Mouth"",""value"":""Braces ""},{""trait_type"":""Clothes"",""value"":""Red  T-Shirt ""},{""trait_type"":""Nerd"",""value"":""Fat Nerd ""},{""trait_type"":""Background"",""value"":""Purple Background ""}]"
1966,1359551,0xd961230a109f7f6fd8967233cc35ea6c180452f774410c151456627b37401b4f,"[{""trait_type"":""Glasses"",""value"":""Purple Round Glasses ""},{""trait_type"":""Hair"",""value"":""Black Quiff Haircut ""},{""trait_type"":""Mouth"",""value"":""Big Teeth ""},{""trait_type"":""Clothes"",""value"":""Yellow Tie ""},{""trait_type"":""Nerd"",""value"":""Skinny Nerd ""},{""trait_type"":""Background"",""value"":""Cyan Background ""}]"
1965,1359613,0xb43884a561b1c2a2b52dee2630a2293f6e50b267b991932e6dc4cf5543024134,"[{""trait_type"":""Glasses"",""value"":""Blue Rectangular Glasses ""},{""trait_type"":""Hair"",""value"":""Blonde Short Hair ""},{""trait_type"":""Mouth"",""value"":""Smile ""},{""trait_type"":""Clothes"",""value"":""Purple  T-Shirt ""},{""trait_type"":""Nerd"",""value"":""Fat Nerd ""},{""trait_type"":""Background"",""value"":""Orange Background ""}]"
1964,1359954,0x4565c5136f46b62428639b66645230ef32dbc3692eaeecc0c37908e0bb17a11c,"[{""trait_type"":""Glasses"",""value"":""Purple Round Glasses ""},{""trait_type"":""Hair"",""value"":""Black Messy Hair ""},{""trait_type"":""Mouth"",""value"":""Braces ""},{""trait_type"":""Clothes"",""value"":""Blue Tie ""},{""trait_type"":""Nerd"",""value"":""Skinny Nerd ""},{""trait_type"":""Background"",""value"":""Orange Background ""}]"
1963,1359785,0x11b90d2caa23ef7163f358f6510a66012b872ca0229eb7e75db60f337e4f1b56,"[{""trait_type"":""Glasses"",""value"":""Green Round Glasses ""},{""trait_type"":""Hair"",""value"":""Red Messy Hair ""},{""trait_type"":""Mouth"",""value"":""Big Teeth ""},{""trait_type"":""Clothes"",""value"":""Blue Tie ""},{""trait_type"":""Nerd"",""value"":""Skinny Nerd ""},{""trait_type"":""Background"",""value"":""Blue Background ""}]"
1962,1360056,0x7956385dfb18602bf8737c9abad5937de164b9e47660f6d08621771816372827,"[{""trait_type"":""Glasses"",""value"":""No Glasses ""},{""trait_type"":""Hair"",""value"":""Red Bowl cut ""},{""trait_type"":""Mouth"",""value"":""Big Teeth ""},{""trait_type"":""Clothes"",""value"":""Yellow Tie ""},{""trait_type"":""Nerd"",""value"":""Skinny Nerd ""},{""trait_type"":""Background"",""value"":""Orange Background ""}]"
1961,1359724,0xb6b5508664cf6e0f1df53172dca8da0f9dc2ea83e62ba35e9b6d47e8ebf058b2,"[{""trait_type"":""Glasses"",""value"":""Yellow Round Glasses ""},{""trait_type"":""Hair"",""value"":""Blonde Short Hair ""},{""trait_type"":""Mouth"",""value"":""Braces ""},{""trait_type"":""Clothes"",""value"":""Red  T-Shirt ""},{""trait_type"":""Nerd"",""value"":""Skinny Nerd ""},{""trait_type"":""Background"",""value"":""Purple Background ""}]"
1960,1360126,0x15a1f46a0e9979bc488cb741331231efcc5a50b9ee1d5d693ab1b841b8d35c79,"[{""trait_type"":""Glasses"",""value"":""Blue Rectangular Glasses ""},{""trait_type"":""Hair"",""value"":""Black Short Hair ""},{""trait_type"":""Mouth"",""value"":""Big Teeth ""},{""trait_type"":""Clothes"",""value"":""Yellow Shirt ""},{""trait_type"":""Nerd"",""value"":""Fat Nerd ""},{""trait_type"":""Background"",""value"":""Blue Background ""}]"
1959,1359304,0x0961bd26d55936b81eaeaf1634a2c2bb52a8527d7e75caaf2a94958f3b7a29b0,"[{""trait_type"":""Glasses"",""value"":""White Rectangular Glasses ""},{""trait_type"":""Hair"",""value"":""Black Short Hair ""},{""trait_type"":""Mouth"",""value"":""Braces ""},{""trait_type"":""Clothes"",""value"":""Purple  T-Shirt ""},{""trait_type"":""Nerd"",""value"":""Fat Nerd ""},{""trait_type"":""Background"",""value"":""Orange Background ""}]"
1958,1360483,0xc08153c8f26f561f3577b7c78aac5b7979b8edc4e646eee645098bf2fb243887,"[{""trait_type"":""Glasses"",""value"":""Red Round Glasses ""},{""trait_type"":""Hair"",""value"":""Red Bowl cut ""},{""trait_type"":""Mouth"",""value"":""Smile ""},{""trait_type"":""Clothes"",""value"":""Green Tie ""},{""trait_type"":""Nerd"",""value"":""Skinny Nerd ""},{""trait_type"":""Background"",""value"":""Orange Background ""}]"
1957,1358503,0x19a066f210d7118109317a7c3c148dff1902d9d299a7175aeca3badf8d980ad7,"[{""trait_type"":""Glasses"",""value"":""Red Round Glasses ""},{""trait_type"":""Hair"",""value"":""Red Bowl cut ""},{""trait_type"":""Mouth"",""value"":""Big Teeth ""},{""trait_type"":""Clothes"",""value"":""Yellow Tie ""},{""trait_type"":""Nerd"",""value"":""Fat Nerd ""},{""trait_type"":""Background"",""value"":""Red Background ""}]"
1956,1358912,0xd5cfa19a29ad0595e8cfdf7d6e8615a367f3d1ac96cebde2359e6130a0bc6202,"[{""trait_type"":""Glasses"",""value"":""Green Round Glasses ""},{""trait_type"":""Hair"",""value"":""Black Hair ""},{""trait_type"":""Mouth"",""value"":""Braces ""},{""trait_type"":""Clothes"",""value"":""Blue Tie ""},{""trait_type"":""Nerd"",""value"":""Skinny Nerd ""},{""trait_type"":""Background"",""value"":""Cyan Background ""}]"
1955,1359963,0xc36f88066af6042c367181c7fd0f113c4ec531f1e216c8604e4e7de06d2df9b0,"[{""trait_type"":""Glasses"",""value"":""Red Round Glasses ""},{""trait_type"":""Hair"",""value"":""Brown Short Hair ""},{""trait_type"":""Mouth"",""value"":""Big Teeth ""},{""trait_type"":""Clothes"",""value"":""Blue Tie ""},{""trait_type"":""Nerd"",""value"":""Fat Nerd ""},{""trait_type"":""Background"",""value"":""Cyan Background ""}]"
1954,1360667,0xf2410b663c03081bec97581987c71808b567f3c5e46330f843cf7016de3b7d92,"[{""trait_type"":""Glasses"",""value"":""Blue Rectangular Glasses ""},{""trait_type"":""Hair"",""value"":""Red Hair ""},{""trait_type"":""Mouth"",""value"":""Braces ""},{""trait_type"":""Clothes"",""value"":""Purple  T-Shirt ""},{""trait_type"":""Nerd"",""value"":""Fat Nerd ""},{""trait_type"":""Background"",""value"":""Purple Background ""}]"
1953,1359790,0x5308938b3f2c9edf6ee80aedc7eb81d8d4208b0bac19158eba2fab5b903f16d2,"[{""trait_type"":""Glasses"",""value"":""White Round Glasses ""},{""trait_type"":""Hair"",""value"":""Blonde Messy Hair ""},{""trait_type"":""Mouth"",""value"":""Smile ""},{""trait_type"":""Clothes"",""value"":""Blue Shirt ""},{""trait_type"":""Nerd"",""value"":""Skinny Nerd ""},{""trait_type"":""Background"",""value"":""Purple Background ""}]"
1952,1359952,0x34fce795a137a0efb698a16f09fa69e33d96f28cc835a216589a3479d424d3f5,"[{""trait_type"":""Glasses"",""value"":""Green Rectangular Glasses ""},{""trait_type"":""Hair"",""value"":""Red Short Hair ""},{""trait_type"":""Mouth"",""value"":""Braces ""},{""trait_type"":""Clothes"",""value"":""Yellow  T-Shirt ""},{""trait_type"":""Nerd"",""value"":""Fat Nerd ""},{""trait_type"":""Background"",""value"":""Green Background ""}]"
1951,1358562,0xf6157c476d0b8dc39b8bcd0d2b738ec039e841f60611de1b6c12430b595d7b02,"[{""trait_type"":""Glasses"",""value"":""No Glasses ""},{""trait_type"":""Hair"",""value"":""Blonde Short Hair ""},{""trait_type"":""Mouth"",""value"":""Big Teeth ""},{""trait_type"":""Clothes"",""value"":""Green  T-Shirt ""},{""trait_type"":""Nerd"",""value"":""Fat Nerd ""},{""trait_type"":""Background"",""value"":""Green Background ""}]"
1950,1359848,0x9a3dc965422c526f28513470abfcd78d9ed860e91639f977629a70b69ed0df06,"[{""trait_type"":""Glasses"",""value"":""No Glasses ""},{""trait_type"":""Hair"",""value"":""Black Bowl cut ""},{""trait_type"":""Mouth"",""value"":""Braces ""},{""trait_type"":""Clothes"",""value"":""Blue Tie ""},{""trait_type"":""Nerd"",""value"":""Skinny Nerd ""},{""trait_type"":""Background"",""value"":""Cyan Background ""}]"
1949,1360656,0x578f5a00d69d7004eb6a57591aebd8e409d022b3bdffeb8a504611dc0ce4e5e4,"[{""trait_type"":""Glasses"",""value"":""Black Round Glasses ""},{""trait_type"":""Hair"",""value"":""Black Short Hair ""},{""trait_type"":""Mouth"",""value"":""Braces ""},{""trait_type"":""Clothes"",""value"":""Green Shirt ""},{""trait_type"":""Nerd"",""value"":""Skinny Nerd ""},{""trait_type"":""Background"",""value"":""Green Background ""}]"
1948,1359290,0xb5fb9f36849f8b1acf4ea67d421a11cef0d5e8c2de917469fc0ad2884afd1dc7,"[{""trait_type"":""Glasses"",""value"":""Yellow Round Glasses ""},{""trait_type"":""Hair"",""value"":""Black Messy Hair ""},{""trait_type"":""Mouth"",""value"":""Big Teeth ""},{""trait_type"":""Clothes"",""value"":""Red Tie ""},{""trait_type"":""Nerd"",""value"":""Skinny Nerd ""},{""trait_type"":""Background"",""value"":""Purple Background ""}]"
1947,1358137,0xf570c473ee15a66046d7ffeb571fb051d5d684e291e618d895969c6fd04c741e,"[{""trait_type"":""Glasses"",""value"":""No Glasses ""},{""trait_type"":""Hair"",""value"":""Red Messy Hair ""},{""trait_type"":""Mouth"",""value"":""Braces ""},{""trait_type"":""Clothes"",""value"":""Purple  T-Shirt ""},{""trait_type"":""Nerd"",""value"":""Skinny Nerd ""},{""trait_type"":""Background"",""value"":""Orange Background ""}]"
1946,1359005,0xdc60f7b9e8cf696cec45e3a74e6a67015e334aa90e965e4fce2905bd4c16653d,"[{""trait_type"":""Glasses"",""value"":""White Round Glasses ""},{""trait_type"":""Hair"",""value"":""Black Messy Hair ""},{""trait_type"":""Mouth"",""value"":""Big Teeth ""},{""trait_type"":""Clothes"",""value"":""Blue Shirt ""},{""trait_type"":""Nerd"",""value"":""Fat Nerd ""},{""trait_type"":""Background"",""value"":""Yellow Background ""}]"
1945,1359890,0x09748691701002539b43d8b261aacd5eadeac8a55633d89b46e23a5d6ae90276,"[{""trait_type"":""Glasses"",""value"":""Purple Rectangular Glasses ""},{""trait_type"":""Hair"",""value"":""Black Hair ""},{""trait_type"":""Mouth"",""value"":""Big Teeth ""},{""trait_type"":""Clothes"",""value"":""Green Tie ""},{""trait_type"":""Nerd"",""value"":""Skinny Nerd ""},{""trait_type"":""Background"",""value"":""Cyan Background ""}]"
1944,1358571,0x564338f6ca119027921a4357a5b0fcb9ca87b2452a80d6f2575cf3a70aa1ed43,"[{""trait_type"":""Glasses"",""value"":""Blue Round Glasses ""},{""trait_type"":""Hair"",""value"":""Brown Short Hair ""},{""trait_type"":""Mouth"",""value"":""Smile ""},{""trait_type"":""Clothes"",""value"":""Green  T-Shirt ""},{""trait_type"":""Nerd"",""value"":""Skinny Nerd ""},{""trait_type"":""Background"",""value"":""Purple Background ""}]"
1943,1360150,0xf1fd3e6b21f7d75c78dfed0abb42c99bd39b85a712a28a82b432f67b341eecfb,"[{""trait_type"":""Glasses"",""value"":""Red Round Glasses ""},{""trait_type"":""Hair"",""value"":""Blonde Hair ""},{""trait_type"":""Mouth"",""value"":""Smile ""},{""trait_type"":""Clothes"",""value"":""Yellow  T-Shirt ""},{""trait_type"":""Nerd"",""value"":""Skinny Nerd ""},{""trait_type"":""Background"",""value"":""Green Background ""}]"
1942,1360545,0x12d5a8d4f78dcc742f78c95af8b13601e6cc67789e27b186d13cc5531a5d795e,"[{""trait_type"":""Glasses"",""value"":""Green Rectangular Glasses ""},{""trait_type"":""Hair"",""value"":""Blonde Bowl cut ""},{""trait_type"":""Mouth"",""value"":""Big Teeth ""},{""trait_type"":""Clothes"",""value"":""Purple Tie ""},{""trait_type"":""Nerd"",""value"":""Fat Nerd ""},{""trait_type"":""Background"",""value"":""Yellow Background ""}]"
1941,1359143,0x092364288dd56ca921128e4190d6cf8d28eb3d6226e5d862489973627d058c0c,"[{""trait_type"":""Glasses"",""value"":""White Round Glasses ""},{""trait_type"":""Hair"",""value"":""Red Bowl cut ""},{""trait_type"":""Mouth"",""value"":""Smile ""},{""trait_type"":""Clothes"",""value"":""Yellow Tie ""},{""trait_type"":""Nerd"",""value"":""Skinny Nerd ""},{""trait_type"":""Background"",""value"":""Yellow Background ""}]"
1940,1358462,0x065367a4ab61915407949a163d90b9610461c1f477ea2930b98223c28d53d5a3,"[{""trait_type"":""Glasses"",""value"":""No Glasses ""},{""trait_type"":""Hair"",""value"":""Red Messy Hair ""},{""trait_type"":""Mouth"",""value"":""Big Teeth ""},{""trait_type"":""Clothes"",""value"":""Purple Tie ""},{""trait_type"":""Nerd"",""value"":""Fat Nerd ""},{""trait_type"":""Background"",""value"":""Green Background ""}]"
1939,1360139,0x9680a11b3b7796040e6caae382b3508a93eb00a4a973786edc3e4bdced680e91,"[{""trait_type"":""Glasses"",""value"":""White Rectangular Glasses ""},{""trait_type"":""Hair"",""value"":""Red Short Hair ""},{""trait_type"":""Mouth"",""value"":""Braces ""},{""trait_type"":""Clothes"",""value"":""Blue Shirt ""},{""trait_type"":""Nerd"",""value"":""Skinny Nerd ""},{""trait_type"":""Background"",""value"":""Orange Background ""}]"
1938,1360107,0x78300e2d712650453803eb8160ed19381031aa56c5df2db4c2fe222ba9290229,"[{""trait_type"":""Glasses"",""value"":""White Rectangular Glasses ""},{""trait_type"":""Hair"",""value"":""Brown Short Hair ""},{""trait_type"":""Mouth"",""value"":""Smile ""},{""trait_type"":""Clothes"",""value"":""Green  T-Shirt ""},{""trait_type"":""Nerd"",""value"":""Skinny Nerd ""},{""trait_type"":""Background"",""value"":""Cyan Background ""}]"
1937,1360511,0x8c76cfce6b0a93000bccdf7a81cdedd883e3269e5864416fe9379742d554d0c5,"[{""trait_type"":""Glasses"",""value"":""Yellow Rectangular Glasses ""},{""trait_type"":""Hair"",""value"":""Red Short Hair ""},{""trait_type"":""Mouth"",""value"":""Smile ""},{""trait_type"":""Clothes"",""value"":""Purple  T-Shirt ""},{""trait_type"":""Nerd"",""value"":""Skinny Nerd ""},{""trait_type"":""Background"",""value"":""Yellow Background ""}]"
1936,1360264,0x61a24ce50c8e276ca5dbbea4af03ffc0b3c85d37223cb5256085a32e16ffe5b3,"[{""trait_type"":""Glasses"",""value"":""No Glasses ""},{""trait_type"":""Hair"",""value"":""Black Messy Hair ""},{""trait_type"":""Mouth"",""value"":""Braces ""},{""trait_type"":""Clothes"",""value"":""Blue Shirt ""},{""trait_type"":""Nerd"",""value"":""Fat Nerd ""},{""trait_type"":""Background"",""value"":""Green Background ""}]"
1935,1360611,0x06bcb4800dd406f8094fdb7545fbee4c693d3f21493ba250fa7defc2fbca33dc,"[{""trait_type"":""Glasses"",""value"":""White Round Glasses ""},{""trait_type"":""Hair"",""value"":""Black Quiff Haircut ""},{""trait_type"":""Mouth"",""value"":""Braces ""},{""trait_type"":""Clothes"",""value"":""Blue Tie ""},{""trait_type"":""Nerd"",""value"":""Skinny Nerd ""},{""trait_type"":""Background"",""value"":""Purple Background ""}]"
1934,1358733,0x9cf5de8e654022173b76b67dc36a46696a24c6a9bb058e7ec6a59fc5e9eb89a7,"[{""trait_type"":""Glasses"",""value"":""Yellow Rectangular Glasses ""},{""trait_type"":""Hair"",""value"":""Black Quiff Haircut ""},{""trait_type"":""Mouth"",""value"":""Big Teeth ""},{""trait_type"":""Clothes"",""value"":""Yellow Shirt ""},{""trait_type"":""Nerd"",""value"":""Fat Nerd ""},{""trait_type"":""Background"",""value"":""Red Background ""}]"
1933,1359899,0x1fbefd3a8e7fd8c0fb69c8b1373d264e28237c88249f06e5f4950108ef4425e2,"[{""trait_type"":""Glasses"",""value"":""Red Rectangular Glasses ""},{""trait_type"":""Hair"",""value"":""Brown Messy Hair ""},{""trait_type"":""Mouth"",""value"":""Smile ""},{""trait_type"":""Clothes"",""value"":""Red  T-Shirt ""},{""trait_type"":""Nerd"",""value"":""Fat Nerd ""},{""trait_type"":""Background"",""value"":""Cyan Background ""}]"
1932,1360038,0x6904db0cadb8cd7828a2743dd49704d7f0e00717fa6c3850c4dc7b552c25a541,"[{""trait_type"":""Glasses"",""value"":""Purple Round Glasses ""},{""trait_type"":""Hair"",""value"":""Black Quiff Haircut ""},{""trait_type"":""Mouth"",""value"":""Big Teeth ""},{""trait_type"":""Clothes"",""value"":""Purple Tie ""},{""trait_type"":""Nerd"",""value"":""Skinny Nerd ""},{""trait_type"":""Background"",""value"":""Green Background ""}]"
1931,1360163,0x6cbfe01fbc25d64590baaec1fb7eacd5fe9dc79887cd0d0875802114194da98b,"[{""trait_type"":""Glasses"",""value"":""Green Rectangular Glasses ""},{""trait_type"":""Hair"",""value"":""Black Quiff Haircut ""},{""trait_type"":""Mouth"",""value"":""Smile ""},{""trait_type"":""Clothes"",""value"":""Red  T-Shirt ""},{""trait_type"":""Nerd"",""value"":""Fat Nerd ""},{""trait_type"":""Background"",""value"":""Blue Background ""}]"
1930,1359085,0x8e1add39b249927e0b8be10e976502fee942773d948e7c497462864698676b04,"[{""trait_type"":""Glasses"",""value"":""Blue Round Glasses ""},{""trait_type"":""Hair"",""value"":""Red Quiff Haircut ""},{""trait_type"":""Mouth"",""value"":""Big Teeth ""},{""trait_type"":""Clothes"",""value"":""Green  T-Shirt ""},{""trait_type"":""Nerd"",""value"":""Skinny Nerd ""},{""trait_type"":""Background"",""value"":""Green Background ""}]"
1929,1360299,0xc0562d59338b6377c699fea5545a97205f5609e79a87ad325e2d5e771226a906,"[{""trait_type"":""Glasses"",""value"":""White Round Glasses ""},{""trait_type"":""Hair"",""value"":""Black Short Hair ""},{""trait_type"":""Mouth"",""value"":""Smile ""},{""trait_type"":""Clothes"",""value"":""Red  T-Shirt ""},{""trait_type"":""Nerd"",""value"":""Fat Nerd ""},{""trait_type"":""Background"",""value"":""Cyan Background ""}]"
1928,1360526,0x2f3b3da524ca90683c6687f34eae32a717defe6f9ae888c309f082069b4dec68,"[{""trait_type"":""Glasses"",""value"":""Yellow Round Glasses ""},{""trait_type"":""Hair"",""value"":""Black Messy Hair ""},{""trait_type"":""Mouth"",""value"":""Smile ""},{""trait_type"":""Clothes"",""value"":""Yellow Shirt ""},{""trait_type"":""Nerd"",""value"":""Fat Nerd ""},{""trait_type"":""Background"",""value"":""Cyan Background ""}]"
1927,1358480,0x96bb4f784ca3c4fbae72cb805ce30fde1f8d90197517e6065f28bac086a175dd,"[{""trait_type"":""Glasses"",""value"":""No Glasses ""},{""trait_type"":""Hair"",""value"":""Blonde Short Hair ""},{""trait_type"":""Mouth"",""value"":""Big Teeth ""},{""trait_type"":""Clothes"",""value"":""Red Shirt ""},{""trait_type"":""Nerd"",""value"":""Skinny Nerd ""},{""trait_type"":""Background"",""value"":""Yellow Background ""}]"
1926,1359768,0x4df3f3da10e06fea98624870b47b62f7a5dca23a2a05bce04468015dbb8cc595,"[{""trait_type"":""Glasses"",""value"":""Purple Round Glasses ""},{""trait_type"":""Hair"",""value"":""Brown Messy Hair ""},{""trait_type"":""Mouth"",""value"":""Big Teeth ""},{""trait_type"":""Clothes"",""value"":""Yellow  T-Shirt ""},{""trait_type"":""Nerd"",""value"":""Fat Nerd ""},{""trait_type"":""Background"",""value"":""Red Background ""}]"
1925,1359741,0x18160dc33a2d156e2cfc74307e37d533a81f94205f6f4d12e75ad791bf66eb2f,"[{""trait_type"":""Glasses"",""value"":""Red Round Glasses ""},{""trait_type"":""Hair"",""value"":""Brown Quiff Haircut ""},{""trait_type"":""Mouth"",""value"":""Braces ""},{""trait_type"":""Clothes"",""value"":""Blue  T-Shirt ""},{""trait_type"":""Nerd"",""value"":""Fat Nerd ""},{""trait_type"":""Background"",""value"":""Red Background ""}]"
1924,1359913,0x7d873bab14c1d337f8576809b814fdbdc91cce6bab8437242776a8a9c6d2429c,"[{""trait_type"":""Glasses"",""value"":""Purple Rectangular Glasses ""},{""trait_type"":""Hair"",""value"":""Brown Hair ""},{""trait_type"":""Mouth"",""value"":""Smile ""},{""trait_type"":""Clothes"",""value"":""Blue  T-Shirt ""},{""trait_type"":""Nerd"",""value"":""Fat Nerd ""},{""trait_type"":""Background"",""value"":""Green Background ""}]"
1923,1359172,0x7a3d1ecbc37943198e8b7a95c7ffd7c9687139e59eee23443d49f9f45ea307fe,"[{""trait_type"":""Glasses"",""value"":""Purple Round Glasses ""},{""trait_type"":""Hair"",""value"":""Black Short Hair ""},{""trait_type"":""Mouth"",""value"":""Big Teeth ""},{""trait_type"":""Clothes"",""value"":""Blue  T-Shirt ""},{""trait_type"":""Nerd"",""value"":""Skinny Nerd ""},{""trait_type"":""Background"",""value"":""Purple Background ""}]"
1922,1360689,0x102da74942b2b3b7a85dcdfdacc6571ce987c2189add73d04add6e921c792780,"[{""trait_type"":""Glasses"",""value"":""Blue Rectangular Glasses ""},{""trait_type"":""Hair"",""value"":""Blonde Quiff Haircut ""},{""trait_type"":""Mouth"",""value"":""Big Teeth ""},{""trait_type"":""Clothes"",""value"":""Red  T-Shirt ""},{""trait_type"":""Nerd"",""value"":""Fat Nerd ""},{""trait_type"":""Background"",""value"":""Purple Background ""}]"
1921,1360366,0x8ddf40631c807fd96931690b6f112610e6be12d3bdbb06a38777f91d981019a1,"[{""trait_type"":""Glasses"",""value"":""Red Round Glasses ""},{""trait_type"":""Hair"",""value"":""Black Messy Hair ""},{""trait_type"":""Mouth"",""value"":""Smile ""},{""trait_type"":""Clothes"",""value"":""Yellow  T-Shirt ""},{""trait_type"":""Nerd"",""value"":""Skinny Nerd ""},{""trait_type"":""Background"",""value"":""Yellow Background ""}]"
1920,1360136,0x9e8e9e194daf8b272c6f29c46c310fd30493d083a6097d88d30cd79f7324fee4,"[{""trait_type"":""Glasses"",""value"":""No Glasses ""},{""trait_type"":""Hair"",""value"":""Brown Quiff Haircut ""},{""trait_type"":""Mouth"",""value"":""Braces ""},{""trait_type"":""Clothes"",""value"":""Green Shirt ""},{""trait_type"":""Nerd"",""value"":""Fat Nerd ""},{""trait_type"":""Background"",""value"":""Blue Background ""}]"
1919,1360137,0x8db24953c8be876192a71e441a8da9e5457c5fca9e31ed413857c758437d72e8,"[{""trait_type"":""Glasses"",""value"":""Green Rectangular Glasses ""},{""trait_type"":""Hair"",""value"":""Blonde Short Hair ""},{""trait_type"":""Mouth"",""value"":""Big Teeth ""},{""trait_type"":""Clothes"",""value"":""Yellow Shirt ""},{""trait_type"":""Nerd"",""value"":""Fat Nerd ""},{""trait_type"":""Background"",""value"":""Cyan Background ""}]"
1918,1360509,0x989125f30cf6593ba938c8aae2cb8873f4ba0907fccb8911412e7a6a9d909f21,"[{""trait_type"":""Glasses"",""value"":""Blue Rectangular Glasses ""},{""trait_type"":""Hair"",""value"":""Brown Short Hair ""},{""trait_type"":""Mouth"",""value"":""Braces ""},{""trait_type"":""Clothes"",""value"":""Blue Tie ""},{""trait_type"":""Nerd"",""value"":""Skinny Nerd ""},{""trait_type"":""Background"",""value"":""Green Background ""}]"
1917,1358643,0xcbb095f09d700fe7dfb89bac66c1191d70286def2f906cb38bb66213367a8ad2,"[{""trait_type"":""Glasses"",""value"":""Red Rectangular Glasses ""},{""trait_type"":""Hair"",""value"":""Red Short Hair ""},{""trait_type"":""Mouth"",""value"":""Big Teeth ""},{""trait_type"":""Clothes"",""value"":""Blue Shirt ""},{""trait_type"":""Nerd"",""value"":""Fat Nerd ""},{""trait_type"":""Background"",""value"":""Cyan Background ""}]"
1916,1360469,0xc670e57f2e4b8f78d52928a5877c9717ae90672e495d2c7b2696c9648ba11b55,"[{""trait_type"":""Glasses"",""value"":""Red Rectangular Glasses ""},{""trait_type"":""Hair"",""value"":""Blonde Quiff Haircut ""},{""trait_type"":""Mouth"",""value"":""Braces ""},{""trait_type"":""Clothes"",""value"":""Purple  T-Shirt ""},{""trait_type"":""Nerd"",""value"":""Skinny Nerd ""},{""trait_type"":""Background"",""value"":""Cyan Background ""}]"
1915,1358602,0xdc0ad415be17fc86efeda1889275c2a8277af8c8c33d8149afbea8b390a596d4,"[{""trait_type"":""Glasses"",""value"":""Purple Rectangular Glasses ""},{""trait_type"":""Hair"",""value"":""Red Bowl cut ""},{""trait_type"":""Mouth"",""value"":""Big Teeth ""},{""trait_type"":""Clothes"",""value"":""Blue  T-Shirt ""},{""trait_type"":""Nerd"",""value"":""Fat Nerd ""},{""trait_type"":""Background"",""value"":""Red Background ""}]"
1914,1359402,0x74d12e790ab5d8c5bd7018bd2cdb09052a20b9ecc648e69ed56a4cf5c70b0ad2,"[{""trait_type"":""Glasses"",""value"":""Black Round Glasses ""},{""trait_type"":""Hair"",""value"":""Red Messy Hair ""},{""trait_type"":""Mouth"",""value"":""Braces ""},{""trait_type"":""Clothes"",""value"":""Red  T-Shirt ""},{""trait_type"":""Nerd"",""value"":""Skinny Nerd ""},{""trait_type"":""Background"",""value"":""Green Background ""}]"
1913,1360181,0xac797cf5853fed36c05c6b8d180343be514ec8254b312471bcd01c910e974ba9,"[{""trait_type"":""Glasses"",""value"":""Purple Rectangular Glasses ""},{""trait_type"":""Hair"",""value"":""Black Bowl cut ""},{""trait_type"":""Mouth"",""value"":""Smile ""},{""trait_type"":""Clothes"",""value"":""Green  T-Shirt ""},{""trait_type"":""Nerd"",""value"":""Fat Nerd ""},{""trait_type"":""Background"",""value"":""Green Background ""}]"
1912,1359447,0xd3eb4f579f29be87fcce8dab26f10c281759344145c2994e01e326476d9ea799,"[{""trait_type"":""Glasses"",""value"":""Purple Rectangular Glasses ""},{""trait_type"":""Hair"",""value"":""Blonde Short Hair ""},{""trait_type"":""Mouth"",""value"":""Braces ""},{""trait_type"":""Clothes"",""value"":""Green Tie ""},{""trait_type"":""Nerd"",""value"":""Skinny Nerd ""},{""trait_type"":""Background"",""value"":""Blue Background ""}]"
1911,1359903,0xee7f09c206ad33585976f00cf670c835a447731d4224081da540ce211629c8ee,"[{""trait_type"":""Glasses"",""value"":""Green Round Glasses ""},{""trait_type"":""Hair"",""value"":""Brown Hair ""},{""trait_type"":""Mouth"",""value"":""Smile ""},{""trait_type"":""Clothes"",""value"":""Red Tie ""},{""trait_type"":""Nerd"",""value"":""Fat Nerd ""},{""trait_type"":""Background"",""value"":""Red Background ""}]"
1910,1359058,0x397a7b40a4a3a511b765ab1d6fcddbc90d47d431282a38e40471d0bcef255494,"[{""trait_type"":""Glasses"",""value"":""Yellow Rectangular Glasses ""},{""trait_type"":""Hair"",""value"":""Red Short Hair ""},{""trait_type"":""Mouth"",""value"":""Braces ""},{""trait_type"":""Clothes"",""value"":""Green Shirt ""},{""trait_type"":""Nerd"",""value"":""Skinny Nerd ""},{""trait_type"":""Background"",""value"":""Green Background ""}]"
1909,1358573,0x40be5d9e790eddd6e84fe5ba9eb32b914729cfd733f6443bf415fc25235d9a15,"[{""trait_type"":""Glasses"",""value"":""Purple Rectangular Glasses ""},{""trait_type"":""Hair"",""value"":""Blonde Hair ""},{""trait_type"":""Mouth"",""value"":""Smile ""},{""trait_type"":""Clothes"",""value"":""Green Tie ""},{""trait_type"":""Nerd"",""value"":""Fat Nerd ""},{""trait_type"":""Background"",""value"":""Blue Background ""}]"
1908,1360197,0xb2886e7ec1e59a383be0201247af26ca49fbcc3535a15d09348e4ad62fb66d9d,"[{""trait_type"":""Glasses"",""value"":""Green Rectangular Glasses ""},{""trait_type"":""Hair"",""value"":""Black Bowl cut ""},{""trait_type"":""Mouth"",""value"":""Braces ""},{""trait_type"":""Clothes"",""value"":""Blue  T-Shirt ""},{""trait_type"":""Nerd"",""value"":""Skinny Nerd ""},{""trait_type"":""Background"",""value"":""Orange Background ""}]"
1907,1360650,0xfe7f059e7575d1286fe7f0c46823408a540521ce5822ab129b8307c96ca88cba,"[{""trait_type"":""Glasses"",""value"":""Red Rectangular Glasses ""},{""trait_type"":""Hair"",""value"":""Red Messy Hair ""},{""trait_type"":""Mouth"",""value"":""Braces ""},{""trait_type"":""Clothes"",""value"":""Red Tie ""},{""trait_type"":""Nerd"",""value"":""Fat Nerd ""},{""trait_type"":""Background"",""value"":""Purple Background ""}]"
1906,1358484,0x16397bacdc97fa3186a4cd2b8c8048a28a9ea721f2e94f3158da3078b83c91a3,"[{""trait_type"":""Glasses"",""value"":""Blue Rectangular Glasses ""},{""trait_type"":""Hair"",""value"":""Brown Quiff Haircut ""},{""trait_type"":""Mouth"",""value"":""Smile ""},{""trait_type"":""Clothes"",""value"":""Red Tie ""},{""trait_type"":""Nerd"",""value"":""Skinny Nerd ""},{""trait_type"":""Background"",""value"":""Yellow Background ""}]"
1905,1360200,0xc923aff60f8fc1282747814fd4d122222153790afe0c89fb3cb56189a8cef0f4,"[{""trait_type"":""Glasses"",""value"":""Red Round Glasses ""},{""trait_type"":""Hair"",""value"":""Black Hair ""},{""trait_type"":""Mouth"",""value"":""Big Teeth ""},{""trait_type"":""Clothes"",""value"":""Blue Tie ""},{""trait_type"":""Nerd"",""value"":""Skinny Nerd ""},{""trait_type"":""Background"",""value"":""Purple Background ""}]"
1904,1358589,0x160938357d2e33a58e95ef2667e56471cc330e13c39d86915b89bf4662295816,"[{""trait_type"":""Glasses"",""value"":""Black Round Glasses ""},{""trait_type"":""Hair"",""value"":""Blonde Quiff Haircut ""},{""trait_type"":""Mouth"",""value"":""Big Teeth ""},{""trait_type"":""Clothes"",""value"":""Yellow  T-Shirt ""},{""trait_type"":""Nerd"",""value"":""Fat Nerd ""},{""trait_type"":""Background"",""value"":""Green Background ""}]"
1903,1359591,0x81bb28539f1bd63f4ca5677e94fa9eaeba38710bdbc1eaff2850af7892b17c77,"[{""trait_type"":""Glasses"",""value"":""Black Round Glasses ""},{""trait_type"":""Hair"",""value"":""Red Quiff Haircut ""},{""trait_type"":""Mouth"",""value"":""Smile ""},{""trait_type"":""Clothes"",""value"":""Red  T-Shirt ""},{""trait_type"":""Nerd"",""value"":""Fat Nerd ""},{""trait_type"":""Background"",""value"":""Yellow Background ""}]"
1902,1359362,0x5476e19ac2b68ad0f19543af7df7306894dc3836ea7ecd7855fb2095c83a5afd,"[{""trait_type"":""Glasses"",""value"":""Black Rectangular Glasses ""},{""trait_type"":""Hair"",""value"":""Black Messy Hair ""},{""trait_type"":""Mouth"",""value"":""Braces ""},{""trait_type"":""Clothes"",""value"":""Yellow  T-Shirt ""},{""trait_type"":""Nerd"",""value"":""Skinny Nerd ""},{""trait_type"":""Background"",""value"":""Red Background ""}]"
1901,1359897,0x9b18c1ada87eb8d1ee1bcdf8831186013de54be789720fe7bc67ba87fa6f4ed3,"[{""trait_type"":""Glasses"",""value"":""White Rectangular Glasses ""},{""trait_type"":""Hair"",""value"":""Black Quiff Haircut ""},{""trait_type"":""Mouth"",""value"":""Smile ""},{""trait_type"":""Clothes"",""value"":""Yellow Tie ""},{""trait_type"":""Nerd"",""value"":""Fat Nerd ""},{""trait_type"":""Background"",""value"":""Yellow Background ""}]"
1900,1358782,0xb275dd49a7805b3fc7c01c73e0429ad100b812c54f6e9cd43b867a026cf7ab49,"[{""trait_type"":""Glasses"",""value"":""White Rectangular Glasses ""},{""trait_type"":""Hair"",""value"":""Red Messy Hair ""},{""trait_type"":""Mouth"",""value"":""Big Teeth ""},{""trait_type"":""Clothes"",""value"":""Blue Tie ""},{""trait_type"":""Nerd"",""value"":""Fat Nerd ""},{""trait_type"":""Background"",""value"":""Red Background ""}]"
1899,1360659,0x1b144427c230d640f78cbb6f5048be66aca9daadeb45399b94af0fe5d27ffc8d,"[{""trait_type"":""Glasses"",""value"":""No Glasses ""},{""trait_type"":""Hair"",""value"":""Black Quiff Haircut ""},{""trait_type"":""Mouth"",""value"":""Smile ""},{""trait_type"":""Clothes"",""value"":""Green Shirt ""},{""trait_type"":""Nerd"",""value"":""Fat Nerd ""},{""trait_type"":""Background"",""value"":""Red Background ""}]"
1898,1358724,0x8a18838171a826cd36255a03445941dce0706c51588f39595de5b8b8c0aa4265,"[{""trait_type"":""Glasses"",""value"":""No Glasses ""},{""trait_type"":""Hair"",""value"":""Black Short Hair ""},{""trait_type"":""Mouth"",""value"":""Big Teeth ""},{""trait_type"":""Clothes"",""value"":""Green Shirt ""},{""trait_type"":""Nerd"",""value"":""Fat Nerd ""},{""trait_type"":""Background"",""value"":""Red Background ""}]"
1897,1358628,0x72a2811c5e7174a56bcdd9a038e085f3969e2c8d8a81e777d7e2931e06327e37,"[{""trait_type"":""Glasses"",""value"":""Green Rectangular Glasses ""},{""trait_type"":""Hair"",""value"":""Blonde Messy Hair ""},{""trait_type"":""Mouth"",""value"":""Braces ""},{""trait_type"":""Clothes"",""value"":""Red Shirt ""},{""trait_type"":""Nerd"",""value"":""Skinny Nerd ""},{""trait_type"":""Background"",""value"":""Purple Background ""}]"
1896,1359296,0xb15cbc9f5c935da1908c275dfb3fda789af5a6d9eea4799de014b28a6f16b043,"[{""trait_type"":""Glasses"",""value"":""Blue Round Glasses ""},{""trait_type"":""Hair"",""value"":""Blonde Bowl cut ""},{""trait_type"":""Mouth"",""value"":""Big Teeth ""},{""trait_type"":""Clothes"",""value"":""Green Tie ""},{""trait_type"":""Nerd"",""value"":""Fat Nerd ""},{""trait_type"":""Background"",""value"":""Purple Background ""}]"
1895,1359906,0xc0d46a2405a6a094c320feaddadc06c80b2cdb4b3771efc88c9d57c426eacd73,"[{""trait_type"":""Glasses"",""value"":""Blue Rectangular Glasses ""},{""trait_type"":""Hair"",""value"":""Black Short Hair ""},{""trait_type"":""Mouth"",""value"":""Smile ""},{""trait_type"":""Clothes"",""value"":""Yellow  T-Shirt ""},{""trait_type"":""Nerd"",""value"":""Fat Nerd ""},{""trait_type"":""Background"",""value"":""Red Background ""}]"
1894,1360102,0x275b290817b411c07e3957596530de8d8a0ba154a0bc4fcf9216885add67476e,"[{""trait_type"":""Glasses"",""value"":""Yellow Round Glasses ""},{""trait_type"":""Hair"",""value"":""Brown Short Hair ""},{""trait_type"":""Mouth"",""value"":""Big Teeth ""},{""trait_type"":""Clothes"",""value"":""Red Tie ""},{""trait_type"":""Nerd"",""value"":""Skinny Nerd ""},{""trait_type"":""Background"",""value"":""Green Background ""}]"
1893,1359828,0x342e0cc7a530dbb99ec56e30d06cb2b444c299610ca86469f8229ffe2d2b63a8,"[{""trait_type"":""Glasses"",""value"":""Green Rectangular Glasses ""},{""trait_type"":""Hair"",""value"":""Blonde Hair ""},{""trait_type"":""Mouth"",""value"":""Smile ""},{""trait_type"":""Clothes"",""value"":""Purple Tie ""},{""trait_type"":""Nerd"",""value"":""Fat Nerd ""},{""trait_type"":""Background"",""value"":""Yellow Background ""}]"
1892,1360739,0x0993e6a31e7d4c02a0bd75d2426d276a41558383c9c5beeb48b22e85309acf7a,"[{""trait_type"":""Glasses"",""value"":""Green Rectangular Glasses ""},{""trait_type"":""Hair"",""value"":""Brown Messy Hair ""},{""trait_type"":""Mouth"",""value"":""Smile ""},{""trait_type"":""Clothes"",""value"":""Yellow  T-Shirt ""},{""trait_type"":""Nerd"",""value"":""Skinny Nerd ""},{""trait_type"":""Background"",""value"":""Green Background ""}]"
1891,1359595,0x525f460bd34ce015e09ce852a5d06bb788f6397c7bdb3937b4dc704147eef67e,"[{""trait_type"":""Glasses"",""value"":""Yellow Round Glasses ""},{""trait_type"":""Hair"",""value"":""Red Short Hair ""},{""trait_type"":""Mouth"",""value"":""Big Teeth ""},{""trait_type"":""Clothes"",""value"":""Blue Shirt ""},{""trait_type"":""Nerd"",""value"":""Fat Nerd ""},{""trait_type"":""Background"",""value"":""Yellow Background ""}]"
1890,1359631,0x4332ea7594a36d44c41f2031e77e6c47dc0fd8b83398ddaf6ec792b85dd73430,"[{""trait_type"":""Glasses"",""value"":""Purple Rectangular Glasses ""},{""trait_type"":""Hair"",""value"":""Blonde Hair ""},{""trait_type"":""Mouth"",""value"":""Braces ""},{""trait_type"":""Clothes"",""value"":""Blue  T-Shirt ""},{""trait_type"":""Nerd"",""value"":""Fat Nerd ""},{""trait_type"":""Background"",""value"":""Orange Background ""}]"
1889,1359340,0x3a6aa8241dae244e948ea239a336a62b81bd94b586128e5fd33a65a5acd9f4f3,"[{""trait_type"":""Glasses"",""value"":""Green Rectangular Glasses ""},{""trait_type"":""Hair"",""value"":""Red Messy Hair ""},{""trait_type"":""Mouth"",""value"":""Big Teeth ""},{""trait_type"":""Clothes"",""value"":""Blue  T-Shirt ""},{""trait_type"":""Nerd"",""value"":""Skinny Nerd ""},{""trait_type"":""Background"",""value"":""Cyan Background ""}]"
1888,1359387,0x305b9510cb26995e5fbd0c4b7ead0766fecf49f4dfa64fcf3746ba04b0c925dd,"[{""trait_type"":""Glasses"",""value"":""Purple Rectangular Glasses ""},{""trait_type"":""Hair"",""value"":""Blonde Hair ""},{""trait_type"":""Mouth"",""value"":""Braces ""},{""trait_type"":""Clothes"",""value"":""Green Shirt ""},{""trait_type"":""Nerd"",""value"":""Fat Nerd ""},{""trait_type"":""Background"",""value"":""Blue Background ""}]"
1887,1359163,0x9f5fc96d3545d4f817a3f4053e3a901b09a98e9fbc1e8456e629d3a8b2443632,"[{""trait_type"":""Glasses"",""value"":""Green Rectangular Glasses ""},{""trait_type"":""Hair"",""value"":""Blonde Quiff Haircut ""},{""trait_type"":""Mouth"",""value"":""Braces ""},{""trait_type"":""Clothes"",""value"":""Purple Tie ""},{""trait_type"":""Nerd"",""value"":""Fat Nerd ""},{""trait_type"":""Background"",""value"":""Green Background ""}]"
1886,1358940,0xf8f6349bd3803b43e6ccbbbee5b574c9f9131a458bcd617e316f966af6c88ddc,"[{""trait_type"":""Glasses"",""value"":""Yellow Round Glasses ""},{""trait_type"":""Hair"",""value"":""Blonde Quiff Haircut ""},{""trait_type"":""Mouth"",""value"":""Smile ""},{""trait_type"":""Clothes"",""value"":""Green Tie ""},{""trait_type"":""Nerd"",""value"":""Fat Nerd ""},{""trait_type"":""Background"",""value"":""Red Background ""}]"
1885,1359653,0x44eccf76ca09d39ea15b028dbcd0ab3348690cd4dc91aa22c22214650337a278,"[{""trait_type"":""Glasses"",""value"":""Green Round Glasses ""},{""trait_type"":""Hair"",""value"":""Black Quiff Haircut ""},{""trait_type"":""Mouth"",""value"":""Smile ""},{""trait_type"":""Clothes"",""value"":""Purple Tie ""},{""trait_type"":""Nerd"",""value"":""Fat Nerd ""},{""trait_type"":""Background"",""value"":""Yellow Background ""}]"
1884,1360649,0x850fba3bf178feaa16e67e5d0c3a78cffb0c0b9fa1fb062bc2fce4c3f48914b0,"[{""trait_type"":""Glasses"",""value"":""Yellow Round Glasses ""},{""trait_type"":""Hair"",""value"":""Black Messy Hair ""},{""trait_type"":""Mouth"",""value"":""Smile ""},{""trait_type"":""Clothes"",""value"":""Yellow  T-Shirt ""},{""trait_type"":""Nerd"",""value"":""Skinny Nerd ""},{""trait_type"":""Background"",""value"":""Cyan Background ""}]"
1883,1359710,0x3d8b12ac213a63251e8513b52a833f9158709a5e7873e26aa7b897f0a039f345,"[{""trait_type"":""Glasses"",""value"":""White Round Glasses ""},{""trait_type"":""Hair"",""value"":""Black Bowl cut ""},{""trait_type"":""Mouth"",""value"":""Smile ""},{""trait_type"":""Clothes"",""value"":""Red Tie ""},{""trait_type"":""Nerd"",""value"":""Skinny Nerd ""},{""trait_type"":""Background"",""value"":""Green Background ""}]"
1882,1360680,0xe07f608b5a15d32b0cf1f6d5b4837451f39477d18513ded6945cf4f1cb2a2168,"[{""trait_type"":""Glasses"",""value"":""Purple Round Glasses ""},{""trait_type"":""Hair"",""value"":""Blonde Hair ""},{""trait_type"":""Mouth"",""value"":""Smile ""},{""trait_type"":""Clothes"",""value"":""Green  T-Shirt ""},{""trait_type"":""Nerd"",""value"":""Skinny Nerd ""},{""trait_type"":""Background"",""value"":""Red Background ""}]"
1881,1359425,0x5ad7605ef5a4b205242072711d5df348fb68262f134103167d71517a34d50f81,"[{""trait_type"":""Glasses"",""value"":""No Glasses ""},{""trait_type"":""Hair"",""value"":""Brown Messy Hair ""},{""trait_type"":""Mouth"",""value"":""Smile ""},{""trait_type"":""Clothes"",""value"":""Red  T-Shirt ""},{""trait_type"":""Nerd"",""value"":""Fat Nerd ""},{""trait_type"":""Background"",""value"":""Purple Background ""}]"
1880,1360068,0x2374b3eee92d00d07b6bd15f1fb8ec541f554dd965ee638e3b9f9081fce4730e,"[{""trait_type"":""Glasses"",""value"":""Green Round Glasses ""},{""trait_type"":""Hair"",""value"":""Red Hair ""},{""trait_type"":""Mouth"",""value"":""Big Teeth ""},{""trait_type"":""Clothes"",""value"":""Red Tie ""},{""trait_type"":""Nerd"",""value"":""Fat Nerd ""},{""trait_type"":""Background"",""value"":""Green Background ""}]"
1879,1359628,0xa04d6ba806058b3472bb9dce354610887e58871d1dbbb233a17d38957bc7cdf2,"[{""trait_type"":""Glasses"",""value"":""Purple Round Glasses ""},{""trait_type"":""Hair"",""value"":""Brown Bowl cut ""},{""trait_type"":""Mouth"",""value"":""Smile ""},{""trait_type"":""Clothes"",""value"":""Blue Tie ""},{""trait_type"":""Nerd"",""value"":""Fat Nerd ""},{""trait_type"":""Background"",""value"":""Green Background ""}]"
1878,1359833,0xecb51e23bfa4277795706d1140bae6f14a1de186d4ec6ef7cfc27ed1396d1f7f,"[{""trait_type"":""Glasses"",""value"":""Purple Round Glasses ""},{""trait_type"":""Hair"",""value"":""Brown Bowl cut ""},{""trait_type"":""Mouth"",""value"":""Big Teeth ""},{""trait_type"":""Clothes"",""value"":""Green Tie ""},{""trait_type"":""Nerd"",""value"":""Fat Nerd ""},{""trait_type"":""Background"",""value"":""Yellow Background ""}]"
1877,1360549,0x3b3bbbc2d8d536a8b79c1085a97f4b7c5f8953a056081075d80f07ab444b78ae,"[{""trait_type"":""Glasses"",""value"":""White Round Glasses ""},{""trait_type"":""Hair"",""value"":""Blonde Messy Hair ""},{""trait_type"":""Mouth"",""value"":""Big Teeth ""},{""trait_type"":""Clothes"",""value"":""Green Shirt ""},{""trait_type"":""Nerd"",""value"":""Skinny Nerd ""},{""trait_type"":""Background"",""value"":""Purple Background ""}]"
1876,1359403,0xa6a4e2e263f453fad980b152642acf18bb9e37be6cff5c4d4c38e9bc8b59dd7f,"[{""trait_type"":""Glasses"",""value"":""Black Rectangular Glasses ""},{""trait_type"":""Hair"",""value"":""Red Quiff Haircut ""},{""trait_type"":""Mouth"",""value"":""Braces ""},{""trait_type"":""Clothes"",""value"":""Yellow Shirt ""},{""trait_type"":""Nerd"",""value"":""Fat Nerd ""},{""trait_type"":""Background"",""value"":""Yellow Background ""}]"
1875,1360487,0x9224a51c7eba0a9a48278033438708609143076e03fef8f81724191d4b74617c,"[{""trait_type"":""Glasses"",""value"":""Black Round Glasses ""},{""trait_type"":""Hair"",""value"":""Blonde Short Hair ""},{""trait_type"":""Mouth"",""value"":""Smile ""},{""trait_type"":""Clothes"",""value"":""Green Shirt ""},{""trait_type"":""Nerd"",""value"":""Fat Nerd ""},{""trait_type"":""Background"",""value"":""Yellow Background ""}]"
1874,1358684,0x94e06710b93b91bdc899d8dc9d5cfc3bbf400e77e5fc1d6675932e78a38a578a,"[{""trait_type"":""Glasses"",""value"":""White Rectangular Glasses ""},{""trait_type"":""Hair"",""value"":""Black Messy Hair ""},{""trait_type"":""Mouth"",""value"":""Braces ""},{""trait_type"":""Clothes"",""value"":""Red Tie ""},{""trait_type"":""Nerd"",""value"":""Fat Nerd ""},{""trait_type"":""Background"",""value"":""Blue Background ""}]"
1873,1359700,0x02fbd0ce7c83d3f5378c9e8437898c10a2edfa95a64216b61c9297adcbd358f5,"[{""trait_type"":""Glasses"",""value"":""Blue Rectangular Glasses ""},{""trait_type"":""Hair"",""value"":""Black Messy Hair ""},{""trait_type"":""Mouth"",""value"":""Braces ""},{""trait_type"":""Clothes"",""value"":""Purple Tie ""},{""trait_type"":""Nerd"",""value"":""Fat Nerd ""},{""trait_type"":""Background"",""value"":""Purple Background ""}]"
1872,1360350,0xc8cdd691de8951d4bbbe859345f54ef0ee0055e13be63cb3cd52439760fae1cf,"[{""trait_type"":""Glasses"",""value"":""Purple Round Glasses ""},{""trait_type"":""Hair"",""value"":""Red Bowl cut ""},{""trait_type"":""Mouth"",""value"":""Big Teeth ""},{""trait_type"":""Clothes"",""value"":""Yellow Shirt ""},{""trait_type"":""Nerd"",""value"":""Fat Nerd ""},{""trait_type"":""Background"",""value"":""Green Background ""}]"
1871,1358594,0xa3fea259deb17b692705fe9dbe32c9aec15d68bbf097c9917f8af672727d5f81,"[{""trait_type"":""Glasses"",""value"":""No Glasses ""},{""trait_type"":""Hair"",""value"":""Red Short Hair ""},{""trait_type"":""Mouth"",""value"":""Smile ""},{""trait_type"":""Clothes"",""value"":""Yellow Shirt ""},{""trait_type"":""Nerd"",""value"":""Skinny Nerd ""},{""trait_type"":""Background"",""value"":""Green Background ""}]"
1870,1360114,0xf338df03eba2555edbe2eab5e1a7c05f6c27c96a9d35f627f42e4a8e8d0bc376,"[{""trait_type"":""Glasses"",""value"":""No Glasses ""},{""trait_type"":""Hair"",""value"":""Black Short Hair ""},{""trait_type"":""Mouth"",""value"":""Big Teeth ""},{""trait_type"":""Clothes"",""value"":""Purple Tie ""},{""trait_type"":""Nerd"",""value"":""Fat Nerd ""},{""trait_type"":""Background"",""value"":""Red Background ""}]"
1869,1360749,0x1138a383049cf3d8bf7f39aef068adaaa73ef94ab0b61ded7ed1d97b2818d560,"[{""trait_type"":""Glasses"",""value"":""No Glasses ""},{""trait_type"":""Hair"",""value"":""Black Hair ""},{""trait_type"":""Mouth"",""value"":""Smile ""},{""trait_type"":""Clothes"",""value"":""Yellow  T-Shirt ""},{""trait_type"":""Nerd"",""value"":""Skinny Nerd ""},{""trait_type"":""Background"",""value"":""Purple Background ""}]"
1868,1360088,0x66209f684ba8c7ba3be8a8832b95a0a68002efa7acd2f5388cc000ccd4db7f4f,"[{""trait_type"":""Glasses"",""value"":""White Rectangular Glasses ""},{""trait_type"":""Hair"",""value"":""Blonde Short Hair ""},{""trait_type"":""Mouth"",""value"":""Big Teeth ""},{""trait_type"":""Clothes"",""value"":""Purple Tie ""},{""trait_type"":""Nerd"",""value"":""Skinny Nerd ""},{""trait_type"":""Background"",""value"":""Purple Background ""}]"
1867,1360692,0xefee4ebefc4f98fb8be3fc9441dfc63170be223241dd20751ea7715f03ca753d,"[{""trait_type"":""Glasses"",""value"":""Red Round Glasses ""},{""trait_type"":""Hair"",""value"":""Blonde Quiff Haircut ""},{""trait_type"":""Mouth"",""value"":""Big Teeth ""},{""trait_type"":""Clothes"",""value"":""Yellow Tie ""},{""trait_type"":""Nerd"",""value"":""Skinny Nerd ""},{""trait_type"":""Background"",""value"":""Yellow Background ""}]"
1866,1360403,0x16e9f20c41283a643cee502de94332c71a6c8a80d278e77fde869bb115404873,"[{""trait_type"":""Glasses"",""value"":""White Round Glasses ""},{""trait_type"":""Hair"",""value"":""Red Messy Hair ""},{""trait_type"":""Mouth"",""value"":""Big Teeth ""},{""trait_type"":""Clothes"",""value"":""Red Tie ""},{""trait_type"":""Nerd"",""value"":""Skinny Nerd ""},{""trait_type"":""Background"",""value"":""Yellow Background ""}]"
1865,1359456,0xd31541ef7e7905cee0f30e81fc5b58833dc1089c4d0e40fc060408b34b935c16,"[{""trait_type"":""Glasses"",""value"":""Green Rectangular Glasses ""},{""trait_type"":""Hair"",""value"":""Red Hair ""},{""trait_type"":""Mouth"",""value"":""Smile ""},{""trait_type"":""Clothes"",""value"":""Blue  T-Shirt ""},{""trait_type"":""Nerd"",""value"":""Skinny Nerd ""},{""trait_type"":""Background"",""value"":""Orange Background ""}]"
1864,1359554,0xc72b51aae34536e478957a8929ea2361e0be3bdaa42daf543cca0b98f4dcb820,"[{""trait_type"":""Glasses"",""value"":""No Glasses ""},{""trait_type"":""Hair"",""value"":""Brown Bowl cut ""},{""trait_type"":""Mouth"",""value"":""Big Teeth ""},{""trait_type"":""Clothes"",""value"":""Red Tie ""},{""trait_type"":""Nerd"",""value"":""Skinny Nerd ""},{""trait_type"":""Background"",""value"":""Red Background ""}]"
1863,1360576,0x68312b464f7db85d3fe043389a5da2bfdf392f4d6b277d611d1e0e78e09ab1a6,"[{""trait_type"":""Glasses"",""value"":""Red Round Glasses ""},{""trait_type"":""Hair"",""value"":""Brown Bowl cut ""},{""trait_type"":""Mouth"",""value"":""Smile ""},{""trait_type"":""Clothes"",""value"":""Green  T-Shirt ""},{""trait_type"":""Nerd"",""value"":""Fat Nerd ""},{""trait_type"":""Background"",""value"":""Yellow Background ""}]"
1862,1360632,0x9c18a39c4738760eca4b97d659c9890640e1cf7e3dbbf873de6f1914e312fd83,"[{""trait_type"":""Glasses"",""value"":""Blue Round Glasses ""},{""trait_type"":""Hair"",""value"":""Red Messy Hair ""},{""trait_type"":""Mouth"",""value"":""Big Teeth ""},{""trait_type"":""Clothes"",""value"":""Green Tie ""},{""trait_type"":""Nerd"",""value"":""Skinny Nerd ""},{""trait_type"":""Background"",""value"":""Green Background ""}]"
1861,1359146,0x60d4488a75aacb98479ff177f27194aaf78f89cb0c571f50b8553e01e5b2f5e5,"[{""trait_type"":""Glasses"",""value"":""Red Round Glasses ""},{""trait_type"":""Hair"",""value"":""Black Short Hair ""},{""trait_type"":""Mouth"",""value"":""Smile ""},{""trait_type"":""Clothes"",""value"":""Purple Tie ""},{""trait_type"":""Nerd"",""value"":""Fat Nerd ""},{""trait_type"":""Background"",""value"":""Yellow Background ""}]"
1860,1359865,0x4cdc0b4adfc85a868fda6dda93cf7eff6cff02cee397a96b0a78a4c9492e069f,"[{""trait_type"":""Glasses"",""value"":""White Rectangular Glasses ""},{""trait_type"":""Hair"",""value"":""Brown Bowl cut ""},{""trait_type"":""Mouth"",""value"":""Braces ""},{""trait_type"":""Clothes"",""value"":""Green  T-Shirt ""},{""trait_type"":""Nerd"",""value"":""Fat Nerd ""},{""trait_type"":""Background"",""value"":""Orange Background ""}]"
1859,1359877,0xbfddc96c871166de113b6f2ee6d83ca7720c92164986d37bd56a3afc4439ebef,"[{""trait_type"":""Glasses"",""value"":""Blue Round Glasses ""},{""trait_type"":""Hair"",""value"":""Blonde Messy Hair ""},{""trait_type"":""Mouth"",""value"":""Braces ""},{""trait_type"":""Clothes"",""value"":""Green  T-Shirt ""},{""trait_type"":""Nerd"",""value"":""Fat Nerd ""},{""trait_type"":""Background"",""value"":""Purple Background ""}]"
1858,1359957,0xb4a02146e0d034f7c12c298903365972142dbbb10cbf1c5ce606dd9fb6dc767e,"[{""trait_type"":""Glasses"",""value"":""Red Rectangular Glasses ""},{""trait_type"":""Hair"",""value"":""Blonde Messy Hair ""},{""trait_type"":""Mouth"",""value"":""Smile ""},{""trait_type"":""Clothes"",""value"":""Yellow Tie ""},{""trait_type"":""Nerd"",""value"":""Skinny Nerd ""},{""trait_type"":""Background"",""value"":""Red Background ""}]"
1857,1359356,0x6c043103f69155d39c045bbd3098cf7aa2e1282bcab4b3737f30f35820bf3011,"[{""trait_type"":""Glasses"",""value"":""White Rectangular Glasses ""},{""trait_type"":""Hair"",""value"":""Red Short Hair ""},{""trait_type"":""Mouth"",""value"":""Braces ""},{""trait_type"":""Clothes"",""value"":""Yellow  T-Shirt ""},{""trait_type"":""Nerd"",""value"":""Skinny Nerd ""},{""trait_type"":""Background"",""value"":""Red Background ""}]"
1856,1360189,0x450b3a9ef762ee5cab5d871cc3ee00f8ce02156a70abf3b56238a23b99d789bc,"[{""trait_type"":""Glasses"",""value"":""Yellow Round Glasses ""},{""trait_type"":""Hair"",""value"":""Black Short Hair ""},{""trait_type"":""Mouth"",""value"":""Smile ""},{""trait_type"":""Clothes"",""value"":""Red  T-Shirt ""},{""trait_type"":""Nerd"",""value"":""Skinny Nerd ""},{""trait_type"":""Background"",""value"":""Green Background ""}]"
1855,1360568,0xb4142355433525a10633b5babc96b5ffabf60b039ee47e1c1ece2eeee7e61993,"[{""trait_type"":""Glasses"",""value"":""No Glasses ""},{""trait_type"":""Hair"",""value"":""Red Quiff Haircut ""},{""trait_type"":""Mouth"",""value"":""Smile ""},{""trait_type"":""Clothes"",""value"":""Yellow  T-Shirt ""},{""trait_type"":""Nerd"",""value"":""Fat Nerd ""},{""trait_type"":""Background"",""value"":""Yellow Background ""}]"
1854,1359416,0x18bf07fb94769d720255a06fc0ac370bed8f9cdd7d9a3fb3d868d98741687c22,"[{""trait_type"":""Glasses"",""value"":""No Glasses ""},{""trait_type"":""Hair"",""value"":""Black Quiff Haircut ""},{""trait_type"":""Mouth"",""value"":""Big Teeth ""},{""trait_type"":""Clothes"",""value"":""Yellow Tie ""},{""trait_type"":""Nerd"",""value"":""Skinny Nerd ""},{""trait_type"":""Background"",""value"":""Blue Background ""}]"
1853,1359917,0x1104fa62fe9c7287555d86d297b32485f6bb61f6e45dbfe9bc00e0618ca007c8,"[{""trait_type"":""Glasses"",""value"":""Yellow Rectangular Glasses ""},{""trait_type"":""Hair"",""value"":""Red Bowl cut ""},{""trait_type"":""Mouth"",""value"":""Big Teeth ""},{""trait_type"":""Clothes"",""value"":""Green Shirt ""},{""trait_type"":""Nerd"",""value"":""Skinny Nerd ""},{""trait_type"":""Background"",""value"":""Purple Background ""}]"
1852,1360286,0xb9cc5807aea4afa4a87fcbe1d46c96d2ff308fbcd6ba9d31e579166119652c5b,"[{""trait_type"":""Glasses"",""value"":""Red Round Glasses ""},{""trait_type"":""Hair"",""value"":""Brown Messy Hair ""},{""trait_type"":""Mouth"",""value"":""Braces ""},{""trait_type"":""Clothes"",""value"":""Yellow Tie ""},{""trait_type"":""Nerd"",""value"":""Skinny Nerd ""},{""trait_type"":""Background"",""value"":""Blue Background ""}]"
1851,1360071,0x688e8a4b19faf43c5f201c7a3c1f85bae1df83c4c443f885c4551c3c2617b6cd,"[{""trait_type"":""Glasses"",""value"":""White Rectangular Glasses ""},{""trait_type"":""Hair"",""value"":""Brown Bowl cut ""},{""trait_type"":""Mouth"",""value"":""Big Teeth ""},{""trait_type"":""Clothes"",""value"":""Green Shirt ""},{""trait_type"":""Nerd"",""value"":""Fat Nerd ""},{""trait_type"":""Background"",""value"":""Cyan Background ""}]"
1850,1358795,0x5fa8db52892c7095377835ecc75f15f01b334a123f459b381dea8f00e3755d3e,"[{""trait_type"":""Glasses"",""value"":""Green Round Glasses ""},{""trait_type"":""Hair"",""value"":""Black Quiff Haircut ""},{""trait_type"":""Mouth"",""value"":""Braces ""},{""trait_type"":""Clothes"",""value"":""Blue  T-Shirt ""},{""trait_type"":""Nerd"",""value"":""Skinny Nerd ""},{""trait_type"":""Background"",""value"":""Blue Background ""}]"
1849,1360671,0x0a80c5f663765c8a06c69350259531418ef7815a38d093c6326863fe9ce71a61,"[{""trait_type"":""Glasses"",""value"":""No Glasses ""},{""trait_type"":""Hair"",""value"":""Blonde Quiff Haircut ""},{""trait_type"":""Mouth"",""value"":""Big Teeth ""},{""trait_type"":""Clothes"",""value"":""Red Shirt ""},{""trait_type"":""Nerd"",""value"":""Skinny Nerd ""},{""trait_type"":""Background"",""value"":""Cyan Background ""}]"
1848,1360308,0x3df0903c19e1a1f86a336957794b05e1ea3dca121d2b99fed170cafb4f0afc3e,"[{""trait_type"":""Glasses"",""value"":""No Glasses ""},{""trait_type"":""Hair"",""value"":""Black Short Hair ""},{""trait_type"":""Mouth"",""value"":""Smile ""},{""trait_type"":""Clothes"",""value"":""Red  T-Shirt ""},{""trait_type"":""Nerd"",""value"":""Skinny Nerd ""},{""trait_type"":""Background"",""value"":""Yellow Background ""}]"
1847,1360349,0x874ac2a9e65ea74660135a710c69a47098de66d8c2d38bb33f8b34ec6f2281e6,"[{""trait_type"":""Glasses"",""value"":""White Round Glasses ""},{""trait_type"":""Hair"",""value"":""Red Short Hair ""},{""trait_type"":""Mouth"",""value"":""Big Teeth ""},{""trait_type"":""Clothes"",""value"":""Green  T-Shirt ""},{""trait_type"":""Nerd"",""value"":""Skinny Nerd ""},{""trait_type"":""Background"",""value"":""Green Background ""}]"
1846,1359010,0xea75d3cc922e5264c35c08e0fc9c703bd3f6e18b7ac837d1b10883733eee0bce,"[{""trait_type"":""Glasses"",""value"":""Blue Rectangular Glasses ""},{""trait_type"":""Hair"",""value"":""Blonde Hair ""},{""trait_type"":""Mouth"",""value"":""Big Teeth ""},{""trait_type"":""Clothes"",""value"":""Blue Shirt ""},{""trait_type"":""Nerd"",""value"":""Skinny Nerd ""},{""trait_type"":""Background"",""value"":""Yellow Background ""}]"
1845,1359885,0xf177558788ff1007aeccfcee642fb3f3aeb1340490cf5946a7befcac49ff4c50,"[{""trait_type"":""Glasses"",""value"":""Green Round Glasses ""},{""trait_type"":""Hair"",""value"":""Red Hair ""},{""trait_type"":""Mouth"",""value"":""Smile ""},{""trait_type"":""Clothes"",""value"":""Blue Tie ""},{""trait_type"":""Nerd"",""value"":""Skinny Nerd ""},{""trait_type"":""Background"",""value"":""Yellow Background ""}]"
1844,1358557,0xd96e955f0f6ef787b45453fbf44243c934ff89aa9fbc230b9b1290dddb6cc8e3,"[{""trait_type"":""Glasses"",""value"":""Yellow Rectangular Glasses ""},{""trait_type"":""Hair"",""value"":""Blonde Quiff Haircut ""},{""trait_type"":""Mouth"",""value"":""Smile ""},{""trait_type"":""Clothes"",""value"":""Green Tie ""},{""trait_type"":""Nerd"",""value"":""Fat Nerd ""},{""trait_type"":""Background"",""value"":""Red Background ""}]"
1843,1359750,0xd0441190f1f92ea507127109d72542d416f9b2abcb3845e48e082a8cf89d8fff,"[{""trait_type"":""Glasses"",""value"":""White Rectangular Glasses ""},{""trait_type"":""Hair"",""value"":""Black Hair ""},{""trait_type"":""Mouth"",""value"":""Braces ""},{""trait_type"":""Clothes"",""value"":""Yellow Shirt ""},{""trait_type"":""Nerd"",""value"":""Fat Nerd ""},{""trait_type"":""Background"",""value"":""Purple Background ""}]"
1842,1359218,0x4e63809f2b080aa84903ef06926cdecef91e0e284ecb57f8be2a7075094392b4,"[{""trait_type"":""Glasses"",""value"":""No Glasses ""},{""trait_type"":""Hair"",""value"":""Blonde Bowl cut ""},{""trait_type"":""Mouth"",""value"":""Big Teeth ""},{""trait_type"":""Clothes"",""value"":""Yellow  T-Shirt ""},{""trait_type"":""Nerd"",""value"":""Skinny Nerd ""},{""trait_type"":""Background"",""value"":""Purple Background ""}]"
1841,1360344,0x83063ca3fa62c373b9422379f31d82d6dd40337ef6e9f1227b6f54b771213b34,"[{""trait_type"":""Glasses"",""value"":""White Rectangular Glasses ""},{""trait_type"":""Hair"",""value"":""Black Short Hair ""},{""trait_type"":""Mouth"",""value"":""Braces ""},{""trait_type"":""Clothes"",""value"":""Blue Shirt ""},{""trait_type"":""Nerd"",""value"":""Fat Nerd ""},{""trait_type"":""Background"",""value"":""Red Background ""}]"
1840,1358139,0x1d614f7ee00cee4cf77b6cf57994f74697c00e8347deea253ec990c407706104,"[{""trait_type"":""Glasses"",""value"":""Yellow Rectangular Glasses ""},{""trait_type"":""Hair"",""value"":""Brown Short Hair ""},{""trait_type"":""Mouth"",""value"":""Big Teeth ""},{""trait_type"":""Clothes"",""value"":""Yellow Tie ""},{""trait_type"":""Nerd"",""value"":""Fat Nerd ""},{""trait_type"":""Background"",""value"":""Green Background ""}]"
1839,1360184,0xa8baed526760e91a4c24d7b1c82025f6f61252fa012f91ae387236b30190f339,"[{""trait_type"":""Glasses"",""value"":""Blue Rectangular Glasses ""},{""trait_type"":""Hair"",""value"":""Brown Quiff Haircut ""},{""trait_type"":""Mouth"",""value"":""Big Teeth ""},{""trait_type"":""Clothes"",""value"":""Green  T-Shirt ""},{""trait_type"":""Nerd"",""value"":""Skinny Nerd ""},{""trait_type"":""Background"",""value"":""Green Background ""}]"
1838,1360131,0xfb4f58edcc0bd04ff78bf2c66100169cbd79fd1aa541198aeb47bc8bc38f8ff6,"[{""trait_type"":""Glasses"",""value"":""Red Rectangular Glasses ""},{""trait_type"":""Hair"",""value"":""Blonde Quiff Haircut ""},{""trait_type"":""Mouth"",""value"":""Smile ""},{""trait_type"":""Clothes"",""value"":""Yellow  T-Shirt ""},{""trait_type"":""Nerd"",""value"":""Fat Nerd ""},{""trait_type"":""Background"",""value"":""Cyan Background ""}]"
1837,1358672,0x27b7c6e2f73e61dd1c63171033c5fe8cf5b99a8472b6fc908ca17e7576e7c779,"[{""trait_type"":""Glasses"",""value"":""No Glasses ""},{""trait_type"":""Hair"",""value"":""Brown Short Hair ""},{""trait_type"":""Mouth"",""value"":""Braces ""},{""trait_type"":""Clothes"",""value"":""Purple Tie ""},{""trait_type"":""Nerd"",""value"":""Fat Nerd ""},{""trait_type"":""Background"",""value"":""Orange Background ""}]"
1836,1359461,0xf9d2275ea211851ab6043e255b65eaa1fd38d803ebe9decf51998f94ba8ebceb,"[{""trait_type"":""Glasses"",""value"":""Blue Rectangular Glasses ""},{""trait_type"":""Hair"",""value"":""Black Messy Hair ""},{""trait_type"":""Mouth"",""value"":""Smile ""},{""trait_type"":""Clothes"",""value"":""Yellow Shirt ""},{""trait_type"":""Nerd"",""value"":""Fat Nerd ""},{""trait_type"":""Background"",""value"":""Blue Background ""}]"
1835,1359670,0x9e6b7b63b7b8b66e9869d98b5f9e8285a08fb032bf600cfe1e9acf99f0d24c68,"[{""trait_type"":""Glasses"",""value"":""Red Rectangular Glasses ""},{""trait_type"":""Hair"",""value"":""Red Quiff Haircut ""},{""trait_type"":""Mouth"",""value"":""Braces ""},{""trait_type"":""Clothes"",""value"":""Yellow Shirt ""},{""trait_type"":""Nerd"",""value"":""Fat Nerd ""},{""trait_type"":""Background"",""value"":""Green Background ""}]"
1834,1359770,0x2ca67e8b684f80b19096ec21b83dc45090d36f7d3fd4c41ae21e2f8ad22c4bb0,"[{""trait_type"":""Glasses"",""value"":""White Rectangular Glasses ""},{""trait_type"":""Hair"",""value"":""Brown Hair ""},{""trait_type"":""Mouth"",""value"":""Smile ""},{""trait_type"":""Clothes"",""value"":""Red  T-Shirt ""},{""trait_type"":""Nerd"",""value"":""Skinny Nerd ""},{""trait_type"":""Background"",""value"":""Red Background ""}]"
1833,1359393,0x9fa64e65f876f74e57a4ca8f96e917083d4074819dff46426e157f6e1067d7c6,"[{""trait_type"":""Glasses"",""value"":""Blue Rectangular Glasses ""},{""trait_type"":""Hair"",""value"":""Blonde Bowl cut ""},{""trait_type"":""Mouth"",""value"":""Braces ""},{""trait_type"":""Clothes"",""value"":""Red Tie ""},{""trait_type"":""Nerd"",""value"":""Fat Nerd ""},{""trait_type"":""Background"",""value"":""Green Background ""}]"
1832,1360686,0x6d1d3f57d138c3934abb2dc9555e02fde9501bb18797f625942f62a8df0c4b1d,"[{""trait_type"":""Glasses"",""value"":""No Glasses ""},{""trait_type"":""Hair"",""value"":""Black Bowl cut ""},{""trait_type"":""Mouth"",""value"":""Smile ""},{""trait_type"":""Clothes"",""value"":""Blue Tie ""},{""trait_type"":""Nerd"",""value"":""Skinny Nerd ""},{""trait_type"":""Background"",""value"":""Red Background ""}]"
1831,1360494,0x66d96b932a6c9af7eef7ff2a5f145884a9a3ca64e38a9d094e77a58cb1c76480,"[{""trait_type"":""Glasses"",""value"":""Blue Rectangular Glasses ""},{""trait_type"":""Hair"",""value"":""Blonde Quiff Haircut ""},{""trait_type"":""Mouth"",""value"":""Braces ""},{""trait_type"":""Clothes"",""value"":""Green  T-Shirt ""},{""trait_type"":""Nerd"",""value"":""Skinny Nerd ""},{""trait_type"":""Background"",""value"":""Orange Background ""}]"
1830,1360674,0x50471eafad474cd4efef3e9d87fa78c452facd694217b94c4bdaaf533314c61b,"[{""trait_type"":""Glasses"",""value"":""White Rectangular Glasses ""},{""trait_type"":""Hair"",""value"":""Black Short Hair ""},{""trait_type"":""Mouth"",""value"":""Smile ""},{""trait_type"":""Clothes"",""value"":""Blue Tie ""},{""trait_type"":""Nerd"",""value"":""Skinny Nerd ""},{""trait_type"":""Background"",""value"":""Yellow Background ""}]"
1829,1359307,0xfec5bda30496128db3619088043bc2be9cf615bfa3d12d5c01a173cdcd01c8df,"[{""trait_type"":""Glasses"",""value"":""Purple Round Glasses ""},{""trait_type"":""Hair"",""value"":""Black Short Hair ""},{""trait_type"":""Mouth"",""value"":""Braces ""},{""trait_type"":""Clothes"",""value"":""Blue  T-Shirt ""},{""trait_type"":""Nerd"",""value"":""Fat Nerd ""},{""trait_type"":""Background"",""value"":""Red Background ""}]"
1828,1360328,0xf9b0da76af7084614ce3dce9d63916079fa6f6581ce44d86b677f0bbd355c011,"[{""trait_type"":""Glasses"",""value"":""No Glasses ""},{""trait_type"":""Hair"",""value"":""Red Messy Hair ""},{""trait_type"":""Mouth"",""value"":""Braces ""},{""trait_type"":""Clothes"",""value"":""Blue Shirt ""},{""trait_type"":""Nerd"",""value"":""Fat Nerd ""},{""trait_type"":""Background"",""value"":""Cyan Background ""}]"
1827,1359883,0x7daa96ed17f58ed6cf9721501947fa7be31477eca898dfddc87052d319402595,"[{""trait_type"":""Glasses"",""value"":""No Glasses ""},{""trait_type"":""Hair"",""value"":""Blonde Quiff Haircut ""},{""trait_type"":""Mouth"",""value"":""Braces ""},{""trait_type"":""Clothes"",""value"":""Blue Shirt ""},{""trait_type"":""Nerd"",""value"":""Fat Nerd ""},{""trait_type"":""Background"",""value"":""Red Background ""}]"
1826,1359374,0x74567c1fb82bcf4703ab4460f68c87d0958e82c8deb1947828758891d98b25bb,"[{""trait_type"":""Glasses"",""value"":""Yellow Round Glasses ""},{""trait_type"":""Hair"",""value"":""Red Bowl cut ""},{""trait_type"":""Mouth"",""value"":""Braces ""},{""trait_type"":""Clothes"",""value"":""Green Shirt ""},{""trait_type"":""Nerd"",""value"":""Skinny Nerd ""},{""trait_type"":""Background"",""value"":""Cyan Background ""}]"
1825,1359423,0xe62a47650269ee0ec0df93813d7dc11c104a1342327db53cc9445a507db43bec,"[{""trait_type"":""Glasses"",""value"":""Red Round Glasses ""},{""trait_type"":""Hair"",""value"":""Blonde Hair ""},{""trait_type"":""Mouth"",""value"":""Big Teeth ""},{""trait_type"":""Clothes"",""value"":""Yellow Tie ""},{""trait_type"":""Nerd"",""value"":""Skinny Nerd ""},{""trait_type"":""Background"",""value"":""Blue Background ""}]"
1824,1360595,0x8ad1d77b2e1f33f16e1eb53f7effd3383441b13187065796cc6ffa380aae7fc9,"[{""trait_type"":""Glasses"",""value"":""Yellow Round Glasses ""},{""trait_type"":""Hair"",""value"":""Black Hair ""},{""trait_type"":""Mouth"",""value"":""Braces ""},{""trait_type"":""Clothes"",""value"":""Green Shirt ""},{""trait_type"":""Nerd"",""value"":""Fat Nerd ""},{""trait_type"":""Background"",""value"":""Green Background ""}]"
1823,1359219,0x6df399db8acc6e6f961d8aecf9e0ea7da6efef8b667d218870f1d6c91ab842db,"[{""trait_type"":""Glasses"",""value"":""No Glasses ""},{""trait_type"":""Hair"",""value"":""Red Short Hair ""},{""trait_type"":""Mouth"",""value"":""Braces ""},{""trait_type"":""Clothes"",""value"":""Green Tie ""},{""trait_type"":""Nerd"",""value"":""Skinny Nerd ""},{""trait_type"":""Background"",""value"":""Orange Background ""}]"
1822,1359131,0xa9a633e55e9e7d9bff3cfbbf1a31451062cbdba00ccf41ce73a0816d458c7c83,"[{""trait_type"":""Glasses"",""value"":""Blue Rectangular Glasses ""},{""trait_type"":""Hair"",""value"":""Blonde Bowl cut ""},{""trait_type"":""Mouth"",""value"":""Smile ""},{""trait_type"":""Clothes"",""value"":""Red  T-Shirt ""},{""trait_type"":""Nerd"",""value"":""Skinny Nerd ""},{""trait_type"":""Background"",""value"":""Orange Background ""}]"
1821,1359428,0x24631fced270636ca5319cd57264c61139bf49714218c9c383b5ce99f744132b,"[{""trait_type"":""Glasses"",""value"":""No Glasses ""},{""trait_type"":""Hair"",""value"":""Blonde Quiff Haircut ""},{""trait_type"":""Mouth"",""value"":""Smile ""},{""trait_type"":""Clothes"",""value"":""Yellow  T-Shirt ""},{""trait_type"":""Nerd"",""value"":""Skinny Nerd ""},{""trait_type"":""Background"",""value"":""Green Background ""}]"
1820,1359892,0x324ed40b6d9a0ca587e1139b5c408bbbdc61afbbbf99e01e7c8e86b684d38833,"[{""trait_type"":""Glasses"",""value"":""Purple Rectangular Glasses ""},{""trait_type"":""Hair"",""value"":""Brown Quiff Haircut ""},{""trait_type"":""Mouth"",""value"":""Smile ""},{""trait_type"":""Clothes"",""value"":""Yellow Shirt ""},{""trait_type"":""Nerd"",""value"":""Skinny Nerd ""},{""trait_type"":""Background"",""value"":""Orange Background ""}]"
1819,1359552,0x5e47dc918fe3a869faaa52019bd5aefd9c47f6c7f09db4a3f3158f8b0fdbab5c,"[{""trait_type"":""Glasses"",""value"":""Yellow Rectangular Glasses ""},{""trait_type"":""Hair"",""value"":""Brown Short Hair ""},{""trait_type"":""Mouth"",""value"":""Big Teeth ""},{""trait_type"":""Clothes"",""value"":""Purple  T-Shirt ""},{""trait_type"":""Nerd"",""value"":""Skinny Nerd ""},{""trait_type"":""Background"",""value"":""Red Background ""}]"
1818,1358701,0x08adb6ca0e8a75d0857fdca4a003c08dd952322f20e0cf125332d4e87728008b,"[{""trait_type"":""Glasses"",""value"":""Green Round Glasses ""},{""trait_type"":""Hair"",""value"":""Brown Hair ""},{""trait_type"":""Mouth"",""value"":""Big Teeth ""},{""trait_type"":""Clothes"",""value"":""Blue Shirt ""},{""trait_type"":""Nerd"",""value"":""Skinny Nerd ""},{""trait_type"":""Background"",""value"":""Red Background ""}]"
1817,1359534,0x035a4e8cea047d35f998413e4b732e32ddf5ca7ec1ca62a2f835bec65f567ad9,"[{""trait_type"":""Glasses"",""value"":""White Rectangular Glasses ""},{""trait_type"":""Hair"",""value"":""Black Quiff Haircut ""},{""trait_type"":""Mouth"",""value"":""Smile ""},{""trait_type"":""Clothes"",""value"":""Red Tie ""},{""trait_type"":""Nerd"",""value"":""Fat Nerd ""},{""trait_type"":""Background"",""value"":""Green Background ""}]"
1816,1359854,0xf9e0b7a76873847de2d32923729ba72f74db45ccdf1216c9c65162c3426a3764,"[{""trait_type"":""Glasses"",""value"":""Red Round Glasses ""},{""trait_type"":""Hair"",""value"":""Brown Hair ""},{""trait_type"":""Mouth"",""value"":""Braces ""},{""trait_type"":""Clothes"",""value"":""Yellow  T-Shirt ""},{""trait_type"":""Nerd"",""value"":""Fat Nerd ""},{""trait_type"":""Background"",""value"":""Green Background ""}]"
1815,1359721,0xb95c4100c60dc45f7a6b3006c8e96fb1fe9b459dbf3d81bde38dcc574eb3da95,"[{""trait_type"":""Glasses"",""value"":""Black Rectangular Glasses ""},{""trait_type"":""Hair"",""value"":""Red Messy Hair ""},{""trait_type"":""Mouth"",""value"":""Big Teeth ""},{""trait_type"":""Clothes"",""value"":""Purple  T-Shirt ""},{""trait_type"":""Nerd"",""value"":""Fat Nerd ""},{""trait_type"":""Background"",""value"":""Orange Background ""}]"
1814,1359204,0x18f7b1f34a9045f1448697d670b6084ad55d328e08e8dfe73f6593b84ec785a6,"[{""trait_type"":""Glasses"",""value"":""Green Round Glasses ""},{""trait_type"":""Hair"",""value"":""Brown Bowl cut ""},{""trait_type"":""Mouth"",""value"":""Big Teeth ""},{""trait_type"":""Clothes"",""value"":""Yellow Tie ""},{""trait_type"":""Nerd"",""value"":""Fat Nerd ""},{""trait_type"":""Background"",""value"":""Red Background ""}]"
1813,1359583,0x4f6ab845345b2a7a59dcaa24aab1bfe22f10143be570e55402cee05d63f691d4,"[{""trait_type"":""Glasses"",""value"":""Purple Rectangular Glasses ""},{""trait_type"":""Hair"",""value"":""Red Bowl cut ""},{""trait_type"":""Mouth"",""value"":""Big Teeth ""},{""trait_type"":""Clothes"",""value"":""Blue  T-Shirt ""},{""trait_type"":""Nerd"",""value"":""Skinny Nerd ""},{""trait_type"":""Background"",""value"":""Yellow Background ""}]"
1812,1359737,0x54084af3a67eaed166262fcbe33733b72e2d51fe3e1d6747fc751da248a457b8,"[{""trait_type"":""Glasses"",""value"":""Red Rectangular Glasses ""},{""trait_type"":""Hair"",""value"":""Blonde Hair ""},{""trait_type"":""Mouth"",""value"":""Braces ""},{""trait_type"":""Clothes"",""value"":""Purple  T-Shirt ""},{""trait_type"":""Nerd"",""value"":""Fat Nerd ""},{""trait_type"":""Background"",""value"":""Green Background ""}]"
1811,1359995,0x2628c07869f0976294886cb75a53c267fadc5bf3da598a3a992dc661ff963bc0,"[{""trait_type"":""Glasses"",""value"":""Yellow Rectangular Glasses ""},{""trait_type"":""Hair"",""value"":""Brown Messy Hair ""},{""trait_type"":""Mouth"",""value"":""Braces ""},{""trait_type"":""Clothes"",""value"":""Yellow Tie ""},{""trait_type"":""Nerd"",""value"":""Skinny Nerd ""},{""trait_type"":""Background"",""value"":""Cyan Background ""}]"
1810,1359420,0xdde516d122cc643083b05ad416cf241ad10572739d832a67c7397455eda819fd,"[{""trait_type"":""Glasses"",""value"":""White Rectangular Glasses ""},{""trait_type"":""Hair"",""value"":""Red Bowl cut ""},{""trait_type"":""Mouth"",""value"":""Braces ""},{""trait_type"":""Clothes"",""value"":""Yellow  T-Shirt ""},{""trait_type"":""Nerd"",""value"":""Fat Nerd ""},{""trait_type"":""Background"",""value"":""Red Background ""}]"
1809,1359135,0x2e3a63963e94530632c1b06f09ca4224aeef95c6d79ec52383e8393c78b1e51a,"[{""trait_type"":""Glasses"",""value"":""Red Rectangular Glasses ""},{""trait_type"":""Hair"",""value"":""Red Messy Hair ""},{""trait_type"":""Mouth"",""value"":""Big Teeth ""},{""trait_type"":""Clothes"",""value"":""Purple  T-Shirt ""},{""trait_type"":""Nerd"",""value"":""Skinny Nerd ""},{""trait_type"":""Background"",""value"":""Orange Background ""}]"
1808,1360551,0xd3471e572f773b0c9004a529cd7919e74197b92e03e80a2f48c1a998ce049544,"[{""trait_type"":""Glasses"",""value"":""No Glasses ""},{""trait_type"":""Hair"",""value"":""Black Bowl cut ""},{""trait_type"":""Mouth"",""value"":""Smile ""},{""trait_type"":""Clothes"",""value"":""Purple  T-Shirt ""},{""trait_type"":""Nerd"",""value"":""Fat Nerd ""},{""trait_type"":""Background"",""value"":""Yellow Background ""}]"
1807,1359518,0x06a7dd6ee1cfa821b078d259b3c98ea96646a5d532c4d5333c21147b5ed0e3de,"[{""trait_type"":""Glasses"",""value"":""No Glasses ""},{""trait_type"":""Hair"",""value"":""Brown Hair ""},{""trait_type"":""Mouth"",""value"":""Big Teeth ""},{""trait_type"":""Clothes"",""value"":""Purple Tie ""},{""trait_type"":""Nerd"",""value"":""Skinny Nerd ""},{""trait_type"":""Background"",""value"":""Yellow Background ""}]"
1806,1360602,0xd2cc1156c2352ffbb152a6a2176edefb10f9a8bf85886efe258678f861ce4e72,"[{""trait_type"":""Glasses"",""value"":""Yellow Round Glasses ""},{""trait_type"":""Hair"",""value"":""Brown Quiff Haircut ""},{""trait_type"":""Mouth"",""value"":""Big Teeth ""},{""trait_type"":""Clothes"",""value"":""Purple Tie ""},{""trait_type"":""Nerd"",""value"":""Skinny Nerd ""},{""trait_type"":""Background"",""value"":""Blue Background ""}]"
1805,1358605,0x17bb7ef7c55301b1067f30dd7dfe03890369567408d0aa00d1560cc7e3fb51f6,"[{""trait_type"":""Glasses"",""value"":""No Glasses ""},{""trait_type"":""Hair"",""value"":""Red Hair ""},{""trait_type"":""Mouth"",""value"":""Big Teeth ""},{""trait_type"":""Clothes"",""value"":""Purple Tie ""},{""trait_type"":""Nerd"",""value"":""Fat Nerd ""},{""trait_type"":""Background"",""value"":""Yellow Background ""}]"
1804,1360697,0x3964b99da63ea19475200a42c9eb33f8dd27cb64a6f7cfed242921031fb8de95,"[{""trait_type"":""Glasses"",""value"":""Blue Rectangular Glasses ""},{""trait_type"":""Hair"",""value"":""Black Bowl cut ""},{""trait_type"":""Mouth"",""value"":""Smile ""},{""trait_type"":""Clothes"",""value"":""Yellow Shirt ""},{""trait_type"":""Nerd"",""value"":""Skinny Nerd ""},{""trait_type"":""Background"",""value"":""Yellow Background ""}]"
1803,1360356,0x02617c5d1c25d4daa8c14bae75839e11d470fb18b33a7e15aae2a4d87fadc9af,"[{""trait_type"":""Glasses"",""value"":""Blue Round Glasses ""},{""trait_type"":""Hair"",""value"":""Black Hair ""},{""trait_type"":""Mouth"",""value"":""Smile ""},{""trait_type"":""Clothes"",""value"":""Yellow Shirt ""},{""trait_type"":""Nerd"",""value"":""Skinny Nerd ""},{""trait_type"":""Background"",""value"":""Green Background ""}]"
1802,1359797,0x859be89d0f466042c3bbdda4ed60792b6d1adb53c696358266d7da0ebbd935bf,"[{""trait_type"":""Glasses"",""value"":""Green Rectangular Glasses ""},{""trait_type"":""Hair"",""value"":""Black Quiff Haircut ""},{""trait_type"":""Mouth"",""value"":""Smile ""},{""trait_type"":""Clothes"",""value"":""Green Shirt ""},{""trait_type"":""Nerd"",""value"":""Skinny Nerd ""},{""trait_type"":""Background"",""value"":""Blue Background ""}]"
1801,1359727,0x6a2f6a2193287b967c31057edf6e698001f7ede3ff88cd7eeb3ef6a71d9d1651,"[{""trait_type"":""Glasses"",""value"":""Blue Round Glasses ""},{""trait_type"":""Hair"",""value"":""Brown Hair ""},{""trait_type"":""Mouth"",""value"":""Big Teeth ""},{""trait_type"":""Clothes"",""value"":""Purple Tie ""},{""trait_type"":""Nerd"",""value"":""Fat Nerd ""},{""trait_type"":""Background"",""value"":""Cyan Background ""}]"
1800,1358904,0x510ad921c8b902c37b78dd8cf3ec60d912be94aad1300d669217b30f9f0f4e8f,"[{""trait_type"":""Glasses"",""value"":""Purple Rectangular Glasses ""},{""trait_type"":""Hair"",""value"":""Red Quiff Haircut ""},{""trait_type"":""Mouth"",""value"":""Braces ""},{""trait_type"":""Clothes"",""value"":""Red Shirt ""},{""trait_type"":""Nerd"",""value"":""Skinny Nerd ""},{""trait_type"":""Background"",""value"":""Yellow Background ""}]"
1799,1359482,0x5697450c9a695126415c7ef4d16eb7c82c3de74a27a6d662d06b627e12c70fa1,"[{""trait_type"":""Glasses"",""value"":""Green Rectangular Glasses ""},{""trait_type"":""Hair"",""value"":""Brown Bowl cut ""},{""trait_type"":""Mouth"",""value"":""Smile ""},{""trait_type"":""Clothes"",""value"":""Blue Tie ""},{""trait_type"":""Nerd"",""value"":""Skinny Nerd ""},{""trait_type"":""Background"",""value"":""Blue Background ""}]"
1798,1359132,0xc2a7a8cafc714755eaeedd8e20dd59e9b72d8be7b8df7d85ca1529cb67b82fc0,"[{""trait_type"":""Glasses"",""value"":""Red Rectangular Glasses ""},{""trait_type"":""Hair"",""value"":""Red Hair ""},{""trait_type"":""Mouth"",""value"":""Big Teeth ""},{""trait_type"":""Clothes"",""value"":""Yellow Tie ""},{""trait_type"":""Nerd"",""value"":""Skinny Nerd ""},{""trait_type"":""Background"",""value"":""Green Background ""}]"
1797,1360332,0x85b669bf4906aaca3832e05a0b7eedd403580ac5848da3d71625c0604db9adf5,"[{""trait_type"":""Glasses"",""value"":""Yellow Round Glasses ""},{""trait_type"":""Hair"",""value"":""Brown Hair ""},{""trait_type"":""Mouth"",""value"":""Braces ""},{""trait_type"":""Clothes"",""value"":""Purple Tie ""},{""trait_type"":""Nerd"",""value"":""Fat Nerd ""},{""trait_type"":""Background"",""value"":""Orange Background ""}]"
1796,1359807,0x686df2f27b26b126957b7756a9a867582c0ecc567ee37363511472f2bdce4e84,"[{""trait_type"":""Glasses"",""value"":""Red Round Glasses ""},{""trait_type"":""Hair"",""value"":""Blonde Short Hair ""},{""trait_type"":""Mouth"",""value"":""Big Teeth ""},{""trait_type"":""Clothes"",""value"":""Purple  T-Shirt ""},{""trait_type"":""Nerd"",""value"":""Fat Nerd ""},{""trait_type"":""Background"",""value"":""Orange Background ""}]"
1795,1360185,0x77b0c691dfe069e427c2ffdcaded55f66e4191e55a0683993ea3068d3ab24662,"[{""trait_type"":""Glasses"",""value"":""No Glasses ""},{""trait_type"":""Hair"",""value"":""Black Hair ""},{""trait_type"":""Mouth"",""value"":""Braces ""},{""trait_type"":""Clothes"",""value"":""Yellow Tie ""},{""trait_type"":""Nerd"",""value"":""Skinny Nerd ""},{""trait_type"":""Background"",""value"":""Blue Background ""}]"
1794,1358576,0x9560881392b40dc0457b4c41291e3e804b7389bdd00fbd0a94961cfc60f1abf0,"[{""trait_type"":""Glasses"",""value"":""White Rectangular Glasses ""},{""trait_type"":""Hair"",""value"":""Red Hair ""},{""trait_type"":""Mouth"",""value"":""Braces ""},{""trait_type"":""Clothes"",""value"":""Yellow Shirt ""},{""trait_type"":""Nerd"",""value"":""Fat Nerd ""},{""trait_type"":""Background"",""value"":""Purple Background ""}]"
1793,1360110,0xb8ceb1488e6113e81f8fc8fcc615676ee85290954128a44f8cfc59aa1ffa3846,"[{""trait_type"":""Glasses"",""value"":""White Round Glasses ""},{""trait_type"":""Hair"",""value"":""Red Hair ""},{""trait_type"":""Mouth"",""value"":""Big Teeth ""},{""trait_type"":""Clothes"",""value"":""Purple Tie ""},{""trait_type"":""Nerd"",""value"":""Skinny Nerd ""},{""trait_type"":""Background"",""value"":""Purple Background ""}]"
1792,1358802,0xd29ea50be5991f284c9b920e27bd7416722f9ff21929ded4e14afa7fe3fb318e,"[{""trait_type"":""Glasses"",""value"":""Red Round Glasses ""},{""trait_type"":""Hair"",""value"":""Black Hair ""},{""trait_type"":""Mouth"",""value"":""Big Teeth ""},{""trait_type"":""Clothes"",""value"":""Green Shirt ""},{""trait_type"":""Nerd"",""value"":""Skinny Nerd ""},{""trait_type"":""Background"",""value"":""Green Background ""}]"
1791,1358909,0xbe817c75ce18a450211bd36720731ac5b42d82743df60f0304e1d39a829b6223,"[{""trait_type"":""Glasses"",""value"":""No Glasses ""},{""trait_type"":""Hair"",""value"":""Blonde Messy Hair ""},{""trait_type"":""Mouth"",""value"":""Big Teeth ""},{""trait_type"":""Clothes"",""value"":""Yellow  T-Shirt ""},{""trait_type"":""Nerd"",""value"":""Skinny Nerd ""},{""trait_type"":""Background"",""value"":""Yellow Background ""}]"
1790,1359060,0xf92e8149daf2bf0da5baabde5b821f50ab09eed831a0d3d90e283d3dae3394e8,"[{""trait_type"":""Glasses"",""value"":""Red Round Glasses ""},{""trait_type"":""Hair"",""value"":""Red Short Hair ""},{""trait_type"":""Mouth"",""value"":""Smile ""},{""trait_type"":""Clothes"",""value"":""Red Tie ""},{""trait_type"":""Nerd"",""value"":""Fat Nerd ""},{""trait_type"":""Background"",""value"":""Purple Background ""}]"
1789,1360118,0x8010d1298bd311477ee8f275792de2041fb5c37fd1fea693a8b97350d712348e,"[{""trait_type"":""Glasses"",""value"":""Green Round Glasses ""},{""trait_type"":""Hair"",""value"":""Blonde Hair ""},{""trait_type"":""Mouth"",""value"":""Smile ""},{""trait_type"":""Clothes"",""value"":""Green Tie ""},{""trait_type"":""Nerd"",""value"":""Skinny Nerd ""},{""trait_type"":""Background"",""value"":""Blue Background ""}]"
1788,1358979,0x1c69443f0e7e46703d0c36e9843431d2b1a7b943bf5faafe241bb13560d759ea,"[{""trait_type"":""Glasses"",""value"":""Green Round Glasses ""},{""trait_type"":""Hair"",""value"":""Red Quiff Haircut ""},{""trait_type"":""Mouth"",""value"":""Braces ""},{""trait_type"":""Clothes"",""value"":""Yellow Tie ""},{""trait_type"":""Nerd"",""value"":""Skinny Nerd ""},{""trait_type"":""Background"",""value"":""Blue Background ""}]"
1787,1360569,0x1dc5a149b0221e95513ba5dfe636ede4b429f38ee3fdf3e3f065a976ab93f86e,"[{""trait_type"":""Glasses"",""value"":""No Glasses ""},{""trait_type"":""Hair"",""value"":""Blonde Messy Hair ""},{""trait_type"":""Mouth"",""value"":""Smile ""},{""trait_type"":""Clothes"",""value"":""Blue Tie ""},{""trait_type"":""Nerd"",""value"":""Skinny Nerd ""},{""trait_type"":""Background"",""value"":""Orange Background ""}]"
1786,1359208,0x4fe6bbe913d7b10ec7802c387ff21b0b762cec7810f74d723444d5daf7d365f7,"[{""trait_type"":""Glasses"",""value"":""Green Rectangular Glasses ""},{""trait_type"":""Hair"",""value"":""Red Hair ""},{""trait_type"":""Mouth"",""value"":""Big Teeth ""},{""trait_type"":""Clothes"",""value"":""Yellow  T-Shirt ""},{""trait_type"":""Nerd"",""value"":""Skinny Nerd ""},{""trait_type"":""Background"",""value"":""Purple Background ""}]"
1785,1360198,0x8fafc5eb922dbcde760297aaad6429b63fec765f3094fb5dacdf45b09b9441c3,"[{""trait_type"":""Glasses"",""value"":""Purple Rectangular Glasses ""},{""trait_type"":""Hair"",""value"":""Brown Hair ""},{""trait_type"":""Mouth"",""value"":""Big Teeth ""},{""trait_type"":""Clothes"",""value"":""Blue Shirt ""},{""trait_type"":""Nerd"",""value"":""Skinny Nerd ""},{""trait_type"":""Background"",""value"":""Red Background ""}]"
1784,1358615,0x263a74d85f25b4227b6b65a78ecfa98bd6ac8c8db84b27f1fe74ac8660b7a588,"[{""trait_type"":""Glasses"",""value"":""Yellow Round Glasses ""},{""trait_type"":""Hair"",""value"":""Brown Hair ""},{""trait_type"":""Mouth"",""value"":""Smile ""},{""trait_type"":""Clothes"",""value"":""Purple  T-Shirt ""},{""trait_type"":""Nerd"",""value"":""Skinny Nerd ""},{""trait_type"":""Background"",""value"":""Green Background ""}]"
1783,1360664,0x590cf5c79b9a8d205b899b5dc29fd8ab41fa316a6d75816cff5c797583c15338,"[{""trait_type"":""Glasses"",""value"":""Yellow Rectangular Glasses ""},{""trait_type"":""Hair"",""value"":""Brown Quiff Haircut ""},{""trait_type"":""Mouth"",""value"":""Braces ""},{""trait_type"":""Clothes"",""value"":""Yellow Shirt ""},{""trait_type"":""Nerd"",""value"":""Skinny Nerd ""},{""trait_type"":""Background"",""value"":""Orange Background ""}]"
1782,1359627,0x28dc0d61222ea6aca46468bfd70ac172f5a0b9a1ed8fe824da065079ee067f30,"[{""trait_type"":""Glasses"",""value"":""Yellow Round Glasses ""},{""trait_type"":""Hair"",""value"":""Blonde Messy Hair ""},{""trait_type"":""Mouth"",""value"":""Smile ""},{""trait_type"":""Clothes"",""value"":""Yellow Tie ""},{""trait_type"":""Nerd"",""value"":""Skinny Nerd ""},{""trait_type"":""Background"",""value"":""Cyan Background ""}]"
1781,1359338,0xca3b20166e870da0c5838bc585c90f9aa226c9d1095c325df2a8a0572d8fcb53,"[{""trait_type"":""Glasses"",""value"":""Purple Rectangular Glasses ""},{""trait_type"":""Hair"",""value"":""Red Short Hair ""},{""trait_type"":""Mouth"",""value"":""Braces ""},{""trait_type"":""Clothes"",""value"":""Green Shirt ""},{""trait_type"":""Nerd"",""value"":""Fat Nerd ""},{""trait_type"":""Background"",""value"":""Purple Background ""}]"
1780,1358775,0xdff741c72bd9043c79059e45cf1d4f6283e91268218b897b36e43a066658bb69,"[{""trait_type"":""Glasses"",""value"":""No Glasses ""},{""trait_type"":""Hair"",""value"":""Red Hair ""},{""trait_type"":""Mouth"",""value"":""Braces ""},{""trait_type"":""Clothes"",""value"":""Red Shirt ""},{""trait_type"":""Nerd"",""value"":""Fat Nerd ""},{""trait_type"":""Background"",""value"":""Yellow Background ""}]"
1779,1359896,0x681e8e8648d107bdbce8d809912d245d567ef80832249936c1183cb5a7e160ee,"[{""trait_type"":""Glasses"",""value"":""Red Round Glasses ""},{""trait_type"":""Hair"",""value"":""Black Hair ""},{""trait_type"":""Mouth"",""value"":""Big Teeth ""},{""trait_type"":""Clothes"",""value"":""Yellow  T-Shirt ""},{""trait_type"":""Nerd"",""value"":""Skinny Nerd ""},{""trait_type"":""Background"",""value"":""Cyan Background ""}]"
1778,1359212,0x57acab0ca7588c2b480c838492379493dd268888bd38a9433f7359396cfddc0d,"[{""trait_type"":""Glasses"",""value"":""Blue Round Glasses ""},{""trait_type"":""Hair"",""value"":""Blonde Quiff Haircut ""},{""trait_type"":""Mouth"",""value"":""Braces ""},{""trait_type"":""Clothes"",""value"":""Yellow Shirt ""},{""trait_type"":""Nerd"",""value"":""Skinny Nerd ""},{""trait_type"":""Background"",""value"":""Green Background ""}]"
1777,1358580,0x5035987e49ac04c56adbf03454a7ce32c70330da5c8712691c3056a1f4d494c3,"[{""trait_type"":""Glasses"",""value"":""Green Round Glasses ""},{""trait_type"":""Hair"",""value"":""Red Messy Hair ""},{""trait_type"":""Mouth"",""value"":""Braces ""},{""trait_type"":""Clothes"",""value"":""Green Tie ""},{""trait_type"":""Nerd"",""value"":""Skinny Nerd ""},{""trait_type"":""Background"",""value"":""Purple Background ""}]"
1776,1360051,0x8399a41adbc75aa59f754604ce0d2400164d430e4973adf245cf43a74e3b1c0e,"[{""trait_type"":""Glasses"",""value"":""Red Rectangular Glasses ""},{""trait_type"":""Hair"",""value"":""Black Hair ""},{""trait_type"":""Mouth"",""value"":""Big Teeth ""},{""trait_type"":""Clothes"",""value"":""Yellow Shirt ""},{""trait_type"":""Nerd"",""value"":""Fat Nerd ""},{""trait_type"":""Background"",""value"":""Green Background ""}]"
1775,1360735,0x3972cc3d3f5b16d96892c1b84b98d8cf8252cf67d53e8b728eccd6a8c636648a,"[{""trait_type"":""Glasses"",""value"":""No Glasses ""},{""trait_type"":""Hair"",""value"":""Brown Quiff Haircut ""},{""trait_type"":""Mouth"",""value"":""Smile ""},{""trait_type"":""Clothes"",""value"":""Purple  T-Shirt ""},{""trait_type"":""Nerd"",""value"":""Skinny Nerd ""},{""trait_type"":""Background"",""value"":""Green Background ""}]"
1774,1360622,0xb116c12b7de6a93dedb4602ed5ee635375357708caa966c4b733f6e9d53513da,"[{""trait_type"":""Glasses"",""value"":""Red Round Glasses ""},{""trait_type"":""Hair"",""value"":""Black Messy Hair ""},{""trait_type"":""Mouth"",""value"":""Smile ""},{""trait_type"":""Clothes"",""value"":""Green Shirt ""},{""trait_type"":""Nerd"",""value"":""Fat Nerd ""},{""trait_type"":""Background"",""value"":""Blue Background ""}]"
1773,1360058,0x8872a330668de7f08eb99d894ca3000bce70a977cd2236d721ef8a6d96952143,"[{""trait_type"":""Glasses"",""value"":""Purple Round Glasses ""},{""trait_type"":""Hair"",""value"":""Blonde Messy Hair ""},{""trait_type"":""Mouth"",""value"":""Smile ""},{""trait_type"":""Clothes"",""value"":""Yellow Shirt ""},{""trait_type"":""Nerd"",""value"":""Skinny Nerd ""},{""trait_type"":""Background"",""value"":""Red Background ""}]"
1772,1358513,0x025cc25c6b293d3d96ae91038c9cea8bedf2c93e06c7cc228bd355c8f7a216f9,"[{""trait_type"":""Glasses"",""value"":""Yellow Round Glasses ""},{""trait_type"":""Hair"",""value"":""Red Quiff Haircut ""},{""trait_type"":""Mouth"",""value"":""Big Teeth ""},{""trait_type"":""Clothes"",""value"":""Purple  T-Shirt ""},{""trait_type"":""Nerd"",""value"":""Fat Nerd ""},{""trait_type"":""Background"",""value"":""Yellow Background ""}]"
1771,1360010,0xac190db9dd28ebbf6f0d125a5e9a17c38884ebc449cc65a1aeb8405440265099,"[{""trait_type"":""Glasses"",""value"":""Blue Round Glasses ""},{""trait_type"":""Hair"",""value"":""Black Bowl cut ""},{""trait_type"":""Mouth"",""value"":""Braces ""},{""trait_type"":""Clothes"",""value"":""Yellow  T-Shirt ""},{""trait_type"":""Nerd"",""value"":""Fat Nerd ""},{""trait_type"":""Background"",""value"":""Blue Background ""}]"
1770,1359629,0x2f9eab31d56b0425e962178e8efef942f98933cd5d8bb273a850e9f44f10bbc6,"[{""trait_type"":""Glasses"",""value"":""No Glasses ""},{""trait_type"":""Hair"",""value"":""Brown Hair ""},{""trait_type"":""Mouth"",""value"":""Big Teeth ""},{""trait_type"":""Clothes"",""value"":""Yellow Shirt ""},{""trait_type"":""Nerd"",""value"":""Fat Nerd ""},{""trait_type"":""Background"",""value"":""Orange Background ""}]"
1769,1360248,0xdaa32fdd556acfb83608f128604ff852dac25fb17e5516a4ce64a97a5dc0ffd3,"[{""trait_type"":""Glasses"",""value"":""Green Round Glasses ""},{""trait_type"":""Hair"",""value"":""Blonde Messy Hair ""},{""trait_type"":""Mouth"",""value"":""Braces ""},{""trait_type"":""Clothes"",""value"":""Purple  T-Shirt ""},{""trait_type"":""Nerd"",""value"":""Skinny Nerd ""},{""trait_type"":""Background"",""value"":""Yellow Background ""}]"
1768,1358627,0xf3e578474d78d918904a24fabc484a10fa54bb819fed5852b708e4b4cf622978,"[{""trait_type"":""Glasses"",""value"":""No Glasses ""},{""trait_type"":""Hair"",""value"":""Red Bowl cut ""},{""trait_type"":""Mouth"",""value"":""Smile ""},{""trait_type"":""Clothes"",""value"":""Purple Tie ""},{""trait_type"":""Nerd"",""value"":""Fat Nerd ""},{""trait_type"":""Background"",""value"":""Red Background ""}]"
1767,1358629,0x5b627effb420c78b0cfeab2a0fad23b4d8820f5d11b526220e17cdc73a7c852d,"[{""trait_type"":""Glasses"",""value"":""White Round Glasses ""},{""trait_type"":""Hair"",""value"":""Black Quiff Haircut ""},{""trait_type"":""Mouth"",""value"":""Big Teeth ""},{""trait_type"":""Clothes"",""value"":""Red Tie ""},{""trait_type"":""Nerd"",""value"":""Fat Nerd ""},{""trait_type"":""Background"",""value"":""Cyan Background ""}]"
1766,1360453,0x425473291fd1a69dedcdaee9a591dd77a6cd4714f5e7eacc2cf2efc599a6a826,"[{""trait_type"":""Glasses"",""value"":""No Glasses ""},{""trait_type"":""Hair"",""value"":""Red Quiff Haircut ""},{""trait_type"":""Mouth"",""value"":""Big Teeth ""},{""trait_type"":""Clothes"",""value"":""Yellow Tie ""},{""trait_type"":""Nerd"",""value"":""Skinny Nerd ""},{""trait_type"":""Background"",""value"":""Cyan Background ""}]"
1765,1358611,0x0cffd4e03e471ee984343fa52f179d60c17cbb4ec7a34015077d6b501c1ca5c7,"[{""trait_type"":""Glasses"",""value"":""Red Round Glasses ""},{""trait_type"":""Hair"",""value"":""Black Quiff Haircut ""},{""trait_type"":""Mouth"",""value"":""Braces ""},{""trait_type"":""Clothes"",""value"":""Green Shirt ""},{""trait_type"":""Nerd"",""value"":""Skinny Nerd ""},{""trait_type"":""Background"",""value"":""Orange Background ""}]"
1764,1359773,0x4629539877afcec1b2e6cea0c9ee9bf9939db7e4f5208b3a1efaba02c2b0b167,"[{""trait_type"":""Glasses"",""value"":""Green Round Glasses ""},{""trait_type"":""Hair"",""value"":""Red Messy Hair ""},{""trait_type"":""Mouth"",""value"":""Big Teeth ""},{""trait_type"":""Clothes"",""value"":""Red Tie ""},{""trait_type"":""Nerd"",""value"":""Skinny Nerd ""},{""trait_type"":""Background"",""value"":""Yellow Background ""}]"
1763,1359140,0x164cd889b304beea729bf242d44cc1d7f66540469796e793528ceb1898facf57,"[{""trait_type"":""Glasses"",""value"":""Yellow Rectangular Glasses ""},{""trait_type"":""Hair"",""value"":""Red Bowl cut ""},{""trait_type"":""Mouth"",""value"":""Smile ""},{""trait_type"":""Clothes"",""value"":""Green Tie ""},{""trait_type"":""Nerd"",""value"":""Skinny Nerd ""},{""trait_type"":""Background"",""value"":""Yellow Background ""}]"
1762,1360341,0x5a000bc00774cb8c98cc5d170c604c9fb35d8f5e6725db7a644e27f4fcad57e5,"[{""trait_type"":""Glasses"",""value"":""Green Rectangular Glasses ""},{""trait_type"":""Hair"",""value"":""Black Messy Hair ""},{""trait_type"":""Mouth"",""value"":""Braces ""},{""trait_type"":""Clothes"",""value"":""Blue Shirt ""},{""trait_type"":""Nerd"",""value"":""Fat Nerd ""},{""trait_type"":""Background"",""value"":""Green Background ""}]"
1761,1358550,0xa61a395e5779c26344073b7d16014bd01d57d3c46830c4bedcef6daf717fee57,"[{""trait_type"":""Glasses"",""value"":""No Glasses ""},{""trait_type"":""Hair"",""value"":""Blonde Messy Hair ""},{""trait_type"":""Mouth"",""value"":""Big Teeth ""},{""trait_type"":""Clothes"",""value"":""Blue Tie ""},{""trait_type"":""Nerd"",""value"":""Fat Nerd ""},{""trait_type"":""Background"",""value"":""Green Background ""}]"
1760,1358865,0xe94f39210cdc413d18d1cf458f611ec28cbe5963fd9fe621bd431d385a1c3140,"[{""trait_type"":""Glasses"",""value"":""Purple Rectangular Glasses ""},{""trait_type"":""Hair"",""value"":""Brown Bowl cut ""},{""trait_type"":""Mouth"",""value"":""Braces ""},{""trait_type"":""Clothes"",""value"":""Red  T-Shirt ""},{""trait_type"":""Nerd"",""value"":""Fat Nerd ""},{""trait_type"":""Background"",""value"":""Cyan Background ""}]"
1759,1358586,0x5486a0fea6ff7ffb2783afcdf4ff24ee3a5bf6d2f8ec03dc1fd1f762c132f868,"[{""trait_type"":""Glasses"",""value"":""Red Rectangular Glasses ""},{""trait_type"":""Hair"",""value"":""Blonde Quiff Haircut ""},{""trait_type"":""Mouth"",""value"":""Braces ""},{""trait_type"":""Clothes"",""value"":""Purple Tie ""},{""trait_type"":""Nerd"",""value"":""Skinny Nerd ""},{""trait_type"":""Background"",""value"":""Yellow Background ""}]"
1758,1359744,0xc4e14b42419a2c0d60964853ee24ef6c82e8f0502aecef45b6a9ecbb6da726f0,"[{""trait_type"":""Glasses"",""value"":""Blue Round Glasses ""},{""trait_type"":""Hair"",""value"":""Red Messy Hair ""},{""trait_type"":""Mouth"",""value"":""Smile ""},{""trait_type"":""Clothes"",""value"":""Green Shirt ""},{""trait_type"":""Nerd"",""value"":""Skinny Nerd ""},{""trait_type"":""Background"",""value"":""Cyan Background ""}]"
1757,1359450,0x295e5edc3cf6e467fd95c2e52f897b8c1e8162582dd467c2b6e532977332d925,"[{""trait_type"":""Glasses"",""value"":""No Glasses ""},{""trait_type"":""Hair"",""value"":""Black Quiff Haircut ""},{""trait_type"":""Mouth"",""value"":""Big Teeth ""},{""trait_type"":""Clothes"",""value"":""Blue  T-Shirt ""},{""trait_type"":""Nerd"",""value"":""Skinny Nerd ""},{""trait_type"":""Background"",""value"":""Cyan Background ""}]"
1756,1360720,0xf79f30209ec29b2d5341f11df374508b7dc143c0b44ff5515972473197f4ccde,"[{""trait_type"":""Glasses"",""value"":""No Glasses ""},{""trait_type"":""Hair"",""value"":""Red Hair ""},{""trait_type"":""Mouth"",""value"":""Smile ""},{""trait_type"":""Clothes"",""value"":""Blue Tie ""},{""trait_type"":""Nerd"",""value"":""Fat Nerd ""},{""trait_type"":""Background"",""value"":""Green Background ""}]"
1755,1359452,0x93e91f7e67b03b67d4004a17b6132322da3025b4bfb1807ec8d2af76a3920a9c,"[{""trait_type"":""Glasses"",""value"":""Black Round Glasses ""},{""trait_type"":""Hair"",""value"":""Blonde Messy Hair ""},{""trait_type"":""Mouth"",""value"":""Big Teeth ""},{""trait_type"":""Clothes"",""value"":""Red Tie ""},{""trait_type"":""Nerd"",""value"":""Skinny Nerd ""},{""trait_type"":""Background"",""value"":""Yellow Background ""}]"
1754,1358520,0x9ff364cbf2ae309be967c9813510fb10a34e064731d10060e8ce5c6c02795230,"[{""trait_type"":""Glasses"",""value"":""Blue Rectangular Glasses ""},{""trait_type"":""Hair"",""value"":""Black Hair ""},{""trait_type"":""Mouth"",""value"":""Braces ""},{""trait_type"":""Clothes"",""value"":""Purple  T-Shirt ""},{""trait_type"":""Nerd"",""value"":""Skinny Nerd ""},{""trait_type"":""Background"",""value"":""Red Background ""}]"
1753,1359815,0x68ec8b81db20afc5f243cd91a3bf366935e5721ba7327711f1ebb45d37bb339e,"[{""trait_type"":""Glasses"",""value"":""Green Rectangular Glasses ""},{""trait_type"":""Hair"",""value"":""Red Messy Hair ""},{""trait_type"":""Mouth"",""value"":""Braces ""},{""trait_type"":""Clothes"",""value"":""Red Tie ""},{""trait_type"":""Nerd"",""value"":""Fat Nerd ""},{""trait_type"":""Background"",""value"":""Purple Background ""}]"
1752,1359397,0x5023190aa743ce38a37181bf824e67bfca352fc1f58447c911ece0d54a4ab3e7,"[{""trait_type"":""Glasses"",""value"":""White Rectangular Glasses ""},{""trait_type"":""Hair"",""value"":""Red Quiff Haircut ""},{""trait_type"":""Mouth"",""value"":""Smile ""},{""trait_type"":""Clothes"",""value"":""Red Tie ""},{""trait_type"":""Nerd"",""value"":""Fat Nerd ""},{""trait_type"":""Background"",""value"":""Blue Background ""}]"
1751,1359272,0xe960a9086bda898a47532ed0008b9b421acee0c91ab16e90998a628f2022421c,"[{""trait_type"":""Glasses"",""value"":""White Round Glasses ""},{""trait_type"":""Hair"",""value"":""Black Bowl cut ""},{""trait_type"":""Mouth"",""value"":""Big Teeth ""},{""trait_type"":""Clothes"",""value"":""Green  T-Shirt ""},{""trait_type"":""Nerd"",""value"":""Fat Nerd ""},{""trait_type"":""Background"",""value"":""Yellow Background ""}]"
1750,1359979,0x81d2b59773cb8017a3a2e0e3b111b822eda19e47adaeddd8035385a863e30704,"[{""trait_type"":""Glasses"",""value"":""White Rectangular Glasses ""},{""trait_type"":""Hair"",""value"":""Red Hair ""},{""trait_type"":""Mouth"",""value"":""Smile ""},{""trait_type"":""Clothes"",""value"":""Yellow Tie ""},{""trait_type"":""Nerd"",""value"":""Fat Nerd ""},{""trait_type"":""Background"",""value"":""Green Background ""}]"
1749,1359293,0x210422c8fbeacd9aa55f1f963e8a5c4909ff189a2718ddcce7daa091a4845051,"[{""trait_type"":""Glasses"",""value"":""White Round Glasses ""},{""trait_type"":""Hair"",""value"":""Brown Short Hair ""},{""trait_type"":""Mouth"",""value"":""Braces ""},{""trait_type"":""Clothes"",""value"":""Yellow Tie ""},{""trait_type"":""Nerd"",""value"":""Fat Nerd ""},{""trait_type"":""Background"",""value"":""Yellow Background ""}]"
1748,1359068,0x1ab3e43bff9aa08db4ec39fa54ac394bfb77a51c01d06f4d66b24293aa7c9fe7,"[{""trait_type"":""Glasses"",""value"":""Green Rectangular Glasses ""},{""trait_type"":""Hair"",""value"":""Brown Bowl cut ""},{""trait_type"":""Mouth"",""value"":""Big Teeth ""},{""trait_type"":""Clothes"",""value"":""Purple  T-Shirt ""},{""trait_type"":""Nerd"",""value"":""Fat Nerd ""},{""trait_type"":""Background"",""value"":""Purple Background ""}]"
1747,1359684,0xe130f1c318bc88a7075c6f485e7767f88acaa60607126c3f9c870a27ce169bd3,"[{""trait_type"":""Glasses"",""value"":""Red Rectangular Glasses ""},{""trait_type"":""Hair"",""value"":""Black Bowl cut ""},{""trait_type"":""Mouth"",""value"":""Braces ""},{""trait_type"":""Clothes"",""value"":""Green  T-Shirt ""},{""trait_type"":""Nerd"",""value"":""Fat Nerd ""},{""trait_type"":""Background"",""value"":""Green Background ""}]"
1746,1360635,0x58e911faef4c26e2a623c60a275857e9a8521b6b2b7e1837687da793c314ee29,"[{""trait_type"":""Glasses"",""value"":""Yellow Rectangular Glasses ""},{""trait_type"":""Hair"",""value"":""Red Messy Hair ""},{""trait_type"":""Mouth"",""value"":""Big Teeth ""},{""trait_type"":""Clothes"",""value"":""Blue Shirt ""},{""trait_type"":""Nerd"",""value"":""Skinny Nerd ""},{""trait_type"":""Background"",""value"":""Orange Background ""}]"
1745,1358969,0xe73e6f39ecfa6e67008d6a6752522fe21973832da2d812bc31476013ae0d53f4,"[{""trait_type"":""Glasses"",""value"":""Red Rectangular Glasses ""},{""trait_type"":""Hair"",""value"":""Black Messy Hair ""},{""trait_type"":""Mouth"",""value"":""Braces ""},{""trait_type"":""Clothes"",""value"":""Red Shirt ""},{""trait_type"":""Nerd"",""value"":""Skinny Nerd ""},{""trait_type"":""Background"",""value"":""Red Background ""}]"
1744,1358584,0x3637aa24f63f89a158309ea97f0736b9ffa847e27ec608f2c7d9d1a5687d2f46,"[{""trait_type"":""Glasses"",""value"":""Green Round Glasses ""},{""trait_type"":""Hair"",""value"":""Red Messy Hair ""},{""trait_type"":""Mouth"",""value"":""Smile ""},{""trait_type"":""Clothes"",""value"":""Green Shirt ""},{""trait_type"":""Nerd"",""value"":""Skinny Nerd ""},{""trait_type"":""Background"",""value"":""Yellow Background ""}]"
1743,1359421,0xef4af771ea8154ca7603ed22f8282da29d254d28a4895497708543110cfda26a,"[{""trait_type"":""Glasses"",""value"":""Blue Round Glasses ""},{""trait_type"":""Hair"",""value"":""Black Bowl cut ""},{""trait_type"":""Mouth"",""value"":""Smile ""},{""trait_type"":""Clothes"",""value"":""Blue Tie ""},{""trait_type"":""Nerd"",""value"":""Skinny Nerd ""},{""trait_type"":""Background"",""value"":""Cyan Background ""}]"
1742,1359974,0x52424542c3f8fcb1ae211118f29455cfca731176a4ff29e08b3724356bbfa933,"[{""trait_type"":""Glasses"",""value"":""Green Round Glasses ""},{""trait_type"":""Hair"",""value"":""Red Hair ""},{""trait_type"":""Mouth"",""value"":""Smile ""},{""trait_type"":""Clothes"",""value"":""Yellow Tie ""},{""trait_type"":""Nerd"",""value"":""Fat Nerd ""},{""trait_type"":""Background"",""value"":""Yellow Background ""}]"
1741,1359442,0x475a0c3cde0594190571f03fd4094814ee683a71d58f8acd5fe454ba1915816f,"[{""trait_type"":""Glasses"",""value"":""Green Round Glasses ""},{""trait_type"":""Hair"",""value"":""Blonde Hair ""},{""trait_type"":""Mouth"",""value"":""Big Teeth ""},{""trait_type"":""Clothes"",""value"":""Blue Shirt ""},{""trait_type"":""Nerd"",""value"":""Fat Nerd ""},{""trait_type"":""Background"",""value"":""Blue Background ""}]"
1740,1359268,0x697db8e0edc181ee17bed355f96ef20d24d3d0657f3b7e471fb8a9dd851aca7c,"[{""trait_type"":""Glasses"",""value"":""No Glasses ""},{""trait_type"":""Hair"",""value"":""Black Messy Hair ""},{""trait_type"":""Mouth"",""value"":""Smile ""},{""trait_type"":""Clothes"",""value"":""Red  T-Shirt ""},{""trait_type"":""Nerd"",""value"":""Skinny Nerd ""},{""trait_type"":""Background"",""value"":""Purple Background ""}]"
1739,1360422,0x438a1b8671190eaf87ab56a71f853d24f73f48a3e66af3847da77792811b1d33,"[{""trait_type"":""Glasses"",""value"":""White Rectangular Glasses ""},{""trait_type"":""Hair"",""value"":""Red Short Hair ""},{""trait_type"":""Mouth"",""value"":""Braces ""},{""trait_type"":""Clothes"",""value"":""Yellow  T-Shirt ""},{""trait_type"":""Nerd"",""value"":""Fat Nerd ""},{""trait_type"":""Background"",""value"":""Blue Background ""}]"
1738,1359139,0xca3d6d5ef6d76be25d636f1680a35c94dece1ad6a4abfb05632b3545aa3bc465,"[{""trait_type"":""Glasses"",""value"":""Red Rectangular Glasses ""},{""trait_type"":""Hair"",""value"":""Blonde Bowl cut ""},{""trait_type"":""Mouth"",""value"":""Big Teeth ""},{""trait_type"":""Clothes"",""value"":""Purple Tie ""},{""trait_type"":""Nerd"",""value"":""Fat Nerd ""},{""trait_type"":""Background"",""value"":""Orange Background ""}]"
1737,1359197,0x235679b734cd581b3f4d93272f4a456e474c559dff187026f10909ddf428f15d,"[{""trait_type"":""Glasses"",""value"":""Red Rectangular Glasses ""},{""trait_type"":""Hair"",""value"":""Brown Short Hair ""},{""trait_type"":""Mouth"",""value"":""Braces ""},{""trait_type"":""Clothes"",""value"":""Yellow Tie ""},{""trait_type"":""Nerd"",""value"":""Skinny Nerd ""},{""trait_type"":""Background"",""value"":""Orange Background ""}]"
1736,1358564,0xbd0bb07de55c7fbd5dd727d50e93d6ab2392cb43a7e402bbd1a75e7404903c8f,"[{""trait_type"":""Glasses"",""value"":""Purple Rectangular Glasses ""},{""trait_type"":""Hair"",""value"":""Brown Messy Hair ""},{""trait_type"":""Mouth"",""value"":""Smile ""},{""trait_type"":""Clothes"",""value"":""Red Tie ""},{""trait_type"":""Nerd"",""value"":""Fat Nerd ""},{""trait_type"":""Background"",""value"":""Blue Background ""}]"
1735,1359722,0x851ca936e78cbeae53ee689006f1cb0cb552f79ce7df573a9dc51ccb9069aaf6,"[{""trait_type"":""Glasses"",""value"":""Green Round Glasses ""},{""trait_type"":""Hair"",""value"":""Black Hair ""},{""trait_type"":""Mouth"",""value"":""Braces ""},{""trait_type"":""Clothes"",""value"":""Yellow  T-Shirt ""},{""trait_type"":""Nerd"",""value"":""Skinny Nerd ""},{""trait_type"":""Background"",""value"":""Green Background ""}]"
1734,1358440,0x43b4d64d1de634caf724dc750a7347c6721da4e52ca74786693d26083f51ba73,"[{""trait_type"":""Glasses"",""value"":""Green Rectangular Glasses ""},{""trait_type"":""Hair"",""value"":""Blonde Messy Hair ""},{""trait_type"":""Mouth"",""value"":""Braces ""},{""trait_type"":""Clothes"",""value"":""Blue  T-Shirt ""},{""trait_type"":""Nerd"",""value"":""Skinny Nerd ""},{""trait_type"":""Background"",""value"":""Cyan Background ""}]"
1733,1360559,0xf9f0390e229e75f54941e1506a44b9350b019baa2d0a613df925faa9fbbdeefe,"[{""trait_type"":""Glasses"",""value"":""Green Round Glasses ""},{""trait_type"":""Hair"",""value"":""Blonde Short Hair ""},{""trait_type"":""Mouth"",""value"":""Braces ""},{""trait_type"":""Clothes"",""value"":""Purple  T-Shirt ""},{""trait_type"":""Nerd"",""value"":""Fat Nerd ""},{""trait_type"":""Background"",""value"":""Green Background ""}]"
1732,1358883,0xb1f31e9f4afeed31345951270a65cb80200d5b45c1a4fd738be53b0450afd1d4,"[{""trait_type"":""Glasses"",""value"":""Yellow Round Glasses ""},{""trait_type"":""Hair"",""value"":""Red Messy Hair ""},{""trait_type"":""Mouth"",""value"":""Braces ""},{""trait_type"":""Clothes"",""value"":""Red Shirt ""},{""trait_type"":""Nerd"",""value"":""Skinny Nerd ""},{""trait_type"":""Background"",""value"":""Purple Background ""}]"
1731,1359789,0xf12ea3c3c64186c08b1e800fa4f3ec6e60e17b69fb5f4e59b8de2d7a5cd99a4c,"[{""trait_type"":""Glasses"",""value"":""Blue Rectangular Glasses ""},{""trait_type"":""Hair"",""value"":""Red Short Hair ""},{""trait_type"":""Mouth"",""value"":""Smile ""},{""trait_type"":""Clothes"",""value"":""Yellow Shirt ""},{""trait_type"":""Nerd"",""value"":""Skinny Nerd ""},{""trait_type"":""Background"",""value"":""Orange Background ""}]"
1730,1359931,0x4322bfc4cbf3fb7302776d628c738208325fcf12b821df565d1e504edb61c55a,"[{""trait_type"":""Glasses"",""value"":""Yellow Round Glasses ""},{""trait_type"":""Hair"",""value"":""Red Bowl cut ""},{""trait_type"":""Mouth"",""value"":""Smile ""},{""trait_type"":""Clothes"",""value"":""Blue Tie ""},{""trait_type"":""Nerd"",""value"":""Skinny Nerd ""},{""trait_type"":""Background"",""value"":""Orange Background ""}]"
1729,1360734,0xd170d119efa0aa94c4692b89e1d9d8c96a5cff4e20bf93154c3deffb941c3424,"[{""trait_type"":""Glasses"",""value"":""Green Rectangular Glasses ""},{""trait_type"":""Hair"",""value"":""Red Hair ""},{""trait_type"":""Mouth"",""value"":""Braces ""},{""trait_type"":""Clothes"",""value"":""Blue Shirt ""},{""trait_type"":""Nerd"",""value"":""Skinny Nerd ""},{""trait_type"":""Background"",""value"":""Cyan Background ""}]"
1728,1360203,0x4f2defbe63aa09dc360e204b4e9d82c79870a7ac8b9968d48db09e5f8762ab3d,"[{""trait_type"":""Glasses"",""value"":""Yellow Rectangular Glasses ""},{""trait_type"":""Hair"",""value"":""Black Hair ""},{""trait_type"":""Mouth"",""value"":""Smile ""},{""trait_type"":""Clothes"",""value"":""Yellow  T-Shirt ""},{""trait_type"":""Nerd"",""value"":""Fat Nerd ""},{""trait_type"":""Background"",""value"":""Green Background ""}]"
1727,1359036,0xc6da15712d6d2a4709d659b9e923382b7b41faff54d1358394152eaa13f67b14,"[{""trait_type"":""Glasses"",""value"":""Red Rectangular Glasses ""},{""trait_type"":""Hair"",""value"":""Blonde Quiff Haircut ""},{""trait_type"":""Mouth"",""value"":""Smile ""},{""trait_type"":""Clothes"",""value"":""Red  T-Shirt ""},{""trait_type"":""Nerd"",""value"":""Skinny Nerd ""},{""trait_type"":""Background"",""value"":""Blue Background ""}]"
1726,1359353,0x83198cd30d835d20029a506f94219c9f1c0e9429bea86763a083506bceb13c0c,"[{""trait_type"":""Glasses"",""value"":""Red Rectangular Glasses ""},{""trait_type"":""Hair"",""value"":""Brown Messy Hair ""},{""trait_type"":""Mouth"",""value"":""Big Teeth ""},{""trait_type"":""Clothes"",""value"":""Red  T-Shirt ""},{""trait_type"":""Nerd"",""value"":""Skinny Nerd ""},{""trait_type"":""Background"",""value"":""Yellow Background ""}]"
1725,1360533,0x7b90390c3d6fe4e9835615ef80886a9821b169062bb41201afcfc8b5bc8923e4,"[{""trait_type"":""Glasses"",""value"":""White Round Glasses ""},{""trait_type"":""Hair"",""value"":""Black Messy Hair ""},{""trait_type"":""Mouth"",""value"":""Braces ""},{""trait_type"":""Clothes"",""value"":""Red Tie ""},{""trait_type"":""Nerd"",""value"":""Fat Nerd ""},{""trait_type"":""Background"",""value"":""Cyan Background ""}]"
1724,1360672,0x7abaf4c64160df6ca0337915ba781ff6eaec480f921cd5ba7f8b3ea4738ecede,"[{""trait_type"":""Glasses"",""value"":""Blue Rectangular Glasses ""},{""trait_type"":""Hair"",""value"":""Brown Messy Hair ""},{""trait_type"":""Mouth"",""value"":""Big Teeth ""},{""trait_type"":""Clothes"",""value"":""Red  T-Shirt ""},{""trait_type"":""Nerd"",""value"":""Fat Nerd ""},{""trait_type"":""Background"",""value"":""Red Background ""}]"
1723,1359481,0x473cd0111a65fc08a03e452ca7259e516f8148ab1b682ec9a5fff61f1c85090d,"[{""trait_type"":""Glasses"",""value"":""Purple Round Glasses ""},{""trait_type"":""Hair"",""value"":""Black Short Hair ""},{""trait_type"":""Mouth"",""value"":""Braces ""},{""trait_type"":""Clothes"",""value"":""Green Shirt ""},{""trait_type"":""Nerd"",""value"":""Skinny Nerd ""},{""trait_type"":""Background"",""value"":""Cyan Background ""}]"
1722,1360610,0xb8800677a29bed79d89ff5f97bf0d4a97bc1bfd58301e458db68b9c5e23d909c,"[{""trait_type"":""Glasses"",""value"":""Red Round Glasses ""},{""trait_type"":""Hair"",""value"":""Red Messy Hair ""},{""trait_type"":""Mouth"",""value"":""Big Teeth ""},{""trait_type"":""Clothes"",""value"":""Green Shirt ""},{""trait_type"":""Nerd"",""value"":""Fat Nerd ""},{""trait_type"":""Background"",""value"":""Cyan Background ""}]"
1721,1358444,0xb17390222e361155ac49f8965de49ad2c3741bf2f6a6d4cd1d47df7d8d863c23,"[{""trait_type"":""Glasses"",""value"":""Yellow Round Glasses ""},{""trait_type"":""Hair"",""value"":""Blonde Short Hair ""},{""trait_type"":""Mouth"",""value"":""Big Teeth ""},{""trait_type"":""Clothes"",""value"":""Red  T-Shirt ""},{""trait_type"":""Nerd"",""value"":""Skinny Nerd ""},{""trait_type"":""Background"",""value"":""Yellow Background ""}]"
1720,1360164,0x556966e9f46628aca19fbfe80eb1eaa9f0878ad7329bf002dbb9363601d2b39a,"[{""trait_type"":""Glasses"",""value"":""No Glasses ""},{""trait_type"":""Hair"",""value"":""Black Messy Hair ""},{""trait_type"":""Mouth"",""value"":""Braces ""},{""trait_type"":""Clothes"",""value"":""Red Tie ""},{""trait_type"":""Nerd"",""value"":""Fat Nerd ""},{""trait_type"":""Background"",""value"":""Purple Background ""}]"
1719,1360508,0x3294726d77b5d8fca4871e05e12e62a17ac186230c96a39a1028ab3fa784bc5a,"[{""trait_type"":""Glasses"",""value"":""No Glasses ""},{""trait_type"":""Hair"",""value"":""Red Short Hair ""},{""trait_type"":""Mouth"",""value"":""Smile ""},{""trait_type"":""Clothes"",""value"":""Green  T-Shirt ""},{""trait_type"":""Nerd"",""value"":""Fat Nerd ""},{""trait_type"":""Background"",""value"":""Orange Background ""}]"
1718,1359514,0x9795046ed3a5dd4d3cd536231cf95eaad8b1c5881c5cbfbd177b8719e842a53c,"[{""trait_type"":""Glasses"",""value"":""Green Round Glasses ""},{""trait_type"":""Hair"",""value"":""Brown Bowl cut ""},{""trait_type"":""Mouth"",""value"":""Smile ""},{""trait_type"":""Clothes"",""value"":""Blue Shirt ""},{""trait_type"":""Nerd"",""value"":""Skinny Nerd ""},{""trait_type"":""Background"",""value"":""Blue Background ""}]"
1717,1359950,0x2a1f2973aa203b928c811e54ba7a6f81d2d9fc2e181119fe65c80f82cafda19f,"[{""trait_type"":""Glasses"",""value"":""No Glasses ""},{""trait_type"":""Hair"",""value"":""Blonde Quiff Haircut ""},{""trait_type"":""Mouth"",""value"":""Braces ""},{""trait_type"":""Clothes"",""value"":""Red Shirt ""},{""trait_type"":""Nerd"",""value"":""Fat Nerd ""},{""trait_type"":""Background"",""value"":""Blue Background ""}]"
1716,1360479,0xe20fac095ffa384083825105bdfb537c61855a83c94afedbefe3671c1963c582,"[{""trait_type"":""Glasses"",""value"":""Black Rectangular Glasses ""},{""trait_type"":""Hair"",""value"":""Brown Quiff Haircut ""},{""trait_type"":""Mouth"",""value"":""Big Teeth ""},{""trait_type"":""Clothes"",""value"":""Yellow Shirt ""},{""trait_type"":""Nerd"",""value"":""Skinny Nerd ""},{""trait_type"":""Background"",""value"":""Green Background ""}]"
1715,1360676,0xe0608d19868088584d6339f6ad36c36e92ec143df7201a436d69489de941405b,"[{""trait_type"":""Glasses"",""value"":""Purple Round Glasses ""},{""trait_type"":""Hair"",""value"":""Blonde Bowl cut ""},{""trait_type"":""Mouth"",""value"":""Big Teeth ""},{""trait_type"":""Clothes"",""value"":""Green  T-Shirt ""},{""trait_type"":""Nerd"",""value"":""Skinny Nerd ""},{""trait_type"":""Background"",""value"":""Cyan Background ""}]"
1714,1358911,0x3383c74833dfb39aded219ed0cfab3286009ef6917e8eb7601d14284c8d4a062,"[{""trait_type"":""Glasses"",""value"":""White Round Glasses ""},{""trait_type"":""Hair"",""value"":""Black Short Hair ""},{""trait_type"":""Mouth"",""value"":""Smile ""},{""trait_type"":""Clothes"",""value"":""Yellow  T-Shirt ""},{""trait_type"":""Nerd"",""value"":""Skinny Nerd ""},{""trait_type"":""Background"",""value"":""Red Background ""}]"
1713,1359375,0x5187f8f70f2fce131d4b1daba24a63ff369e06d82c9bb40cf93bbd8b9a85b8fd,"[{""trait_type"":""Glasses"",""value"":""No Glasses ""},{""trait_type"":""Hair"",""value"":""Red Quiff Haircut ""},{""trait_type"":""Mouth"",""value"":""Braces ""},{""trait_type"":""Clothes"",""value"":""Green  T-Shirt ""},{""trait_type"":""Nerd"",""value"":""Skinny Nerd ""},{""trait_type"":""Background"",""value"":""Cyan Background ""}]"
1712,1360011,0xcef833586d9f81a072d451290855a36ea6900ef36dd64a2b28cb1af8d538f116,"[{""trait_type"":""Glasses"",""value"":""Purple Round Glasses ""},{""trait_type"":""Hair"",""value"":""Blonde Hair ""},{""trait_type"":""Mouth"",""value"":""Smile ""},{""trait_type"":""Clothes"",""value"":""Yellow Tie ""},{""trait_type"":""Nerd"",""value"":""Skinny Nerd ""},{""trait_type"":""Background"",""value"":""Green Background ""}]"
1711,1359381,0x3e4876648b687151d7c3caf792f60e07948fd89ebb035fc78003d9b65f8b0821,"[{""trait_type"":""Glasses"",""value"":""Red Rectangular Glasses ""},{""trait_type"":""Hair"",""value"":""Red Messy Hair ""},{""trait_type"":""Mouth"",""value"":""Smile ""},{""trait_type"":""Clothes"",""value"":""Yellow  T-Shirt ""},{""trait_type"":""Nerd"",""value"":""Skinny Nerd ""},{""trait_type"":""Background"",""value"":""Red Background ""}]"
1710,1359820,0xbbf4a23b704014d5f22308858ccf340a54f418f0333828e7f7a0560183cff16e,"[{""trait_type"":""Glasses"",""value"":""Purple Round Glasses ""},{""trait_type"":""Hair"",""value"":""Brown Quiff Haircut ""},{""trait_type"":""Mouth"",""value"":""Smile ""},{""trait_type"":""Clothes"",""value"":""Green Tie ""},{""trait_type"":""Nerd"",""value"":""Skinny Nerd ""},{""trait_type"":""Background"",""value"":""Yellow Background ""}]"
1709,1360613,0x86d4e9f02342dc99f4fec4d51232c112c914655d5a9f8105f36e6bbc7d4e2276,"[{""trait_type"":""Glasses"",""value"":""Blue Rectangular Glasses ""},{""trait_type"":""Hair"",""value"":""Black Short Hair ""},{""trait_type"":""Mouth"",""value"":""Braces ""},{""trait_type"":""Clothes"",""value"":""Red Tie ""},{""trait_type"":""Nerd"",""value"":""Fat Nerd ""},{""trait_type"":""Background"",""value"":""Red Background ""}]"
1708,1360597,0xba874161adc0645d53f67cb2715b5454e029097c687ffb992c193f0f9ff1655e,"[{""trait_type"":""Glasses"",""value"":""Purple Round Glasses ""},{""trait_type"":""Hair"",""value"":""Red Messy Hair ""},{""trait_type"":""Mouth"",""value"":""Braces ""},{""trait_type"":""Clothes"",""value"":""Yellow Tie ""},{""trait_type"":""Nerd"",""value"":""Fat Nerd ""},{""trait_type"":""Background"",""value"":""Red Background ""}]"
1707,1360294,0xc9bbf9ce65050e85cf07e6d5462277ec954112e3febd3fbf87f00cc8b8211b47,"[{""trait_type"":""Glasses"",""value"":""Black Round Glasses ""},{""trait_type"":""Hair"",""value"":""Blonde Quiff Haircut ""},{""trait_type"":""Mouth"",""value"":""Braces ""},{""trait_type"":""Clothes"",""value"":""Yellow Shirt ""},{""trait_type"":""Nerd"",""value"":""Fat Nerd ""},{""trait_type"":""Background"",""value"":""Purple Background ""}]"
1706,1359262,0x9404203558f77bd60cad30c3c68bd9e01b9f73bc50119b174f81987c54c54818,"[{""trait_type"":""Glasses"",""value"":""No Glasses ""},{""trait_type"":""Hair"",""value"":""Brown Hair ""},{""trait_type"":""Mouth"",""value"":""Braces ""},{""trait_type"":""Clothes"",""value"":""Red  T-Shirt ""},{""trait_type"":""Nerd"",""value"":""Skinny Nerd ""},{""trait_type"":""Background"",""value"":""Cyan Background ""}]"
1705,1358928,0xd17e6cba8a21e5356c265dfb39723c04d1cbc9ded21286f2ede02bd8edac989f,"[{""trait_type"":""Glasses"",""value"":""Green Round Glasses ""},{""trait_type"":""Hair"",""value"":""Brown Short Hair ""},{""trait_type"":""Mouth"",""value"":""Smile ""},{""trait_type"":""Clothes"",""value"":""Green Tie ""},{""trait_type"":""Nerd"",""value"":""Skinny Nerd ""},{""trait_type"":""Background"",""value"":""Red Background ""}]"
1704,1359712,0x7f3dc39730bf7b9931b109ec550ef274be707378bc2f250d3b559463ddc90317,"[{""trait_type"":""Glasses"",""value"":""Yellow Round Glasses ""},{""trait_type"":""Hair"",""value"":""Brown Short Hair ""},{""trait_type"":""Mouth"",""value"":""Braces ""},{""trait_type"":""Clothes"",""value"":""Green Shirt ""},{""trait_type"":""Nerd"",""value"":""Skinny Nerd ""},{""trait_type"":""Background"",""value"":""Orange Background ""}]"
1703,1359426,0x04358499d1960e7295cf1a0ed467bce5c0cea5872bebc9128148f8291d6d6699,"[{""trait_type"":""Glasses"",""value"":""Green Round Glasses ""},{""trait_type"":""Hair"",""value"":""Black Short Hair ""},{""trait_type"":""Mouth"",""value"":""Smile ""},{""trait_type"":""Clothes"",""value"":""Blue Shirt ""},{""trait_type"":""Nerd"",""value"":""Fat Nerd ""},{""trait_type"":""Background"",""value"":""Blue Background ""}]"
1702,1358864,0xae343978c1348cf02d1badf8040d810bb9db6bb5b752c9e50b4cc6c430a1e44f,"[{""trait_type"":""Glasses"",""value"":""White Round Glasses ""},{""trait_type"":""Hair"",""value"":""Brown Messy Hair ""},{""trait_type"":""Mouth"",""value"":""Smile ""},{""trait_type"":""Clothes"",""value"":""Green  T-Shirt ""},{""trait_type"":""Nerd"",""value"":""Fat Nerd ""},{""trait_type"":""Background"",""value"":""Orange Background ""}]"
1701,1359330,0xb61fdac30f46814e8c6838dc5aed6fbe6833541863cddd82129285b27b0925b8,"[{""trait_type"":""Glasses"",""value"":""White Rectangular Glasses ""},{""trait_type"":""Hair"",""value"":""Red Hair ""},{""trait_type"":""Mouth"",""value"":""Braces ""},{""trait_type"":""Clothes"",""value"":""Blue Shirt ""},{""trait_type"":""Nerd"",""value"":""Skinny Nerd ""},{""trait_type"":""Background"",""value"":""Yellow Background ""}]"
1700,1358707,0x3f7e073d009d176e26a94452ff7e56785dc85753c82eeb79ddc6357c150ea06f,"[{""trait_type"":""Glasses"",""value"":""Red Rectangular Glasses ""},{""trait_type"":""Hair"",""value"":""Brown Quiff Haircut ""},{""trait_type"":""Mouth"",""value"":""Big Teeth ""},{""trait_type"":""Clothes"",""value"":""Red Tie ""},{""trait_type"":""Nerd"",""value"":""Fat Nerd ""},{""trait_type"":""Background"",""value"":""Red Background ""}]"
1699,1360654,0x7536c045f907f2dccbb10eecd09b21c61745f1364c8e9bb2bd5f76f6d51824f9,"[{""trait_type"":""Glasses"",""value"":""Purple Round Glasses ""},{""trait_type"":""Hair"",""value"":""Blonde Short Hair ""},{""trait_type"":""Mouth"",""value"":""Braces ""},{""trait_type"":""Clothes"",""value"":""Purple  T-Shirt ""},{""trait_type"":""Nerd"",""value"":""Skinny Nerd ""},{""trait_type"":""Background"",""value"":""Blue Background ""}]"
1698,1360701,0x4c6c55de716b3b333b454604bd0ac652ec1cede26e70ce5f68dd7e3795b49550,"[{""trait_type"":""Glasses"",""value"":""Yellow Round Glasses ""},{""trait_type"":""Hair"",""value"":""Black Short Hair ""},{""trait_type"":""Mouth"",""value"":""Big Teeth ""},{""trait_type"":""Clothes"",""value"":""Red Shirt ""},{""trait_type"":""Nerd"",""value"":""Skinny Nerd ""},{""trait_type"":""Background"",""value"":""Red Background ""}]"
1697,1358563,0x20f8b89eccb38bb4da24129721b64cd65a0650613bb7e9cc2aeb35b0bb50ac16,"[{""trait_type"":""Glasses"",""value"":""White Round Glasses ""},{""trait_type"":""Hair"",""value"":""Brown Short Hair ""},{""trait_type"":""Mouth"",""value"":""Braces ""},{""trait_type"":""Clothes"",""value"":""Green Shirt ""},{""trait_type"":""Nerd"",""value"":""Fat Nerd ""},{""trait_type"":""Background"",""value"":""Purple Background ""}]"
1696,1359398,0xbec823711ee3c21243e4a0cc24821c02dd1e18d45e451c20dc0ecb4b1f902be9,"[{""trait_type"":""Glasses"",""value"":""Red Rectangular Glasses ""},{""trait_type"":""Hair"",""value"":""Brown Messy Hair ""},{""trait_type"":""Mouth"",""value"":""Smile ""},{""trait_type"":""Clothes"",""value"":""Yellow Tie ""},{""trait_type"":""Nerd"",""value"":""Skinny Nerd ""},{""trait_type"":""Background"",""value"":""Yellow Background ""}]"
1695,1359523,0xc8280de15d2fcd26e4629e2bc6d0accec1d5a567f4a6fb5ae6f206a54d2f79fa,"[{""trait_type"":""Glasses"",""value"":""Green Rectangular Glasses ""},{""trait_type"":""Hair"",""value"":""Blonde Quiff Haircut ""},{""trait_type"":""Mouth"",""value"":""Braces ""},{""trait_type"":""Clothes"",""value"":""Red Shirt ""},{""trait_type"":""Nerd"",""value"":""Fat Nerd ""},{""trait_type"":""Background"",""value"":""Purple Background ""}]"
1694,1360295,0x77d43f74849ef6acf038d84efcb53f0b96df0e471e4c66b91df0624f7a77dad6,"[{""trait_type"":""Glasses"",""value"":""Yellow Rectangular Glasses ""},{""trait_type"":""Hair"",""value"":""Black Hair ""},{""trait_type"":""Mouth"",""value"":""Braces ""},{""trait_type"":""Clothes"",""value"":""Yellow Shirt ""},{""trait_type"":""Nerd"",""value"":""Fat Nerd ""},{""trait_type"":""Background"",""value"":""Red Background ""}]"
1693,1359922,0xd5ea018ececacc450d1f66f0c6c01ab971882ab06dd00ab1f784796c9d34c07a,"[{""trait_type"":""Glasses"",""value"":""Green Round Glasses ""},{""trait_type"":""Hair"",""value"":""Red Short Hair ""},{""trait_type"":""Mouth"",""value"":""Braces ""},{""trait_type"":""Clothes"",""value"":""Purple Tie ""},{""trait_type"":""Nerd"",""value"":""Skinny Nerd ""},{""trait_type"":""Background"",""value"":""Green Background ""}]"
1692,1359308,0x713fe6bdea0be0b1456fd0e7f042a1062e6cb3b0f9599ad81cc92da0b9d409de,"[{""trait_type"":""Glasses"",""value"":""White Rectangular Glasses ""},{""trait_type"":""Hair"",""value"":""Black Quiff Haircut ""},{""trait_type"":""Mouth"",""value"":""Big Teeth ""},{""trait_type"":""Clothes"",""value"":""Blue Shirt ""},{""trait_type"":""Nerd"",""value"":""Fat Nerd ""},{""trait_type"":""Background"",""value"":""Blue Background ""}]"
1691,1359960,0xbe3490eb057e78d3b292dd13c2e55ff158721c7adbe0027cc7dc0dede4dec552,"[{""trait_type"":""Glasses"",""value"":""White Rectangular Glasses ""},{""trait_type"":""Hair"",""value"":""Brown Bowl cut ""},{""trait_type"":""Mouth"",""value"":""Smile ""},{""trait_type"":""Clothes"",""value"":""Yellow Tie ""},{""trait_type"":""Nerd"",""value"":""Skinny Nerd ""},{""trait_type"":""Background"",""value"":""Yellow Background ""}]"
1690,1359933,0x3c69e6ab7bbe5d70ee3d53fd0f0a5a0fed72d6237bca0ec4e62e41d1b8b97caf,"[{""trait_type"":""Glasses"",""value"":""Red Round Glasses ""},{""trait_type"":""Hair"",""value"":""Black Quiff Haircut ""},{""trait_type"":""Mouth"",""value"":""Big Teeth ""},{""trait_type"":""Clothes"",""value"":""Blue Tie ""},{""trait_type"":""Nerd"",""value"":""Fat Nerd ""},{""trait_type"":""Background"",""value"":""Orange Background ""}]"
1689,1360731,0xe1697897d4a0f05400d56b770a5035903c72e83fb58b1bbf05f41e9701bac6ca,"[{""trait_type"":""Glasses"",""value"":""White Round Glasses ""},{""trait_type"":""Hair"",""value"":""Black Bowl cut ""},{""trait_type"":""Mouth"",""value"":""Big Teeth ""},{""trait_type"":""Clothes"",""value"":""Green Shirt ""},{""trait_type"":""Nerd"",""value"":""Fat Nerd ""},{""trait_type"":""Background"",""value"":""Blue Background ""}]"
1688,1360270,0x46be3b335f5ccbda97eaf2cd292622b125eb24f9adc7d2efe5583981f1583559,"[{""trait_type"":""Glasses"",""value"":""Yellow Rectangular Glasses ""},{""trait_type"":""Hair"",""value"":""Red Hair ""},{""trait_type"":""Mouth"",""value"":""Smile ""},{""trait_type"":""Clothes"",""value"":""Blue  T-Shirt ""},{""trait_type"":""Nerd"",""value"":""Skinny Nerd ""},{""trait_type"":""Background"",""value"":""Cyan Background ""}]"
1687,1359213,0xab2ef271923266c23bf6384aa6f1a9729e20b27dd25fd98b3663db8f1e835a8e,"[{""trait_type"":""Glasses"",""value"":""Green Rectangular Glasses ""},{""trait_type"":""Hair"",""value"":""Brown Messy Hair ""},{""trait_type"":""Mouth"",""value"":""Braces ""},{""trait_type"":""Clothes"",""value"":""Blue  T-Shirt ""},{""trait_type"":""Nerd"",""value"":""Fat Nerd ""},{""trait_type"":""Background"",""value"":""Blue Background ""}]"
1686,1359843,0xd0edf0efa377efaf9242cb875e9747596c0422dd956551f18ab1c0180d9036cd,"[{""trait_type"":""Glasses"",""value"":""Red Round Glasses ""},{""trait_type"":""Hair"",""value"":""Red Hair ""},{""trait_type"":""Mouth"",""value"":""Smile ""},{""trait_type"":""Clothes"",""value"":""Purple  T-Shirt ""},{""trait_type"":""Nerd"",""value"":""Fat Nerd ""},{""trait_type"":""Background"",""value"":""Green Background ""}]"
1685,1360082,0x745f7559b9021f76971f36804718ad011b6918746d05f59cb379d8d55e569f5f,"[{""trait_type"":""Glasses"",""value"":""Blue Round Glasses ""},{""trait_type"":""Hair"",""value"":""Blonde Messy Hair ""},{""trait_type"":""Mouth"",""value"":""Braces ""},{""trait_type"":""Clothes"",""value"":""Blue  T-Shirt ""},{""trait_type"":""Nerd"",""value"":""Fat Nerd ""},{""trait_type"":""Background"",""value"":""Orange Background ""}]"
1684,1360401,0x577a8bf468bc757afe329b69c69d2002d0d8ad657361fd8867923d1e310ea5de,"[{""trait_type"":""Glasses"",""value"":""Green Rectangular Glasses ""},{""trait_type"":""Hair"",""value"":""Blonde Hair ""},{""trait_type"":""Mouth"",""value"":""Big Teeth ""},{""trait_type"":""Clothes"",""value"":""Green Shirt ""},{""trait_type"":""Nerd"",""value"":""Fat Nerd ""},{""trait_type"":""Background"",""value"":""Cyan Background ""}]"
1683,1360405,0xeac7fb2bd5310a5d7aa5e60864f2757251612d8cf10c24e9c6d309f3e5587ef0,"[{""trait_type"":""Glasses"",""value"":""White Rectangular Glasses ""},{""trait_type"":""Hair"",""value"":""Red Bowl cut ""},{""trait_type"":""Mouth"",""value"":""Braces ""},{""trait_type"":""Clothes"",""value"":""Yellow Tie ""},{""trait_type"":""Nerd"",""value"":""Fat Nerd ""},{""trait_type"":""Background"",""value"":""Green Background ""}]"
1682,1358709,0x9746300bcbd80efc166dd7afbd108a51a79a37c5d53533b7d7a5f7ed454b5032,"[{""trait_type"":""Glasses"",""value"":""Blue Rectangular Glasses ""},{""trait_type"":""Hair"",""value"":""Blonde Bowl cut ""},{""trait_type"":""Mouth"",""value"":""Smile ""},{""trait_type"":""Clothes"",""value"":""Purple Tie ""},{""trait_type"":""Nerd"",""value"":""Skinny Nerd ""},{""trait_type"":""Background"",""value"":""Orange Background ""}]"
1681,1358551,0x4dac3519ede7dfa7d35936af46dff2505b928038a80ab8d05e1191329e433670,"[{""trait_type"":""Glasses"",""value"":""Green Round Glasses ""},{""trait_type"":""Hair"",""value"":""Blonde Short Hair ""},{""trait_type"":""Mouth"",""value"":""Big Teeth ""},{""trait_type"":""Clothes"",""value"":""Red Shirt ""},{""trait_type"":""Nerd"",""value"":""Skinny Nerd ""},{""trait_type"":""Background"",""value"":""Orange Background ""}]"
1680,1358771,0x8d348754baba8cf249edc346e312b9284a995715ebf3575c280f78456a14bf84,"[{""trait_type"":""Glasses"",""value"":""White Rectangular Glasses ""},{""trait_type"":""Hair"",""value"":""Red Short Hair ""},{""trait_type"":""Mouth"",""value"":""Braces ""},{""trait_type"":""Clothes"",""value"":""Red  T-Shirt ""},{""trait_type"":""Nerd"",""value"":""Fat Nerd ""},{""trait_type"":""Background"",""value"":""Purple Background ""}]"
1679,1359126,0xc74612844fb4de3405ce62c265b8e5f68637fa8bdeedf2ce7ceb039c07605f39,"[{""trait_type"":""Glasses"",""value"":""Green Round Glasses ""},{""trait_type"":""Hair"",""value"":""Blonde Bowl cut ""},{""trait_type"":""Mouth"",""value"":""Braces ""},{""trait_type"":""Clothes"",""value"":""Red Shirt ""},{""trait_type"":""Nerd"",""value"":""Skinny Nerd ""},{""trait_type"":""Background"",""value"":""Orange Background ""}]"
1678,1359969,0xa19520e7eebbb2508176720bbb5893063d618abb7c5b053cb28f90530fa79e3a,"[{""trait_type"":""Glasses"",""value"":""Yellow Round Glasses ""},{""trait_type"":""Hair"",""value"":""Black Hair ""},{""trait_type"":""Mouth"",""value"":""Smile ""},{""trait_type"":""Clothes"",""value"":""Red Shirt ""},{""trait_type"":""Nerd"",""value"":""Skinny Nerd ""},{""trait_type"":""Background"",""value"":""Purple Background ""}]"
1677,1360461,0x791f7393b1fd17e8eb4ee8d2470303a7053eee1b1a3993fdbee7db8716b480d3,"[{""trait_type"":""Glasses"",""value"":""Purple Round Glasses ""},{""trait_type"":""Hair"",""value"":""Black Quiff Haircut ""},{""trait_type"":""Mouth"",""value"":""Smile ""},{""trait_type"":""Clothes"",""value"":""Blue  T-Shirt ""},{""trait_type"":""Nerd"",""value"":""Fat Nerd ""},{""trait_type"":""Background"",""value"":""Orange Background ""}]"
1676,1360039,0x350a58c64bcb759cd3cf059ea8a31699595d3836066454e831797e3203b6399d,"[{""trait_type"":""Glasses"",""value"":""White Rectangular Glasses ""},{""trait_type"":""Hair"",""value"":""Red Bowl cut ""},{""trait_type"":""Mouth"",""value"":""Smile ""},{""trait_type"":""Clothes"",""value"":""Green Tie ""},{""trait_type"":""Nerd"",""value"":""Skinny Nerd ""},{""trait_type"":""Background"",""value"":""Blue Background ""}]"
1675,1358753,0x386d71074ef35c597f893c7663a1be50217af58c4ca9036519e5196814d54c1c,"[{""trait_type"":""Glasses"",""value"":""Red Rectangular Glasses ""},{""trait_type"":""Hair"",""value"":""Brown Bowl cut ""},{""trait_type"":""Mouth"",""value"":""Braces ""},{""trait_type"":""Clothes"",""value"":""Blue Tie ""},{""trait_type"":""Nerd"",""value"":""Fat Nerd ""},{""trait_type"":""Background"",""value"":""Purple Background ""}]"
1674,1359008,0x188d7c4a12042f9892df241e61a8bda0a23e7f775ddbb7c1ea1016d12530cee5,"[{""trait_type"":""Glasses"",""value"":""White Rectangular Glasses ""},{""trait_type"":""Hair"",""value"":""Blonde Short Hair ""},{""trait_type"":""Mouth"",""value"":""Smile ""},{""trait_type"":""Clothes"",""value"":""Blue  T-Shirt ""},{""trait_type"":""Nerd"",""value"":""Fat Nerd ""},{""trait_type"":""Background"",""value"":""Yellow Background ""}]"
1673,1360240,0xee9088f3779bbebd4e8b0c22edad2c1ebe2685d9be75d1b87a635b68bb8cfeb6,"[{""trait_type"":""Glasses"",""value"":""No Glasses ""},{""trait_type"":""Hair"",""value"":""Blonde Hair ""},{""trait_type"":""Mouth"",""value"":""Smile ""},{""trait_type"":""Clothes"",""value"":""Yellow  T-Shirt ""},{""trait_type"":""Nerd"",""value"":""Fat Nerd ""},{""trait_type"":""Background"",""value"":""Yellow Background ""}]"
1672,1360227,0xa3798cde6387229b5d9fb4fa0909e56f7cf61c53296acc41304a9c708670c522,"[{""trait_type"":""Glasses"",""value"":""Yellow Round Glasses ""},{""trait_type"":""Hair"",""value"":""Black Quiff Haircut ""},{""trait_type"":""Mouth"",""value"":""Braces ""},{""trait_type"":""Clothes"",""value"":""Yellow Shirt ""},{""trait_type"":""Nerd"",""value"":""Fat Nerd ""},{""trait_type"":""Background"",""value"":""Blue Background ""}]"
1671,1360454,0xcb60d229440de121ea308d7026c06932644873b678c2c01a248564b4091c136b,"[{""trait_type"":""Glasses"",""value"":""Black Round Glasses ""},{""trait_type"":""Hair"",""value"":""Red Messy Hair ""},{""trait_type"":""Mouth"",""value"":""Smile ""},{""trait_type"":""Clothes"",""value"":""Green  T-Shirt ""},{""trait_type"":""Nerd"",""value"":""Skinny Nerd ""},{""trait_type"":""Background"",""value"":""Green Background ""}]"
1670,1360115,0x3cb6d3b089a1e63272683a8f48157c51f2751773cdf1ad301cc3156d49dc9c16,"[{""trait_type"":""Glasses"",""value"":""Blue Round Glasses ""},{""trait_type"":""Hair"",""value"":""Blonde Bowl cut ""},{""trait_type"":""Mouth"",""value"":""Braces ""},{""trait_type"":""Clothes"",""value"":""Purple Tie ""},{""trait_type"":""Nerd"",""value"":""Skinny Nerd ""},{""trait_type"":""Background"",""value"":""Cyan Background ""}]"
1669,1359970,0x2d831274999dbc2f171150695d374603549ac8011acb7b27102842067b731c87,"[{""trait_type"":""Glasses"",""value"":""Blue Round Glasses ""},{""trait_type"":""Hair"",""value"":""Red Bowl cut ""},{""trait_type"":""Mouth"",""value"":""Big Teeth ""},{""trait_type"":""Clothes"",""value"":""Red Tie ""},{""trait_type"":""Nerd"",""value"":""Fat Nerd ""},{""trait_type"":""Background"",""value"":""Yellow Background ""}]"
1668,1360574,0x9c2d23bb92af1b5f389b7f9543a8ff5f75035480f7a99d9c70771ad1b346b516,"[{""trait_type"":""Glasses"",""value"":""Green Rectangular Glasses ""},{""trait_type"":""Hair"",""value"":""Black Messy Hair ""},{""trait_type"":""Mouth"",""value"":""Smile ""},{""trait_type"":""Clothes"",""value"":""Red Tie ""},{""trait_type"":""Nerd"",""value"":""Skinny Nerd ""},{""trait_type"":""Background"",""value"":""Green Background ""}]"
1667,1359556,0xbc9413a051f934e1d3ceb783ad099578bbd974069474254aefa6cebf7826c4fe,"[{""trait_type"":""Glasses"",""value"":""Blue Rectangular Glasses ""},{""trait_type"":""Hair"",""value"":""Brown Bowl cut ""},{""trait_type"":""Mouth"",""value"":""Big Teeth ""},{""trait_type"":""Clothes"",""value"":""Purple Tie ""},{""trait_type"":""Nerd"",""value"":""Skinny Nerd ""},{""trait_type"":""Background"",""value"":""Orange Background ""}]"
1666,1358930,0xacb569590b3a4eaaa29bd01e2c60c225b4315f3674f2a75250b56dc4023e0863,"[{""trait_type"":""Glasses"",""value"":""Green Round Glasses ""},{""trait_type"":""Hair"",""value"":""Black Quiff Haircut ""},{""trait_type"":""Mouth"",""value"":""Smile ""},{""trait_type"":""Clothes"",""value"":""Green Shirt ""},{""trait_type"":""Nerd"",""value"":""Fat Nerd ""},{""trait_type"":""Background"",""value"":""Yellow Background ""}]"
1665,1358693,0x1fe0355480c633bbe92856c3634e697038a684293588ccccdb28759bf84a4ed3,"[{""trait_type"":""Glasses"",""value"":""White Rectangular Glasses ""},{""trait_type"":""Hair"",""value"":""Black Bowl cut ""},{""trait_type"":""Mouth"",""value"":""Braces ""},{""trait_type"":""Clothes"",""value"":""Yellow Tie ""},{""trait_type"":""Nerd"",""value"":""Skinny Nerd ""},{""trait_type"":""Background"",""value"":""Yellow Background ""}]"
1664,1358790,0x6fecbb0b138b4ab7830ab0ceec37100e963c415246435b86ef1cac44a7eae871,"[{""trait_type"":""Glasses"",""value"":""White Round Glasses ""},{""trait_type"":""Hair"",""value"":""Red Short Hair ""},{""trait_type"":""Mouth"",""value"":""Braces ""},{""trait_type"":""Clothes"",""value"":""Yellow Tie ""},{""trait_type"":""Nerd"",""value"":""Skinny Nerd ""},{""trait_type"":""Background"",""value"":""Cyan Background ""}]"
1663,1358493,0x54e235da7016c0a84f51875015a92efd0bd99751683104bbce5007b5962e7dca,"[{""trait_type"":""Glasses"",""value"":""White Round Glasses ""},{""trait_type"":""Hair"",""value"":""Black Quiff Haircut ""},{""trait_type"":""Mouth"",""value"":""Braces ""},{""trait_type"":""Clothes"",""value"":""Green Tie ""},{""trait_type"":""Nerd"",""value"":""Fat Nerd ""},{""trait_type"":""Background"",""value"":""Yellow Background ""}]"
1662,1359217,0x7fe767802e17a12122ca38c0e24316d474009df693a0d516ac2554c323e16f8c,"[{""trait_type"":""Glasses"",""value"":""Red Rectangular Glasses ""},{""trait_type"":""Hair"",""value"":""Red Quiff Haircut ""},{""trait_type"":""Mouth"",""value"":""Big Teeth ""},{""trait_type"":""Clothes"",""value"":""Blue Tie ""},{""trait_type"":""Nerd"",""value"":""Fat Nerd ""},{""trait_type"":""Background"",""value"":""Orange Background ""}]"
1661,1359980,0x093c6ceaf65c797e913841ee27825c6160e4fa580157f81576f5a5d30c8613ad,"[{""trait_type"":""Glasses"",""value"":""No Glasses ""},{""trait_type"":""Hair"",""value"":""Brown Quiff Haircut ""},{""trait_type"":""Mouth"",""value"":""Smile ""},{""trait_type"":""Clothes"",""value"":""Red Shirt ""},{""trait_type"":""Nerd"",""value"":""Skinny Nerd ""},{""trait_type"":""Background"",""value"":""Purple Background ""}]"
1660,1360662,0x7bcf1971531f99e31d9a6aea841c7331452b2dfa2fdac9815d1da6674f72066a,"[{""trait_type"":""Glasses"",""value"":""White Round Glasses ""},{""trait_type"":""Hair"",""value"":""Red Short Hair ""},{""trait_type"":""Mouth"",""value"":""Big Teeth ""},{""trait_type"":""Clothes"",""value"":""Red Tie ""},{""trait_type"":""Nerd"",""value"":""Fat Nerd ""},{""trait_type"":""Background"",""value"":""Yellow Background ""}]"
1659,1359276,0x7360e9db7d26929c33f68716b06adc6f5d2d7705c98a8ee30f981b02a33e8fff,"[{""trait_type"":""Glasses"",""value"":""Green Rectangular Glasses ""},{""trait_type"":""Hair"",""value"":""Blonde Bowl cut ""},{""trait_type"":""Mouth"",""value"":""Big Teeth ""},{""trait_type"":""Clothes"",""value"":""Red Tie ""},{""trait_type"":""Nerd"",""value"":""Fat Nerd ""},{""trait_type"":""Background"",""value"":""Purple Background ""}]"
1658,1360096,0xdd899292c8cc0a1fbec170a3f713ec60f936c05eaf5e7380e51951cc6ef37ffe,"[{""trait_type"":""Glasses"",""value"":""Red Rectangular Glasses ""},{""trait_type"":""Hair"",""value"":""Red Bowl cut ""},{""trait_type"":""Mouth"",""value"":""Big Teeth ""},{""trait_type"":""Clothes"",""value"":""Purple Tie ""},{""trait_type"":""Nerd"",""value"":""Skinny Nerd ""},{""trait_type"":""Background"",""value"":""Blue Background ""}]"
1657,1359972,0x970cf8fddf7ed29c042d260391190ecd4cb6e8bc51ab628ae0e281c23d975f9e,"[{""trait_type"":""Glasses"",""value"":""Green Round Glasses ""},{""trait_type"":""Hair"",""value"":""Brown Short Hair ""},{""trait_type"":""Mouth"",""value"":""Smile ""},{""trait_type"":""Clothes"",""value"":""Red  T-Shirt ""},{""trait_type"":""Nerd"",""value"":""Fat Nerd ""},{""trait_type"":""Background"",""value"":""Blue Background ""}]"
1656,1359929,0xf8cd6954c2d7df6950c358ee4412d2d74cd64e3466b1567b0246b50e95ce240a,"[{""trait_type"":""Glasses"",""value"":""Blue Rectangular Glasses ""},{""trait_type"":""Hair"",""value"":""Brown Short Hair ""},{""trait_type"":""Mouth"",""value"":""Smile ""},{""trait_type"":""Clothes"",""value"":""Blue Shirt ""},{""trait_type"":""Nerd"",""value"":""Fat Nerd ""},{""trait_type"":""Background"",""value"":""Green Background ""}]"
1655,1358531,0xeec8d946e68fec9d0b1f4dd29c65c191459d93b9fbda94069d369a590f3838d5,"[{""trait_type"":""Glasses"",""value"":""White Rectangular Glasses ""},{""trait_type"":""Hair"",""value"":""Blonde Bowl cut ""},{""trait_type"":""Mouth"",""value"":""Braces ""},{""trait_type"":""Clothes"",""value"":""Blue Tie ""},{""trait_type"":""Nerd"",""value"":""Fat Nerd ""},{""trait_type"":""Background"",""value"":""Red Background ""}]"
1654,1359732,0xe43c82a9b3f23e84ca6dc73079f31c8fc5c08851eba8a516e04e2122c42997d8,"[{""trait_type"":""Glasses"",""value"":""Black Round Glasses ""},{""trait_type"":""Hair"",""value"":""Blonde Bowl cut ""},{""trait_type"":""Mouth"",""value"":""Smile ""},{""trait_type"":""Clothes"",""value"":""Blue Shirt ""},{""trait_type"":""Nerd"",""value"":""Skinny Nerd ""},{""trait_type"":""Background"",""value"":""Blue Background ""}]"
1653,1358875,0x1f0855ad3e7c4bb439b21b61fed12ac82ef606b6784d5a4590a815c5677f0474,"[{""trait_type"":""Glasses"",""value"":""No Glasses ""},{""trait_type"":""Hair"",""value"":""Red Bowl cut ""},{""trait_type"":""Mouth"",""value"":""Smile ""},{""trait_type"":""Clothes"",""value"":""Blue Tie ""},{""trait_type"":""Nerd"",""value"":""Skinny Nerd ""},{""trait_type"":""Background"",""value"":""Purple Background ""}]"
1652,1359453,0x514d48625cb541abd7b972691dad6bdfeb54fbbc319184c403020e92400da44f,"[{""trait_type"":""Glasses"",""value"":""Green Round Glasses ""},{""trait_type"":""Hair"",""value"":""Brown Hair ""},{""trait_type"":""Mouth"",""value"":""Braces ""},{""trait_type"":""Clothes"",""value"":""Green Shirt ""},{""trait_type"":""Nerd"",""value"":""Skinny Nerd ""},{""trait_type"":""Background"",""value"":""Orange Background ""}]"
1651,1358927,0xdda5d43050d4428cac69ebbbee23182ec2287f86d553b1e829991492167a2e66,"[{""trait_type"":""Glasses"",""value"":""Purple Rectangular Glasses ""},{""trait_type"":""Hair"",""value"":""Red Quiff Haircut ""},{""trait_type"":""Mouth"",""value"":""Big Teeth ""},{""trait_type"":""Clothes"",""value"":""Red Shirt ""},{""trait_type"":""Nerd"",""value"":""Skinny Nerd ""},{""trait_type"":""Background"",""value"":""Green Background ""}]"
1650,1360535,0x4fc490449da4cbcf7f7f4e79512403ecfc031f71ee0b602581f8db57c5acb773,"[{""trait_type"":""Glasses"",""value"":""White Rectangular Glasses ""},{""trait_type"":""Hair"",""value"":""Black Messy Hair ""},{""trait_type"":""Mouth"",""value"":""Big Teeth ""},{""trait_type"":""Clothes"",""value"":""Red Tie ""},{""trait_type"":""Nerd"",""value"":""Fat Nerd ""},{""trait_type"":""Background"",""value"":""Green Background ""}]"
1649,1360205,0x3d2b77d1288b0a89353a2a607e28e59710442a7c142a694ab9a3ee8bf3bc1b79,"[{""trait_type"":""Glasses"",""value"":""No Glasses ""},{""trait_type"":""Hair"",""value"":""Black Hair ""},{""trait_type"":""Mouth"",""value"":""Braces ""},{""trait_type"":""Clothes"",""value"":""Yellow Shirt ""},{""trait_type"":""Nerd"",""value"":""Fat Nerd ""},{""trait_type"":""Background"",""value"":""Green Background ""}]"
1648,1360280,0x73abb43d509a4505f533f24863371ed7741b57bca2e07c62ca0e3cd95c7a2f6f,"[{""trait_type"":""Glasses"",""value"":""Red Rectangular Glasses ""},{""trait_type"":""Hair"",""value"":""Blonde Messy Hair ""},{""trait_type"":""Mouth"",""value"":""Big Teeth ""},{""trait_type"":""Clothes"",""value"":""Green Shirt ""},{""trait_type"":""Nerd"",""value"":""Skinny Nerd ""},{""trait_type"":""Background"",""value"":""Green Background ""}]"
1647,1360711,0x7590f7fd47ff7a3e4fe59ff875630aa8060f7093a1d3e66ab2fbe91b1f54e9bf,"[{""trait_type"":""Glasses"",""value"":""Blue Rectangular Glasses ""},{""trait_type"":""Hair"",""value"":""Red Hair ""},{""trait_type"":""Mouth"",""value"":""Braces ""},{""trait_type"":""Clothes"",""value"":""Red  T-Shirt ""},{""trait_type"":""Nerd"",""value"":""Skinny Nerd ""},{""trait_type"":""Background"",""value"":""Cyan Background ""}]"
1646,1359665,0x6e6016c68ba8684483a2dcf8fd77dc97d6b5d4a37318ed035d1997f0a1b9e56f,"[{""trait_type"":""Glasses"",""value"":""Blue Rectangular Glasses ""},{""trait_type"":""Hair"",""value"":""Black Hair ""},{""trait_type"":""Mouth"",""value"":""Smile ""},{""trait_type"":""Clothes"",""value"":""Purple Tie ""},{""trait_type"":""Nerd"",""value"":""Skinny Nerd ""},{""trait_type"":""Background"",""value"":""Purple Background ""}]"
1645,1360247,0x1c1e8c44e24fbe33104189598c3c55ec8fd075855e2c0f02d56cbea49a186353,"[{""trait_type"":""Glasses"",""value"":""White Round Glasses ""},{""trait_type"":""Hair"",""value"":""Red Quiff Haircut ""},{""trait_type"":""Mouth"",""value"":""Smile ""},{""trait_type"":""Clothes"",""value"":""Blue Shirt ""},{""trait_type"":""Nerd"",""value"":""Fat Nerd ""},{""trait_type"":""Background"",""value"":""Cyan Background ""}]"
1644,1359230,0x21192ec9c7006cbd4f33c6e3faff8c1e75f786e6c716326d338468f9a3050a8a,"[{""trait_type"":""Glasses"",""value"":""Blue Rectangular Glasses ""},{""trait_type"":""Hair"",""value"":""Red Messy Hair ""},{""trait_type"":""Mouth"",""value"":""Big Teeth ""},{""trait_type"":""Clothes"",""value"":""Yellow Tie ""},{""trait_type"":""Nerd"",""value"":""Skinny Nerd ""},{""trait_type"":""Background"",""value"":""Blue Background ""}]"
1643,1359751,0x90f6e3c6a729e2c94444efd8431e9525744e81fad76ed9875807eb94d0ac1549,"[{""trait_type"":""Glasses"",""value"":""White Rectangular Glasses ""},{""trait_type"":""Hair"",""value"":""Blonde Hair ""},{""trait_type"":""Mouth"",""value"":""Braces ""},{""trait_type"":""Clothes"",""value"":""Blue Shirt ""},{""trait_type"":""Nerd"",""value"":""Skinny Nerd ""},{""trait_type"":""Background"",""value"":""Purple Background ""}]"
1642,1359273,0x200c27b4d145a87d52e3c84326d6139d5faea8bec3c509678612fe68129fda5d,"[{""trait_type"":""Glasses"",""value"":""Yellow Rectangular Glasses ""},{""trait_type"":""Hair"",""value"":""Red Hair ""},{""trait_type"":""Mouth"",""value"":""Big Teeth ""},{""trait_type"":""Clothes"",""value"":""Red Shirt ""},{""trait_type"":""Nerd"",""value"":""Fat Nerd ""},{""trait_type"":""Background"",""value"":""Orange Background ""}]"
1641,1358706,0xfa7a49017543ae4e7cfb9f60a3530a8b8580df5fa5ab948e767e4be24b57044e,"[{""trait_type"":""Glasses"",""value"":""White Rectangular Glasses ""},{""trait_type"":""Hair"",""value"":""Brown Quiff Haircut ""},{""trait_type"":""Mouth"",""value"":""Big Teeth ""},{""trait_type"":""Clothes"",""value"":""Blue Shirt ""},{""trait_type"":""Nerd"",""value"":""Skinny Nerd ""},{""trait_type"":""Background"",""value"":""Blue Background ""}]"
1640,1359081,0xe13f389156d26e690941d5c2fa220e648bccc21ae44426f7a282ec89104bf2ef,"[{""trait_type"":""Glasses"",""value"":""No Glasses ""},{""trait_type"":""Hair"",""value"":""Black Messy Hair ""},{""trait_type"":""Mouth"",""value"":""Smile ""},{""trait_type"":""Clothes"",""value"":""Red  T-Shirt ""},{""trait_type"":""Nerd"",""value"":""Skinny Nerd ""},{""trait_type"":""Background"",""value"":""Orange Background ""}]"
1639,1359558,0x0a6114fcef849e11644466e87095ea30b07f7ef7a5339aa9c3c624628771a1db,"[{""trait_type"":""Glasses"",""value"":""No Glasses ""},{""trait_type"":""Hair"",""value"":""Red Quiff Haircut ""},{""trait_type"":""Mouth"",""value"":""Big Teeth ""},{""trait_type"":""Clothes"",""value"":""Yellow Shirt ""},{""trait_type"":""Nerd"",""value"":""Skinny Nerd ""},{""trait_type"":""Background"",""value"":""Purple Background ""}]"
1638,1360132,0x24a1d89db55d3aef888098182f517a285d53626af091bf9c6641d13b921d8fe2,"[{""trait_type"":""Glasses"",""value"":""Purple Round Glasses ""},{""trait_type"":""Hair"",""value"":""Blonde Quiff Haircut ""},{""trait_type"":""Mouth"",""value"":""Smile ""},{""trait_type"":""Clothes"",""value"":""Yellow Shirt ""},{""trait_type"":""Nerd"",""value"":""Fat Nerd ""},{""trait_type"":""Background"",""value"":""Green Background ""}]"
1637,1358665,0x5eca0d58aaf31bc44406f915025b5d9725e1832524a250ac794ab6086c3332d3,"[{""trait_type"":""Glasses"",""value"":""Blue Round Glasses ""},{""trait_type"":""Hair"",""value"":""Black Quiff Haircut ""},{""trait_type"":""Mouth"",""value"":""Smile ""},{""trait_type"":""Clothes"",""value"":""Blue Tie ""},{""trait_type"":""Nerd"",""value"":""Skinny Nerd ""},{""trait_type"":""Background"",""value"":""Red Background ""}]"
1636,1360124,0xab24b2fe6efb55fede10eed76f735477ebb7c58bbc5123463f64d13c01d2068d,"[{""trait_type"":""Glasses"",""value"":""No Glasses ""},{""trait_type"":""Hair"",""value"":""Red Short Hair ""},{""trait_type"":""Mouth"",""value"":""Braces ""},{""trait_type"":""Clothes"",""value"":""Blue  T-Shirt ""},{""trait_type"":""Nerd"",""value"":""Skinny Nerd ""},{""trait_type"":""Background"",""value"":""Green Background ""}]"
1635,1358465,0x6b2b75806361ef73228897230507ddbaa6a983202ad1e3a0bcc3db72bdc8d2b4,"[{""trait_type"":""Glasses"",""value"":""Blue Round Glasses ""},{""trait_type"":""Hair"",""value"":""Black Short Hair ""},{""trait_type"":""Mouth"",""value"":""Braces ""},{""trait_type"":""Clothes"",""value"":""Red Shirt ""},{""trait_type"":""Nerd"",""value"":""Fat Nerd ""},{""trait_type"":""Background"",""value"":""Orange Background ""}]"
1634,1360583,0xeb233fcede24ab22351993bc9f44c89696ce55bdcdd976d5f096985a132e7c18,"[{""trait_type"":""Glasses"",""value"":""Red Rectangular Glasses ""},{""trait_type"":""Hair"",""value"":""Red Messy Hair ""},{""trait_type"":""Mouth"",""value"":""Braces ""},{""trait_type"":""Clothes"",""value"":""Blue Tie ""},{""trait_type"":""Nerd"",""value"":""Skinny Nerd ""},{""trait_type"":""Background"",""value"":""Cyan Background ""}]"
1633,1359771,0xeb8a783a432edc3370878ef77f21a48d365c18a06eb3a28d67b1a7a916628181,"[{""trait_type"":""Glasses"",""value"":""Blue Rectangular Glasses ""},{""trait_type"":""Hair"",""value"":""Black Quiff Haircut ""},{""trait_type"":""Mouth"",""value"":""Braces ""},{""trait_type"":""Clothes"",""value"":""Green Shirt ""},{""trait_type"":""Nerd"",""value"":""Skinny Nerd ""},{""trait_type"":""Background"",""value"":""Orange Background ""}]"
1632,1359738,0x9b8e8760f36d3c4a0c8f31482e7062e4b2de0e5682201e998cffbd2b63728703,"[{""trait_type"":""Glasses"",""value"":""Yellow Round Glasses ""},{""trait_type"":""Hair"",""value"":""Brown Short Hair ""},{""trait_type"":""Mouth"",""value"":""Big Teeth ""},{""trait_type"":""Clothes"",""value"":""Yellow  T-Shirt ""},{""trait_type"":""Nerd"",""value"":""Skinny Nerd ""},{""trait_type"":""Background"",""value"":""Cyan Background ""}]"
1631,1360171,0x1d3ad937bd4170c584512703bf0489e51765f32bc3da25affafbb52714857097,"[{""trait_type"":""Glasses"",""value"":""Green Rectangular Glasses ""},{""trait_type"":""Hair"",""value"":""Blonde Short Hair ""},{""trait_type"":""Mouth"",""value"":""Smile ""},{""trait_type"":""Clothes"",""value"":""Green Tie ""},{""trait_type"":""Nerd"",""value"":""Fat Nerd ""},{""trait_type"":""Background"",""value"":""Yellow Background ""}]"
1630,1360605,0xb6e84a544afee8b04198efb67f5e017cefd55b2013ea84c90e39f1f668f39620,"[{""trait_type"":""Glasses"",""value"":""Black Rectangular Glasses ""},{""trait_type"":""Hair"",""value"":""Blonde Short Hair ""},{""trait_type"":""Mouth"",""value"":""Braces ""},{""trait_type"":""Clothes"",""value"":""Green  T-Shirt ""},{""trait_type"":""Nerd"",""value"":""Fat Nerd ""},{""trait_type"":""Background"",""value"":""Blue Background ""}]"
1629,1360104,0xb60389f3536d903bfb8eb1254c36799129b3e349ae2f423d1601bc4d90285ced,"[{""trait_type"":""Glasses"",""value"":""Blue Rectangular Glasses ""},{""trait_type"":""Hair"",""value"":""Black Messy Hair ""},{""trait_type"":""Mouth"",""value"":""Smile ""},{""trait_type"":""Clothes"",""value"":""Blue Shirt ""},{""trait_type"":""Nerd"",""value"":""Fat Nerd ""},{""trait_type"":""Background"",""value"":""Green Background ""}]"
1628,1359664,0x25f5c15cbd28f3594b19bff9afe59fe10428aee6c273bc488981c7233a571bd1,"[{""trait_type"":""Glasses"",""value"":""No Glasses ""},{""trait_type"":""Hair"",""value"":""Black Hair ""},{""trait_type"":""Mouth"",""value"":""Big Teeth ""},{""trait_type"":""Clothes"",""value"":""Green Shirt ""},{""trait_type"":""Nerd"",""value"":""Fat Nerd ""},{""trait_type"":""Background"",""value"":""Green Background ""}]"
1627,1360175,0xb628b17da7ef3b48c778d8691df9f85c1e6ca5f2db7f213362d9d95bf8acdadb,"[{""trait_type"":""Glasses"",""value"":""Yellow Round Glasses ""},{""trait_type"":""Hair"",""value"":""Blonde Messy Hair ""},{""trait_type"":""Mouth"",""value"":""Braces ""},{""trait_type"":""Clothes"",""value"":""Purple Tie ""},{""trait_type"":""Nerd"",""value"":""Fat Nerd ""},{""trait_type"":""Background"",""value"":""Purple Background ""}]"
1626,1359524,0xe1531d4525f4dd0b83fe52cdd05d8997a161a9d33448999e5b89a5e87ac3f440,"[{""trait_type"":""Glasses"",""value"":""White Rectangular Glasses ""},{""trait_type"":""Hair"",""value"":""Red Messy Hair ""},{""trait_type"":""Mouth"",""value"":""Smile ""},{""trait_type"":""Clothes"",""value"":""Yellow Shirt ""},{""trait_type"":""Nerd"",""value"":""Fat Nerd ""},{""trait_type"":""Background"",""value"":""Purple Background ""}]"
1625,1358899,0xe9a2d8ce2e66d5c4e9c26caf32c0ec052b2a2d38ede0288d2a9ca819a306072d,"[{""trait_type"":""Glasses"",""value"":""Purple Round Glasses ""},{""trait_type"":""Hair"",""value"":""Red Hair ""},{""trait_type"":""Mouth"",""value"":""Smile ""},{""trait_type"":""Clothes"",""value"":""Red  T-Shirt ""},{""trait_type"":""Nerd"",""value"":""Fat Nerd ""},{""trait_type"":""Background"",""value"":""Orange Background ""}]"
1624,1359678,0x0a93e78f547ad56a3eafbd94d5a0e1f19c2982ce3a9da2b914c0634f5ab2dbe3,"[{""trait_type"":""Glasses"",""value"":""Green Round Glasses ""},{""trait_type"":""Hair"",""value"":""Black Quiff Haircut ""},{""trait_type"":""Mouth"",""value"":""Big Teeth ""},{""trait_type"":""Clothes"",""value"":""Blue Tie ""},{""trait_type"":""Nerd"",""value"":""Skinny Nerd ""},{""trait_type"":""Background"",""value"":""Cyan Background ""}]"
1623,1360684,0x936246d9865cda78514c1bacd73099ff9cf37d56a65689fec72fbf7608def50b,"[{""trait_type"":""Glasses"",""value"":""Yellow Round Glasses ""},{""trait_type"":""Hair"",""value"":""Blonde Bowl cut ""},{""trait_type"":""Mouth"",""value"":""Braces ""},{""trait_type"":""Clothes"",""value"":""Yellow Shirt ""},{""trait_type"":""Nerd"",""value"":""Skinny Nerd ""},{""trait_type"":""Background"",""value"":""Red Background ""}]"
1622,1358661,0x11738436014c158a73bfd3acb0696ed1b81669f62d618d6ec084c987bf4816d8,"[{""trait_type"":""Glasses"",""value"":""White Rectangular Glasses ""},{""trait_type"":""Hair"",""value"":""Red Messy Hair ""},{""trait_type"":""Mouth"",""value"":""Braces ""},{""trait_type"":""Clothes"",""value"":""Purple  T-Shirt ""},{""trait_type"":""Nerd"",""value"":""Skinny Nerd ""},{""trait_type"":""Background"",""value"":""Blue Background ""}]"
1621,1358879,0x8feee4c304f7bb8ff38f16509bcb5a766c1837a131fc195914a7d180b88aaba5,"[{""trait_type"":""Glasses"",""value"":""Green Rectangular Glasses ""},{""trait_type"":""Hair"",""value"":""Blonde Messy Hair ""},{""trait_type"":""Mouth"",""value"":""Big Teeth ""},{""trait_type"":""Clothes"",""value"":""Red  T-Shirt ""},{""trait_type"":""Nerd"",""value"":""Skinny Nerd ""},{""trait_type"":""Background"",""value"":""Orange Background ""}]"
1620,1360017,0x5c8124435a2c06d486078948a2fb254905c9ed346c33edd1309d8872a05a90aa,"[{""trait_type"":""Glasses"",""value"":""Red Round Glasses ""},{""trait_type"":""Hair"",""value"":""Brown Bowl cut ""},{""trait_type"":""Mouth"",""value"":""Big Teeth ""},{""trait_type"":""Clothes"",""value"":""Purple Tie ""},{""trait_type"":""Nerd"",""value"":""Fat Nerd ""},{""trait_type"":""Background"",""value"":""Green Background ""}]"
1619,1358780,0x9c66abd917c91dfffe38c3b4f67915bcdd7f8d3607f14b09c4f845e0ef2a15e8,"[{""trait_type"":""Glasses"",""value"":""Yellow Round Glasses ""},{""trait_type"":""Hair"",""value"":""Red Quiff Haircut ""},{""trait_type"":""Mouth"",""value"":""Smile ""},{""trait_type"":""Clothes"",""value"":""Yellow  T-Shirt ""},{""trait_type"":""Nerd"",""value"":""Skinny Nerd ""},{""trait_type"":""Background"",""value"":""Blue Background ""}]"
1618,1359302,0x660c0db0703c2ed98bf28963b909aa2f816af320e72c6de1099c772539c27bb4,"[{""trait_type"":""Glasses"",""value"":""Green Rectangular Glasses ""},{""trait_type"":""Hair"",""value"":""Red Bowl cut ""},{""trait_type"":""Mouth"",""value"":""Braces ""},{""trait_type"":""Clothes"",""value"":""Yellow Shirt ""},{""trait_type"":""Nerd"",""value"":""Skinny Nerd ""},{""trait_type"":""Background"",""value"":""Red Background ""}]"
1617,1359720,0x66799646337167026433632ae2372fa39781668f60a0f161e3e4d3e0f4e1bdb6,"[{""trait_type"":""Glasses"",""value"":""Blue Round Glasses ""},{""trait_type"":""Hair"",""value"":""Red Quiff Haircut ""},{""trait_type"":""Mouth"",""value"":""Smile ""},{""trait_type"":""Clothes"",""value"":""Yellow  T-Shirt ""},{""trait_type"":""Nerd"",""value"":""Skinny Nerd ""},{""trait_type"":""Background"",""value"":""Yellow Background ""}]"
1616,1358475,0x63f22741ba1b8022c39bb4653c6929fe529d566b3ba5ea8132c7b5bd21d4cb20,"[{""trait_type"":""Glasses"",""value"":""No Glasses ""},{""trait_type"":""Hair"",""value"":""Red Short Hair ""},{""trait_type"":""Mouth"",""value"":""Smile ""},{""trait_type"":""Clothes"",""value"":""Yellow Shirt ""},{""trait_type"":""Nerd"",""value"":""Fat Nerd ""},{""trait_type"":""Background"",""value"":""Yellow Background ""}]"
1615,1359457,0x30e7c0537fdc3b2ba4d3cfc7539228523937b9e4e59b6cc1ee09bfd698f7835a,"[{""trait_type"":""Glasses"",""value"":""White Round Glasses ""},{""trait_type"":""Hair"",""value"":""Red Messy Hair ""},{""trait_type"":""Mouth"",""value"":""Smile ""},{""trait_type"":""Clothes"",""value"":""Yellow  T-Shirt ""},{""trait_type"":""Nerd"",""value"":""Skinny Nerd ""},{""trait_type"":""Background"",""value"":""Red Background ""}]"
1614,1359886,0xcc6201f8f5dedf055f5c7e718183d30a3e41d4888cf7bd2ecbead41d33083afc,"[{""trait_type"":""Glasses"",""value"":""Blue Rectangular Glasses ""},{""trait_type"":""Hair"",""value"":""Red Hair ""},{""trait_type"":""Mouth"",""value"":""Smile ""},{""trait_type"":""Clothes"",""value"":""Blue Shirt ""},{""trait_type"":""Nerd"",""value"":""Skinny Nerd ""},{""trait_type"":""Background"",""value"":""Blue Background ""}]"
1613,1359935,0x6aad260decde9ce1fec196d43fc78b0dc39a6e34374c438a430d02bac13c7142,"[{""trait_type"":""Glasses"",""value"":""Green Rectangular Glasses ""},{""trait_type"":""Hair"",""value"":""Blonde Short Hair ""},{""trait_type"":""Mouth"",""value"":""Big Teeth ""},{""trait_type"":""Clothes"",""value"":""Red Shirt ""},{""trait_type"":""Nerd"",""value"":""Skinny Nerd ""},{""trait_type"":""Background"",""value"":""Orange Background ""}]"
1612,1360531,0x62d17c170130536bb7b90564998d2a809485f48117d66d27d0f7c65f20ccfec8,"[{""trait_type"":""Glasses"",""value"":""White Round Glasses ""},{""trait_type"":""Hair"",""value"":""Blonde Quiff Haircut ""},{""trait_type"":""Mouth"",""value"":""Big Teeth ""},{""trait_type"":""Clothes"",""value"":""Green Tie ""},{""trait_type"":""Nerd"",""value"":""Skinny Nerd ""},{""trait_type"":""Background"",""value"":""Green Background ""}]"
1611,1360591,0x00b93d4dd3d088e17f640d4f2dc36719135089cfb4071e7983a0fc1a681bf572,"[{""trait_type"":""Glasses"",""value"":""Yellow Round Glasses ""},{""trait_type"":""Hair"",""value"":""Black Hair ""},{""trait_type"":""Mouth"",""value"":""Braces ""},{""trait_type"":""Clothes"",""value"":""Purple  T-Shirt ""},{""trait_type"":""Nerd"",""value"":""Skinny Nerd ""},{""trait_type"":""Background"",""value"":""Cyan Background ""}]"
1610,1360199,0xf3a7c365426f21e025085068f6d55e006e63659c5f30e77709b073a3255fcec4,"[{""trait_type"":""Glasses"",""value"":""Blue Round Glasses ""},{""trait_type"":""Hair"",""value"":""Brown Bowl cut ""},{""trait_type"":""Mouth"",""value"":""Big Teeth ""},{""trait_type"":""Clothes"",""value"":""Blue Shirt ""},{""trait_type"":""Nerd"",""value"":""Skinny Nerd ""},{""trait_type"":""Background"",""value"":""Cyan Background ""}]"
1609,1359904,0xaf392518005e2be1d4a4c2cdee1003af359d40243c050da110c17f8c4e9053be,"[{""trait_type"":""Glasses"",""value"":""Yellow Round Glasses ""},{""trait_type"":""Hair"",""value"":""Brown Short Hair ""},{""trait_type"":""Mouth"",""value"":""Big Teeth ""},{""trait_type"":""Clothes"",""value"":""Yellow Tie ""},{""trait_type"":""Nerd"",""value"":""Fat Nerd ""},{""trait_type"":""Background"",""value"":""Red Background ""}]"
1608,1358539,0x6a4aa92711e02423bbef9e5d0b66516af4cc09d8ccecc81f5f7bbd8e76991dce,"[{""trait_type"":""Glasses"",""value"":""Green Round Glasses ""},{""trait_type"":""Hair"",""value"":""Blonde Short Hair ""},{""trait_type"":""Mouth"",""value"":""Smile ""},{""trait_type"":""Clothes"",""value"":""Red Shirt ""},{""trait_type"":""Nerd"",""value"":""Fat Nerd ""},{""trait_type"":""Background"",""value"":""Cyan Background ""}]"
1607,1359873,0x7f6dfd57bdd21268fb8ca86e7f974f0ff581e327d3ecbe1dcf2fd23bfc2ce1a8,"[{""trait_type"":""Glasses"",""value"":""Black Round Glasses ""},{""trait_type"":""Hair"",""value"":""Red Hair ""},{""trait_type"":""Mouth"",""value"":""Smile ""},{""trait_type"":""Clothes"",""value"":""Red  T-Shirt ""},{""trait_type"":""Nerd"",""value"":""Skinny Nerd ""},{""trait_type"":""Background"",""value"":""Cyan Background ""}]"
1606,1359719,0x89ef48c4128945ea6a4b9748a46130860c3560072c65d3d47b10ededa832a4ed,"[{""trait_type"":""Glasses"",""value"":""White Rectangular Glasses ""},{""trait_type"":""Hair"",""value"":""Black Quiff Haircut ""},{""trait_type"":""Mouth"",""value"":""Smile ""},{""trait_type"":""Clothes"",""value"":""Green Shirt ""},{""trait_type"":""Nerd"",""value"":""Skinny Nerd ""},{""trait_type"":""Background"",""value"":""Blue Background ""}]"
1605,1360666,0x70c41da053ca2373c669d3806195609c24e7be9b2f7a3da9a61a3fb15b4efdc8,"[{""trait_type"":""Glasses"",""value"":""Blue Round Glasses ""},{""trait_type"":""Hair"",""value"":""Brown Bowl cut ""},{""trait_type"":""Mouth"",""value"":""Braces ""},{""trait_type"":""Clothes"",""value"":""Blue Shirt ""},{""trait_type"":""Nerd"",""value"":""Skinny Nerd ""},{""trait_type"":""Background"",""value"":""Blue Background ""}]"
1604,1360641,0x5057010256dd1443087f888618c4124f523acc7169e6e965d7bfaff4c61988e3,"[{""trait_type"":""Glasses"",""value"":""White Round Glasses ""},{""trait_type"":""Hair"",""value"":""Red Hair ""},{""trait_type"":""Mouth"",""value"":""Braces ""},{""trait_type"":""Clothes"",""value"":""Yellow Shirt ""},{""trait_type"":""Nerd"",""value"":""Skinny Nerd ""},{""trait_type"":""Background"",""value"":""Purple Background ""}]"
1603,1359984,0xc68193682328a5f9be4190abd8851da81e974eea271a73465a89f115c8610c64,"[{""trait_type"":""Glasses"",""value"":""White Rectangular Glasses ""},{""trait_type"":""Hair"",""value"":""Red Messy Hair ""},{""trait_type"":""Mouth"",""value"":""Smile ""},{""trait_type"":""Clothes"",""value"":""Purple  T-Shirt ""},{""trait_type"":""Nerd"",""value"":""Fat Nerd ""},{""trait_type"":""Background"",""value"":""Blue Background ""}]"
1602,1360439,0x4a40605780df2bfcd63b3100df5c9b57d78a921cdedae17b6a059d63182b990f,"[{""trait_type"":""Glasses"",""value"":""Purple Rectangular Glasses ""},{""trait_type"":""Hair"",""value"":""Black Quiff Haircut ""},{""trait_type"":""Mouth"",""value"":""Smile ""},{""trait_type"":""Clothes"",""value"":""Red  T-Shirt ""},{""trait_type"":""Nerd"",""value"":""Fat Nerd ""},{""trait_type"":""Background"",""value"":""Blue Background ""}]"
1601,1359956,0x28e5adc2606962b5e11e71e5f4977158cd11a13e700f901be6d914b5310767d5,"[{""trait_type"":""Glasses"",""value"":""No Glasses ""},{""trait_type"":""Hair"",""value"":""Brown Quiff Haircut ""},{""trait_type"":""Mouth"",""value"":""Big Teeth ""},{""trait_type"":""Clothes"",""value"":""Yellow Shirt ""},{""trait_type"":""Nerd"",""value"":""Fat Nerd ""},{""trait_type"":""Background"",""value"":""Orange Background ""}]"
1600,1359515,0xa2a6db0ddd4652ff01a0e51c2ecb94c43a528220ea9cdc755d1a04e29d74668a,"[{""trait_type"":""Glasses"",""value"":""Yellow Rectangular Glasses ""},{""trait_type"":""Hair"",""value"":""Blonde Hair ""},{""trait_type"":""Mouth"",""value"":""Big Teeth ""},{""trait_type"":""Clothes"",""value"":""Green Shirt ""},{""trait_type"":""Nerd"",""value"":""Skinny Nerd ""},{""trait_type"":""Background"",""value"":""Cyan Background ""}]"
1599,1358517,0x809659c34799a4ca7678f496cd3080a6fb32ea3ab440de9fbc8ec36924f2529d,"[{""trait_type"":""Glasses"",""value"":""Green Round Glasses ""},{""trait_type"":""Hair"",""value"":""Red Short Hair ""},{""trait_type"":""Mouth"",""value"":""Smile ""},{""trait_type"":""Clothes"",""value"":""Purple  T-Shirt ""},{""trait_type"":""Nerd"",""value"":""Skinny Nerd ""},{""trait_type"":""Background"",""value"":""Purple Background ""}]"
1598,1360153,0xb5c3edd8485e3517612d0108c40f7b371510207085125ecc5beb73a1140a594c,"[{""trait_type"":""Glasses"",""value"":""Red Rectangular Glasses ""},{""trait_type"":""Hair"",""value"":""Black Bowl cut ""},{""trait_type"":""Mouth"",""value"":""Braces ""},{""trait_type"":""Clothes"",""value"":""Purple Tie ""},{""trait_type"":""Nerd"",""value"":""Skinny Nerd ""},{""trait_type"":""Background"",""value"":""Yellow Background ""}]"
1597,1359133,0xfd63f4e983ab4cabb4316d89e7f13cc66af4bb92afe9a978c56667c77f17675e,"[{""trait_type"":""Glasses"",""value"":""Purple Round Glasses ""},{""trait_type"":""Hair"",""value"":""Red Short Hair ""},{""trait_type"":""Mouth"",""value"":""Big Teeth ""},{""trait_type"":""Clothes"",""value"":""Green Tie ""},{""trait_type"":""Nerd"",""value"":""Skinny Nerd ""},{""trait_type"":""Background"",""value"":""Cyan Background ""}]"
1596,1360297,0xecac308264ad8393b275dc82701d2e0197782b887da049ecf7f97db256c17727,"[{""trait_type"":""Glasses"",""value"":""Black Round Glasses ""},{""trait_type"":""Hair"",""value"":""Blonde Short Hair ""},{""trait_type"":""Mouth"",""value"":""Braces ""},{""trait_type"":""Clothes"",""value"":""Red  T-Shirt ""},{""trait_type"":""Nerd"",""value"":""Skinny Nerd ""},{""trait_type"":""Background"",""value"":""Blue Background ""}]"
1595,1359649,0xd8e3d536e667e3fd53a3010bf7dba2675b7043861d5cdebbfc3d0dcfb391e01f,"[{""trait_type"":""Glasses"",""value"":""Yellow Round Glasses ""},{""trait_type"":""Hair"",""value"":""Black Quiff Haircut ""},{""trait_type"":""Mouth"",""value"":""Big Teeth ""},{""trait_type"":""Clothes"",""value"":""Blue Shirt ""},{""trait_type"":""Nerd"",""value"":""Fat Nerd ""},{""trait_type"":""Background"",""value"":""Blue Background ""}]"
1594,1358514,0x5e3bd339f5a2f75b3a15a4de14521fac7210cc64b0a55cc1585c1bbe83c17457,"[{""trait_type"":""Glasses"",""value"":""Purple Round Glasses ""},{""trait_type"":""Hair"",""value"":""Red Bowl cut ""},{""trait_type"":""Mouth"",""value"":""Smile ""},{""trait_type"":""Clothes"",""value"":""Green Shirt ""},{""trait_type"":""Nerd"",""value"":""Fat Nerd ""},{""trait_type"":""Background"",""value"":""Orange Background ""}]"
1593,1360169,0x55da69326fe7383f2109fb4fdf786336cc372821e85d0b7cef6c7060e81a47d8,"[{""trait_type"":""Glasses"",""value"":""Green Round Glasses ""},{""trait_type"":""Hair"",""value"":""Black Bowl cut ""},{""trait_type"":""Mouth"",""value"":""Big Teeth ""},{""trait_type"":""Clothes"",""value"":""Blue Shirt ""},{""trait_type"":""Nerd"",""value"":""Fat Nerd ""},{""trait_type"":""Background"",""value"":""Blue Background ""}]"
1592,1358616,0x22a28d68ce7b000389f3aaaebbf568fb5ca988e7d8091d35e141053166203781,"[{""trait_type"":""Glasses"",""value"":""Red Rectangular Glasses ""},{""trait_type"":""Hair"",""value"":""Brown Bowl cut ""},{""trait_type"":""Mouth"",""value"":""Smile ""},{""trait_type"":""Clothes"",""value"":""Red Shirt ""},{""trait_type"":""Nerd"",""value"":""Fat Nerd ""},{""trait_type"":""Background"",""value"":""Yellow Background ""}]"
1591,1360443,0xefb9194ffdf8994b3976772b2f82da5de4493c151f86f4047d584173d9efa232,"[{""trait_type"":""Glasses"",""value"":""No Glasses ""},{""trait_type"":""Hair"",""value"":""Blonde Short Hair ""},{""trait_type"":""Mouth"",""value"":""Smile ""},{""trait_type"":""Clothes"",""value"":""Red Tie ""},{""trait_type"":""Nerd"",""value"":""Skinny Nerd ""},{""trait_type"":""Background"",""value"":""Orange Background ""}]"
1590,1359377,0x8089aa6b505e758500e2e0f1a68edbe81f56dc176061a7899f4a66b0757a5ebc,"[{""trait_type"":""Glasses"",""value"":""Yellow Rectangular Glasses ""},{""trait_type"":""Hair"",""value"":""Red Quiff Haircut ""},{""trait_type"":""Mouth"",""value"":""Big Teeth ""},{""trait_type"":""Clothes"",""value"":""Green Shirt ""},{""trait_type"":""Nerd"",""value"":""Skinny Nerd ""},{""trait_type"":""Background"",""value"":""Blue Background ""}]"
1589,1358558,0xdfe09dc3a3cbf501684920c1336b336c4de8232d57a3cc74500fcaa4805eca21,"[{""trait_type"":""Glasses"",""value"":""Yellow Rectangular Glasses ""},{""trait_type"":""Hair"",""value"":""Brown Bowl cut ""},{""trait_type"":""Mouth"",""value"":""Big Teeth ""},{""trait_type"":""Clothes"",""value"":""Green Tie ""},{""trait_type"":""Nerd"",""value"":""Skinny Nerd ""},{""trait_type"":""Background"",""value"":""Green Background ""}]"
1588,1360202,0xbc1f0de91874f8472fdf44ceb5f99a5f88339b6c4b2c01eb64ee285cf1c30136,"[{""trait_type"":""Glasses"",""value"":""Yellow Round Glasses ""},{""trait_type"":""Hair"",""value"":""Brown Messy Hair ""},{""trait_type"":""Mouth"",""value"":""Big Teeth ""},{""trait_type"":""Clothes"",""value"":""Yellow Shirt ""},{""trait_type"":""Nerd"",""value"":""Fat Nerd ""},{""trait_type"":""Background"",""value"":""Orange Background ""}]"
1587,1359728,0x015fcf6bc23b36f8d55092222c8dff7d119f81df8f7c89cd2a8e58c7939057fc,"[{""trait_type"":""Glasses"",""value"":""No Glasses ""},{""trait_type"":""Hair"",""value"":""Blonde Messy Hair ""},{""trait_type"":""Mouth"",""value"":""Big Teeth ""},{""trait_type"":""Clothes"",""value"":""Green  T-Shirt ""},{""trait_type"":""Nerd"",""value"":""Fat Nerd ""},{""trait_type"":""Background"",""value"":""Blue Background ""}]"
1586,1359042,0x3bf2eb442b1314399faa40e94ffd0127b98ebcfb8803ddadeefe1cf03c9db3db,"[{""trait_type"":""Glasses"",""value"":""Red Rectangular Glasses ""},{""trait_type"":""Hair"",""value"":""Brown Hair ""},{""trait_type"":""Mouth"",""value"":""Smile ""},{""trait_type"":""Clothes"",""value"":""Green Shirt ""},{""trait_type"":""Nerd"",""value"":""Skinny Nerd ""},{""trait_type"":""Background"",""value"":""Red Background ""}]"
1585,1359608,0x84a68c43840b79a29a439357ad19ec2f825e26bf31c4ac14d3c06174b7f7b79f,"[{""trait_type"":""Glasses"",""value"":""Black Rectangular Glasses ""},{""trait_type"":""Hair"",""value"":""Brown Messy Hair ""},{""trait_type"":""Mouth"",""value"":""Big Teeth ""},{""trait_type"":""Clothes"",""value"":""Blue  T-Shirt ""},{""trait_type"":""Nerd"",""value"":""Fat Nerd ""},{""trait_type"":""Background"",""value"":""Blue Background ""}]"
1584,1359021,0x9edffa12c46306097a5524767a3f411ccff581cff32b0f870683b7018a169fb2,"[{""trait_type"":""Glasses"",""value"":""Green Round Glasses ""},{""trait_type"":""Hair"",""value"":""Black Hair ""},{""trait_type"":""Mouth"",""value"":""Braces ""},{""trait_type"":""Clothes"",""value"":""Green Shirt ""},{""trait_type"":""Nerd"",""value"":""Fat Nerd ""},{""trait_type"":""Background"",""value"":""Green Background ""}]"
1583,1359946,0x303aedae280bcd754b0b9c5febf496b5816a4b7ebe3ffa44d68438b481bf1ab8,"[{""trait_type"":""Glasses"",""value"":""No Glasses ""},{""trait_type"":""Hair"",""value"":""Blonde Quiff Haircut ""},{""trait_type"":""Mouth"",""value"":""Big Teeth ""},{""trait_type"":""Clothes"",""value"":""Yellow Shirt ""},{""trait_type"":""Nerd"",""value"":""Skinny Nerd ""},{""trait_type"":""Background"",""value"":""Orange Background ""}]"
1582,1360396,0x9c0c75298a868ef288ea0eb38bf4938514e13f6dc5e7b557bbe6de48b111d4c2,"[{""trait_type"":""Glasses"",""value"":""Yellow Round Glasses ""},{""trait_type"":""Hair"",""value"":""Black Short Hair ""},{""trait_type"":""Mouth"",""value"":""Big Teeth ""},{""trait_type"":""Clothes"",""value"":""Yellow Tie ""},{""trait_type"":""Nerd"",""value"":""Skinny Nerd ""},{""trait_type"":""Background"",""value"":""Red Background ""}]"
1581,1359464,0xadee9652d586b6c89fe0cfd5ceac370c632badfb8c7522e6587332f9b91ccfbe,"[{""trait_type"":""Glasses"",""value"":""Red Rectangular Glasses ""},{""trait_type"":""Hair"",""value"":""Blonde Quiff Haircut ""},{""trait_type"":""Mouth"",""value"":""Smile ""},{""trait_type"":""Clothes"",""value"":""Red Shirt ""},{""trait_type"":""Nerd"",""value"":""Fat Nerd ""},{""trait_type"":""Background"",""value"":""Red Background ""}]"
1580,1358677,0x59defed0aaa1d90be11d51043098e56428c17b93837fd44587b58e4ba27f94a0,"[{""trait_type"":""Glasses"",""value"":""Blue Rectangular Glasses ""},{""trait_type"":""Hair"",""value"":""Red Short Hair ""},{""trait_type"":""Mouth"",""value"":""Smile ""},{""trait_type"":""Clothes"",""value"":""Red Shirt ""},{""trait_type"":""Nerd"",""value"":""Skinny Nerd ""},{""trait_type"":""Background"",""value"":""Red Background ""}]"
1579,1359247,0x1141e64598a899864e150379dc501c4dea54e681ed07a1554e5777d371ccba04,"[{""trait_type"":""Glasses"",""value"":""White Round Glasses ""},{""trait_type"":""Hair"",""value"":""Red Bowl cut ""},{""trait_type"":""Mouth"",""value"":""Smile ""},{""trait_type"":""Clothes"",""value"":""Blue Shirt ""},{""trait_type"":""Nerd"",""value"":""Fat Nerd ""},{""trait_type"":""Background"",""value"":""Yellow Background ""}]"
1578,1360383,0x0545f8273c8d9e23ff48e4e29392218fac3d647e87ddff3d73bf5d1c4eb5a439,"[{""trait_type"":""Glasses"",""value"":""Yellow Round Glasses ""},{""trait_type"":""Hair"",""value"":""Brown Quiff Haircut ""},{""trait_type"":""Mouth"",""value"":""Braces ""},{""trait_type"":""Clothes"",""value"":""Purple  T-Shirt ""},{""trait_type"":""Nerd"",""value"":""Skinny Nerd ""},{""trait_type"":""Background"",""value"":""Purple Background ""}]"
1577,1359233,0x5b306ff6facbe1dc209037d0d9744baf8d74561a4b9541d5421a888a3eb25a7d,"[{""trait_type"":""Glasses"",""value"":""Green Round Glasses ""},{""trait_type"":""Hair"",""value"":""Black Bowl cut ""},{""trait_type"":""Mouth"",""value"":""Braces ""},{""trait_type"":""Clothes"",""value"":""Blue Shirt ""},{""trait_type"":""Nerd"",""value"":""Skinny Nerd ""},{""trait_type"":""Background"",""value"":""Purple Background ""}]"
1576,1359944,0x171479a1355a785e25125643194089603bb45551ca39f6208d40726fc1101ca8,"[{""trait_type"":""Glasses"",""value"":""Purple Round Glasses ""},{""trait_type"":""Hair"",""value"":""Blonde Short Hair ""},{""trait_type"":""Mouth"",""value"":""Braces ""},{""trait_type"":""Clothes"",""value"":""Purple Tie ""},{""trait_type"":""Nerd"",""value"":""Skinny Nerd ""},{""trait_type"":""Background"",""value"":""Yellow Background ""}]"
1575,1359378,0xa8baca1b2585da29fa37b2641cb206be76f0e11a1a315b4374ed178668c71cb2,"[{""trait_type"":""Glasses"",""value"":""White Round Glasses ""},{""trait_type"":""Hair"",""value"":""Brown Messy Hair ""},{""trait_type"":""Mouth"",""value"":""Braces ""},{""trait_type"":""Clothes"",""value"":""Green  T-Shirt ""},{""trait_type"":""Nerd"",""value"":""Fat Nerd ""},{""trait_type"":""Background"",""value"":""Cyan Background ""}]"
1574,1360065,0x35f494896fac95525705b7c324da2cdcfd1986cd260d7fcb4eacd1a3b7da7075,"[{""trait_type"":""Glasses"",""value"":""Blue Rectangular Glasses ""},{""trait_type"":""Hair"",""value"":""Blonde Messy Hair ""},{""trait_type"":""Mouth"",""value"":""Smile ""},{""trait_type"":""Clothes"",""value"":""Blue  T-Shirt ""},{""trait_type"":""Nerd"",""value"":""Fat Nerd ""},{""trait_type"":""Background"",""value"":""Red Background ""}]"
1573,1359271,0xcf86a808ce5601e9e06075921ee27f75fd4c3d4639730f4be07c282b9c01fefd,"[{""trait_type"":""Glasses"",""value"":""Blue Rectangular Glasses ""},{""trait_type"":""Hair"",""value"":""Blonde Quiff Haircut ""},{""trait_type"":""Mouth"",""value"":""Smile ""},{""trait_type"":""Clothes"",""value"":""Yellow Shirt ""},{""trait_type"":""Nerd"",""value"":""Skinny Nerd ""},{""trait_type"":""Background"",""value"":""Orange Background ""}]"
1572,1360228,0x1221bf2ff912c9cdf3ae2753cbe5f499ed1d0368caaa8c1da42f0eb12c69d84c,"[{""trait_type"":""Glasses"",""value"":""No Glasses ""},{""trait_type"":""Hair"",""value"":""Blonde Hair ""},{""trait_type"":""Mouth"",""value"":""Smile ""},{""trait_type"":""Clothes"",""value"":""Blue Tie ""},{""trait_type"":""Nerd"",""value"":""Skinny Nerd ""},{""trait_type"":""Background"",""value"":""Yellow Background ""}]"
1571,1360125,0x724665bfc6e3bbc1e6b3fe27b33c02cb834a062df5899220446807beefa5c41c,"[{""trait_type"":""Glasses"",""value"":""Blue Round Glasses ""},{""trait_type"":""Hair"",""value"":""Red Bowl cut ""},{""trait_type"":""Mouth"",""value"":""Big Teeth ""},{""trait_type"":""Clothes"",""value"":""Purple  T-Shirt ""},{""trait_type"":""Nerd"",""value"":""Skinny Nerd ""},{""trait_type"":""Background"",""value"":""Green Background ""}]"
1570,1360204,0xebcfc3e61cde7d8843ffc50404459310bb0db68eaba51e24848c440bf41a777c,"[{""trait_type"":""Glasses"",""value"":""White Rectangular Glasses ""},{""trait_type"":""Hair"",""value"":""Blonde Messy Hair ""},{""trait_type"":""Mouth"",""value"":""Big Teeth ""},{""trait_type"":""Clothes"",""value"":""Purple  T-Shirt ""},{""trait_type"":""Nerd"",""value"":""Skinny Nerd ""},{""trait_type"":""Background"",""value"":""Purple Background ""}]"
1569,1359756,0x8f1bfe0d5543d080b84ea998151e6ad34bceceddf7433712f8200249d10dcf44,"[{""trait_type"":""Glasses"",""value"":""Yellow Round Glasses ""},{""trait_type"":""Hair"",""value"":""Black Quiff Haircut ""},{""trait_type"":""Mouth"",""value"":""Braces ""},{""trait_type"":""Clothes"",""value"":""Red  T-Shirt ""},{""trait_type"":""Nerd"",""value"":""Fat Nerd ""},{""trait_type"":""Background"",""value"":""Cyan Background ""}]"
1568,1360052,0xf37d40701e8e6c3c6e133cbf3bbe6660e136179dc4eeec971a7c27ea4df1f717,"[{""trait_type"":""Glasses"",""value"":""Green Rectangular Glasses ""},{""trait_type"":""Hair"",""value"":""Brown Messy Hair ""},{""trait_type"":""Mouth"",""value"":""Braces ""},{""trait_type"":""Clothes"",""value"":""Yellow  T-Shirt ""},{""trait_type"":""Nerd"",""value"":""Skinny Nerd ""},{""trait_type"":""Background"",""value"":""Red Background ""}]"
1567,1359054,0x1b7be02008ecb359dceeac4e8de4c385419e23cd87366776334a422830566f2f,"[{""trait_type"":""Glasses"",""value"":""Green Round Glasses ""},{""trait_type"":""Hair"",""value"":""Blonde Bowl cut ""},{""trait_type"":""Mouth"",""value"":""Big Teeth ""},{""trait_type"":""Clothes"",""value"":""Purple  T-Shirt ""},{""trait_type"":""Nerd"",""value"":""Skinny Nerd ""},{""trait_type"":""Background"",""value"":""Orange Background ""}]"
1566,1358715,0x57af6d912664e02aa4f469caeabbbd11dedfe420cf92420cc0e371ca722c8718,"[{""trait_type"":""Glasses"",""value"":""Purple Round Glasses ""},{""trait_type"":""Hair"",""value"":""Black Short Hair ""},{""trait_type"":""Mouth"",""value"":""Big Teeth ""},{""trait_type"":""Clothes"",""value"":""Green Shirt ""},{""trait_type"":""Nerd"",""value"":""Skinny Nerd ""},{""trait_type"":""Background"",""value"":""Orange Background ""}]"
1565,1358700,0xd04ca5b492c563bdffaadeec1d6d74dadf7bd4b3219fb5110e928c764599756b,"[{""trait_type"":""Glasses"",""value"":""Green Rectangular Glasses ""},{""trait_type"":""Hair"",""value"":""Brown Hair ""},{""trait_type"":""Mouth"",""value"":""Braces ""},{""trait_type"":""Clothes"",""value"":""Blue  T-Shirt ""},{""trait_type"":""Nerd"",""value"":""Skinny Nerd ""},{""trait_type"":""Background"",""value"":""Red Background ""}]"
1564,1358464,0x29f6ff07f489ae2b0f3af60c131d5ef3cc8a7b3515222d0569a749299107b458,"[{""trait_type"":""Glasses"",""value"":""Yellow Rectangular Glasses ""},{""trait_type"":""Hair"",""value"":""Black Short Hair ""},{""trait_type"":""Mouth"",""value"":""Braces ""},{""trait_type"":""Clothes"",""value"":""Purple Tie ""},{""trait_type"":""Nerd"",""value"":""Skinny Nerd ""},{""trait_type"":""Background"",""value"":""Red Background ""}]"
1563,1360579,0x9284dc653f7c7764f8cdd6adfd6c569e8349d8cee384725ef2ef2ee01bc340df,"[{""trait_type"":""Glasses"",""value"":""Blue Round Glasses ""},{""trait_type"":""Hair"",""value"":""Blonde Bowl cut ""},{""trait_type"":""Mouth"",""value"":""Big Teeth ""},{""trait_type"":""Clothes"",""value"":""Blue  T-Shirt ""},{""trait_type"":""Nerd"",""value"":""Fat Nerd ""},{""trait_type"":""Background"",""value"":""Orange Background ""}]"
1562,1359909,0x255024f70dc12cd301df4aa6164860828b550d8925a357fa265d7c05d3439a36,"[{""trait_type"":""Glasses"",""value"":""Purple Rectangular Glasses ""},{""trait_type"":""Hair"",""value"":""Red Short Hair ""},{""trait_type"":""Mouth"",""value"":""Big Teeth ""},{""trait_type"":""Clothes"",""value"":""Green  T-Shirt ""},{""trait_type"":""Nerd"",""value"":""Fat Nerd ""},{""trait_type"":""Background"",""value"":""Yellow Background ""}]"
1561,1358593,0xa7fd7da954933dc7fb6fc45aabd4e12b20881115d37cc1ac2eca95195695a3db,"[{""trait_type"":""Glasses"",""value"":""Red Round Glasses ""},{""trait_type"":""Hair"",""value"":""Brown Quiff Haircut ""},{""trait_type"":""Mouth"",""value"":""Big Teeth ""},{""trait_type"":""Clothes"",""value"":""Green Tie ""},{""trait_type"":""Nerd"",""value"":""Skinny Nerd ""},{""trait_type"":""Background"",""value"":""Yellow Background ""}]"
1560,1360315,0x0d990a1058e0888bb9011c69b1e1ad61d247949a06913405497f1aca406c46e6,"[{""trait_type"":""Glasses"",""value"":""Yellow Round Glasses ""},{""trait_type"":""Hair"",""value"":""Brown Short Hair ""},{""trait_type"":""Mouth"",""value"":""Big Teeth ""},{""trait_type"":""Clothes"",""value"":""Red  T-Shirt ""},{""trait_type"":""Nerd"",""value"":""Skinny Nerd ""},{""trait_type"":""Background"",""value"":""Purple Background ""}]"
1559,1358451,0x79bdeb63a98f832ec5f367219a9b98b146a1066d67e28b7e650bca5397f3d041,"[{""trait_type"":""Glasses"",""value"":""Green Round Glasses ""},{""trait_type"":""Hair"",""value"":""Brown Short Hair ""},{""trait_type"":""Mouth"",""value"":""Braces ""},{""trait_type"":""Clothes"",""value"":""Blue  T-Shirt ""},{""trait_type"":""Nerd"",""value"":""Skinny Nerd ""},{""trait_type"":""Background"",""value"":""Purple Background ""}]"
1558,1360166,0x41bb2014c16cef971475148dc8eda29069b97b1faedd680560698243e0f0bf1d,"[{""trait_type"":""Glasses"",""value"":""Purple Rectangular Glasses ""},{""trait_type"":""Hair"",""value"":""Blonde Short Hair ""},{""trait_type"":""Mouth"",""value"":""Braces ""},{""trait_type"":""Clothes"",""value"":""Green Tie ""},{""trait_type"":""Nerd"",""value"":""Skinny Nerd ""},{""trait_type"":""Background"",""value"":""Yellow Background ""}]"
1557,1359646,0x83dddd5d820867f7eb68aa8d71fb7670ecc6e165cc075ac570514e827c2a94bf,"[{""trait_type"":""Glasses"",""value"":""No Glasses ""},{""trait_type"":""Hair"",""value"":""Brown Quiff Haircut ""},{""trait_type"":""Mouth"",""value"":""Big Teeth ""},{""trait_type"":""Clothes"",""value"":""Yellow Shirt ""},{""trait_type"":""Nerd"",""value"":""Skinny Nerd ""},{""trait_type"":""Background"",""value"":""Cyan Background ""}]"
1556,1359238,0x07f103e01c02121bb7f1d679aabca0dc1567b9c106cbecb34035015742acad5d,"[{""trait_type"":""Glasses"",""value"":""No Glasses ""},{""trait_type"":""Hair"",""value"":""Black Messy Hair ""},{""trait_type"":""Mouth"",""value"":""Smile ""},{""trait_type"":""Clothes"",""value"":""Purple Tie ""},{""trait_type"":""Nerd"",""value"":""Skinny Nerd ""},{""trait_type"":""Background"",""value"":""Cyan Background ""}]"
1555,1359949,0x74ff19f1d34960abd14f6f0ca016feebd6a68371bfd6f544af0440961ec16655,"[{""trait_type"":""Glasses"",""value"":""Purple Round Glasses ""},{""trait_type"":""Hair"",""value"":""Black Bowl cut ""},{""trait_type"":""Mouth"",""value"":""Braces ""},{""trait_type"":""Clothes"",""value"":""Blue Shirt ""},{""trait_type"":""Nerd"",""value"":""Fat Nerd ""},{""trait_type"":""Background"",""value"":""Purple Background ""}]"
1554,1358454,0x7fbe4b08f70af7ec0fcaa31b4a0ad32b49097ed0d4255488e32fb8912740ec3a,"[{""trait_type"":""Glasses"",""value"":""Yellow Round Glasses ""},{""trait_type"":""Hair"",""value"":""Blonde Hair ""},{""trait_type"":""Mouth"",""value"":""Big Teeth ""},{""trait_type"":""Clothes"",""value"":""Yellow Shirt ""},{""trait_type"":""Nerd"",""value"":""Skinny Nerd ""},{""trait_type"":""Background"",""value"":""Yellow Background ""}]"
1553,1359610,0x35a2e7abbf60924bfc946560d88b7204fcda9058e739ec5e91e811805a34e5df,"[{""trait_type"":""Glasses"",""value"":""Green Round Glasses ""},{""trait_type"":""Hair"",""value"":""Blonde Hair ""},{""trait_type"":""Mouth"",""value"":""Smile ""},{""trait_type"":""Clothes"",""value"":""Yellow Shirt ""},{""trait_type"":""Nerd"",""value"":""Skinny Nerd ""},{""trait_type"":""Background"",""value"":""Blue Background ""}]"
1552,1360681,0x1008d90641ed0183e3ffd0e08c589ea8deff0f6e9a001153e7a0da2524a12969,"[{""trait_type"":""Glasses"",""value"":""No Glasses ""},{""trait_type"":""Hair"",""value"":""Blonde Hair ""},{""trait_type"":""Mouth"",""value"":""Big Teeth ""},{""trait_type"":""Clothes"",""value"":""Green Tie ""},{""trait_type"":""Nerd"",""value"":""Skinny Nerd ""},{""trait_type"":""Background"",""value"":""Green Background ""}]"
1551,1360271,0x73f87c6e8c94edeaff0b9b0ab0d789e1c7eabe73b4f48f8da11fff6e8f1529da,"[{""trait_type"":""Glasses"",""value"":""Blue Round Glasses ""},{""trait_type"":""Hair"",""value"":""Red Hair ""},{""trait_type"":""Mouth"",""value"":""Braces ""},{""trait_type"":""Clothes"",""value"":""Blue Shirt ""},{""trait_type"":""Nerd"",""value"":""Skinny Nerd ""},{""trait_type"":""Background"",""value"":""Yellow Background ""}]"
1550,1359934,0x4704ecb51a29d0b4104edd28f68787ae2e4a72cef23462ff1c4e8bc594d370f0,"[{""trait_type"":""Glasses"",""value"":""No Glasses ""},{""trait_type"":""Hair"",""value"":""Brown Bowl cut ""},{""trait_type"":""Mouth"",""value"":""Big Teeth ""},{""trait_type"":""Clothes"",""value"":""Purple Tie ""},{""trait_type"":""Nerd"",""value"":""Skinny Nerd ""},{""trait_type"":""Background"",""value"":""Blue Background ""}]"
1549,1359180,0xd3f6683d09d73e2c8011050e2724ae9b05b229a32df15b6d253adb8e1a69221b,"[{""trait_type"":""Glasses"",""value"":""No Glasses ""},{""trait_type"":""Hair"",""value"":""Blonde Messy Hair ""},{""trait_type"":""Mouth"",""value"":""Big Teeth ""},{""trait_type"":""Clothes"",""value"":""Blue Shirt ""},{""trait_type"":""Nerd"",""value"":""Fat Nerd ""},{""trait_type"":""Background"",""value"":""Orange Background ""}]"
1548,1358496,0xafcca8042c34884811616eb1c12d5022909055123a8b912fadbc0f277555fcea,"[{""trait_type"":""Glasses"",""value"":""Yellow Rectangular Glasses ""},{""trait_type"":""Hair"",""value"":""Red Messy Hair ""},{""trait_type"":""Mouth"",""value"":""Smile ""},{""trait_type"":""Clothes"",""value"":""Yellow Tie ""},{""trait_type"":""Nerd"",""value"":""Skinny Nerd ""},{""trait_type"":""Background"",""value"":""Red Background ""}]"
1547,1359169,0xebda839471be091fcefbbce9410c56f3a23e57190376e20f6231741ea213b56c,"[{""trait_type"":""Glasses"",""value"":""Blue Rectangular Glasses ""},{""trait_type"":""Hair"",""value"":""Black Quiff Haircut ""},{""trait_type"":""Mouth"",""value"":""Braces ""},{""trait_type"":""Clothes"",""value"":""Yellow Tie ""},{""trait_type"":""Nerd"",""value"":""Skinny Nerd ""},{""trait_type"":""Background"",""value"":""Orange Background ""}]"
1546,1359454,0xbacffbc384ad627bc06dd2a596a43972615156ae1f84207636ddc0ab4be53bd5,"[{""trait_type"":""Glasses"",""value"":""Purple Rectangular Glasses ""},{""trait_type"":""Hair"",""value"":""Red Quiff Haircut ""},{""trait_type"":""Mouth"",""value"":""Smile ""},{""trait_type"":""Clothes"",""value"":""Red Shirt ""},{""trait_type"":""Nerd"",""value"":""Fat Nerd ""},{""trait_type"":""Background"",""value"":""Purple Background ""}]"
1545,1359484,0x1650e7057cbf8f68b2d2b7278e4707de2d7e73f894a0db91ea3a49a8e1894f30,"[{""trait_type"":""Glasses"",""value"":""Green Rectangular Glasses ""},{""trait_type"":""Hair"",""value"":""Red Hair ""},{""trait_type"":""Mouth"",""value"":""Smile ""},{""trait_type"":""Clothes"",""value"":""Blue Shirt ""},{""trait_type"":""Nerd"",""value"":""Skinny Nerd ""},{""trait_type"":""Background"",""value"":""Orange Background ""}]"
1544,1359914,0x4cfea142ba09006b5dc008dc2e343c2cb3a4e2166251b8f71c5568fc990048df,"[{""trait_type"":""Glasses"",""value"":""White Round Glasses ""},{""trait_type"":""Hair"",""value"":""Black Bowl cut ""},{""trait_type"":""Mouth"",""value"":""Big Teeth ""},{""trait_type"":""Clothes"",""value"":""Blue Tie ""},{""trait_type"":""Nerd"",""value"":""Skinny Nerd ""},{""trait_type"":""Background"",""value"":""Yellow Background ""}]"
1543,1358625,0x4ab96baa8651ca026f0b89f995e63515e1fc0894804ccb86bc3d5418a046df2e,"[{""trait_type"":""Glasses"",""value"":""Blue Rectangular Glasses ""},{""trait_type"":""Hair"",""value"":""Black Hair ""},{""trait_type"":""Mouth"",""value"":""Smile ""},{""trait_type"":""Clothes"",""value"":""Yellow  T-Shirt ""},{""trait_type"":""Nerd"",""value"":""Skinny Nerd ""},{""trait_type"":""Background"",""value"":""Yellow Background ""}]"
1542,1359862,0xbd3139d0ff79638ecc535bb10703182c50963bcb467bc1dfa107cdfc5e37fb68,"[{""trait_type"":""Glasses"",""value"":""Red Round Glasses ""},{""trait_type"":""Hair"",""value"":""Red Hair ""},{""trait_type"":""Mouth"",""value"":""Smile ""},{""trait_type"":""Clothes"",""value"":""Red Shirt ""},{""trait_type"":""Nerd"",""value"":""Fat Nerd ""},{""trait_type"":""Background"",""value"":""Blue Background ""}]"
1541,1359656,0x19b66c2e3df7395bab5a5ee6c835cd8477a2eaae8299957988efc3d0ee9bd473,"[{""trait_type"":""Glasses"",""value"":""Red Round Glasses ""},{""trait_type"":""Hair"",""value"":""Blonde Messy Hair ""},{""trait_type"":""Mouth"",""value"":""Big Teeth ""},{""trait_type"":""Clothes"",""value"":""Yellow Shirt ""},{""trait_type"":""Nerd"",""value"":""Fat Nerd ""},{""trait_type"":""Background"",""value"":""Orange Background ""}]"
1540,1360207,0xdd7f472f182c4994102822e1b1d7c0764cab7870a32e90bd40357700232312d9,"[{""trait_type"":""Glasses"",""value"":""Purple Rectangular Glasses ""},{""trait_type"":""Hair"",""value"":""Red Bowl cut ""},{""trait_type"":""Mouth"",""value"":""Braces ""},{""trait_type"":""Clothes"",""value"":""Yellow  T-Shirt ""},{""trait_type"":""Nerd"",""value"":""Fat Nerd ""},{""trait_type"":""Background"",""value"":""Yellow Background ""}]"
1539,1360645,0x4ee48ca13f34a9c4ed0fdc7fc9df2ae9d2d7e4ce3589a0b89a76596862502313,"[{""trait_type"":""Glasses"",""value"":""No Glasses ""},{""trait_type"":""Hair"",""value"":""Red Quiff Haircut ""},{""trait_type"":""Mouth"",""value"":""Big Teeth ""},{""trait_type"":""Clothes"",""value"":""Blue Tie ""},{""trait_type"":""Nerd"",""value"":""Skinny Nerd ""},{""trait_type"":""Background"",""value"":""Yellow Background ""}]"
1538,1358761,0x14f29b5de99a771cf81eda93f915c6473d12f98f35f89ea636fc839b641ad6d4,"[{""trait_type"":""Glasses"",""value"":""No Glasses ""},{""trait_type"":""Hair"",""value"":""Brown Bowl cut ""},{""trait_type"":""Mouth"",""value"":""Big Teeth ""},{""trait_type"":""Clothes"",""value"":""Red  T-Shirt ""},{""trait_type"":""Nerd"",""value"":""Skinny Nerd ""},{""trait_type"":""Background"",""value"":""Purple Background ""}]"
1537,1359032,0x9fe696c7a7251e940f506b7a45e0d2fa6e9b066a7cd7fc940c245446212793c3,"[{""trait_type"":""Glasses"",""value"":""Black Round Glasses ""},{""trait_type"":""Hair"",""value"":""Brown Hair ""},{""trait_type"":""Mouth"",""value"":""Smile ""},{""trait_type"":""Clothes"",""value"":""Green Shirt ""},{""trait_type"":""Nerd"",""value"":""Skinny Nerd ""},{""trait_type"":""Background"",""value"":""Yellow Background ""}]"
1536,1359408,0x2a4b1b2f18d286d91cb434c988de7853e5e827141adfea31cd857a7ac4fb5ff7,"[{""trait_type"":""Glasses"",""value"":""Green Round Glasses ""},{""trait_type"":""Hair"",""value"":""Black Hair ""},{""trait_type"":""Mouth"",""value"":""Braces ""},{""trait_type"":""Clothes"",""value"":""Green Tie ""},{""trait_type"":""Nerd"",""value"":""Skinny Nerd ""},{""trait_type"":""Background"",""value"":""Orange Background ""}]"
1535,1359389,0x9d326cee3bf24f52018149995dd503044054da2468ccdbf5089aff009b7acdfb,"[{""trait_type"":""Glasses"",""value"":""Yellow Rectangular Glasses ""},{""trait_type"":""Hair"",""value"":""Brown Bowl cut ""},{""trait_type"":""Mouth"",""value"":""Big Teeth ""},{""trait_type"":""Clothes"",""value"":""Yellow Shirt ""},{""trait_type"":""Nerd"",""value"":""Skinny Nerd ""},{""trait_type"":""Background"",""value"":""Purple Background ""}]"
1534,1358521,0x1e976fbea40f4f8f5935c07a97c393b7d1765964e302b83385ab0d0aad5e43f1,"[{""trait_type"":""Glasses"",""value"":""Purple Round Glasses ""},{""trait_type"":""Hair"",""value"":""Black Short Hair ""},{""trait_type"":""Mouth"",""value"":""Smile ""},{""trait_type"":""Clothes"",""value"":""Purple  T-Shirt ""},{""trait_type"":""Nerd"",""value"":""Skinny Nerd ""},{""trait_type"":""Background"",""value"":""Blue Background ""}]"
1533,1360448,0x12a9242dd946dcb21367cc579e89d4f25f01daf48f2e6fd5832ad8056e7cf6a1,"[{""trait_type"":""Glasses"",""value"":""Red Rectangular Glasses ""},{""trait_type"":""Hair"",""value"":""Black Messy Hair ""},{""trait_type"":""Mouth"",""value"":""Braces ""},{""trait_type"":""Clothes"",""value"":""Green  T-Shirt ""},{""trait_type"":""Nerd"",""value"":""Fat Nerd ""},{""trait_type"":""Background"",""value"":""Blue Background ""}]"
1532,1359879,0x6b5038acd5fcc04ca440671b13bd0bbb43fc3a7a0e5b1c4a1e8fcc4193da717b,"[{""trait_type"":""Glasses"",""value"":""White Rectangular Glasses ""},{""trait_type"":""Hair"",""value"":""Brown Quiff Haircut ""},{""trait_type"":""Mouth"",""value"":""Smile ""},{""trait_type"":""Clothes"",""value"":""Yellow  T-Shirt ""},{""trait_type"":""Nerd"",""value"":""Skinny Nerd ""},{""trait_type"":""Background"",""value"":""Orange Background ""}]"
1531,1358770,0xf2f133af3d722bbcb07302d17e0d64c907d224616b903388f7cdce9380c9f57e,"[{""trait_type"":""Glasses"",""value"":""Green Rectangular Glasses ""},{""trait_type"":""Hair"",""value"":""Blonde Hair ""},{""trait_type"":""Mouth"",""value"":""Big Teeth ""},{""trait_type"":""Clothes"",""value"":""Purple  T-Shirt ""},{""trait_type"":""Nerd"",""value"":""Fat Nerd ""},{""trait_type"":""Background"",""value"":""Green Background ""}]"
1530,1358511,0x49e0c7c1b0539d4854d4d103ec3dcc993addb29db3d11e66482f7ec66843a581,"[{""trait_type"":""Glasses"",""value"":""White Round Glasses ""},{""trait_type"":""Hair"",""value"":""Blonde Quiff Haircut ""},{""trait_type"":""Mouth"",""value"":""Big Teeth ""},{""trait_type"":""Clothes"",""value"":""Blue Shirt ""},{""trait_type"":""Nerd"",""value"":""Fat Nerd ""},{""trait_type"":""Background"",""value"":""Red Background ""}]"
1529,1359321,0xed26d67daaeb10ae53bbb5d9f4fa6db675ebeaf7cb5789a37a593599f181c6c3,"[{""trait_type"":""Glasses"",""value"":""White Rectangular Glasses ""},{""trait_type"":""Hair"",""value"":""Brown Bowl cut ""},{""trait_type"":""Mouth"",""value"":""Big Teeth ""},{""trait_type"":""Clothes"",""value"":""Blue  T-Shirt ""},{""trait_type"":""Nerd"",""value"":""Fat Nerd ""},{""trait_type"":""Background"",""value"":""Blue Background ""}]"
1528,1360373,0x9f11061a5e9c100dfee445bf37ccda6c3913d2c24f0e62ed1153a218250765d7,"[{""trait_type"":""Glasses"",""value"":""Black Round Glasses ""},{""trait_type"":""Hair"",""value"":""Brown Quiff Haircut ""},{""trait_type"":""Mouth"",""value"":""Big Teeth ""},{""trait_type"":""Clothes"",""value"":""Red Shirt ""},{""trait_type"":""Nerd"",""value"":""Skinny Nerd ""},{""trait_type"":""Background"",""value"":""Red Background ""}]"
1527,1359394,0x6d1d321ecfe1c5817a67d6a4d04e9ae97c283a0120002ba4ef8c96a606d6ab4d,"[{""trait_type"":""Glasses"",""value"":""Red Round Glasses ""},{""trait_type"":""Hair"",""value"":""Brown Messy Hair ""},{""trait_type"":""Mouth"",""value"":""Smile ""},{""trait_type"":""Clothes"",""value"":""Yellow Tie ""},{""trait_type"":""Nerd"",""value"":""Skinny Nerd ""},{""trait_type"":""Background"",""value"":""Blue Background ""}]"
1526,1360655,0xf836661c648d098ca1822e4ebbba3116f1e3f01a6b5575ff1832e1b98c302e33,"[{""trait_type"":""Glasses"",""value"":""Red Rectangular Glasses ""},{""trait_type"":""Hair"",""value"":""Red Bowl cut ""},{""trait_type"":""Mouth"",""value"":""Smile ""},{""trait_type"":""Clothes"",""value"":""Green Tie ""},{""trait_type"":""Nerd"",""value"":""Skinny Nerd ""},{""trait_type"":""Background"",""value"":""Purple Background ""}]"
1525,1358689,0xd8b9365ea0625c1d3b683d8bf7ffb648d1a947171638177a3b4e63ed78e0db21,"[{""trait_type"":""Glasses"",""value"":""Blue Round Glasses ""},{""trait_type"":""Hair"",""value"":""Black Bowl cut ""},{""trait_type"":""Mouth"",""value"":""Smile ""},{""trait_type"":""Clothes"",""value"":""Blue  T-Shirt ""},{""trait_type"":""Nerd"",""value"":""Skinny Nerd ""},{""trait_type"":""Background"",""value"":""Red Background ""}]"
1524,1358716,0x06357c2c8b415fbf34a036bd8adb6ebfc720a943afcda938341fc9b2072b5b62,"[{""trait_type"":""Glasses"",""value"":""Purple Round Glasses ""},{""trait_type"":""Hair"",""value"":""Red Messy Hair ""},{""trait_type"":""Mouth"",""value"":""Braces ""},{""trait_type"":""Clothes"",""value"":""Yellow Tie ""},{""trait_type"":""Nerd"",""value"":""Skinny Nerd ""},{""trait_type"":""Background"",""value"":""Yellow Background ""}]"
1523,1358632,0xcb288ff4d33e86947d8df4529d04713ea4654dbbb0953cda6f8c50a9f7a9f057,"[{""trait_type"":""Glasses"",""value"":""Yellow Round Glasses ""},{""trait_type"":""Hair"",""value"":""Red Hair ""},{""trait_type"":""Mouth"",""value"":""Braces ""},{""trait_type"":""Clothes"",""value"":""Blue Shirt ""},{""trait_type"":""Nerd"",""value"":""Skinny Nerd ""},{""trait_type"":""Background"",""value"":""Yellow Background ""}]"
1522,1359251,0x8ec45f920073404b2d2470baa799e91932280750618dfb7f70d50794d78f9bd0,"[{""trait_type"":""Glasses"",""value"":""White Rectangular Glasses ""},{""trait_type"":""Hair"",""value"":""Black Messy Hair ""},{""trait_type"":""Mouth"",""value"":""Smile ""},{""trait_type"":""Clothes"",""value"":""Purple Tie ""},{""trait_type"":""Nerd"",""value"":""Fat Nerd ""},{""trait_type"":""Background"",""value"":""Blue Background ""}]"
1521,1359853,0x1225e71370f6fc1ef2976f1b5cdee4b10c229014485d1d2dd47b28c378a7cc96,"[{""trait_type"":""Glasses"",""value"":""Blue Round Glasses ""},{""trait_type"":""Hair"",""value"":""Red Hair ""},{""trait_type"":""Mouth"",""value"":""Braces ""},{""trait_type"":""Clothes"",""value"":""Yellow Shirt ""},{""trait_type"":""Nerd"",""value"":""Skinny Nerd ""},{""trait_type"":""Background"",""value"":""Orange Background ""}]"
1520,1360446,0xe9fa7f5e736ba36afe99ac15805eae66180f4f83b3fc1e5258f7c804c333c234,"[{""trait_type"":""Glasses"",""value"":""Red Rectangular Glasses ""},{""trait_type"":""Hair"",""value"":""Red Short Hair ""},{""trait_type"":""Mouth"",""value"":""Smile ""},{""trait_type"":""Clothes"",""value"":""Red  T-Shirt ""},{""trait_type"":""Nerd"",""value"":""Skinny Nerd ""},{""trait_type"":""Background"",""value"":""Cyan Background ""}]"
1519,1358671,0xa041eaf3770dc4e10422ad02ebdb8fd8ee65e6f7630256ca953850048ae798d1,"[{""trait_type"":""Glasses"",""value"":""Red Round Glasses ""},{""trait_type"":""Hair"",""value"":""Red Quiff Haircut ""},{""trait_type"":""Mouth"",""value"":""Braces ""},{""trait_type"":""Clothes"",""value"":""Blue Tie ""},{""trait_type"":""Nerd"",""value"":""Skinny Nerd ""},{""trait_type"":""Background"",""value"":""Orange Background ""}]"
1518,1358714,0xd1fb4a2c90416fc233a0a03ec61d6cf0a44eb3e27cf0ee43276125dd05f699c2,"[{""trait_type"":""Glasses"",""value"":""Yellow Rectangular Glasses ""},{""trait_type"":""Hair"",""value"":""Brown Hair ""},{""trait_type"":""Mouth"",""value"":""Smile ""},{""trait_type"":""Clothes"",""value"":""Red Shirt ""},{""trait_type"":""Nerd"",""value"":""Fat Nerd ""},{""trait_type"":""Background"",""value"":""Yellow Background ""}]"
1517,1360543,0xeeae9661d4c65a3aa941c28ae131ca98536770a9caf9e26735ce91fe0ef75beb,"[{""trait_type"":""Glasses"",""value"":""White Round Glasses ""},{""trait_type"":""Hair"",""value"":""Blonde Messy Hair ""},{""trait_type"":""Mouth"",""value"":""Braces ""},{""trait_type"":""Clothes"",""value"":""Yellow Tie ""},{""trait_type"":""Nerd"",""value"":""Skinny Nerd ""},{""trait_type"":""Background"",""value"":""Green Background ""}]"
1516,1360440,0xbb2495b890e25cd1ae12a70d1ce0a34005de29e66cc21a009400ea19598e52f0,"[{""trait_type"":""Glasses"",""value"":""Purple Rectangular Glasses ""},{""trait_type"":""Hair"",""value"":""Brown Hair ""},{""trait_type"":""Mouth"",""value"":""Braces ""},{""trait_type"":""Clothes"",""value"":""Blue Tie ""},{""trait_type"":""Nerd"",""value"":""Fat Nerd ""},{""trait_type"":""Background"",""value"":""Orange Background ""}]"
1515,1360741,0x5adc0a97ccfb611c8b876acf50f61ae8ea50081ed7d0d4daace3b3e13378a9b8,"[{""trait_type"":""Glasses"",""value"":""Blue Round Glasses ""},{""trait_type"":""Hair"",""value"":""Red Hair ""},{""trait_type"":""Mouth"",""value"":""Braces ""},{""trait_type"":""Clothes"",""value"":""Purple  T-Shirt ""},{""trait_type"":""Nerd"",""value"":""Fat Nerd ""},{""trait_type"":""Background"",""value"":""Orange Background ""}]"
1514,1360047,0xf16d54fbe439290a0af9dbc74f48cd5d96de52dd9eefa7aa50a49cee9ed11390,"[{""trait_type"":""Glasses"",""value"":""Red Rectangular Glasses ""},{""trait_type"":""Hair"",""value"":""Red Messy Hair ""},{""trait_type"":""Mouth"",""value"":""Smile ""},{""trait_type"":""Clothes"",""value"":""Red Shirt ""},{""trait_type"":""Nerd"",""value"":""Fat Nerd ""},{""trait_type"":""Background"",""value"":""Green Background ""}]"
1513,1359507,0x85bbd504c8010ecda152eb5bcd886bca06af3c0c997a5b5fc9c8d7383e6f35f2,"[{""trait_type"":""Glasses"",""value"":""No Glasses ""},{""trait_type"":""Hair"",""value"":""Black Messy Hair ""},{""trait_type"":""Mouth"",""value"":""Braces ""},{""trait_type"":""Clothes"",""value"":""Green Shirt ""},{""trait_type"":""Nerd"",""value"":""Fat Nerd ""},{""trait_type"":""Background"",""value"":""Orange Background ""}]"
1512,1359367,0x34b41d70a15e06b1414eb0bd743af6090b1d2f49644c0dee57af206e5fca1e9c,"[{""trait_type"":""Glasses"",""value"":""Blue Round Glasses ""},{""trait_type"":""Hair"",""value"":""Red Hair ""},{""trait_type"":""Mouth"",""value"":""Smile ""},{""trait_type"":""Clothes"",""value"":""Green Tie ""},{""trait_type"":""Nerd"",""value"":""Fat Nerd ""},{""trait_type"":""Background"",""value"":""Green Background ""}]"
1511,1360235,0x2d889cb1e3b060848117e45e72fada1566880bde7cbf1f66668f647ed08445ae,"[{""trait_type"":""Glasses"",""value"":""Purple Round Glasses ""},{""trait_type"":""Hair"",""value"":""Red Messy Hair ""},{""trait_type"":""Mouth"",""value"":""Braces ""},{""trait_type"":""Clothes"",""value"":""Green Shirt ""},{""trait_type"":""Nerd"",""value"":""Fat Nerd ""},{""trait_type"":""Background"",""value"":""Cyan Background ""}]"
1510,1360120,0xe004d2b194d4b12e6102f8e24ac181296bb9e077e8d0befed34f4af693bd8de1,"[{""trait_type"":""Glasses"",""value"":""Purple Round Glasses ""},{""trait_type"":""Hair"",""value"":""Blonde Bowl cut ""},{""trait_type"":""Mouth"",""value"":""Big Teeth ""},{""trait_type"":""Clothes"",""value"":""Yellow Shirt ""},{""trait_type"":""Nerd"",""value"":""Skinny Nerd ""},{""trait_type"":""Background"",""value"":""Red Background ""}]"
1509,1359188,0xab620f45b3c75b724f3e446f34ad51100b8a7f6e1dbe345e73edb310a2fd1f31,"[{""trait_type"":""Glasses"",""value"":""Green Rectangular Glasses ""},{""trait_type"":""Hair"",""value"":""Red Hair ""},{""trait_type"":""Mouth"",""value"":""Big Teeth ""},{""trait_type"":""Clothes"",""value"":""Red  T-Shirt ""},{""trait_type"":""Nerd"",""value"":""Skinny Nerd ""},{""trait_type"":""Background"",""value"":""Blue Background ""}]"
1508,1360285,0x44f9411ceea41aa7b1e6a31d6fac2da205def65df4f798b7e551e645434ae8f3,"[{""trait_type"":""Glasses"",""value"":""Blue Round Glasses ""},{""trait_type"":""Hair"",""value"":""Brown Hair ""},{""trait_type"":""Mouth"",""value"":""Braces ""},{""trait_type"":""Clothes"",""value"":""Red  T-Shirt ""},{""trait_type"":""Nerd"",""value"":""Skinny Nerd ""},{""trait_type"":""Background"",""value"":""Yellow Background ""}]"
1507,1360444,0x318389c6235a22d9861ac1c3d077524422d11b6a05f72d361ee3e24070409957,"[{""trait_type"":""Glasses"",""value"":""Yellow Rectangular Glasses ""},{""trait_type"":""Hair"",""value"":""Brown Short Hair ""},{""trait_type"":""Mouth"",""value"":""Big Teeth ""},{""trait_type"":""Clothes"",""value"":""Red Tie ""},{""trait_type"":""Nerd"",""value"":""Skinny Nerd ""},{""trait_type"":""Background"",""value"":""Orange Background ""}]"
1506,1359279,0xe3c7bfa71f9be25fd159b1abf4236b5537e9e40cdeb428aee9f39b7497a802e1,"[{""trait_type"":""Glasses"",""value"":""Red Rectangular Glasses ""},{""trait_type"":""Hair"",""value"":""Red Bowl cut ""},{""trait_type"":""Mouth"",""value"":""Smile ""},{""trait_type"":""Clothes"",""value"":""Red Tie ""},{""trait_type"":""Nerd"",""value"":""Fat Nerd ""},{""trait_type"":""Background"",""value"":""Red Background ""}]"
1505,1360456,0x621c73492e0140d6d0cb48e2e67f795ae270aa0c1c6788898e93a27fc22fbdcf,"[{""trait_type"":""Glasses"",""value"":""White Round Glasses ""},{""trait_type"":""Hair"",""value"":""Brown Messy Hair ""},{""trait_type"":""Mouth"",""value"":""Smile ""},{""trait_type"":""Clothes"",""value"":""Purple Tie ""},{""trait_type"":""Nerd"",""value"":""Skinny Nerd ""},{""trait_type"":""Background"",""value"":""Green Background ""}]"
1504,1360218,0xed27ecdc3d5841ebd0efab770f75e08f1138b870429beb0273ff461c92859b94,"[{""trait_type"":""Glasses"",""value"":""Blue Rectangular Glasses ""},{""trait_type"":""Hair"",""value"":""Brown Short Hair ""},{""trait_type"":""Mouth"",""value"":""Braces ""},{""trait_type"":""Clothes"",""value"":""Blue Tie ""},{""trait_type"":""Nerd"",""value"":""Skinny Nerd ""},{""trait_type"":""Background"",""value"":""Yellow Background ""}]"
1503,1359187,0x45b5005af975454175540cd686211b261c3f0fbe8cc0587eadc1efd6907b82c8,"[{""trait_type"":""Glasses"",""value"":""Green Round Glasses ""},{""trait_type"":""Hair"",""value"":""Black Quiff Haircut ""},{""trait_type"":""Mouth"",""value"":""Big Teeth ""},{""trait_type"":""Clothes"",""value"":""Green Shirt ""},{""trait_type"":""Nerd"",""value"":""Fat Nerd ""},{""trait_type"":""Background"",""value"":""Red Background ""}]"
1502,1360449,0xbf5bf603d64dcd981311fc94a914a73f60d46d8dee9126e81ad587a604230ed6,"[{""trait_type"":""Glasses"",""value"":""Blue Rectangular Glasses ""},{""trait_type"":""Hair"",""value"":""Black Quiff Haircut ""},{""trait_type"":""Mouth"",""value"":""Smile ""},{""trait_type"":""Clothes"",""value"":""Blue  T-Shirt ""},{""trait_type"":""Nerd"",""value"":""Fat Nerd ""},{""trait_type"":""Background"",""value"":""Green Background ""}]"
1501,1358457,0xdbb0be9e9fc14d9b218f678be823fb5e9bf6a95e2cadec2bd291d6f148954e7c,"[{""trait_type"":""Glasses"",""value"":""Red Round Glasses ""},{""trait_type"":""Hair"",""value"":""Blonde Messy Hair ""},{""trait_type"":""Mouth"",""value"":""Braces ""},{""trait_type"":""Clothes"",""value"":""Yellow  T-Shirt ""},{""trait_type"":""Nerd"",""value"":""Skinny Nerd ""},{""trait_type"":""Background"",""value"":""Yellow Background ""}]"
1500,1358654,0x52300f727b5725bedb38aaa3776029dbb7ec6c58d96f899f82b2f8c34ca21ec5,"[{""trait_type"":""Glasses"",""value"":""Black Round Glasses ""},{""trait_type"":""Hair"",""value"":""Red Short Hair ""},{""trait_type"":""Mouth"",""value"":""Smile ""},{""trait_type"":""Clothes"",""value"":""Green Shirt ""},{""trait_type"":""Nerd"",""value"":""Fat Nerd ""},{""trait_type"":""Background"",""value"":""Cyan Background ""}]"
1499,1360209,0xa5dd78840e613edcda9457fb5d92d6ffb58b64fc29b81e77fbc65c28a0404d6d,"[{""trait_type"":""Glasses"",""value"":""Purple Round Glasses ""},{""trait_type"":""Hair"",""value"":""Blonde Messy Hair ""},{""trait_type"":""Mouth"",""value"":""Braces ""},{""trait_type"":""Clothes"",""value"":""Purple Tie ""},{""trait_type"":""Nerd"",""value"":""Fat Nerd ""},{""trait_type"":""Background"",""value"":""Orange Background ""}]"
1498,1360055,0x1c4fb09e926bc7ac128524e9d9f6ed70d5385a3576dd335033670c4962995d27,"[{""trait_type"":""Glasses"",""value"":""White Rectangular Glasses ""},{""trait_type"":""Hair"",""value"":""Red Quiff Haircut ""},{""trait_type"":""Mouth"",""value"":""Smile ""},{""trait_type"":""Clothes"",""value"":""Yellow Tie ""},{""trait_type"":""Nerd"",""value"":""Skinny Nerd ""},{""trait_type"":""Background"",""value"":""Green Background ""}]"
1497,1360679,0xbaf2aecd1ecaf0900e51f2b64d3083bac41284b06fe8827a6255bf29a26e0093,"[{""trait_type"":""Glasses"",""value"":""Yellow Rectangular Glasses ""},{""trait_type"":""Hair"",""value"":""Blonde Quiff Haircut ""},{""trait_type"":""Mouth"",""value"":""Braces ""},{""trait_type"":""Clothes"",""value"":""Yellow Shirt ""},{""trait_type"":""Nerd"",""value"":""Skinny Nerd ""},{""trait_type"":""Background"",""value"":""Orange Background ""}]"
1496,1359607,0xdf106348865331b340f452592a29d14e359d040d018da8c759308da57e7a7287,"[{""trait_type"":""Glasses"",""value"":""Black Round Glasses ""},{""trait_type"":""Hair"",""value"":""Brown Hair ""},{""trait_type"":""Mouth"",""value"":""Braces ""},{""trait_type"":""Clothes"",""value"":""Green Tie ""},{""trait_type"":""Nerd"",""value"":""Skinny Nerd ""},{""trait_type"":""Background"",""value"":""Blue Background ""}]"
1495,1358434,0x5dfa27e9db8714b682914e443050e56469dcaa27b905d2bfc587a57ee4baea4f,"[{""trait_type"":""Glasses"",""value"":""Green Round Glasses ""},{""trait_type"":""Hair"",""value"":""Black Bowl cut ""},{""trait_type"":""Mouth"",""value"":""Smile ""},{""trait_type"":""Clothes"",""value"":""Red Tie ""},{""trait_type"":""Nerd"",""value"":""Fat Nerd ""},{""trait_type"":""Background"",""value"":""Orange Background ""}]"
1494,1360657,0x7fa3b9c71bace2a1d5afb42c98de44e96fafe69fb6788cdf04cf24e7b5467f29,"[{""trait_type"":""Glasses"",""value"":""Blue Rectangular Glasses ""},{""trait_type"":""Hair"",""value"":""Brown Quiff Haircut ""},{""trait_type"":""Mouth"",""value"":""Smile ""},{""trait_type"":""Clothes"",""value"":""Red  T-Shirt ""},{""trait_type"":""Nerd"",""value"":""Skinny Nerd ""},{""trait_type"":""Background"",""value"":""Blue Background ""}]"
1493,1359347,0x183d28dcc9431205f6a46d4da7bc04d1299d10694c01f9b21d29c083067f6d48,"[{""trait_type"":""Glasses"",""value"":""White Round Glasses ""},{""trait_type"":""Hair"",""value"":""Red Short Hair ""},{""trait_type"":""Mouth"",""value"":""Braces ""},{""trait_type"":""Clothes"",""value"":""Yellow  T-Shirt ""},{""trait_type"":""Nerd"",""value"":""Skinny Nerd ""},{""trait_type"":""Background"",""value"":""Red Background ""}]"
1492,1360575,0x318db6754fcd5d0aff69ac22d0026f1faf3f8052d02985ad28429af38cc39dda,"[{""trait_type"":""Glasses"",""value"":""White Rectangular Glasses ""},{""trait_type"":""Hair"",""value"":""Red Messy Hair ""},{""trait_type"":""Mouth"",""value"":""Smile ""},{""trait_type"":""Clothes"",""value"":""Blue Shirt ""},{""trait_type"":""Nerd"",""value"":""Skinny Nerd ""},{""trait_type"":""Background"",""value"":""Purple Background ""}]"
1491,1358697,0xd5a60b79b49b2ad94cf9e29f94b28265c3a81861fa2dc81640b78949ac3fa6c1,"[{""trait_type"":""Glasses"",""value"":""Green Round Glasses ""},{""trait_type"":""Hair"",""value"":""Black Short Hair ""},{""trait_type"":""Mouth"",""value"":""Smile ""},{""trait_type"":""Clothes"",""value"":""Red  T-Shirt ""},{""trait_type"":""Nerd"",""value"":""Skinny Nerd ""},{""trait_type"":""Background"",""value"":""Orange Background ""}]"
1490,1359966,0x90d6087978b799fd23bf18c2332bf2b55e5e8052910846f5cdf33f63bb7d62a3,"[{""trait_type"":""Glasses"",""value"":""Blue Round Glasses ""},{""trait_type"":""Hair"",""value"":""Red Bowl cut ""},{""trait_type"":""Mouth"",""value"":""Braces ""},{""trait_type"":""Clothes"",""value"":""Green  T-Shirt ""},{""trait_type"":""Nerd"",""value"":""Fat Nerd ""},{""trait_type"":""Background"",""value"":""Cyan Background ""}]"
1489,1359168,0x111de9a06b1da7b0785c7e61c1a8e4a27341d9fff6b3b7ee078be8d7c5c8a0a2,"[{""trait_type"":""Glasses"",""value"":""No Glasses ""},{""trait_type"":""Hair"",""value"":""Black Hair ""},{""trait_type"":""Mouth"",""value"":""Braces ""},{""trait_type"":""Clothes"",""value"":""Purple  T-Shirt ""},{""trait_type"":""Nerd"",""value"":""Fat Nerd ""},{""trait_type"":""Background"",""value"":""Blue Background ""}]"
1488,1359901,0x3c07366a247cd03077c5b71029e1310f8c76d20c2a27e433bd1dac808d690d83,"[{""trait_type"":""Glasses"",""value"":""Purple Round Glasses ""},{""trait_type"":""Hair"",""value"":""Red Quiff Haircut ""},{""trait_type"":""Mouth"",""value"":""Big Teeth ""},{""trait_type"":""Clothes"",""value"":""Yellow Shirt ""},{""trait_type"":""Nerd"",""value"":""Fat Nerd ""},{""trait_type"":""Background"",""value"":""Red Background ""}]"
1487,1360367,0x79fc969cf4d24d54049e999273d6dbcc7e4c285deb57332804444fcaa52a0b2b,"[{""trait_type"":""Glasses"",""value"":""Red Rectangular Glasses ""},{""trait_type"":""Hair"",""value"":""Blonde Messy Hair ""},{""trait_type"":""Mouth"",""value"":""Big Teeth ""},{""trait_type"":""Clothes"",""value"":""Blue  T-Shirt ""},{""trait_type"":""Nerd"",""value"":""Skinny Nerd ""},{""trait_type"":""Background"",""value"":""Orange Background ""}]"
1486,1359061,0x06dc71476f586c33ba463840d6373af337e5b13f263f9ddf0b2a6fd0e73dc404,"[{""trait_type"":""Glasses"",""value"":""White Rectangular Glasses ""},{""trait_type"":""Hair"",""value"":""Blonde Messy Hair ""},{""trait_type"":""Mouth"",""value"":""Braces ""},{""trait_type"":""Clothes"",""value"":""Yellow Shirt ""},{""trait_type"":""Nerd"",""value"":""Fat Nerd ""},{""trait_type"":""Background"",""value"":""Orange Background ""}]"
1485,1358731,0xf24676ba9fba1d0f6eaaab0a5a0f759ca38cd27ff7b79912fea41f4caca80cf1,"[{""trait_type"":""Glasses"",""value"":""Yellow Rectangular Glasses ""},{""trait_type"":""Hair"",""value"":""Red Bowl cut ""},{""trait_type"":""Mouth"",""value"":""Smile ""},{""trait_type"":""Clothes"",""value"":""Blue Tie ""},{""trait_type"":""Nerd"",""value"":""Skinny Nerd ""},{""trait_type"":""Background"",""value"":""Red Background ""}]"
1484,1359589,0xcbd1e1f66c9aab1dd7445b99574ef38af389afb60a1b52392031537420786043,"[{""trait_type"":""Glasses"",""value"":""No Glasses ""},{""trait_type"":""Hair"",""value"":""Brown Bowl cut ""},{""trait_type"":""Mouth"",""value"":""Braces ""},{""trait_type"":""Clothes"",""value"":""Blue Tie ""},{""trait_type"":""Nerd"",""value"":""Fat Nerd ""},{""trait_type"":""Background"",""value"":""Green Background ""}]"
1483,1360562,0x906884577872d6fe6ceaaebf12b2498e12d8d6af1dd6bf741c73ae2b9535ef09,"[{""trait_type"":""Glasses"",""value"":""Black Round Glasses ""},{""trait_type"":""Hair"",""value"":""Blonde Quiff Haircut ""},{""trait_type"":""Mouth"",""value"":""Smile ""},{""trait_type"":""Clothes"",""value"":""Blue Tie ""},{""trait_type"":""Nerd"",""value"":""Skinny Nerd ""},{""trait_type"":""Background"",""value"":""Yellow Background ""}]"
1482,1359327,0x8d9ef5a95a9612f6f2d11bd819ec27614efd9bbfea22381968422ccb6c5d4d0d,"[{""trait_type"":""Glasses"",""value"":""No Glasses ""},{""trait_type"":""Hair"",""value"":""Blonde Hair ""},{""trait_type"":""Mouth"",""value"":""Smile ""},{""trait_type"":""Clothes"",""value"":""Yellow Shirt ""},{""trait_type"":""Nerd"",""value"":""Fat Nerd ""},{""trait_type"":""Background"",""value"":""Red Background ""}]"
1481,1358938,0x1ebd9de089229150496f06b9fcb4ada9bf3f9e8ea4036a279b8b0139dbc1c79d,"[{""trait_type"":""Glasses"",""value"":""Red Rectangular Glasses ""},{""trait_type"":""Hair"",""value"":""Brown Hair ""},{""trait_type"":""Mouth"",""value"":""Big Teeth ""},{""trait_type"":""Clothes"",""value"":""Yellow Tie ""},{""trait_type"":""Nerd"",""value"":""Skinny Nerd ""},{""trait_type"":""Background"",""value"":""Green Background ""}]"
1480,1359086,0x1407a93544768db65381e96bd08b45cf38bd048aa07ba014c22d57adaeaa8983,"[{""trait_type"":""Glasses"",""value"":""No Glasses ""},{""trait_type"":""Hair"",""value"":""Red Short Hair ""},{""trait_type"":""Mouth"",""value"":""Big Teeth ""},{""trait_type"":""Clothes"",""value"":""Purple Tie ""},{""trait_type"":""Nerd"",""value"":""Fat Nerd ""},{""trait_type"":""Background"",""value"":""Green Background ""}]"
1479,1359225,0xf5ecedf01fb5e7d31e2f7a21efc0294324aa9a88644f2a95d2fa566ffc676b45,"[{""trait_type"":""Glasses"",""value"":""No Glasses ""},{""trait_type"":""Hair"",""value"":""Black Messy Hair ""},{""trait_type"":""Mouth"",""value"":""Braces ""},{""trait_type"":""Clothes"",""value"":""Red Shirt ""},{""trait_type"":""Nerd"",""value"":""Fat Nerd ""},{""trait_type"":""Background"",""value"":""Purple Background ""}]"
1478,1359195,0x61ffb29062f1652e4c23b080278cc26816c0bea513b1a83d52cc7073c3dc997c,"[{""trait_type"":""Glasses"",""value"":""White Round Glasses ""},{""trait_type"":""Hair"",""value"":""Blonde Short Hair ""},{""trait_type"":""Mouth"",""value"":""Smile ""},{""trait_type"":""Clothes"",""value"":""Yellow Shirt ""},{""trait_type"":""Nerd"",""value"":""Fat Nerd ""},{""trait_type"":""Background"",""value"":""Red Background ""}]"
1477,1359614,0x87bdd31a137f46366052d401183bc321d1d150b6c2a2daa3a105711aa80767ae,"[{""trait_type"":""Glasses"",""value"":""Red Round Glasses ""},{""trait_type"":""Hair"",""value"":""Red Short Hair ""},{""trait_type"":""Mouth"",""value"":""Smile ""},{""trait_type"":""Clothes"",""value"":""Purple  T-Shirt ""},{""trait_type"":""Nerd"",""value"":""Skinny Nerd ""},{""trait_type"":""Background"",""value"":""Yellow Background ""}]"
1476,1358483,0x1993d8bf5025abfb4a47691aa92090d304225944dd13ae2e84633294e5681c1b,"[{""trait_type"":""Glasses"",""value"":""White Round Glasses ""},{""trait_type"":""Hair"",""value"":""Blonde Messy Hair ""},{""trait_type"":""Mouth"",""value"":""Braces ""},{""trait_type"":""Clothes"",""value"":""Blue Shirt ""},{""trait_type"":""Nerd"",""value"":""Skinny Nerd ""},{""trait_type"":""Background"",""value"":""Orange Background ""}]"
1475,1359704,0x4d1794df197a3a2fdad77e3084473db71372d72e4c460786c71c63b264956b09,"[{""trait_type"":""Glasses"",""value"":""Purple Round Glasses ""},{""trait_type"":""Hair"",""value"":""Red Bowl cut ""},{""trait_type"":""Mouth"",""value"":""Big Teeth ""},{""trait_type"":""Clothes"",""value"":""Blue Tie ""},{""trait_type"":""Nerd"",""value"":""Fat Nerd ""},{""trait_type"":""Background"",""value"":""Yellow Background ""}]"
1474,1358626,0x4964729b4ee4e5015b0eb157a869fc6f5fbcc07153b50111eefbdc9efad96d47,"[{""trait_type"":""Glasses"",""value"":""No Glasses ""},{""trait_type"":""Hair"",""value"":""Black Short Hair ""},{""trait_type"":""Mouth"",""value"":""Smile ""},{""trait_type"":""Clothes"",""value"":""Blue Shirt ""},{""trait_type"":""Nerd"",""value"":""Fat Nerd ""},{""trait_type"":""Background"",""value"":""Green Background ""}]"
1473,1360080,0xb6da8e2c3db055a672cc1c28ca575262b5dc4dd0e6e4bb6c126917a2fe75f5fa,"[{""trait_type"":""Glasses"",""value"":""Green Round Glasses ""},{""trait_type"":""Hair"",""value"":""Blonde Messy Hair ""},{""trait_type"":""Mouth"",""value"":""Big Teeth ""},{""trait_type"":""Clothes"",""value"":""Green  T-Shirt ""},{""trait_type"":""Nerd"",""value"":""Fat Nerd ""},{""trait_type"":""Background"",""value"":""Green Background ""}]"
1472,1358798,0x182ccfddaab572dc6118755e190d40c218a176e8f4b38abc2b6c843299df1040,"[{""trait_type"":""Glasses"",""value"":""Purple Round Glasses ""},{""trait_type"":""Hair"",""value"":""Brown Short Hair ""},{""trait_type"":""Mouth"",""value"":""Braces ""},{""trait_type"":""Clothes"",""value"":""Green Tie ""},{""trait_type"":""Nerd"",""value"":""Fat Nerd ""},{""trait_type"":""Background"",""value"":""Orange Background ""}]"
1471,1360012,0x31fdff774a59b7ef12aa3a4a36e9aa5fd69d6f544c6b776300e89a0d29a0e674,"[{""trait_type"":""Glasses"",""value"":""Blue Round Glasses ""},{""trait_type"":""Hair"",""value"":""Black Bowl cut ""},{""trait_type"":""Mouth"",""value"":""Big Teeth ""},{""trait_type"":""Clothes"",""value"":""Green  T-Shirt ""},{""trait_type"":""Nerd"",""value"":""Fat Nerd ""},{""trait_type"":""Background"",""value"":""Cyan Background ""}]"
1470,1358482,0xc5e19013e9bfaf8403d3328bc06db3f32051ad6e0b096fe0d0f09d371153deec,"[{""trait_type"":""Glasses"",""value"":""Red Round Glasses ""},{""trait_type"":""Hair"",""value"":""Blonde Bowl cut ""},{""trait_type"":""Mouth"",""value"":""Smile ""},{""trait_type"":""Clothes"",""value"":""Red Shirt ""},{""trait_type"":""Nerd"",""value"":""Fat Nerd ""},{""trait_type"":""Background"",""value"":""Purple Background ""}]"
1469,1360457,0x4f3584d64196d6b522cc27f893ede2e3fa0264297d0325e0f25d59692161e9c1,"[{""trait_type"":""Glasses"",""value"":""Blue Rectangular Glasses ""},{""trait_type"":""Hair"",""value"":""Brown Quiff Haircut ""},{""trait_type"":""Mouth"",""value"":""Braces ""},{""trait_type"":""Clothes"",""value"":""Green Shirt ""},{""trait_type"":""Nerd"",""value"":""Skinny Nerd ""},{""trait_type"":""Background"",""value"":""Blue Background ""}]"
1468,1359459,0x45e1a4f7ddf796b1eb800b82715365a0b5e64aa9d7d2ddd422e29cd8c8d020c1,"[{""trait_type"":""Glasses"",""value"":""Yellow Round Glasses ""},{""trait_type"":""Hair"",""value"":""Red Bowl cut ""},{""trait_type"":""Mouth"",""value"":""Braces ""},{""trait_type"":""Clothes"",""value"":""Yellow  T-Shirt ""},{""trait_type"":""Nerd"",""value"":""Fat Nerd ""},{""trait_type"":""Background"",""value"":""Orange Background ""}]"
1467,1359726,0x4dc5d97aa06f84889398b7cb5aa14f00520a4ad00dc3ed36935561d5ea0d25f4,"[{""trait_type"":""Glasses"",""value"":""Purple Round Glasses ""},{""trait_type"":""Hair"",""value"":""Black Quiff Haircut ""},{""trait_type"":""Mouth"",""value"":""Big Teeth ""},{""trait_type"":""Clothes"",""value"":""Purple Tie ""},{""trait_type"":""Nerd"",""value"":""Fat Nerd ""},{""trait_type"":""Background"",""value"":""Blue Background ""}]"
1466,1358662,0xdf66821f202e9f164155d7112502d9e00ef881c1804c3fa83018e0cd81c17bad,"[{""trait_type"":""Glasses"",""value"":""No Glasses ""},{""trait_type"":""Hair"",""value"":""Brown Quiff Haircut ""},{""trait_type"":""Mouth"",""value"":""Braces ""},{""trait_type"":""Clothes"",""value"":""Green  T-Shirt ""},{""trait_type"":""Nerd"",""value"":""Skinny Nerd ""},{""trait_type"":""Background"",""value"":""Cyan Background ""}]"
1465,1360073,0xe04d4de2dd2a5c29853e91e354366d87fa84ccc291d951001b1c209c7744572d,"[{""trait_type"":""Glasses"",""value"":""Purple Round Glasses ""},{""trait_type"":""Hair"",""value"":""Red Hair ""},{""trait_type"":""Mouth"",""value"":""Big Teeth ""},{""trait_type"":""Clothes"",""value"":""Blue Tie ""},{""trait_type"":""Nerd"",""value"":""Skinny Nerd ""},{""trait_type"":""Background"",""value"":""Orange Background ""}]"
1464,1359674,0xee93c58fb53bfd51f405baf91cdf9dbb438e54a4247340c33a0ab5f483efe8b7,"[{""trait_type"":""Glasses"",""value"":""No Glasses ""},{""trait_type"":""Hair"",""value"":""Red Hair ""},{""trait_type"":""Mouth"",""value"":""Big Teeth ""},{""trait_type"":""Clothes"",""value"":""Yellow  T-Shirt ""},{""trait_type"":""Nerd"",""value"":""Skinny Nerd ""},{""trait_type"":""Background"",""value"":""Cyan Background ""}]"
1463,1360634,0x4fe3734791fe75628b54f16370c6f4948664365af38640aad653be3ac6a34899,"[{""trait_type"":""Glasses"",""value"":""Green Round Glasses ""},{""trait_type"":""Hair"",""value"":""Blonde Hair ""},{""trait_type"":""Mouth"",""value"":""Smile ""},{""trait_type"":""Clothes"",""value"":""Yellow Shirt ""},{""trait_type"":""Nerd"",""value"":""Skinny Nerd ""},{""trait_type"":""Background"",""value"":""Yellow Background ""}]"
1462,1358582,0x45512ed2d20929ecf5f69eae6b01af58824b0892c11ffa3b0e701d82d297d429,"[{""trait_type"":""Glasses"",""value"":""No Glasses ""},{""trait_type"":""Hair"",""value"":""Red Messy Hair ""},{""trait_type"":""Mouth"",""value"":""Big Teeth ""},{""trait_type"":""Clothes"",""value"":""Yellow Shirt ""},{""trait_type"":""Nerd"",""value"":""Skinny Nerd ""},{""trait_type"":""Background"",""value"":""Yellow Background ""}]"
1461,1360152,0xd01fa42341a472906b5d25945148e4bde0c7778b82feccebb3f0e3b090da53f4,"[{""trait_type"":""Glasses"",""value"":""No Glasses ""},{""trait_type"":""Hair"",""value"":""Blonde Messy Hair ""},{""trait_type"":""Mouth"",""value"":""Big Teeth ""},{""trait_type"":""Clothes"",""value"":""Blue Tie ""},{""trait_type"":""Nerd"",""value"":""Skinny Nerd ""},{""trait_type"":""Background"",""value"":""Orange Background ""}]"
1460,1360712,0x22dbbc684c566a08facd8366acfe2b6547b9e44e9cde2586a29627ffc50e80b9,"[{""trait_type"":""Glasses"",""value"":""Yellow Round Glasses ""},{""trait_type"":""Hair"",""value"":""Brown Bowl cut ""},{""trait_type"":""Mouth"",""value"":""Big Teeth ""},{""trait_type"":""Clothes"",""value"":""Yellow Tie ""},{""trait_type"":""Nerd"",""value"":""Fat Nerd ""},{""trait_type"":""Background"",""value"":""Red Background ""}]"
1459,1360465,0x8d8fbc7a558b79f21e2798ebecd90743ad9c9c76c6c0290bbfa4524f596eab63,"[{""trait_type"":""Glasses"",""value"":""Black Rectangular Glasses ""},{""trait_type"":""Hair"",""value"":""Red Hair ""},{""trait_type"":""Mouth"",""value"":""Braces ""},{""trait_type"":""Clothes"",""value"":""Blue Shirt ""},{""trait_type"":""Nerd"",""value"":""Skinny Nerd ""},{""trait_type"":""Background"",""value"":""Red Background ""}]"
1458,1359948,0x86257201796f1693d0c61f26f8b19dee888dbd6b6dcc60544b972c4848571762,"[{""trait_type"":""Glasses"",""value"":""Red Round Glasses ""},{""trait_type"":""Hair"",""value"":""Black Hair ""},{""trait_type"":""Mouth"",""value"":""Smile ""},{""trait_type"":""Clothes"",""value"":""Green Tie ""},{""trait_type"":""Nerd"",""value"":""Fat Nerd ""},{""trait_type"":""Background"",""value"":""Blue Background ""}]"
1457,1359791,0x5dcde2406f797629da9f956bbd3b173ee26e2b1bd2d2b4b005ff25d2f8f61090,"[{""trait_type"":""Glasses"",""value"":""No Glasses ""},{""trait_type"":""Hair"",""value"":""Black Messy Hair ""},{""trait_type"":""Mouth"",""value"":""Braces ""},{""trait_type"":""Clothes"",""value"":""Yellow Shirt ""},{""trait_type"":""Nerd"",""value"":""Fat Nerd ""},{""trait_type"":""Background"",""value"":""Green Background ""}]"
1456,1360718,0x5682a05b4c15a889cf2db4402111b308efd5d614806fb46be91046c259ee0ad0,"[{""trait_type"":""Glasses"",""value"":""Yellow Rectangular Glasses ""},{""trait_type"":""Hair"",""value"":""Black Quiff Haircut ""},{""trait_type"":""Mouth"",""value"":""Braces ""},{""trait_type"":""Clothes"",""value"":""Blue Shirt ""},{""trait_type"":""Nerd"",""value"":""Fat Nerd ""},{""trait_type"":""Background"",""value"":""Red Background ""}]"
1455,1359415,0x6045272e11214df0e8001b47f90b475c9107c29b082beb74e0df827cf85b47c7,"[{""trait_type"":""Glasses"",""value"":""Purple Rectangular Glasses ""},{""trait_type"":""Hair"",""value"":""Blonde Messy Hair ""},{""trait_type"":""Mouth"",""value"":""Smile ""},{""trait_type"":""Clothes"",""value"":""Blue Shirt ""},{""trait_type"":""Nerd"",""value"":""Skinny Nerd ""},{""trait_type"":""Background"",""value"":""Yellow Background ""}]"
1454,1359364,0x29ea0c29f9164fe02d35249c5f2626be1b471b818820ae4928d981fe695dee11,"[{""trait_type"":""Glasses"",""value"":""Yellow Rectangular Glasses ""},{""trait_type"":""Hair"",""value"":""Black Bowl cut ""},{""trait_type"":""Mouth"",""value"":""Big Teeth ""},{""trait_type"":""Clothes"",""value"":""Yellow Shirt ""},{""trait_type"":""Nerd"",""value"":""Skinny Nerd ""},{""trait_type"":""Background"",""value"":""Cyan Background ""}]"
1453,1359881,0xa1658acaadefe1760d2ab19fb753e393bd80aaa03a9faba78261757af72ed652,"[{""trait_type"":""Glasses"",""value"":""Purple Rectangular Glasses ""},{""trait_type"":""Hair"",""value"":""Black Bowl cut ""},{""trait_type"":""Mouth"",""value"":""Big Teeth ""},{""trait_type"":""Clothes"",""value"":""Green Tie ""},{""trait_type"":""Nerd"",""value"":""Skinny Nerd ""},{""trait_type"":""Background"",""value"":""Green Background ""}]"
1452,1359412,0xd2fae6c6288ebf1105f091a4d0e512a26d5fa9b0e28a91fdb4c89013c341baa4,"[{""trait_type"":""Glasses"",""value"":""Yellow Round Glasses ""},{""trait_type"":""Hair"",""value"":""Red Hair ""},{""trait_type"":""Mouth"",""value"":""Braces ""},{""trait_type"":""Clothes"",""value"":""Green  T-Shirt ""},{""trait_type"":""Nerd"",""value"":""Skinny Nerd ""},{""trait_type"":""Background"",""value"":""Green Background ""}]"
1451,1359313,0x6b736bd91416c9f7c6260148c0c63dd2ccf63ed016d03492aec41b640c990bdd,"[{""trait_type"":""Glasses"",""value"":""Purple Rectangular Glasses ""},{""trait_type"":""Hair"",""value"":""Black Bowl cut ""},{""trait_type"":""Mouth"",""value"":""Braces ""},{""trait_type"":""Clothes"",""value"":""Green  T-Shirt ""},{""trait_type"":""Nerd"",""value"":""Fat Nerd ""},{""trait_type"":""Background"",""value"":""Blue Background ""}]"
1450,1359361,0x022d1f481967be5a8d290532ff421857cccf04e42fb8209eb224cab65b9b76c1,"[{""trait_type"":""Glasses"",""value"":""White Round Glasses ""},{""trait_type"":""Hair"",""value"":""Black Quiff Haircut ""},{""trait_type"":""Mouth"",""value"":""Smile ""},{""trait_type"":""Clothes"",""value"":""Yellow Tie ""},{""trait_type"":""Nerd"",""value"":""Skinny Nerd ""},{""trait_type"":""Background"",""value"":""Red Background ""}]"
1449,1358745,0x2952f741c50295aab52c680e9dc46ff7811da2a974f08b395ac636aa8848446c,"[{""trait_type"":""Glasses"",""value"":""Green Rectangular Glasses ""},{""trait_type"":""Hair"",""value"":""Brown Messy Hair ""},{""trait_type"":""Mouth"",""value"":""Braces ""},{""trait_type"":""Clothes"",""value"":""Purple Tie ""},{""trait_type"":""Nerd"",""value"":""Fat Nerd ""},{""trait_type"":""Background"",""value"":""Orange Background ""}]"
1448,1359711,0x52a057ea1e31cb81ff8b0900a435a9b822bd42d7b513d4db13d2b9f8f99e46dd,"[{""trait_type"":""Glasses"",""value"":""White Rectangular Glasses ""},{""trait_type"":""Hair"",""value"":""Red Bowl cut ""},{""trait_type"":""Mouth"",""value"":""Smile ""},{""trait_type"":""Clothes"",""value"":""Purple  T-Shirt ""},{""trait_type"":""Nerd"",""value"":""Fat Nerd ""},{""trait_type"":""Background"",""value"":""Blue Background ""}]"
1447,1359801,0x1c48e18760eabda8c3fff4a03fd778555aa56d381b9a4ecf94b71b0c062ae6de,"[{""trait_type"":""Glasses"",""value"":""No Glasses ""},{""trait_type"":""Hair"",""value"":""Blonde Messy Hair ""},{""trait_type"":""Mouth"",""value"":""Braces ""},{""trait_type"":""Clothes"",""value"":""Green  T-Shirt ""},{""trait_type"":""Nerd"",""value"":""Fat Nerd ""},{""trait_type"":""Background"",""value"":""Orange Background ""}]"
1446,1358738,0x955b825d20c289b3870ff5b00fd938e3e684ef53a1ead520d1498a269f66e305,"[{""trait_type"":""Glasses"",""value"":""White Round Glasses ""},{""trait_type"":""Hair"",""value"":""Brown Hair ""},{""trait_type"":""Mouth"",""value"":""Braces ""},{""trait_type"":""Clothes"",""value"":""Blue  T-Shirt ""},{""trait_type"":""Nerd"",""value"":""Fat Nerd ""},{""trait_type"":""Background"",""value"":""Green Background ""}]"
1445,1358502,0x56a88ea80029a364215f837e351350a0fc8205694b06dd41e188ae74e5bba552,"[{""trait_type"":""Glasses"",""value"":""Purple Round Glasses ""},{""trait_type"":""Hair"",""value"":""Brown Quiff Haircut ""},{""trait_type"":""Mouth"",""value"":""Smile ""},{""trait_type"":""Clothes"",""value"":""Purple Tie ""},{""trait_type"":""Nerd"",""value"":""Skinny Nerd ""},{""trait_type"":""Background"",""value"":""Blue Background ""}]"
1444,1360180,0x6522986089e65a8aca219ddb49b663957fa55cad91280a9ab5764a2c6f714255,"[{""trait_type"":""Glasses"",""value"":""White Rectangular Glasses ""},{""trait_type"":""Hair"",""value"":""Brown Hair ""},{""trait_type"":""Mouth"",""value"":""Braces ""},{""trait_type"":""Clothes"",""value"":""Blue Shirt ""},{""trait_type"":""Nerd"",""value"":""Fat Nerd ""},{""trait_type"":""Background"",""value"":""Blue Background ""}]"
1443,1358529,0x75ee08932c65b94f13aa9c7d38a2b472ad1965cf485250b524634bc2b3dbdefa,"[{""trait_type"":""Glasses"",""value"":""Blue Rectangular Glasses ""},{""trait_type"":""Hair"",""value"":""Red Bowl cut ""},{""trait_type"":""Mouth"",""value"":""Big Teeth ""},{""trait_type"":""Clothes"",""value"":""Green Tie ""},{""trait_type"":""Nerd"",""value"":""Fat Nerd ""},{""trait_type"":""Background"",""value"":""Purple Background ""}]"
1442,1359821,0x3085a2e74e58f83f7780d38ff707a4a89b93407484c0c370b4ec44b535e7ea66,"[{""trait_type"":""Glasses"",""value"":""No Glasses ""},{""trait_type"":""Hair"",""value"":""Blonde Messy Hair ""},{""trait_type"":""Mouth"",""value"":""Smile ""},{""trait_type"":""Clothes"",""value"":""Yellow  T-Shirt ""},{""trait_type"":""Nerd"",""value"":""Skinny Nerd ""},{""trait_type"":""Background"",""value"":""Purple Background ""}]"
1441,1358776,0x8bc211f894490ab5509cedcaa04d2752e94b33747528c6d19ac9086debdb77ba,"[{""trait_type"":""Glasses"",""value"":""Red Rectangular Glasses ""},{""trait_type"":""Hair"",""value"":""Blonde Messy Hair ""},{""trait_type"":""Mouth"",""value"":""Braces ""},{""trait_type"":""Clothes"",""value"":""Purple  T-Shirt ""},{""trait_type"":""Nerd"",""value"":""Fat Nerd ""},{""trait_type"":""Background"",""value"":""Red Background ""}]"
1440,1358658,0xcff1403a9e3997918f147d9721556c91efb05e770095c90c68577db29409dd49,"[{""trait_type"":""Glasses"",""value"":""White Round Glasses ""},{""trait_type"":""Hair"",""value"":""Black Messy Hair ""},{""trait_type"":""Mouth"",""value"":""Smile ""},{""trait_type"":""Clothes"",""value"":""Green  T-Shirt ""},{""trait_type"":""Nerd"",""value"":""Skinny Nerd ""},{""trait_type"":""Background"",""value"":""Red Background ""}]"
1439,1358884,0xa386c95bd11a58d36d2644acef57c825fc4ebaf24d8b4132b9451435aacb2e34,"[{""trait_type"":""Glasses"",""value"":""No Glasses ""},{""trait_type"":""Hair"",""value"":""Brown Messy Hair ""},{""trait_type"":""Mouth"",""value"":""Smile ""},{""trait_type"":""Clothes"",""value"":""Purple  T-Shirt ""},{""trait_type"":""Nerd"",""value"":""Fat Nerd ""},{""trait_type"":""Background"",""value"":""Cyan Background ""}]"
1438,1359575,0x4bc400f68f0253250309de7384c41c0388a69ba3062dd16a3cb60ed92032a55d,"[{""trait_type"":""Glasses"",""value"":""Red Round Glasses ""},{""trait_type"":""Hair"",""value"":""Black Messy Hair ""},{""trait_type"":""Mouth"",""value"":""Braces ""},{""trait_type"":""Clothes"",""value"":""Green Tie ""},{""trait_type"":""Nerd"",""value"":""Skinny Nerd ""},{""trait_type"":""Background"",""value"":""Purple Background ""}]"
1437,1358489,0x98444679551fe40129c7187e00283f2b80d721d4340aceb985138fe79683954b,"[{""trait_type"":""Glasses"",""value"":""Red Round Glasses ""},{""trait_type"":""Hair"",""value"":""Black Short Hair ""},{""trait_type"":""Mouth"",""value"":""Big Teeth ""},{""trait_type"":""Clothes"",""value"":""Yellow  T-Shirt ""},{""trait_type"":""Nerd"",""value"":""Skinny Nerd ""},{""trait_type"":""Background"",""value"":""Cyan Background ""}]"
1436,1359508,0x28c0e4b445497213f88cb599fb27f34e75c52129c36817a3b5e6353d7c22556e,"[{""trait_type"":""Glasses"",""value"":""Green Rectangular Glasses ""},{""trait_type"":""Hair"",""value"":""Black Hair ""},{""trait_type"":""Mouth"",""value"":""Big Teeth ""},{""trait_type"":""Clothes"",""value"":""Purple Tie ""},{""trait_type"":""Nerd"",""value"":""Fat Nerd ""},{""trait_type"":""Background"",""value"":""Yellow Background ""}]"
1435,1359372,0x8fa5f8a3e5e2cc70f6f1e677c49b6c295bf05e43a65bc0fc5f06d1c9c95a8885,"[{""trait_type"":""Glasses"",""value"":""Blue Round Glasses ""},{""trait_type"":""Hair"",""value"":""Black Hair ""},{""trait_type"":""Mouth"",""value"":""Braces ""},{""trait_type"":""Clothes"",""value"":""Red Shirt ""},{""trait_type"":""Nerd"",""value"":""Fat Nerd ""},{""trait_type"":""Background"",""value"":""Yellow Background ""}]"
1434,1360312,0x0c5db23d4c88d6291601699f123b2530da7d8022b71577ab39c0a4b981de56ac,"[{""trait_type"":""Glasses"",""value"":""Green Round Glasses ""},{""trait_type"":""Hair"",""value"":""Blonde Bowl cut ""},{""trait_type"":""Mouth"",""value"":""Smile ""},{""trait_type"":""Clothes"",""value"":""Blue Shirt ""},{""trait_type"":""Nerd"",""value"":""Fat Nerd ""},{""trait_type"":""Background"",""value"":""Green Background ""}]"
1433,1360599,0xe821c9569494bc7c4501554598207fd3aa0f23360484b200377fe36b361d93d0,"[{""trait_type"":""Glasses"",""value"":""No Glasses ""},{""trait_type"":""Hair"",""value"":""Red Messy Hair ""},{""trait_type"":""Mouth"",""value"":""Smile ""},{""trait_type"":""Clothes"",""value"":""Red  T-Shirt ""},{""trait_type"":""Nerd"",""value"":""Fat Nerd ""},{""trait_type"":""Background"",""value"":""Yellow Background ""}]"
1432,1360060,0x275fb26e3fe56a3e97ee27f809a2be729ec1dd4aab4929e260a3d2772378bf08,"[{""trait_type"":""Glasses"",""value"":""Yellow Rectangular Glasses ""},{""trait_type"":""Hair"",""value"":""Black Messy Hair ""},{""trait_type"":""Mouth"",""value"":""Smile ""},{""trait_type"":""Clothes"",""value"":""Green Tie ""},{""trait_type"":""Nerd"",""value"":""Skinny Nerd ""},{""trait_type"":""Background"",""value"":""Green Background ""}]"
1431,1360067,0x47331d75a02344dab9a3fd0ec8bed25dedfc0f36fb8a6dcffc27f7342add2d4c,"[{""trait_type"":""Glasses"",""value"":""Black Round Glasses ""},{""trait_type"":""Hair"",""value"":""Blonde Bowl cut ""},{""trait_type"":""Mouth"",""value"":""Big Teeth ""},{""trait_type"":""Clothes"",""value"":""Blue Shirt ""},{""trait_type"":""Nerd"",""value"":""Fat Nerd ""},{""trait_type"":""Background"",""value"":""Orange Background ""}]"
1430,1358547,0x614e4e1c35372634a60df263b1a750237b88978166ddc1b761eaa397f53804f6,"[{""trait_type"":""Glasses"",""value"":""Blue Round Glasses ""},{""trait_type"":""Hair"",""value"":""Blonde Short Hair ""},{""trait_type"":""Mouth"",""value"":""Braces ""},{""trait_type"":""Clothes"",""value"":""Red Tie ""},{""trait_type"":""Nerd"",""value"":""Fat Nerd ""},{""trait_type"":""Background"",""value"":""Cyan Background ""}]"
1429,1359430,0x3a0d0c85eb94194cbb36c99e3da27cac0163471c85dbe9841a74151471b98db5,"[{""trait_type"":""Glasses"",""value"":""Purple Rectangular Glasses ""},{""trait_type"":""Hair"",""value"":""Blonde Short Hair ""},{""trait_type"":""Mouth"",""value"":""Braces ""},{""trait_type"":""Clothes"",""value"":""Yellow Shirt ""},{""trait_type"":""Nerd"",""value"":""Skinny Nerd ""},{""trait_type"":""Background"",""value"":""Blue Background ""}]"
1428,1360546,0xfdd04c24c3e831e623409123099af1d4c411fcf0d6f3ecff2ec8de558a991a16,"[{""trait_type"":""Glasses"",""value"":""Red Rectangular Glasses ""},{""trait_type"":""Hair"",""value"":""Blonde Short Hair ""},{""trait_type"":""Mouth"",""value"":""Big Teeth ""},{""trait_type"":""Clothes"",""value"":""Purple  T-Shirt ""},{""trait_type"":""Nerd"",""value"":""Fat Nerd ""},{""trait_type"":""Background"",""value"":""Green Background ""}]"
1427,1358433,0xf22155088c1db7c7b64afedd61e4ddeba7dd48ffe12d0e29bf7ff2cebb757ad7,"[{""trait_type"":""Glasses"",""value"":""Red Round Glasses ""},{""trait_type"":""Hair"",""value"":""Black Quiff Haircut ""},{""trait_type"":""Mouth"",""value"":""Smile ""},{""trait_type"":""Clothes"",""value"":""Green Tie ""},{""trait_type"":""Nerd"",""value"":""Skinny Nerd ""},{""trait_type"":""Background"",""value"":""Yellow Background ""}]"
1426,1360601,0x777004efc6369a48ebf8cb4a8cc9a809d8759742d735f558db682fee0e82f437,"[{""trait_type"":""Glasses"",""value"":""Blue Round Glasses ""},{""trait_type"":""Hair"",""value"":""Black Quiff Haircut ""},{""trait_type"":""Mouth"",""value"":""Braces ""},{""trait_type"":""Clothes"",""value"":""Blue Shirt ""},{""trait_type"":""Nerd"",""value"":""Fat Nerd ""},{""trait_type"":""Background"",""value"":""Purple Background ""}]"
1425,1359396,0xcd5b4aedadba08ae9d5ac9faebd179859411b75bfae34b25cadb48debaed0466,"[{""trait_type"":""Glasses"",""value"":""Yellow Round Glasses ""},{""trait_type"":""Hair"",""value"":""Blonde Hair ""},{""trait_type"":""Mouth"",""value"":""Big Teeth ""},{""trait_type"":""Clothes"",""value"":""Green Tie ""},{""trait_type"":""Nerd"",""value"":""Skinny Nerd ""},{""trait_type"":""Background"",""value"":""Green Background ""}]"
1424,1358712,0xcf28fdc049eb828e0be56550ca7832cf3bb75325383cba80f5ebd34797a8c97b,"[{""trait_type"":""Glasses"",""value"":""Blue Round Glasses ""},{""trait_type"":""Hair"",""value"":""Blonde Messy Hair ""},{""trait_type"":""Mouth"",""value"":""Braces ""},{""trait_type"":""Clothes"",""value"":""Blue Shirt ""},{""trait_type"":""Nerd"",""value"":""Fat Nerd ""},{""trait_type"":""Background"",""value"":""Purple Background ""}]"
1423,1359287,0x3de53a0cdbaf341a6282fbefe014aaefb27d1739b4b322e06f67127f6fd4f197,"[{""trait_type"":""Glasses"",""value"":""No Glasses ""},{""trait_type"":""Hair"",""value"":""Red Hair ""},{""trait_type"":""Mouth"",""value"":""Braces ""},{""trait_type"":""Clothes"",""value"":""Blue Shirt ""},{""trait_type"":""Nerd"",""value"":""Fat Nerd ""},{""trait_type"":""Background"",""value"":""Green Background ""}]"
1422,1360648,0xa08e4e521fe1c6de4d5d39e27229c5e7e9818316e490847d0b1faa634fa83c9c,"[{""trait_type"":""Glasses"",""value"":""Purple Round Glasses ""},{""trait_type"":""Hair"",""value"":""Blonde Quiff Haircut ""},{""trait_type"":""Mouth"",""value"":""Big Teeth ""},{""trait_type"":""Clothes"",""value"":""Blue  T-Shirt ""},{""trait_type"":""Nerd"",""value"":""Skinny Nerd ""},{""trait_type"":""Background"",""value"":""Yellow Background ""}]"
1421,1360066,0x45c41098fd8be5bf6ca1b17fa57789f4b204716561ab9068e5c8fc4220df66ad,"[{""trait_type"":""Glasses"",""value"":""Yellow Rectangular Glasses ""},{""trait_type"":""Hair"",""value"":""Blonde Quiff Haircut ""},{""trait_type"":""Mouth"",""value"":""Smile ""},{""trait_type"":""Clothes"",""value"":""Blue  T-Shirt ""},{""trait_type"":""Nerd"",""value"":""Fat Nerd ""},{""trait_type"":""Background"",""value"":""Red Background ""}]"
1420,1358508,0x3ee79253950c29085588452366f3bc3c47ce3e8a157c0694fe9dced180eced56,"[{""trait_type"":""Glasses"",""value"":""No Glasses ""},{""trait_type"":""Hair"",""value"":""Blonde Hair ""},{""trait_type"":""Mouth"",""value"":""Big Teeth ""},{""trait_type"":""Clothes"",""value"":""Blue Tie ""},{""trait_type"":""Nerd"",""value"":""Fat Nerd ""},{""trait_type"":""Background"",""value"":""Purple Background ""}]"
1419,1360291,0xb9a90fdf6a8d794dc781d3d2babd90adafb840bbf4702ec367e7b0a87c349bb7,"[{""trait_type"":""Glasses"",""value"":""White Round Glasses ""},{""trait_type"":""Hair"",""value"":""Black Hair ""},{""trait_type"":""Mouth"",""value"":""Smile ""},{""trait_type"":""Clothes"",""value"":""Yellow Tie ""},{""trait_type"":""Nerd"",""value"":""Fat Nerd ""},{""trait_type"":""Background"",""value"":""Red Background ""}]"
1418,1358868,0x0e5d19f4a9e964f6d9e54c22a1919cd3c2329e844410f6e61eaadb906e04e53e,"[{""trait_type"":""Glasses"",""value"":""Yellow Round Glasses ""},{""trait_type"":""Hair"",""value"":""Brown Messy Hair ""},{""trait_type"":""Mouth"",""value"":""Smile ""},{""trait_type"":""Clothes"",""value"":""Green Tie ""},{""trait_type"":""Nerd"",""value"":""Fat Nerd ""},{""trait_type"":""Background"",""value"":""Orange Background ""}]"
1417,1360607,0xd3007eaa3f9db9faf9a55d96ce18b7ed944a01183bcaffef39046dff11db29be,"[{""trait_type"":""Glasses"",""value"":""Green Rectangular Glasses ""},{""trait_type"":""Hair"",""value"":""Brown Quiff Haircut ""},{""trait_type"":""Mouth"",""value"":""Smile ""},{""trait_type"":""Clothes"",""value"":""Green Shirt ""},{""trait_type"":""Nerd"",""value"":""Skinny Nerd ""},{""trait_type"":""Background"",""value"":""Blue Background ""}]"
1416,1359959,0x111b725b20733df5efe94d6f0b2e61678284dbe2e9b7131f920f21dbe30a4a2d,"[{""trait_type"":""Glasses"",""value"":""Yellow Rectangular Glasses ""},{""trait_type"":""Hair"",""value"":""Blonde Bowl cut ""},{""trait_type"":""Mouth"",""value"":""Big Teeth ""},{""trait_type"":""Clothes"",""value"":""Red Tie ""},{""trait_type"":""Nerd"",""value"":""Fat Nerd ""},{""trait_type"":""Background"",""value"":""Purple Background ""}]"
1415,1359844,0xe5c3afde420936b1da369aa3dc8368ea5c48fc64603094768e53b4836c77f3fc,"[{""trait_type"":""Glasses"",""value"":""Green Rectangular Glasses ""},{""trait_type"":""Hair"",""value"":""Black Short Hair ""},{""trait_type"":""Mouth"",""value"":""Big Teeth ""},{""trait_type"":""Clothes"",""value"":""Green Tie ""},{""trait_type"":""Nerd"",""value"":""Fat Nerd ""},{""trait_type"":""Background"",""value"":""Orange Background ""}]"
1414,1359938,0x6b3ae91ab79c6ca4ed88bc6c2851a2b32c6675363b64a0537678896f3138f707,"[{""trait_type"":""Glasses"",""value"":""Yellow Rectangular Glasses ""},{""trait_type"":""Hair"",""value"":""Blonde Quiff Haircut ""},{""trait_type"":""Mouth"",""value"":""Smile ""},{""trait_type"":""Clothes"",""value"":""Yellow  T-Shirt ""},{""trait_type"":""Nerd"",""value"":""Skinny Nerd ""},{""trait_type"":""Background"",""value"":""Green Background ""}]"
1413,1360083,0x8d4b253bb5fd1018fbb56c953dd113d0b7134a02436876b18e0330db9f3fe798,"[{""trait_type"":""Glasses"",""value"":""Yellow Round Glasses ""},{""trait_type"":""Hair"",""value"":""Blonde Short Hair ""},{""trait_type"":""Mouth"",""value"":""Big Teeth ""},{""trait_type"":""Clothes"",""value"":""Purple  T-Shirt ""},{""trait_type"":""Nerd"",""value"":""Skinny Nerd ""},{""trait_type"":""Background"",""value"":""Orange Background ""}]"
1412,1358575,0xbf28979556b4359bb22f2a5790d862ca1316b5910bdbc0b41a482b1b3053da6d,"[{""trait_type"":""Glasses"",""value"":""Green Round Glasses ""},{""trait_type"":""Hair"",""value"":""Black Bowl cut ""},{""trait_type"":""Mouth"",""value"":""Big Teeth ""},{""trait_type"":""Clothes"",""value"":""Blue  T-Shirt ""},{""trait_type"":""Nerd"",""value"":""Skinny Nerd ""},{""trait_type"":""Background"",""value"":""Purple Background ""}]"
1411,1360754,0x5257fa276a1f82b441561f88fd17305b833f458ca87c016b394184df5eb5e0ff,"[{""trait_type"":""Glasses"",""value"":""No Glasses ""},{""trait_type"":""Hair"",""value"":""Blonde Messy Hair ""},{""trait_type"":""Mouth"",""value"":""Big Teeth ""},{""trait_type"":""Clothes"",""value"":""Blue Shirt ""},{""trait_type"":""Nerd"",""value"":""Fat Nerd ""},{""trait_type"":""Background"",""value"":""Green Background ""}]"
1410,1359754,0x03e1241460614daa82e07db7fd35f2324f3f1bb1848b58c155cbed9ff05cd79c,"[{""trait_type"":""Glasses"",""value"":""Purple Round Glasses ""},{""trait_type"":""Hair"",""value"":""Brown Messy Hair ""},{""trait_type"":""Mouth"",""value"":""Braces ""},{""trait_type"":""Clothes"",""value"":""Purple  T-Shirt ""},{""trait_type"":""Nerd"",""value"":""Fat Nerd ""},{""trait_type"":""Background"",""value"":""Orange Background ""}]"
1409,1358466,0x8e409b0ed6397ccf38362a7da41abee5dee2619beb63910c471a7b7993c275f7,"[{""trait_type"":""Glasses"",""value"":""Blue Rectangular Glasses ""},{""trait_type"":""Hair"",""value"":""Brown Bowl cut ""},{""trait_type"":""Mouth"",""value"":""Big Teeth ""},{""trait_type"":""Clothes"",""value"":""Blue Shirt ""},{""trait_type"":""Nerd"",""value"":""Fat Nerd ""},{""trait_type"":""Background"",""value"":""Yellow Background ""}]"
1408,1358659,0x064736dd83b052a68de6f539c013861408e1852ec47d128112a15a9d4679726c,"[{""trait_type"":""Glasses"",""value"":""Red Rectangular Glasses ""},{""trait_type"":""Hair"",""value"":""Blonde Hair ""},{""trait_type"":""Mouth"",""value"":""Braces ""},{""trait_type"":""Clothes"",""value"":""Red  T-Shirt ""},{""trait_type"":""Nerd"",""value"":""Fat Nerd ""},{""trait_type"":""Background"",""value"":""Orange Background ""}]"
1407,1360571,0x6c6e2385052fe91301e74aaa16eeea1728f327812041099f5d5af47df09e0dc8,"[{""trait_type"":""Glasses"",""value"":""No Glasses ""},{""trait_type"":""Hair"",""value"":""Brown Bowl cut ""},{""trait_type"":""Mouth"",""value"":""Smile ""},{""trait_type"":""Clothes"",""value"":""Blue Shirt ""},{""trait_type"":""Nerd"",""value"":""Skinny Nerd ""},{""trait_type"":""Background"",""value"":""Green Background ""}]"
1406,1359967,0xad82763223ad5c319a2c4092cc3287eaee99b2fa551532399674460189d59563,"[{""trait_type"":""Glasses"",""value"":""Purple Round Glasses ""},{""trait_type"":""Hair"",""value"":""Red Hair ""},{""trait_type"":""Mouth"",""value"":""Braces ""},{""trait_type"":""Clothes"",""value"":""Yellow Shirt ""},{""trait_type"":""Nerd"",""value"":""Skinny Nerd ""},{""trait_type"":""Background"",""value"":""Yellow Background ""}]"
1405,1360275,0xc27f4dac3d0fb7e2629a4412badf95692008c78e08f91c3d61989fac2e636297,"[{""trait_type"":""Glasses"",""value"":""Red Rectangular Glasses ""},{""trait_type"":""Hair"",""value"":""Black Quiff Haircut ""},{""trait_type"":""Mouth"",""value"":""Smile ""},{""trait_type"":""Clothes"",""value"":""Red Tie ""},{""trait_type"":""Nerd"",""value"":""Fat Nerd ""},{""trait_type"":""Background"",""value"":""Blue Background ""}]"
1404,1358645,0x490d26a7c3278e7d3070dd83ca50f91118a85aa50a428c88d86feaae856c5e67,"[{""trait_type"":""Glasses"",""value"":""White Round Glasses ""},{""trait_type"":""Hair"",""value"":""Red Quiff Haircut ""},{""trait_type"":""Mouth"",""value"":""Braces ""},{""trait_type"":""Clothes"",""value"":""Green Shirt ""},{""trait_type"":""Nerd"",""value"":""Skinny Nerd ""},{""trait_type"":""Background"",""value"":""Red Background ""}]"
1403,1359864,0x8794cef7bda8b8d8c2999f8ec5bf93523d11c92db7435457c381a44091677e4b,"[{""trait_type"":""Glasses"",""value"":""Purple Round Glasses ""},{""trait_type"":""Hair"",""value"":""Red Messy Hair ""},{""trait_type"":""Mouth"",""value"":""Smile ""},{""trait_type"":""Clothes"",""value"":""Yellow  T-Shirt ""},{""trait_type"":""Nerd"",""value"":""Skinny Nerd ""},{""trait_type"":""Background"",""value"":""Purple Background ""}]"
1402,1360651,0xdd8e630120888bfcc702f6b43fc61d35077319e3139b69a93d68a9ed7909f173,"[{""trait_type"":""Glasses"",""value"":""Purple Rectangular Glasses ""},{""trait_type"":""Hair"",""value"":""Black Quiff Haircut ""},{""trait_type"":""Mouth"",""value"":""Big Teeth ""},{""trait_type"":""Clothes"",""value"":""Red Shirt ""},{""trait_type"":""Nerd"",""value"":""Fat Nerd ""},{""trait_type"":""Background"",""value"":""Orange Background ""}]"
1401,1358638,0x402752f55f5249c29677dd55dd43dbeb079736709e7f372a62dcec16d9e500aa,"[{""trait_type"":""Glasses"",""value"":""Yellow Rectangular Glasses ""},{""trait_type"":""Hair"",""value"":""Black Bowl cut ""},{""trait_type"":""Mouth"",""value"":""Big Teeth ""},{""trait_type"":""Clothes"",""value"":""Red Tie ""},{""trait_type"":""Nerd"",""value"":""Fat Nerd ""},{""trait_type"":""Background"",""value"":""Cyan Background ""}]"
1400,1360329,0xd57fd155643ac5d87b2b7964c39f4ae37cd5732f6edba5172264a86fa2dbefc3,"[{""trait_type"":""Glasses"",""value"":""No Glasses ""},{""trait_type"":""Hair"",""value"":""Black Short Hair ""},{""trait_type"":""Mouth"",""value"":""Braces ""},{""trait_type"":""Clothes"",""value"":""Blue Tie ""},{""trait_type"":""Nerd"",""value"":""Skinny Nerd ""},{""trait_type"":""Background"",""value"":""Cyan Background ""}]"
1399,1360628,0x1452eca324cd17af0203bdf029c66a63ba5e31f98bc64d2e85e3fc6d22e4ca08,"[{""trait_type"":""Glasses"",""value"":""Blue Rectangular Glasses ""},{""trait_type"":""Hair"",""value"":""Black Quiff Haircut ""},{""trait_type"":""Mouth"",""value"":""Braces ""},{""trait_type"":""Clothes"",""value"":""Yellow  T-Shirt ""},{""trait_type"":""Nerd"",""value"":""Fat Nerd ""},{""trait_type"":""Background"",""value"":""Orange Background ""}]"
1398,1360121,0x273b152ba6cab882b559ed2ac4cc7be6659929665e08887c2526fd126a0a8313,"[{""trait_type"":""Glasses"",""value"":""Purple Round Glasses ""},{""trait_type"":""Hair"",""value"":""Red Hair ""},{""trait_type"":""Mouth"",""value"":""Smile ""},{""trait_type"":""Clothes"",""value"":""Blue Shirt ""},{""trait_type"":""Nerd"",""value"":""Skinny Nerd ""},{""trait_type"":""Background"",""value"":""Orange Background ""}]"
1397,1360492,0xdf5318ea5866ad4df783ef4df17ea2b4f3ac2f3d8bbe1ce61ea76c147592e321,"[{""trait_type"":""Glasses"",""value"":""Purple Rectangular Glasses ""},{""trait_type"":""Hair"",""value"":""Red Bowl cut ""},{""trait_type"":""Mouth"",""value"":""Big Teeth ""},{""trait_type"":""Clothes"",""value"":""Purple  T-Shirt ""},{""trait_type"":""Nerd"",""value"":""Skinny Nerd ""},{""trait_type"":""Background"",""value"":""Green Background ""}]"
1396,1360580,0x3dbbefdea6569331707762b54b34f81431d956adea7831d31bd037ff34e3e397,"[{""trait_type"":""Glasses"",""value"":""No Glasses ""},{""trait_type"":""Hair"",""value"":""Brown Messy Hair ""},{""trait_type"":""Mouth"",""value"":""Big Teeth ""},{""trait_type"":""Clothes"",""value"":""Blue Tie ""},{""trait_type"":""Nerd"",""value"":""Skinny Nerd ""},{""trait_type"":""Background"",""value"":""Yellow Background ""}]"
1395,1360301,0x5cdf18981c91717064fbf194a3f188a687aeff47082ea3beda603ea925dcad8b,"[{""trait_type"":""Glasses"",""value"":""Red Rectangular Glasses ""},{""trait_type"":""Hair"",""value"":""Brown Bowl cut ""},{""trait_type"":""Mouth"",""value"":""Braces ""},{""trait_type"":""Clothes"",""value"":""Red  T-Shirt ""},{""trait_type"":""Nerd"",""value"":""Skinny Nerd ""},{""trait_type"":""Background"",""value"":""Yellow Background ""}]"
1394,1358633,0x1a261c3489e0ce0ba66b80a3dc932c18780504d56ad18e78a77be2dd0320cad7,"[{""trait_type"":""Glasses"",""value"":""White Round Glasses ""},{""trait_type"":""Hair"",""value"":""Brown Short Hair ""},{""trait_type"":""Mouth"",""value"":""Smile ""},{""trait_type"":""Clothes"",""value"":""Red Tie ""},{""trait_type"":""Nerd"",""value"":""Fat Nerd ""},{""trait_type"":""Background"",""value"":""Blue Background ""}]"
1393,1359179,0x6a6e8269777f527e7099789baca950ef63cbd52c2398d3975fade3dc060ec164,"[{""trait_type"":""Glasses"",""value"":""Blue Round Glasses ""},{""trait_type"":""Hair"",""value"":""Black Bowl cut ""},{""trait_type"":""Mouth"",""value"":""Braces ""},{""trait_type"":""Clothes"",""value"":""Green Tie ""},{""trait_type"":""Nerd"",""value"":""Fat Nerd ""},{""trait_type"":""Background"",""value"":""Blue Background ""}]"
1392,1359255,0x7625dcf664f5836093797185c68da6ac3b1edd255afb89586bf97560533fee49,"[{""trait_type"":""Glasses"",""value"":""Red Round Glasses ""},{""trait_type"":""Hair"",""value"":""Red Messy Hair ""},{""trait_type"":""Mouth"",""value"":""Smile ""},{""trait_type"":""Clothes"",""value"":""Blue Shirt ""},{""trait_type"":""Nerd"",""value"":""Skinny Nerd ""},{""trait_type"":""Background"",""value"":""Cyan Background ""}]"
1391,1358947,0x9774d8877a632cb753c6a2a0ceede4931aa683b37e843665d40ed272a089fb0e,"[{""trait_type"":""Glasses"",""value"":""No Glasses ""},{""trait_type"":""Hair"",""value"":""Brown Bowl cut ""},{""trait_type"":""Mouth"",""value"":""Big Teeth ""},{""trait_type"":""Clothes"",""value"":""Purple  T-Shirt ""},{""trait_type"":""Nerd"",""value"":""Skinny Nerd ""},{""trait_type"":""Background"",""value"":""Red Background ""}]"
1390,1359470,0x442db33af3946158fa89884f67f37605098113ca41dca0adeb12cd71393d9918,"[{""trait_type"":""Glasses"",""value"":""Purple Round Glasses ""},{""trait_type"":""Hair"",""value"":""Red Quiff Haircut ""},{""trait_type"":""Mouth"",""value"":""Big Teeth ""},{""trait_type"":""Clothes"",""value"":""Yellow Shirt ""},{""trait_type"":""Nerd"",""value"":""Skinny Nerd ""},{""trait_type"":""Background"",""value"":""Orange Background ""}]"
1389,1359793,0x724845eb998adf88a91b60f0b11079c9528a501bd16dbc31e4342ccbd7d07f24,"[{""trait_type"":""Glasses"",""value"":""Green Rectangular Glasses ""},{""trait_type"":""Hair"",""value"":""Brown Quiff Haircut ""},{""trait_type"":""Mouth"",""value"":""Smile ""},{""trait_type"":""Clothes"",""value"":""Blue Tie ""},{""trait_type"":""Nerd"",""value"":""Fat Nerd ""},{""trait_type"":""Background"",""value"":""Blue Background ""}]"
1388,1360428,0x17767a1279ec1c84035f53a5fc7df39e8e67a39b3fab16bba4ac04c5a2aed8cd,"[{""trait_type"":""Glasses"",""value"":""White Rectangular Glasses ""},{""trait_type"":""Hair"",""value"":""Red Hair ""},{""trait_type"":""Mouth"",""value"":""Braces ""},{""trait_type"":""Clothes"",""value"":""Purple  T-Shirt ""},{""trait_type"":""Nerd"",""value"":""Fat Nerd ""},{""trait_type"":""Background"",""value"":""Red Background ""}]"
1387,1360216,0x67ab0cccda6f30869a7f3dfdb39547f56d2010e2cf160e3cbcb35a74d0cbd524,"[{""trait_type"":""Glasses"",""value"":""Purple Rectangular Glasses ""},{""trait_type"":""Hair"",""value"":""Red Hair ""},{""trait_type"":""Mouth"",""value"":""Braces ""},{""trait_type"":""Clothes"",""value"":""Yellow Tie ""},{""trait_type"":""Nerd"",""value"":""Skinny Nerd ""},{""trait_type"":""Background"",""value"":""Blue Background ""}]"
1386,1359171,0xe56648482dd3c51240eab068a14b20df3ba9df176bd06e17db2df9e35e6df272,"[{""trait_type"":""Glasses"",""value"":""Red Rectangular Glasses ""},{""trait_type"":""Hair"",""value"":""Black Bowl cut ""},{""trait_type"":""Mouth"",""value"":""Braces ""},{""trait_type"":""Clothes"",""value"":""Red  T-Shirt ""},{""trait_type"":""Nerd"",""value"":""Fat Nerd ""},{""trait_type"":""Background"",""value"":""Purple Background ""}]"
1385,1359164,0xd7e8d521f693e9737d15d8c5591ede4153329c5d4cd11fec9337030c8889c9d7,"[{""trait_type"":""Glasses"",""value"":""Blue Round Glasses ""},{""trait_type"":""Hair"",""value"":""Black Short Hair ""},{""trait_type"":""Mouth"",""value"":""Big Teeth ""},{""trait_type"":""Clothes"",""value"":""Green Tie ""},{""trait_type"":""Nerd"",""value"":""Skinny Nerd ""},{""trait_type"":""Background"",""value"":""Blue Background ""}]"
1384,1358870,0xe7c0cad0a0ddd8282b93c238b3ddbae9547b18334d75d37eb0321ebf0b2517c9,"[{""trait_type"":""Glasses"",""value"":""Green Rectangular Glasses ""},{""trait_type"":""Hair"",""value"":""Black Quiff Haircut ""},{""trait_type"":""Mouth"",""value"":""Smile ""},{""trait_type"":""Clothes"",""value"":""Green Tie ""},{""trait_type"":""Nerd"",""value"":""Fat Nerd ""},{""trait_type"":""Background"",""value"":""Green Background ""}]"
1383,1360141,0x51875a3840e8dda6e5e02a53b2ff088a9d6a519cf16b9ab597431cb5bf357031,"[{""trait_type"":""Glasses"",""value"":""No Glasses ""},{""trait_type"":""Hair"",""value"":""Red Bowl cut ""},{""trait_type"":""Mouth"",""value"":""Big Teeth ""},{""trait_type"":""Clothes"",""value"":""Yellow Shirt ""},{""trait_type"":""Nerd"",""value"":""Fat Nerd ""},{""trait_type"":""Background"",""value"":""Red Background ""}]"
1382,1359916,0x37e5643b20388b78e75a959a538d8fa02d60e9ba1c1f160b71650fb26bcc2c42,"[{""trait_type"":""Glasses"",""value"":""White Rectangular Glasses ""},{""trait_type"":""Hair"",""value"":""Black Quiff Haircut ""},{""trait_type"":""Mouth"",""value"":""Big Teeth ""},{""trait_type"":""Clothes"",""value"":""Red  T-Shirt ""},{""trait_type"":""Nerd"",""value"":""Skinny Nerd ""},{""trait_type"":""Background"",""value"":""Blue Background ""}]"
1381,1360710,0xd3965ece124b4eb8f725b8f86f6be5f41050a3fbf6e560503f054dfcc5230657,"[{""trait_type"":""Glasses"",""value"":""Green Round Glasses ""},{""trait_type"":""Hair"",""value"":""Black Quiff Haircut ""},{""trait_type"":""Mouth"",""value"":""Smile ""},{""trait_type"":""Clothes"",""value"":""Yellow Tie ""},{""trait_type"":""Nerd"",""value"":""Fat Nerd ""},{""trait_type"":""Background"",""value"":""Green Background ""}]"
1380,1359322,0xb914bcc2eca27e00bd840448e2807ad21a4e6be000deb4fb77ed25f649929942,"[{""trait_type"":""Glasses"",""value"":""Yellow Rectangular Glasses ""},{""trait_type"":""Hair"",""value"":""Blonde Hair ""},{""trait_type"":""Mouth"",""value"":""Big Teeth ""},{""trait_type"":""Clothes"",""value"":""Yellow  T-Shirt ""},{""trait_type"":""Nerd"",""value"":""Fat Nerd ""},{""trait_type"":""Background"",""value"":""Green Background ""}]"
1379,1360539,0xd443d803920f79e2a6ff3643a360b7593f7d4b600f24c58cf1a17a1f383ee937,"[{""trait_type"":""Glasses"",""value"":""Purple Round Glasses ""},{""trait_type"":""Hair"",""value"":""Red Short Hair ""},{""trait_type"":""Mouth"",""value"":""Braces ""},{""trait_type"":""Clothes"",""value"":""Red Tie ""},{""trait_type"":""Nerd"",""value"":""Fat Nerd ""},{""trait_type"":""Background"",""value"":""Red Background ""}]"
1378,1359739,0x24af33378b16edbe28b03388f95f7821cd1ecec5c77b9569fef3d0d9c573e8ad,"[{""trait_type"":""Glasses"",""value"":""Yellow Rectangular Glasses ""},{""trait_type"":""Hair"",""value"":""Brown Hair ""},{""trait_type"":""Mouth"",""value"":""Big Teeth ""},{""trait_type"":""Clothes"",""value"":""Blue  T-Shirt ""},{""trait_type"":""Nerd"",""value"":""Fat Nerd ""},{""trait_type"":""Background"",""value"":""Yellow Background ""}]"
1377,1359344,0x283754fc4f6d0ce3d52877fe55d437c772fa3d948e0e0c8bec075d5055559152,"[{""trait_type"":""Glasses"",""value"":""Blue Round Glasses ""},{""trait_type"":""Hair"",""value"":""Brown Messy Hair ""},{""trait_type"":""Mouth"",""value"":""Smile ""},{""trait_type"":""Clothes"",""value"":""Red Tie ""},{""trait_type"":""Nerd"",""value"":""Fat Nerd ""},{""trait_type"":""Background"",""value"":""Orange Background ""}]"
1376,1358679,0xdcf933a58c99a69c469702a93038f8f35daea9f425a3ab2c86e47b4992e61e7b,"[{""trait_type"":""Glasses"",""value"":""Green Round Glasses ""},{""trait_type"":""Hair"",""value"":""Red Bowl cut ""},{""trait_type"":""Mouth"",""value"":""Braces ""},{""trait_type"":""Clothes"",""value"":""Green Tie ""},{""trait_type"":""Nerd"",""value"":""Skinny Nerd ""},{""trait_type"":""Background"",""value"":""Red Background ""}]"
1375,1359812,0xc17efcde5d059a07d70ae5773ea50935d00e434d67d7423dfd80a12f640e6bd3,"[{""trait_type"":""Glasses"",""value"":""Yellow Round Glasses ""},{""trait_type"":""Hair"",""value"":""Blonde Messy Hair ""},{""trait_type"":""Mouth"",""value"":""Big Teeth ""},{""trait_type"":""Clothes"",""value"":""Green  T-Shirt ""},{""trait_type"":""Nerd"",""value"":""Fat Nerd ""},{""trait_type"":""Background"",""value"":""Purple Background ""}]"
1374,1358516,0x9fcf8c6abb563b50e5e0b1bd479e37824d2665ab2d1853e874378b380ae4b266,"[{""trait_type"":""Glasses"",""value"":""Yellow Round Glasses ""},{""trait_type"":""Hair"",""value"":""Black Messy Hair ""},{""trait_type"":""Mouth"",""value"":""Smile ""},{""trait_type"":""Clothes"",""value"":""Green Shirt ""},{""trait_type"":""Nerd"",""value"":""Fat Nerd ""},{""trait_type"":""Background"",""value"":""Yellow Background ""}]"
1373,1359451,0x4ff44cca2c636cedfe5df66d8b868e7e2ba026e4bc64d34a2add3d03e248ba28,"[{""trait_type"":""Glasses"",""value"":""No Glasses ""},{""trait_type"":""Hair"",""value"":""Brown Messy Hair ""},{""trait_type"":""Mouth"",""value"":""Big Teeth ""},{""trait_type"":""Clothes"",""value"":""Red  T-Shirt ""},{""trait_type"":""Nerd"",""value"":""Fat Nerd ""},{""trait_type"":""Background"",""value"":""Red Background ""}]"
1372,1360495,0x9dff15350ba0d17dee4f722aa0e281af0c97cffd05a8a0130fe3e22ede865171,"[{""trait_type"":""Glasses"",""value"":""No Glasses ""},{""trait_type"":""Hair"",""value"":""Blonde Bowl cut ""},{""trait_type"":""Mouth"",""value"":""Smile ""},{""trait_type"":""Clothes"",""value"":""Yellow  T-Shirt ""},{""trait_type"":""Nerd"",""value"":""Fat Nerd ""},{""trait_type"":""Background"",""value"":""Cyan Background ""}]"
1371,1359281,0x72cf7cf51bef905cc5057e9bd5f78396fd8b0f2acadbcd4a128686fff91fdd3e,"[{""trait_type"":""Glasses"",""value"":""Red Round Glasses ""},{""trait_type"":""Hair"",""value"":""Black Quiff Haircut ""},{""trait_type"":""Mouth"",""value"":""Smile ""},{""trait_type"":""Clothes"",""value"":""Blue  T-Shirt ""},{""trait_type"":""Nerd"",""value"":""Fat Nerd ""},{""trait_type"":""Background"",""value"":""Cyan Background ""}]"
1370,1359693,0xe2f11e60a3814979f445c086052dcfa361a81d93a3f4e4e4c27763eeef9676ec,"[{""trait_type"":""Glasses"",""value"":""Green Rectangular Glasses ""},{""trait_type"":""Hair"",""value"":""Black Bowl cut ""},{""trait_type"":""Mouth"",""value"":""Big Teeth ""},{""trait_type"":""Clothes"",""value"":""Green Shirt ""},{""trait_type"":""Nerd"",""value"":""Skinny Nerd ""},{""trait_type"":""Background"",""value"":""Purple Background ""}]"
1369,1359776,0x6ef137c64d5b97e8edfc039d086c497b8da7aad2c891c3ed2423fc6b9eeb060a,"[{""trait_type"":""Glasses"",""value"":""White Rectangular Glasses ""},{""trait_type"":""Hair"",""value"":""Red Quiff Haircut ""},{""trait_type"":""Mouth"",""value"":""Big Teeth ""},{""trait_type"":""Clothes"",""value"":""Green Shirt ""},{""trait_type"":""Nerd"",""value"":""Fat Nerd ""},{""trait_type"":""Background"",""value"":""Cyan Background ""}]"
1368,1358742,0x92fb17529a409dd1f1773737da5c2e90d951177e8f587ea695b1f1521bcdc5de,"[{""trait_type"":""Glasses"",""value"":""Yellow Rectangular Glasses ""},{""trait_type"":""Hair"",""value"":""Black Quiff Haircut ""},{""trait_type"":""Mouth"",""value"":""Big Teeth ""},{""trait_type"":""Clothes"",""value"":""Red Shirt ""},{""trait_type"":""Nerd"",""value"":""Skinny Nerd ""},{""trait_type"":""Background"",""value"":""Cyan Background ""}]"
1367,1359842,0x8f8f14257816afebf5a2f727e724bb462b42dbf157ccfdf727bbd3d6733d8c89,"[{""trait_type"":""Glasses"",""value"":""White Round Glasses ""},{""trait_type"":""Hair"",""value"":""Brown Messy Hair ""},{""trait_type"":""Mouth"",""value"":""Big Teeth ""},{""trait_type"":""Clothes"",""value"":""Green Tie ""},{""trait_type"":""Nerd"",""value"":""Skinny Nerd ""},{""trait_type"":""Background"",""value"":""Purple Background ""}]"
1366,1360342,0xeefee55a55a46d0f42893acedcf9f0799159a6f458f437880163d6259d45cb69,"[{""trait_type"":""Glasses"",""value"":""Black Round Glasses ""},{""trait_type"":""Hair"",""value"":""Blonde Quiff Haircut ""},{""trait_type"":""Mouth"",""value"":""Braces ""},{""trait_type"":""Clothes"",""value"":""Yellow Shirt ""},{""trait_type"":""Nerd"",""value"":""Fat Nerd ""},{""trait_type"":""Background"",""value"":""Blue Background ""}]"
1365,1358730,0x9e89fa138582c4441a09af9717b1efa9f5f5666ea3c2fc19ae114c38d1eeb061,"[{""trait_type"":""Glasses"",""value"":""No Glasses ""},{""trait_type"":""Hair"",""value"":""Blonde Messy Hair ""},{""trait_type"":""Mouth"",""value"":""Braces ""},{""trait_type"":""Clothes"",""value"":""Purple Tie ""},{""trait_type"":""Nerd"",""value"":""Fat Nerd ""},{""trait_type"":""Background"",""value"":""Green Background ""}]"
1364,1358614,0xf187e3d15c75f0187264040bb7df8409e5e0e292bb599edaf13f3c945014060c,"[{""trait_type"":""Glasses"",""value"":""Red Rectangular Glasses ""},{""trait_type"":""Hair"",""value"":""Black Quiff Haircut ""},{""trait_type"":""Mouth"",""value"":""Braces ""},{""trait_type"":""Clothes"",""value"":""Blue Shirt ""},{""trait_type"":""Nerd"",""value"":""Fat Nerd ""},{""trait_type"":""Background"",""value"":""Yellow Background ""}]"
1363,1358478,0x44c4f109b19f2e8cb0d0c4a4cd7dc82a9fe279461697f207ae0c560f0b8e312d,"[{""trait_type"":""Glasses"",""value"":""Green Round Glasses ""},{""trait_type"":""Hair"",""value"":""Brown Short Hair ""},{""trait_type"":""Mouth"",""value"":""Braces ""},{""trait_type"":""Clothes"",""value"":""Red Tie ""},{""trait_type"":""Nerd"",""value"":""Skinny Nerd ""},{""trait_type"":""Background"",""value"":""Orange Background ""}]"
1362,1360519,0xd8562276ccf3bb24bd89f363f045e4575d8eff4e8f48d9b32297fce906e9f950,"[{""trait_type"":""Glasses"",""value"":""No Glasses ""},{""trait_type"":""Hair"",""value"":""Red Bowl cut ""},{""trait_type"":""Mouth"",""value"":""Big Teeth ""},{""trait_type"":""Clothes"",""value"":""Yellow Shirt ""},{""trait_type"":""Nerd"",""value"":""Skinny Nerd ""},{""trait_type"":""Background"",""value"":""Blue Background ""}]"
1361,1358490,0x1a6ec4512f1d49c3fda035ee8edda5cd6d09bfb2145e07fa77cc7e05110f660a,"[{""trait_type"":""Glasses"",""value"":""Green Rectangular Glasses ""},{""trait_type"":""Hair"",""value"":""Black Messy Hair ""},{""trait_type"":""Mouth"",""value"":""Big Teeth ""},{""trait_type"":""Clothes"",""value"":""Yellow  T-Shirt ""},{""trait_type"":""Nerd"",""value"":""Skinny Nerd ""},{""trait_type"":""Background"",""value"":""Yellow Background ""}]"
1360,1359619,0xe1181e1703c344b0ad08e927bfdd3972101d3990180c0a830e6b164cac0ba5b6,"[{""trait_type"":""Glasses"",""value"":""Green Round Glasses ""},{""trait_type"":""Hair"",""value"":""Black Messy Hair ""},{""trait_type"":""Mouth"",""value"":""Smile ""},{""trait_type"":""Clothes"",""value"":""Yellow Shirt ""},{""trait_type"":""Nerd"",""value"":""Skinny Nerd ""},{""trait_type"":""Background"",""value"":""Purple Background ""}]"
1359,1360148,0x253e26ae1d267302b6c4e256444a2ce51a76f45f0c72e7b8491c70a96b123682,"[{""trait_type"":""Glasses"",""value"":""Yellow Rectangular Glasses ""},{""trait_type"":""Hair"",""value"":""Red Quiff Haircut ""},{""trait_type"":""Mouth"",""value"":""Braces ""},{""trait_type"":""Clothes"",""value"":""Blue Shirt ""},{""trait_type"":""Nerd"",""value"":""Fat Nerd ""},{""trait_type"":""Background"",""value"":""Red Background ""}]"
1358,1360736,0xa020f10892a89cdab6628d42e3ac939a8b01a7db5f87aa754566e64bbb917c60,"[{""trait_type"":""Glasses"",""value"":""White Rectangular Glasses ""},{""trait_type"":""Hair"",""value"":""Brown Short Hair ""},{""trait_type"":""Mouth"",""value"":""Braces ""},{""trait_type"":""Clothes"",""value"":""Red Shirt ""},{""trait_type"":""Nerd"",""value"":""Skinny Nerd ""},{""trait_type"":""Background"",""value"":""Purple Background ""}]"
1357,1360256,0xd8dff967a54be2b2acb4d8755927fc36efe5e8941ed28d0df1fcce7ccf7fb317,"[{""trait_type"":""Glasses"",""value"":""Blue Rectangular Glasses ""},{""trait_type"":""Hair"",""value"":""Brown Short Hair ""},{""trait_type"":""Mouth"",""value"":""Braces ""},{""trait_type"":""Clothes"",""value"":""Blue Tie ""},{""trait_type"":""Nerd"",""value"":""Fat Nerd ""},{""trait_type"":""Background"",""value"":""Red Background ""}]"
1356,1359565,0xc169cf1a80f1dbe738e99f74730585a591d8989dff0b1d7827bebcf3699d2848,"[{""trait_type"":""Glasses"",""value"":""No Glasses ""},{""trait_type"":""Hair"",""value"":""Red Messy Hair ""},{""trait_type"":""Mouth"",""value"":""Smile ""},{""trait_type"":""Clothes"",""value"":""Blue  T-Shirt ""},{""trait_type"":""Nerd"",""value"":""Skinny Nerd ""},{""trait_type"":""Background"",""value"":""Purple Background ""}]"
1355,1359781,0x603d1c565577286f2ad65f0b769c9689c1c1d2833c845495cf114ce5eb8e716c,"[{""trait_type"":""Glasses"",""value"":""Yellow Round Glasses ""},{""trait_type"":""Hair"",""value"":""Black Hair ""},{""trait_type"":""Mouth"",""value"":""Smile ""},{""trait_type"":""Clothes"",""value"":""Blue Shirt ""},{""trait_type"":""Nerd"",""value"":""Fat Nerd ""},{""trait_type"":""Background"",""value"":""Cyan Background ""}]"
1354,1360305,0x3ad3f2544e96cd603c2f62a992b528d1098cdbe14a9b57b5a22d07ce213837af,"[{""trait_type"":""Glasses"",""value"":""Blue Rectangular Glasses ""},{""trait_type"":""Hair"",""value"":""Blonde Bowl cut ""},{""trait_type"":""Mouth"",""value"":""Braces ""},{""trait_type"":""Clothes"",""value"":""Green  T-Shirt ""},{""trait_type"":""Nerd"",""value"":""Skinny Nerd ""},{""trait_type"":""Background"",""value"":""Orange Background ""}]"
1353,1360459,0x545602eb49aaacaea567d03f57aee0dbdae48e7b447202c97eee813c1686e298,"[{""trait_type"":""Glasses"",""value"":""Purple Rectangular Glasses ""},{""trait_type"":""Hair"",""value"":""Blonde Quiff Haircut ""},{""trait_type"":""Mouth"",""value"":""Braces ""},{""trait_type"":""Clothes"",""value"":""Yellow Shirt ""},{""trait_type"":""Nerd"",""value"":""Skinny Nerd ""},{""trait_type"":""Background"",""value"":""Green Background ""}]"
1352,1358140,0x32cdf21d0ebd8bd454bc801fa40ddd9c6b17854d446852a5373965c7d0a8fc29,"[{""trait_type"":""Glasses"",""value"":""No Glasses ""},{""trait_type"":""Hair"",""value"":""Black Hair ""},{""trait_type"":""Mouth"",""value"":""Big Teeth ""},{""trait_type"":""Clothes"",""value"":""Blue Tie ""},{""trait_type"":""Nerd"",""value"":""Fat Nerd ""},{""trait_type"":""Background"",""value"":""Blue Background ""}]"
1351,1359366,0x1b8bac90e0f10f3889a4500348cceefe09537f56ffbf0382bbba4187ecbac846,"[{""trait_type"":""Glasses"",""value"":""No Glasses ""},{""trait_type"":""Hair"",""value"":""Black Quiff Haircut ""},{""trait_type"":""Mouth"",""value"":""Smile ""},{""trait_type"":""Clothes"",""value"":""Red  T-Shirt ""},{""trait_type"":""Nerd"",""value"":""Skinny Nerd ""},{""trait_type"":""Background"",""value"":""Purple Background ""}]"
1350,1358717,0xda01c207d0a2f923e62b086e217e60aa9629fb55d4d609ec4418d1d985214ba6,"[{""trait_type"":""Glasses"",""value"":""Purple Round Glasses ""},{""trait_type"":""Hair"",""value"":""Brown Bowl cut ""},{""trait_type"":""Mouth"",""value"":""Big Teeth ""},{""trait_type"":""Clothes"",""value"":""Green  T-Shirt ""},{""trait_type"":""Nerd"",""value"":""Skinny Nerd ""},{""trait_type"":""Background"",""value"":""Red Background ""}]"
1349,1358779,0x4a950be4e1de469f9fab76370f7b0e8496a775a4012856ba5010c2953ef1bc82,"[{""trait_type"":""Glasses"",""value"":""No Glasses ""},{""trait_type"":""Hair"",""value"":""Blonde Quiff Haircut ""},{""trait_type"":""Mouth"",""value"":""Big Teeth ""},{""trait_type"":""Clothes"",""value"":""Yellow Shirt ""},{""trait_type"":""Nerd"",""value"":""Skinny Nerd ""},{""trait_type"":""Background"",""value"":""Cyan Background ""}]"
1348,1359045,0xdc552cc8b3b2070a5eb351bc5837112d330876403b9b81218791ac5113f197b4,"[{""trait_type"":""Glasses"",""value"":""No Glasses ""},{""trait_type"":""Hair"",""value"":""Brown Hair ""},{""trait_type"":""Mouth"",""value"":""Braces ""},{""trait_type"":""Clothes"",""value"":""Purple Tie ""},{""trait_type"":""Nerd"",""value"":""Skinny Nerd ""},{""trait_type"":""Background"",""value"":""Orange Background ""}]"
1347,1359698,0x6ad03a78b8643bb4dfb7070d36731835581abbe3ad67e97c65ec032619606f52,"[{""trait_type"":""Glasses"",""value"":""Purple Rectangular Glasses ""},{""trait_type"":""Hair"",""value"":""Black Quiff Haircut ""},{""trait_type"":""Mouth"",""value"":""Braces ""},{""trait_type"":""Clothes"",""value"":""Yellow  T-Shirt ""},{""trait_type"":""Nerd"",""value"":""Fat Nerd ""},{""trait_type"":""Background"",""value"":""Yellow Background ""}]"
1346,1359794,0x35efdc6ac2833a81468f66049333fd1d9d40845d7c697e2fbe6e27f585310cba,"[{""trait_type"":""Glasses"",""value"":""Blue Rectangular Glasses ""},{""trait_type"":""Hair"",""value"":""Red Bowl cut ""},{""trait_type"":""Mouth"",""value"":""Braces ""},{""trait_type"":""Clothes"",""value"":""Green  T-Shirt ""},{""trait_type"":""Nerd"",""value"":""Fat Nerd ""},{""trait_type"":""Background"",""value"":""Green Background ""}]"
1345,1359437,0x0601e8d4756ad3a8d438a30143b67748549ab144e089908c632874c19fc39fba,"[{""trait_type"":""Glasses"",""value"":""Green Round Glasses ""},{""trait_type"":""Hair"",""value"":""Brown Hair ""},{""trait_type"":""Mouth"",""value"":""Braces ""},{""trait_type"":""Clothes"",""value"":""Green Tie ""},{""trait_type"":""Nerd"",""value"":""Fat Nerd ""},{""trait_type"":""Background"",""value"":""Green Background ""}]"
1344,1359494,0x6765adef11cc70ed9e2577ea64af5f855770eb35ed039a24fbac98af43d7442c,"[{""trait_type"":""Glasses"",""value"":""No Glasses ""},{""trait_type"":""Hair"",""value"":""Black Hair ""},{""trait_type"":""Mouth"",""value"":""Smile ""},{""trait_type"":""Clothes"",""value"":""Yellow Shirt ""},{""trait_type"":""Nerd"",""value"":""Fat Nerd ""},{""trait_type"":""Background"",""value"":""Red Background ""}]"
1343,1360077,0x55804d0bcc908e8cdb1315bc057a1f19576cd81d1f4a04c3034db53ae3c0b9fb,"[{""trait_type"":""Glasses"",""value"":""No Glasses ""},{""trait_type"":""Hair"",""value"":""Brown Bowl cut ""},{""trait_type"":""Mouth"",""value"":""Braces ""},{""trait_type"":""Clothes"",""value"":""Purple Tie ""},{""trait_type"":""Nerd"",""value"":""Fat Nerd ""},{""trait_type"":""Background"",""value"":""Purple Background ""}]"
1342,1358704,0x11a68f938ef783360931347c685ed6a3180ccbbb09c837dd920d87095c162412,"[{""trait_type"":""Glasses"",""value"":""Blue Round Glasses ""},{""trait_type"":""Hair"",""value"":""Blonde Quiff Haircut ""},{""trait_type"":""Mouth"",""value"":""Smile ""},{""trait_type"":""Clothes"",""value"":""Blue Tie ""},{""trait_type"":""Nerd"",""value"":""Skinny Nerd ""},{""trait_type"":""Background"",""value"":""Green Background ""}]"
1341,1359440,0x303df5efef781d873ca4eae27462b2431930cbf98ef27f272009dc75c2e8acef,"[{""trait_type"":""Glasses"",""value"":""Green Rectangular Glasses ""},{""trait_type"":""Hair"",""value"":""Brown Bowl cut ""},{""trait_type"":""Mouth"",""value"":""Smile ""},{""trait_type"":""Clothes"",""value"":""Blue  T-Shirt ""},{""trait_type"":""Nerd"",""value"":""Skinny Nerd ""},{""trait_type"":""Background"",""value"":""Red Background ""}]"
1340,1358736,0x9d9281cb814de1bee023247731c4156e9441585a0cbd3a51046423859fa809f1,"[{""trait_type"":""Glasses"",""value"":""No Glasses ""},{""trait_type"":""Hair"",""value"":""Brown Bowl cut ""},{""trait_type"":""Mouth"",""value"":""Smile ""},{""trait_type"":""Clothes"",""value"":""Red Tie ""},{""trait_type"":""Nerd"",""value"":""Fat Nerd ""},{""trait_type"":""Background"",""value"":""Orange Background ""}]"
1339,1359288,0xbb5915d32bde52a16941ace69f61a5b9e1e49c3ef52999def09e61b04fcecf94,"[{""trait_type"":""Glasses"",""value"":""Blue Rectangular Glasses ""},{""trait_type"":""Hair"",""value"":""Black Short Hair ""},{""trait_type"":""Mouth"",""value"":""Big Teeth ""},{""trait_type"":""Clothes"",""value"":""Green  T-Shirt ""},{""trait_type"":""Nerd"",""value"":""Fat Nerd ""},{""trait_type"":""Background"",""value"":""Orange Background ""}]"
1338,1360388,0xea17ac879d494a2b1b38abae00fcdb59a428d903623541caf02d6f9932106b23,"[{""trait_type"":""Glasses"",""value"":""White Round Glasses ""},{""trait_type"":""Hair"",""value"":""Brown Hair ""},{""trait_type"":""Mouth"",""value"":""Braces ""},{""trait_type"":""Clothes"",""value"":""Yellow Tie ""},{""trait_type"":""Nerd"",""value"":""Fat Nerd ""},{""trait_type"":""Background"",""value"":""Blue Background ""}]"
1337,1359325,0x669cee4b43a8cb94582757cdc9d8a7297346651c1f3f4c401eee162a76cff08d,"[{""trait_type"":""Glasses"",""value"":""Purple Round Glasses ""},{""trait_type"":""Hair"",""value"":""Brown Short Hair ""},{""trait_type"":""Mouth"",""value"":""Big Teeth ""},{""trait_type"":""Clothes"",""value"":""Purple Tie ""},{""trait_type"":""Nerd"",""value"":""Skinny Nerd ""},{""trait_type"":""Background"",""value"":""Green Background ""}]"
1336,1360242,0x3eb7e440866dd2e2ff5b481d5902afef2521de659d860e6be43f7d7758d91002,"[{""trait_type"":""Glasses"",""value"":""No Glasses ""},{""trait_type"":""Hair"",""value"":""Blonde Hair ""},{""trait_type"":""Mouth"",""value"":""Smile ""},{""trait_type"":""Clothes"",""value"":""Yellow Tie ""},{""trait_type"":""Nerd"",""value"":""Skinny Nerd ""},{""trait_type"":""Background"",""value"":""Cyan Background ""}]"
1335,1358435,0x109b46a775a0ec51116bfc25891483079d128464427383587c573154546ab622,"[{""trait_type"":""Glasses"",""value"":""Purple Rectangular Glasses ""},{""trait_type"":""Hair"",""value"":""Blonde Quiff Haircut ""},{""trait_type"":""Mouth"",""value"":""Big Teeth ""},{""trait_type"":""Clothes"",""value"":""Purple  T-Shirt ""},{""trait_type"":""Nerd"",""value"":""Fat Nerd ""},{""trait_type"":""Background"",""value"":""Cyan Background ""}]"
1334,1359617,0xb50e8e562f1cd1d5b41996c36994511b61c32fff5cda1b06719b7e51eb7c72f5,"[{""trait_type"":""Glasses"",""value"":""Black Round Glasses ""},{""trait_type"":""Hair"",""value"":""Black Quiff Haircut ""},{""trait_type"":""Mouth"",""value"":""Braces ""},{""trait_type"":""Clothes"",""value"":""Purple Tie ""},{""trait_type"":""Nerd"",""value"":""Skinny Nerd ""},{""trait_type"":""Background"",""value"":""Cyan Background ""}]"
1333,1359816,0xb05515c7331a24368b1e6173a9a994d12909d220e88ef2c75153ea777441faee,"[{""trait_type"":""Glasses"",""value"":""White Rectangular Glasses ""},{""trait_type"":""Hair"",""value"":""Black Bowl cut ""},{""trait_type"":""Mouth"",""value"":""Braces ""},{""trait_type"":""Clothes"",""value"":""Blue  T-Shirt ""},{""trait_type"":""Nerd"",""value"":""Skinny Nerd ""},{""trait_type"":""Background"",""value"":""Purple Background ""}]"
1332,1360665,0xa9a00125fb713cb457c07bd48d1559639e489fd9f0a051525bebb90dab6ece64,"[{""trait_type"":""Glasses"",""value"":""Black Rectangular Glasses ""},{""trait_type"":""Hair"",""value"":""Black Messy Hair ""},{""trait_type"":""Mouth"",""value"":""Big Teeth ""},{""trait_type"":""Clothes"",""value"":""Yellow  T-Shirt ""},{""trait_type"":""Nerd"",""value"":""Fat Nerd ""},{""trait_type"":""Background"",""value"":""Yellow Background ""}]"
1331,1359912,0xfd66c60243939335e80297f98440df9b7869f923243e223f39b345e285c732e3,"[{""trait_type"":""Glasses"",""value"":""Green Round Glasses ""},{""trait_type"":""Hair"",""value"":""Red Hair ""},{""trait_type"":""Mouth"",""value"":""Braces ""},{""trait_type"":""Clothes"",""value"":""Blue Shirt ""},{""trait_type"":""Nerd"",""value"":""Skinny Nerd ""},{""trait_type"":""Background"",""value"":""Green Background ""}]"
1330,1359729,0x1a314d6eabf026102545a4cb8cb879dd120acdec2d7bcf509dd3c55279763ccd,"[{""trait_type"":""Glasses"",""value"":""White Round Glasses ""},{""trait_type"":""Hair"",""value"":""Red Bowl cut ""},{""trait_type"":""Mouth"",""value"":""Smile ""},{""trait_type"":""Clothes"",""value"":""Blue Shirt ""},{""trait_type"":""Nerd"",""value"":""Fat Nerd ""},{""trait_type"":""Background"",""value"":""Orange Background ""}]"
1329,1359216,0xe78c8ae2c6106489556fbe893e0888bc9142f218dd457b9cb6f68cb224a558f9,"[{""trait_type"":""Glasses"",""value"":""Green Rectangular Glasses ""},{""trait_type"":""Hair"",""value"":""Red Bowl cut ""},{""trait_type"":""Mouth"",""value"":""Braces ""},{""trait_type"":""Clothes"",""value"":""Yellow Shirt ""},{""trait_type"":""Nerd"",""value"":""Skinny Nerd ""},{""trait_type"":""Background"",""value"":""Green Background ""}]"
1328,1358748,0xa69a530a3e99f3dd5c152e1a3169d4e40d25fc5c1c37151ae403cbfeacadfd71,"[{""trait_type"":""Glasses"",""value"":""Red Rectangular Glasses ""},{""trait_type"":""Hair"",""value"":""Brown Hair ""},{""trait_type"":""Mouth"",""value"":""Braces ""},{""trait_type"":""Clothes"",""value"":""Red  T-Shirt ""},{""trait_type"":""Nerd"",""value"":""Skinny Nerd ""},{""trait_type"":""Background"",""value"":""Yellow Background ""}]"
1327,1359657,0x67de96e5b7bf617b29aa682ff60560a6fb749fc0bce005d341775ec09423eca1,"[{""trait_type"":""Glasses"",""value"":""Yellow Round Glasses ""},{""trait_type"":""Hair"",""value"":""Blonde Quiff Haircut ""},{""trait_type"":""Mouth"",""value"":""Big Teeth ""},{""trait_type"":""Clothes"",""value"":""Purple Tie ""},{""trait_type"":""Nerd"",""value"":""Fat Nerd ""},{""trait_type"":""Background"",""value"":""Blue Background ""}]"
1326,1359232,0x9fb23c892ea56620ed128581b3b76eb1d5d7e52ffe3ea37d2c4f1040c957d033,"[{""trait_type"":""Glasses"",""value"":""Yellow Round Glasses ""},{""trait_type"":""Hair"",""value"":""Black Quiff Haircut ""},{""trait_type"":""Mouth"",""value"":""Big Teeth ""},{""trait_type"":""Clothes"",""value"":""Yellow Shirt ""},{""trait_type"":""Nerd"",""value"":""Fat Nerd ""},{""trait_type"":""Background"",""value"":""Green Background ""}]"
1325,1359839,0x161eb40ba48f2bd1243b289d1b667278589f65bf68340425441d2463e89c87b7,"[{""trait_type"":""Glasses"",""value"":""Red Round Glasses ""},{""trait_type"":""Hair"",""value"":""Blonde Hair ""},{""trait_type"":""Mouth"",""value"":""Braces ""},{""trait_type"":""Clothes"",""value"":""Blue Shirt ""},{""trait_type"":""Nerd"",""value"":""Fat Nerd ""},{""trait_type"":""Background"",""value"":""Blue Background ""}]"
1324,1360024,0xc1400fabe4fecf50e10d120e89bbeb2fe8cd4cfbd593c534608e5b74c0511150,"[{""trait_type"":""Glasses"",""value"":""No Glasses ""},{""trait_type"":""Hair"",""value"":""Red Messy Hair ""},{""trait_type"":""Mouth"",""value"":""Smile ""},{""trait_type"":""Clothes"",""value"":""Yellow Tie ""},{""trait_type"":""Nerd"",""value"":""Fat Nerd ""},{""trait_type"":""Background"",""value"":""Red Background ""}]"
1323,1359299,0x03da06be561ad1e3a5004e057ad32ed5bf077ce22b71d8234a8d7b4d002c5ebc,"[{""trait_type"":""Glasses"",""value"":""Red Rectangular Glasses ""},{""trait_type"":""Hair"",""value"":""Black Bowl cut ""},{""trait_type"":""Mouth"",""value"":""Smile ""},{""trait_type"":""Clothes"",""value"":""Purple  T-Shirt ""},{""trait_type"":""Nerd"",""value"":""Fat Nerd ""},{""trait_type"":""Background"",""value"":""Red Background ""}]"
1322,1359145,0x067e11cb0d5658344172280b6a34b0a274ca5ae9e9c010e3b7200d4472f7c490,"[{""trait_type"":""Glasses"",""value"":""Green Round Glasses ""},{""trait_type"":""Hair"",""value"":""Red Bowl cut ""},{""trait_type"":""Mouth"",""value"":""Smile ""},{""trait_type"":""Clothes"",""value"":""Green  T-Shirt ""},{""trait_type"":""Nerd"",""value"":""Skinny Nerd ""},{""trait_type"":""Background"",""value"":""Purple Background ""}]"
1321,1358915,0xf34babaa86a4dcdd55f362ac2264102f78dac46f746bf060e4f1b66ca3e49949,"[{""trait_type"":""Glasses"",""value"":""White Rectangular Glasses ""},{""trait_type"":""Hair"",""value"":""Blonde Quiff Haircut ""},{""trait_type"":""Mouth"",""value"":""Big Teeth ""},{""trait_type"":""Clothes"",""value"":""Green  T-Shirt ""},{""trait_type"":""Nerd"",""value"":""Skinny Nerd ""},{""trait_type"":""Background"",""value"":""Yellow Background ""}]"
1320,1360433,0x32447a4b92260b57869a3292b546b2afe60ef6789844b182c8390a4f8c72bc55,"[{""trait_type"":""Glasses"",""value"":""Red Round Glasses ""},{""trait_type"":""Hair"",""value"":""Blonde Bowl cut ""},{""trait_type"":""Mouth"",""value"":""Smile ""},{""trait_type"":""Clothes"",""value"":""Red Shirt ""},{""trait_type"":""Nerd"",""value"":""Fat Nerd ""},{""trait_type"":""Background"",""value"":""Red Background ""}]"
1319,1359159,0x88e376ad194ac3766088819fee7af11ffb8f88cef4209534f2e12c49c530ca36,"[{""trait_type"":""Glasses"",""value"":""Purple Rectangular Glasses ""},{""trait_type"":""Hair"",""value"":""Red Short Hair ""},{""trait_type"":""Mouth"",""value"":""Smile ""},{""trait_type"":""Clothes"",""value"":""Purple  T-Shirt ""},{""trait_type"":""Nerd"",""value"":""Fat Nerd ""},{""trait_type"":""Background"",""value"":""Green Background ""}]"
1318,1359808,0x61aa34fa68a1206c37f081905082bbfc4a691050bac5ac6d2e4220cc6fc9a30b,"[{""trait_type"":""Glasses"",""value"":""Red Round Glasses ""},{""trait_type"":""Hair"",""value"":""Brown Quiff Haircut ""},{""trait_type"":""Mouth"",""value"":""Braces ""},{""trait_type"":""Clothes"",""value"":""Green Tie ""},{""trait_type"":""Nerd"",""value"":""Skinny Nerd ""},{""trait_type"":""Background"",""value"":""Green Background ""}]"
1317,1359682,0x1a20c9f4de42e19a89e50178286e5cfc20af79dbf09c48549f3d5176e6a4330a,"[{""trait_type"":""Glasses"",""value"":""White Round Glasses ""},{""trait_type"":""Hair"",""value"":""Blonde Bowl cut ""},{""trait_type"":""Mouth"",""value"":""Smile ""},{""trait_type"":""Clothes"",""value"":""Blue Tie ""},{""trait_type"":""Nerd"",""value"":""Fat Nerd ""},{""trait_type"":""Background"",""value"":""Orange Background ""}]"
1316,1359615,0x45da10c61a38fb1a34b594342427de21561bcf389d23d19b8aeb19143e3f63ef,"[{""trait_type"":""Glasses"",""value"":""Yellow Round Glasses ""},{""trait_type"":""Hair"",""value"":""Blonde Bowl cut ""},{""trait_type"":""Mouth"",""value"":""Braces ""},{""trait_type"":""Clothes"",""value"":""Yellow Tie ""},{""trait_type"":""Nerd"",""value"":""Fat Nerd ""},{""trait_type"":""Background"",""value"":""Blue Background ""}]"
1315,1359706,0xb55eaf662fa9ff4ec48b3cee7c99ffb33f1553daab41c3c832dc0add0a051b0c,"[{""trait_type"":""Glasses"",""value"":""Green Rectangular Glasses ""},{""trait_type"":""Hair"",""value"":""Black Bowl cut ""},{""trait_type"":""Mouth"",""value"":""Big Teeth ""},{""trait_type"":""Clothes"",""value"":""Yellow Tie ""},{""trait_type"":""Nerd"",""value"":""Skinny Nerd ""},{""trait_type"":""Background"",""value"":""Yellow Background ""}]"
1314,1359292,0xc828f2b8b9e23dfa495b236b2e636d8cae55c7aea5457d1d1c1bad6b31141b7f,"[{""trait_type"":""Glasses"",""value"":""Blue Rectangular Glasses ""},{""trait_type"":""Hair"",""value"":""Brown Hair ""},{""trait_type"":""Mouth"",""value"":""Smile ""},{""trait_type"":""Clothes"",""value"":""Purple Tie ""},{""trait_type"":""Nerd"",""value"":""Fat Nerd ""},{""trait_type"":""Background"",""value"":""Orange Background ""}]"
1313,1359335,0x12841f60eb24385c5f29902adc0c7951fe6e0ebf774e4f5d4635391028028436,"[{""trait_type"":""Glasses"",""value"":""No Glasses ""},{""trait_type"":""Hair"",""value"":""Red Short Hair ""},{""trait_type"":""Mouth"",""value"":""Smile ""},{""trait_type"":""Clothes"",""value"":""Green  T-Shirt ""},{""trait_type"":""Nerd"",""value"":""Skinny Nerd ""},{""trait_type"":""Background"",""value"":""Purple Background ""}]"
1312,1358734,0x43d99cedfc62214c962ef7a8a3ee4a4f963c29cf0098f17be3d6811645e6b59c,"[{""trait_type"":""Glasses"",""value"":""Yellow Round Glasses ""},{""trait_type"":""Hair"",""value"":""Red Messy Hair ""},{""trait_type"":""Mouth"",""value"":""Smile ""},{""trait_type"":""Clothes"",""value"":""Blue Shirt ""},{""trait_type"":""Nerd"",""value"":""Skinny Nerd ""},{""trait_type"":""Background"",""value"":""Green Background ""}]"
1311,1359996,0xb3c72f990e5efb77872463b3ce58a4b107a2136a48a9ec92326f201cc33d32aa,"[{""trait_type"":""Glasses"",""value"":""Green Rectangular Glasses ""},{""trait_type"":""Hair"",""value"":""Black Short Hair ""},{""trait_type"":""Mouth"",""value"":""Braces ""},{""trait_type"":""Clothes"",""value"":""Purple  T-Shirt ""},{""trait_type"":""Nerd"",""value"":""Skinny Nerd ""},{""trait_type"":""Background"",""value"":""Red Background ""}]"
1310,1360079,0x733b36f80c641ac0a8869341ef55674aaade9dfbf20fde28468212481b1eab95,"[{""trait_type"":""Glasses"",""value"":""Red Round Glasses ""},{""trait_type"":""Hair"",""value"":""Red Messy Hair ""},{""trait_type"":""Mouth"",""value"":""Smile ""},{""trait_type"":""Clothes"",""value"":""Green Tie ""},{""trait_type"":""Nerd"",""value"":""Skinny Nerd ""},{""trait_type"":""Background"",""value"":""Cyan Background ""}]"
1309,1360253,0xbbe7b85207a14383ce8024a74e94aa0a4415891545dc5fa25902a410c49006af,"[{""trait_type"":""Glasses"",""value"":""Blue Rectangular Glasses ""},{""trait_type"":""Hair"",""value"":""Blonde Quiff Haircut ""},{""trait_type"":""Mouth"",""value"":""Smile ""},{""trait_type"":""Clothes"",""value"":""Yellow Tie ""},{""trait_type"":""Nerd"",""value"":""Fat Nerd ""},{""trait_type"":""Background"",""value"":""Purple Background ""}]"
1308,1360044,0x6b46fd2778137b6a03ea98f145d568f21d9c8b29fc2b593d762603f5cd372b81,"[{""trait_type"":""Glasses"",""value"":""Purple Rectangular Glasses ""},{""trait_type"":""Hair"",""value"":""Brown Quiff Haircut ""},{""trait_type"":""Mouth"",""value"":""Big Teeth ""},{""trait_type"":""Clothes"",""value"":""Green Tie ""},{""trait_type"":""Nerd"",""value"":""Fat Nerd ""},{""trait_type"":""Background"",""value"":""Cyan Background ""}]"
1307,1360322,0x50b3564fc03fc8ffc8856c1899dba6bf6ef6aa37249527c4e114bc55242611ef,"[{""trait_type"":""Glasses"",""value"":""Purple Rectangular Glasses ""},{""trait_type"":""Hair"",""value"":""Blonde Messy Hair ""},{""trait_type"":""Mouth"",""value"":""Braces ""},{""trait_type"":""Clothes"",""value"":""Blue Tie ""},{""trait_type"":""Nerd"",""value"":""Fat Nerd ""},{""trait_type"":""Background"",""value"":""Orange Background ""}]"
1306,1359829,0x6b050ff9f2ee5b7ecf4fceee89e90ba8fcc83e16727b1f863cc1faa5d6ed54d1,"[{""trait_type"":""Glasses"",""value"":""Red Rectangular Glasses ""},{""trait_type"":""Hair"",""value"":""Black Quiff Haircut ""},{""trait_type"":""Mouth"",""value"":""Smile ""},{""trait_type"":""Clothes"",""value"":""Yellow Shirt ""},{""trait_type"":""Nerd"",""value"":""Fat Nerd ""},{""trait_type"":""Background"",""value"":""Green Background ""}]"
1305,1360438,0x028e68ef4dbe227f693e08390aab47dca30b2ce0c93daf54fcfb4245c4930c6a,"[{""trait_type"":""Glasses"",""value"":""White Rectangular Glasses ""},{""trait_type"":""Hair"",""value"":""Blonde Bowl cut ""},{""trait_type"":""Mouth"",""value"":""Big Teeth ""},{""trait_type"":""Clothes"",""value"":""Red Shirt ""},{""trait_type"":""Nerd"",""value"":""Fat Nerd ""},{""trait_type"":""Background"",""value"":""Red Background ""}]"
1304,1358583,0x35bfde8a67ab018a2200fb7f1c0c06729feeb9775660cce137c1a0305c8456a1,"[{""trait_type"":""Glasses"",""value"":""White Rectangular Glasses ""},{""trait_type"":""Hair"",""value"":""Black Bowl cut ""},{""trait_type"":""Mouth"",""value"":""Smile ""},{""trait_type"":""Clothes"",""value"":""Yellow Shirt ""},{""trait_type"":""Nerd"",""value"":""Skinny Nerd ""},{""trait_type"":""Background"",""value"":""Cyan Background ""}]"
1303,1360334,0xf6cefc0fd38b3d10aeca206367f2332e46a6042dfa3973b68b9927a91bbfab8a,"[{""trait_type"":""Glasses"",""value"":""Green Rectangular Glasses ""},{""trait_type"":""Hair"",""value"":""Red Short Hair ""},{""trait_type"":""Mouth"",""value"":""Smile ""},{""trait_type"":""Clothes"",""value"":""Red Tie ""},{""trait_type"":""Nerd"",""value"":""Fat Nerd ""},{""trait_type"":""Background"",""value"":""Purple Background ""}]"
1302,1359549,0xbcbaa068d3aab2e15ca5f65c3b4b1434d053f95d7e3b4d346486891323a7ec83,"[{""trait_type"":""Glasses"",""value"":""Blue Round Glasses ""},{""trait_type"":""Hair"",""value"":""Black Quiff Haircut ""},{""trait_type"":""Mouth"",""value"":""Braces ""},{""trait_type"":""Clothes"",""value"":""Green Shirt ""},{""trait_type"":""Nerd"",""value"":""Skinny Nerd ""},{""trait_type"":""Background"",""value"":""Green Background ""}]"
1301,1359958,0x189a2dc9b776a6527b8e2c73954d92145f259a8205f1a49f2b224fe513191af2,"[{""trait_type"":""Glasses"",""value"":""No Glasses ""},{""trait_type"":""Hair"",""value"":""Brown Hair ""},{""trait_type"":""Mouth"",""value"":""Big Teeth ""},{""trait_type"":""Clothes"",""value"":""Red Tie ""},{""trait_type"":""Nerd"",""value"":""Skinny Nerd ""},{""trait_type"":""Background"",""value"":""Purple Background ""}]"
1300,1359156,0x5c76570efacba47fb799d698d2376465d06586e10bfea7912651dcf809c65265,"[{""trait_type"":""Glasses"",""value"":""Green Round Glasses ""},{""trait_type"":""Hair"",""value"":""Brown Hair ""},{""trait_type"":""Mouth"",""value"":""Braces ""},{""trait_type"":""Clothes"",""value"":""Green  T-Shirt ""},{""trait_type"":""Nerd"",""value"":""Skinny Nerd ""},{""trait_type"":""Background"",""value"":""Orange Background ""}]"
1299,1360059,0xbdd59ea62da51870da5c8f66cbe8113369418c589c891693bf0b170c63416143,"[{""trait_type"":""Glasses"",""value"":""Blue Rectangular Glasses ""},{""trait_type"":""Hair"",""value"":""Red Short Hair ""},{""trait_type"":""Mouth"",""value"":""Smile ""},{""trait_type"":""Clothes"",""value"":""Yellow  T-Shirt ""},{""trait_type"":""Nerd"",""value"":""Skinny Nerd ""},{""trait_type"":""Background"",""value"":""Cyan Background ""}]"
1298,1358722,0xf11b59bfef076a05993c7897402dc4a1969280c53dde68ce09545736dbb2d8d4,"[{""trait_type"":""Glasses"",""value"":""No Glasses ""},{""trait_type"":""Hair"",""value"":""Blonde Short Hair ""},{""trait_type"":""Mouth"",""value"":""Smile ""},{""trait_type"":""Clothes"",""value"":""Yellow  T-Shirt ""},{""trait_type"":""Nerd"",""value"":""Fat Nerd ""},{""trait_type"":""Background"",""value"":""Purple Background ""}]"
1297,1358664,0xc66907668dd9b2c95bd4d6500d3720ff4443ad87b6533bbb1dd63bad4c71916d,"[{""trait_type"":""Glasses"",""value"":""Blue Rectangular Glasses ""},{""trait_type"":""Hair"",""value"":""Red Short Hair ""},{""trait_type"":""Mouth"",""value"":""Braces ""},{""trait_type"":""Clothes"",""value"":""Green Tie ""},{""trait_type"":""Nerd"",""value"":""Fat Nerd ""},{""trait_type"":""Background"",""value"":""Purple Background ""}]"
1296,1359477,0x545e20a8f52fe1dadf8f4eac271949e9ee8d31e2812f151b6bc58fad42efc4ee,"[{""trait_type"":""Glasses"",""value"":""Red Round Glasses ""},{""trait_type"":""Hair"",""value"":""Red Short Hair ""},{""trait_type"":""Mouth"",""value"":""Smile ""},{""trait_type"":""Clothes"",""value"":""Yellow  T-Shirt ""},{""trait_type"":""Nerd"",""value"":""Skinny Nerd ""},{""trait_type"":""Background"",""value"":""Blue Background ""}]"
1295,1360577,0xfc9ee66845a409812888d9d01af7d87ea6c14c6c22dfbb1eb0c165bb804289f2,"[{""trait_type"":""Glasses"",""value"":""Purple Rectangular Glasses ""},{""trait_type"":""Hair"",""value"":""Black Short Hair ""},{""trait_type"":""Mouth"",""value"":""Big Teeth ""},{""trait_type"":""Clothes"",""value"":""Red Tie ""},{""trait_type"":""Nerd"",""value"":""Skinny Nerd ""},{""trait_type"":""Background"",""value"":""Blue Background ""}]"
1294,1359062,0xe4c686618b37643a463b11f93ef1c2ec1e6eba6ff7046fe62a5d43d227f27739,"[{""trait_type"":""Glasses"",""value"":""Red Round Glasses ""},{""trait_type"":""Hair"",""value"":""Brown Messy Hair ""},{""trait_type"":""Mouth"",""value"":""Big Teeth ""},{""trait_type"":""Clothes"",""value"":""Purple Tie ""},{""trait_type"":""Nerd"",""value"":""Fat Nerd ""},{""trait_type"":""Background"",""value"":""Green Background ""}]"
1293,1359231,0x94c60d25cd9bd6e9fefae878773b758e58fb2c27401e4a4719171fad76ef8a10,"[{""trait_type"":""Glasses"",""value"":""Green Rectangular Glasses ""},{""trait_type"":""Hair"",""value"":""Red Short Hair ""},{""trait_type"":""Mouth"",""value"":""Big Teeth ""},{""trait_type"":""Clothes"",""value"":""Yellow Tie ""},{""trait_type"":""Nerd"",""value"":""Skinny Nerd ""},{""trait_type"":""Background"",""value"":""Red Background ""}]"
1292,1359038,0x19cb57540f5be179378e4b3af5e8eac8d6aa0fa7f09d90d762faab1d85201f65,"[{""trait_type"":""Glasses"",""value"":""Black Rectangular Glasses ""},{""trait_type"":""Hair"",""value"":""Black Hair ""},{""trait_type"":""Mouth"",""value"":""Braces ""},{""trait_type"":""Clothes"",""value"":""Green  T-Shirt ""},{""trait_type"":""Nerd"",""value"":""Fat Nerd ""},{""trait_type"":""Background"",""value"":""Cyan Background ""}]"
1291,1360178,0x34ed7b24fae931385abf98c391598ec444eb7c55bee6c405f7bca573d6cc98d3,"[{""trait_type"":""Glasses"",""value"":""No Glasses ""},{""trait_type"":""Hair"",""value"":""Red Quiff Haircut ""},{""trait_type"":""Mouth"",""value"":""Smile ""},{""trait_type"":""Clothes"",""value"":""Blue Shirt ""},{""trait_type"":""Nerd"",""value"":""Fat Nerd ""},{""trait_type"":""Background"",""value"":""Orange Background ""}]"
1290,1360621,0xa2abd68ecccd00596b6673edd6377645540451d9cce7cee75c48a1337a669d4c,"[{""trait_type"":""Glasses"",""value"":""Yellow Round Glasses ""},{""trait_type"":""Hair"",""value"":""Blonde Messy Hair ""},{""trait_type"":""Mouth"",""value"":""Braces ""},{""trait_type"":""Clothes"",""value"":""Blue  T-Shirt ""},{""trait_type"":""Nerd"",""value"":""Fat Nerd ""},{""trait_type"":""Background"",""value"":""Green Background ""}]"
1289,1359401,0x68e77668c57cf05d0b68dd74cbaf3e3d9bcf1894d3466a06dbf94606e20603ce,"[{""trait_type"":""Glasses"",""value"":""Yellow Rectangular Glasses ""},{""trait_type"":""Hair"",""value"":""Brown Short Hair ""},{""trait_type"":""Mouth"",""value"":""Big Teeth ""},{""trait_type"":""Clothes"",""value"":""Green  T-Shirt ""},{""trait_type"":""Nerd"",""value"":""Fat Nerd ""},{""trait_type"":""Background"",""value"":""Yellow Background ""}]"
1288,1360404,0x6ed33102ea4efa61ec705bc00f7f9d9f20477a7ca9522f176574175474f25b2e,"[{""trait_type"":""Glasses"",""value"":""Purple Round Glasses ""},{""trait_type"":""Hair"",""value"":""Blonde Hair ""},{""trait_type"":""Mouth"",""value"":""Braces ""},{""trait_type"":""Clothes"",""value"":""Red  T-Shirt ""},{""trait_type"":""Nerd"",""value"":""Skinny Nerd ""},{""trait_type"":""Background"",""value"":""Orange Background ""}]"
1287,1359806,0x0dbac48bddd7114d9f2922dd8a1188cd83f529c75ee77167517148140dfd4795,"[{""trait_type"":""Glasses"",""value"":""Yellow Round Glasses ""},{""trait_type"":""Hair"",""value"":""Brown Bowl cut ""},{""trait_type"":""Mouth"",""value"":""Smile ""},{""trait_type"":""Clothes"",""value"":""Red  T-Shirt ""},{""trait_type"":""Nerd"",""value"":""Fat Nerd ""},{""trait_type"":""Background"",""value"":""Yellow Background ""}]"
1286,1360393,0x2519beb6fc7f6491fc0ee58b2238119908baa8f337fc04c7271369d918d6cdb4,"[{""trait_type"":""Glasses"",""value"":""No Glasses ""},{""trait_type"":""Hair"",""value"":""Red Quiff Haircut ""},{""trait_type"":""Mouth"",""value"":""Smile ""},{""trait_type"":""Clothes"",""value"":""Purple  T-Shirt ""},{""trait_type"":""Nerd"",""value"":""Fat Nerd ""},{""trait_type"":""Background"",""value"":""Red Background ""}]"
1285,1360063,0xc936e05807167eeccec7e9c5e2c10a02340e99316134b920abaf590a0caba58d,"[{""trait_type"":""Glasses"",""value"":""White Round Glasses ""},{""trait_type"":""Hair"",""value"":""Brown Bowl cut ""},{""trait_type"":""Mouth"",""value"":""Smile ""},{""trait_type"":""Clothes"",""value"":""Yellow  T-Shirt ""},{""trait_type"":""Nerd"",""value"":""Skinny Nerd ""},{""trait_type"":""Background"",""value"":""Green Background ""}]"
1284,1360119,0x264f7386c995eba1ce7bb7c62ce4156d36abc9fc345d2d0d134e45783422042a,"[{""trait_type"":""Glasses"",""value"":""White Rectangular Glasses ""},{""trait_type"":""Hair"",""value"":""Blonde Hair ""},{""trait_type"":""Mouth"",""value"":""Big Teeth ""},{""trait_type"":""Clothes"",""value"":""Purple Tie ""},{""trait_type"":""Nerd"",""value"":""Skinny Nerd ""},{""trait_type"":""Background"",""value"":""Red Background ""}]"
1283,1359491,0x4f47170e80c5632a179c5469a04e62fb272ea7eb1836b06147ee5408caa23e4d,"[{""trait_type"":""Glasses"",""value"":""Blue Rectangular Glasses ""},{""trait_type"":""Hair"",""value"":""Brown Messy Hair ""},{""trait_type"":""Mouth"",""value"":""Big Teeth ""},{""trait_type"":""Clothes"",""value"":""Purple  T-Shirt ""},{""trait_type"":""Nerd"",""value"":""Fat Nerd ""},{""trait_type"":""Background"",""value"":""Cyan Background ""}]"
1282,1358725,0x8b32cfb99bb0136d842bc724b9e192f9fdf2f08f9170c6ffe11670758cb1b294,"[{""trait_type"":""Glasses"",""value"":""White Round Glasses ""},{""trait_type"":""Hair"",""value"":""Blonde Bowl cut ""},{""trait_type"":""Mouth"",""value"":""Braces ""},{""trait_type"":""Clothes"",""value"":""Blue Shirt ""},{""trait_type"":""Nerd"",""value"":""Fat Nerd ""},{""trait_type"":""Background"",""value"":""Red Background ""}]"
1281,1359283,0x2b1d8fac483502ebd84c010f897b19bee89396c8665c05a9c8d89f4f0c0fdd2e,"[{""trait_type"":""Glasses"",""value"":""Red Round Glasses ""},{""trait_type"":""Hair"",""value"":""Blonde Quiff Haircut ""},{""trait_type"":""Mouth"",""value"":""Smile ""},{""trait_type"":""Clothes"",""value"":""Yellow  T-Shirt ""},{""trait_type"":""Nerd"",""value"":""Fat Nerd ""},{""trait_type"":""Background"",""value"":""Orange Background ""}]"
1280,1358447,0x412026af33e844b910e6b0731249a3c658a8749b2aa8ff20b19f721e282b0f92,"[{""trait_type"":""Glasses"",""value"":""Purple Round Glasses ""},{""trait_type"":""Hair"",""value"":""Red Hair ""},{""trait_type"":""Mouth"",""value"":""Braces ""},{""trait_type"":""Clothes"",""value"":""Yellow Shirt ""},{""trait_type"":""Nerd"",""value"":""Fat Nerd ""},{""trait_type"":""Background"",""value"":""Blue Background ""}]"
1279,1360506,0x780f8529ce8c4f8c3494c0d7e89f2cdb39091f5660f4a2c303305bf3abcee144,"[{""trait_type"":""Glasses"",""value"":""Blue Round Glasses ""},{""trait_type"":""Hair"",""value"":""Red Hair ""},{""trait_type"":""Mouth"",""value"":""Smile ""},{""trait_type"":""Clothes"",""value"":""Green  T-Shirt ""},{""trait_type"":""Nerd"",""value"":""Fat Nerd ""},{""trait_type"":""Background"",""value"":""Cyan Background ""}]"
1278,1358543,0xaaaf1483d18f57b817423327432f8c38d457659ecdda88f516b09768f78975d6,"[{""trait_type"":""Glasses"",""value"":""No Glasses ""},{""trait_type"":""Hair"",""value"":""Black Short Hair ""},{""trait_type"":""Mouth"",""value"":""Big Teeth ""},{""trait_type"":""Clothes"",""value"":""Blue Shirt ""},{""trait_type"":""Nerd"",""value"":""Fat Nerd ""},{""trait_type"":""Background"",""value"":""Blue Background ""}]"
1277,1359795,0xb054745b613fe97f46924777079a73aa4ca7adb454776c3fb67e936cdf901c9a,"[{""trait_type"":""Glasses"",""value"":""Blue Rectangular Glasses ""},{""trait_type"":""Hair"",""value"":""Black Hair ""},{""trait_type"":""Mouth"",""value"":""Braces ""},{""trait_type"":""Clothes"",""value"":""Red Tie ""},{""trait_type"":""Nerd"",""value"":""Fat Nerd ""},{""trait_type"":""Background"",""value"":""Green Background ""}]"
1276,1359855,0xe09a58a27a29f50601e67a0ed117c6b3719182f8e96a4503ff4c1b1b2a443895,"[{""trait_type"":""Glasses"",""value"":""Yellow Round Glasses ""},{""trait_type"":""Hair"",""value"":""Brown Messy Hair ""},{""trait_type"":""Mouth"",""value"":""Big Teeth ""},{""trait_type"":""Clothes"",""value"":""Red Shirt ""},{""trait_type"":""Nerd"",""value"":""Fat Nerd ""},{""trait_type"":""Background"",""value"":""Green Background ""}]"
1275,1360480,0xfbdf746f8e520ca17bcfc57d0741c47e9c364859ddf27f9b42c1af88ade6fd26,"[{""trait_type"":""Glasses"",""value"":""Red Round Glasses ""},{""trait_type"":""Hair"",""value"":""Brown Messy Hair ""},{""trait_type"":""Mouth"",""value"":""Big Teeth ""},{""trait_type"":""Clothes"",""value"":""Red  T-Shirt ""},{""trait_type"":""Nerd"",""value"":""Fat Nerd ""},{""trait_type"":""Background"",""value"":""Blue Background ""}]"
1274,1360105,0x38aa87ecc506dc1da0d7c5c419b8faee4f0249375b189644b2e286c64c8b827b,"[{""trait_type"":""Glasses"",""value"":""No Glasses ""},{""trait_type"":""Hair"",""value"":""Black Quiff Haircut ""},{""trait_type"":""Mouth"",""value"":""Braces ""},{""trait_type"":""Clothes"",""value"":""Purple  T-Shirt ""},{""trait_type"":""Nerd"",""value"":""Fat Nerd ""},{""trait_type"":""Background"",""value"":""Blue Background ""}]"
1273,1358437,0xe2ec16f86bece18087d9cb19ff61aa64f05629a49d2b7c0392146e9ae429a68e,"[{""trait_type"":""Glasses"",""value"":""Blue Round Glasses ""},{""trait_type"":""Hair"",""value"":""Black Hair ""},{""trait_type"":""Mouth"",""value"":""Big Teeth ""},{""trait_type"":""Clothes"",""value"":""Yellow Shirt ""},{""trait_type"":""Nerd"",""value"":""Skinny Nerd ""},{""trait_type"":""Background"",""value"":""Purple Background ""}]"
1272,1358656,0x8bfd1c3c3c74e2cec7c4a07e1f6b8a058b4b20c85dbeaf6ff8f7ee5926f6ac5b,"[{""trait_type"":""Glasses"",""value"":""Green Rectangular Glasses ""},{""trait_type"":""Hair"",""value"":""Red Quiff Haircut ""},{""trait_type"":""Mouth"",""value"":""Big Teeth ""},{""trait_type"":""Clothes"",""value"":""Yellow Shirt ""},{""trait_type"":""Nerd"",""value"":""Skinny Nerd ""},{""trait_type"":""Background"",""value"":""Blue Background ""}]"
1271,1358765,0x905783b7f885c7f546941554778f4090e36ff445af068b3c28d4c2023160adbc,"[{""trait_type"":""Glasses"",""value"":""Yellow Rectangular Glasses ""},{""trait_type"":""Hair"",""value"":""Black Messy Hair ""},{""trait_type"":""Mouth"",""value"":""Braces ""},{""trait_type"":""Clothes"",""value"":""Red Shirt ""},{""trait_type"":""Nerd"",""value"":""Fat Nerd ""},{""trait_type"":""Background"",""value"":""Purple Background ""}]"
1270,1358728,0x8e28a01537927dff0d25bbbf7e3f99ece03c9f11ff18ab2ddca92bd38871f70b,"[{""trait_type"":""Glasses"",""value"":""No Glasses ""},{""trait_type"":""Hair"",""value"":""Blonde Short Hair ""},{""trait_type"":""Mouth"",""value"":""Big Teeth ""},{""trait_type"":""Clothes"",""value"":""Blue  T-Shirt ""},{""trait_type"":""Nerd"",""value"":""Skinny Nerd ""},{""trait_type"":""Background"",""value"":""Cyan Background ""}]"
1269,1359616,0x50464b152f8a1d2f9c2dddf0b085f71552a09a2a3c7620d20d67cf3441c99909,"[{""trait_type"":""Glasses"",""value"":""Green Rectangular Glasses ""},{""trait_type"":""Hair"",""value"":""Red Bowl cut ""},{""trait_type"":""Mouth"",""value"":""Big Teeth ""},{""trait_type"":""Clothes"",""value"":""Purple  T-Shirt ""},{""trait_type"":""Nerd"",""value"":""Skinny Nerd ""},{""trait_type"":""Background"",""value"":""Red Background ""}]"
1268,1359580,0x067148fbed8b0b9aea67e5c138d346fe7c597ff402116e6a83bb00db681ef891,"[{""trait_type"":""Glasses"",""value"":""Yellow Rectangular Glasses ""},{""trait_type"":""Hair"",""value"":""Black Short Hair ""},{""trait_type"":""Mouth"",""value"":""Smile ""},{""trait_type"":""Clothes"",""value"":""Purple Tie ""},{""trait_type"":""Nerd"",""value"":""Skinny Nerd ""},{""trait_type"":""Background"",""value"":""Red Background ""}]"
1267,1360220,0x04988d1aa33540884b36c7163604a55050910c8c6bd177392bb7b7ada54d61f9,"[{""trait_type"":""Glasses"",""value"":""No Glasses ""},{""trait_type"":""Hair"",""value"":""Blonde Short Hair ""},{""trait_type"":""Mouth"",""value"":""Smile ""},{""trait_type"":""Clothes"",""value"":""Purple Tie ""},{""trait_type"":""Nerd"",""value"":""Fat Nerd ""},{""trait_type"":""Background"",""value"":""Red Background ""}]"
1266,1358442,0x99763c7e07a518d1e1091ec6ac73a74414d8e2d58a15dec33f45a48dea4f4401,"[{""trait_type"":""Glasses"",""value"":""Purple Rectangular Glasses ""},{""trait_type"":""Hair"",""value"":""Black Bowl cut ""},{""trait_type"":""Mouth"",""value"":""Big Teeth ""},{""trait_type"":""Clothes"",""value"":""Yellow Tie ""},{""trait_type"":""Nerd"",""value"":""Skinny Nerd ""},{""trait_type"":""Background"",""value"":""Orange Background ""}]"
1265,1360431,0xbf63ee4d867f2a98b6a9df0f154bcb86e8103c0cc2284f356f166a4a73be9da9,"[{""trait_type"":""Glasses"",""value"":""Red Round Glasses ""},{""trait_type"":""Hair"",""value"":""Brown Bowl cut ""},{""trait_type"":""Mouth"",""value"":""Braces ""},{""trait_type"":""Clothes"",""value"":""Green Tie ""},{""trait_type"":""Nerd"",""value"":""Skinny Nerd ""},{""trait_type"":""Background"",""value"":""Red Background ""}]"
1264,1358919,0x06f61b18b2e6dcd49653b72c536ce718019d21cdf3357d097711f2e86a1c55de,"[{""trait_type"":""Glasses"",""value"":""Green Round Glasses ""},{""trait_type"":""Hair"",""value"":""Black Bowl cut ""},{""trait_type"":""Mouth"",""value"":""Smile ""},{""trait_type"":""Clothes"",""value"":""Yellow Tie ""},{""trait_type"":""Nerd"",""value"":""Skinny Nerd ""},{""trait_type"":""Background"",""value"":""Blue Background ""}]"
1263,1359849,0xafd8689920b271049298be690bb34e26d3afdc2a8894076887712d89c0c7ca7e,"[{""trait_type"":""Glasses"",""value"":""Yellow Round Glasses ""},{""trait_type"":""Hair"",""value"":""Brown Quiff Haircut ""},{""trait_type"":""Mouth"",""value"":""Braces ""},{""trait_type"":""Clothes"",""value"":""Red Tie ""},{""trait_type"":""Nerd"",""value"":""Fat Nerd ""},{""trait_type"":""Background"",""value"":""Green Background ""}]"
1262,1360761,0xa8506fe7d4c6298cf0fbee0305d0d8a791176090d998b0fb6015ed8b2b643145,"[{""trait_type"":""Glasses"",""value"":""White Round Glasses ""},{""trait_type"":""Hair"",""value"":""Blonde Hair ""},{""trait_type"":""Mouth"",""value"":""Braces ""},{""trait_type"":""Clothes"",""value"":""Green  T-Shirt ""},{""trait_type"":""Nerd"",""value"":""Fat Nerd ""},{""trait_type"":""Background"",""value"":""Purple Background ""}]"
1261,1359069,0xbe54de350fb5aefb90b28241977d078a5effc0d33622b387c074015d9e59d45a,"[{""trait_type"":""Glasses"",""value"":""No Glasses ""},{""trait_type"":""Hair"",""value"":""Blonde Bowl cut ""},{""trait_type"":""Mouth"",""value"":""Smile ""},{""trait_type"":""Clothes"",""value"":""Red Shirt ""},{""trait_type"":""Nerd"",""value"":""Fat Nerd ""},{""trait_type"":""Background"",""value"":""Red Background ""}]"
1260,1359658,0x410f534a4eb6fc77232b4a5e9b171f4b89754bb5f108dc505fc8f6c435ab9b2c,"[{""trait_type"":""Glasses"",""value"":""White Round Glasses ""},{""trait_type"":""Hair"",""value"":""Black Hair ""},{""trait_type"":""Mouth"",""value"":""Braces ""},{""trait_type"":""Clothes"",""value"":""Blue Shirt ""},{""trait_type"":""Nerd"",""value"":""Fat Nerd ""},{""trait_type"":""Background"",""value"":""Blue Background ""}]"
1259,1359170,0x40951366614b7ba6337d98f20e1acb65a75ceacb3d677788fad64c9626de0bf7,"[{""trait_type"":""Glasses"",""value"":""No Glasses ""},{""trait_type"":""Hair"",""value"":""Black Messy Hair ""},{""trait_type"":""Mouth"",""value"":""Braces ""},{""trait_type"":""Clothes"",""value"":""Yellow Tie ""},{""trait_type"":""Nerd"",""value"":""Fat Nerd ""},{""trait_type"":""Background"",""value"":""Yellow Background ""}]"
1258,1360475,0xee1047ca2b0c4a2cb13e2e2e7a4748378b63d4f7fd55b787d2275554a965709a,"[{""trait_type"":""Glasses"",""value"":""Red Round Glasses ""},{""trait_type"":""Hair"",""value"":""Red Short Hair ""},{""trait_type"":""Mouth"",""value"":""Braces ""},{""trait_type"":""Clothes"",""value"":""Purple Tie ""},{""trait_type"":""Nerd"",""value"":""Skinny Nerd ""},{""trait_type"":""Background"",""value"":""Blue Background ""}]"
1257,1359486,0xd48048aaab6c5570acff915f9e6d7096463b1034371e9e0dc72108c3560caaff,"[{""trait_type"":""Glasses"",""value"":""Red Rectangular Glasses ""},{""trait_type"":""Hair"",""value"":""Red Hair ""},{""trait_type"":""Mouth"",""value"":""Smile ""},{""trait_type"":""Clothes"",""value"":""Blue Shirt ""},{""trait_type"":""Nerd"",""value"":""Skinny Nerd ""},{""trait_type"":""Background"",""value"":""Red Background ""}]"
1256,1359535,0xfe8e2319d4357563de3809018f0bc7c5470c70078271ac788404cbff68b23e62,"[{""trait_type"":""Glasses"",""value"":""Blue Rectangular Glasses ""},{""trait_type"":""Hair"",""value"":""Red Messy Hair ""},{""trait_type"":""Mouth"",""value"":""Big Teeth ""},{""trait_type"":""Clothes"",""value"":""Green Shirt ""},{""trait_type"":""Nerd"",""value"":""Skinny Nerd ""},{""trait_type"":""Background"",""value"":""Cyan Background ""}]"
1255,1359040,0x80b58f099309cf7732ff770894eddf1052bb436f66d0ce3e0171f2a87afdc07e,"[{""trait_type"":""Glasses"",""value"":""Yellow Round Glasses ""},{""trait_type"":""Hair"",""value"":""Red Bowl cut ""},{""trait_type"":""Mouth"",""value"":""Big Teeth ""},{""trait_type"":""Clothes"",""value"":""Yellow Shirt ""},{""trait_type"":""Nerd"",""value"":""Skinny Nerd ""},{""trait_type"":""Background"",""value"":""Orange Background ""}]"
1254,1359953,0x991fce8788a5ed093cc37f5ad9c1b7a985bec44193f1953b32565d687e1e7eca,"[{""trait_type"":""Glasses"",""value"":""No Glasses ""},{""trait_type"":""Hair"",""value"":""Black Short Hair ""},{""trait_type"":""Mouth"",""value"":""Braces ""},{""trait_type"":""Clothes"",""value"":""Purple  T-Shirt ""},{""trait_type"":""Nerd"",""value"":""Fat Nerd ""},{""trait_type"":""Background"",""value"":""Purple Background ""}]"
1253,1358953,0x37376b41369bbcce2426f0d09462d04bc0cfdf639b38108f66aa0bff28c8bb61,"[{""trait_type"":""Glasses"",""value"":""Green Round Glasses ""},{""trait_type"":""Hair"",""value"":""Brown Bowl cut ""},{""trait_type"":""Mouth"",""value"":""Smile ""},{""trait_type"":""Clothes"",""value"":""Green Tie ""},{""trait_type"":""Nerd"",""value"":""Fat Nerd ""},{""trait_type"":""Background"",""value"":""Purple Background ""}]"
1252,1359445,0x5e7b0718c72a418fa528a0512aab2320de4365fcab297590c392887380980caa,"[{""trait_type"":""Glasses"",""value"":""Blue Rectangular Glasses ""},{""trait_type"":""Hair"",""value"":""Brown Bowl cut ""},{""trait_type"":""Mouth"",""value"":""Smile ""},{""trait_type"":""Clothes"",""value"":""Blue Tie ""},{""trait_type"":""Nerd"",""value"":""Fat Nerd ""},{""trait_type"":""Background"",""value"":""Cyan Background ""}]"
1251,1360421,0x046b8a10a4e51e1cb69cb6953b74489b39c45af671db6cf2763af8260f3d35df,"[{""trait_type"":""Glasses"",""value"":""White Rectangular Glasses ""},{""trait_type"":""Hair"",""value"":""Black Hair ""},{""trait_type"":""Mouth"",""value"":""Smile ""},{""trait_type"":""Clothes"",""value"":""Green Tie ""},{""trait_type"":""Nerd"",""value"":""Skinny Nerd ""},{""trait_type"":""Background"",""value"":""Purple Background ""}]"
1250,1360499,0x64a424bc994579c8ae5422640753cfbc296bd064f939d7c73dade1ed0f268c98,"[{""trait_type"":""Glasses"",""value"":""Red Round Glasses ""},{""trait_type"":""Hair"",""value"":""Blonde Quiff Haircut ""},{""trait_type"":""Mouth"",""value"":""Big Teeth ""},{""trait_type"":""Clothes"",""value"":""Yellow  T-Shirt ""},{""trait_type"":""Nerd"",""value"":""Fat Nerd ""},{""trait_type"":""Background"",""value"":""Blue Background ""}]"
1249,1359835,0x656bced77933aae3994aab25d7273980c97ae51a23f5b054705c82986ede8914,"[{""trait_type"":""Glasses"",""value"":""Yellow Round Glasses ""},{""trait_type"":""Hair"",""value"":""Red Short Hair ""},{""trait_type"":""Mouth"",""value"":""Braces ""},{""trait_type"":""Clothes"",""value"":""Green Tie ""},{""trait_type"":""Nerd"",""value"":""Fat Nerd ""},{""trait_type"":""Background"",""value"":""Red Background ""}]"
1248,1359990,0x5031c816caa1dbfcd06da9a42fe673c84aeff7167626dc88dfc4fc3daa98af5c,"[{""trait_type"":""Glasses"",""value"":""Blue Rectangular Glasses ""},{""trait_type"":""Hair"",""value"":""Black Bowl cut ""},{""trait_type"":""Mouth"",""value"":""Braces ""},{""trait_type"":""Clothes"",""value"":""Green Tie ""},{""trait_type"":""Nerd"",""value"":""Skinny Nerd ""},{""trait_type"":""Background"",""value"":""Orange Background ""}]"
1247,1359553,0x201028923072108c5cfc9074784c3b526f5e0decbe0c129b788e954ac63fdce2,"[{""trait_type"":""Glasses"",""value"":""Red Rectangular Glasses ""},{""trait_type"":""Hair"",""value"":""Brown Bowl cut ""},{""trait_type"":""Mouth"",""value"":""Braces ""},{""trait_type"":""Clothes"",""value"":""Yellow Shirt ""},{""trait_type"":""Nerd"",""value"":""Skinny Nerd ""},{""trait_type"":""Background"",""value"":""Cyan Background ""}]"
1246,1359253,0x04f73cee5575fc47cd3bf983b5b419ed71d1ae6b099b5bdf6eeca2139ccd21ad,"[{""trait_type"":""Glasses"",""value"":""Blue Rectangular Glasses ""},{""trait_type"":""Hair"",""value"":""Black Quiff Haircut ""},{""trait_type"":""Mouth"",""value"":""Smile ""},{""trait_type"":""Clothes"",""value"":""Purple  T-Shirt ""},{""trait_type"":""Nerd"",""value"":""Fat Nerd ""},{""trait_type"":""Background"",""value"":""Red Background ""}]"
1245,1359859,0x37829abc6e7638d7bd4e8d3f696881af0b65715a70c66a09bf373820af9730e2,"[{""trait_type"":""Glasses"",""value"":""No Glasses ""},{""trait_type"":""Hair"",""value"":""Brown Hair ""},{""trait_type"":""Mouth"",""value"":""Big Teeth ""},{""trait_type"":""Clothes"",""value"":""Red  T-Shirt ""},{""trait_type"":""Nerd"",""value"":""Skinny Nerd ""},{""trait_type"":""Background"",""value"":""Red Background ""}]"
1244,1358964,0x45c1c5cf8070fa6168228f12d0dbcba8de471363f307163203c4a0a8e32810d3,"[{""trait_type"":""Glasses"",""value"":""Purple Round Glasses ""},{""trait_type"":""Hair"",""value"":""Brown Bowl cut ""},{""trait_type"":""Mouth"",""value"":""Big Teeth ""},{""trait_type"":""Clothes"",""value"":""Red Shirt ""},{""trait_type"":""Nerd"",""value"":""Skinny Nerd ""},{""trait_type"":""Background"",""value"":""Cyan Background ""}]"
1243,1359346,0x807f8278cbd362e1771bc7df3dc81331259d7f68c05a974682f25db1e3667836,"[{""trait_type"":""Glasses"",""value"":""Yellow Round Glasses ""},{""trait_type"":""Hair"",""value"":""Brown Bowl cut ""},{""trait_type"":""Mouth"",""value"":""Braces ""},{""trait_type"":""Clothes"",""value"":""Purple  T-Shirt ""},{""trait_type"":""Nerd"",""value"":""Fat Nerd ""},{""trait_type"":""Background"",""value"":""Cyan Background ""}]"
1242,1358509,0xef16127be8dddb155a9126c5d8d9f8b291c47f68ccb12c8cf1becd7fe6003b21,"[{""trait_type"":""Glasses"",""value"":""Blue Rectangular Glasses ""},{""trait_type"":""Hair"",""value"":""Brown Hair ""},{""trait_type"":""Mouth"",""value"":""Smile ""},{""trait_type"":""Clothes"",""value"":""Green Tie ""},{""trait_type"":""Nerd"",""value"":""Fat Nerd ""},{""trait_type"":""Background"",""value"":""Orange Background ""}]"
1241,1359716,0x9bc70ebfa60b15ab9596c2ee9f6cf998f5c14eeb0d37c62c516e0013386a9365,"[{""trait_type"":""Glasses"",""value"":""Blue Round Glasses ""},{""trait_type"":""Hair"",""value"":""Blonde Messy Hair ""},{""trait_type"":""Mouth"",""value"":""Braces ""},{""trait_type"":""Clothes"",""value"":""Blue Tie ""},{""trait_type"":""Nerd"",""value"":""Skinny Nerd ""},{""trait_type"":""Background"",""value"":""Green Background ""}]"
1240,1359876,0xc32a79509cdcb6789c95bdcfec7c0c5e9813e3b4c5cb0f0fa2940e4ca38d1d92,"[{""trait_type"":""Glasses"",""value"":""Blue Rectangular Glasses ""},{""trait_type"":""Hair"",""value"":""Brown Messy Hair ""},{""trait_type"":""Mouth"",""value"":""Braces ""},{""trait_type"":""Clothes"",""value"":""Purple Tie ""},{""trait_type"":""Nerd"",""value"":""Fat Nerd ""},{""trait_type"":""Background"",""value"":""Orange Background ""}]"
1239,1359875,0x62f703c360640b29d18f78d16ac59b08824bae844840bf00df72616292710104,"[{""trait_type"":""Glasses"",""value"":""Blue Rectangular Glasses ""},{""trait_type"":""Hair"",""value"":""Blonde Short Hair ""},{""trait_type"":""Mouth"",""value"":""Big Teeth ""},{""trait_type"":""Clothes"",""value"":""Red Shirt ""},{""trait_type"":""Nerd"",""value"":""Skinny Nerd ""},{""trait_type"":""Background"",""value"":""Purple Background ""}]"
1238,1360360,0x2c8e418d64936fd897135febc87be7ce446ba16fb9810d078185e67dfae25382,"[{""trait_type"":""Glasses"",""value"":""No Glasses ""},{""trait_type"":""Hair"",""value"":""Red Quiff Haircut ""},{""trait_type"":""Mouth"",""value"":""Smile ""},{""trait_type"":""Clothes"",""value"":""Yellow Tie ""},{""trait_type"":""Nerd"",""value"":""Skinny Nerd ""},{""trait_type"":""Background"",""value"":""Purple Background ""}]"
1237,1360481,0x5ef49c392fce85741d22ce7e3d11e1a41ffc4f7d2001ae9317385da7bf65d4bb,"[{""trait_type"":""Glasses"",""value"":""Red Round Glasses ""},{""trait_type"":""Hair"",""value"":""Brown Quiff Haircut ""},{""trait_type"":""Mouth"",""value"":""Smile ""},{""trait_type"":""Clothes"",""value"":""Blue Shirt ""},{""trait_type"":""Nerd"",""value"":""Fat Nerd ""},{""trait_type"":""Background"",""value"":""Green Background ""}]"
1236,1360206,0x97d07590e7db39e521dd74b5b45cb94f53e2034eb3a9ceb4d4d664f9bc4c7cbd,"[{""trait_type"":""Glasses"",""value"":""Yellow Round Glasses ""},{""trait_type"":""Hair"",""value"":""Brown Short Hair ""},{""trait_type"":""Mouth"",""value"":""Smile ""},{""trait_type"":""Clothes"",""value"":""Purple  T-Shirt ""},{""trait_type"":""Nerd"",""value"":""Skinny Nerd ""},{""trait_type"":""Background"",""value"":""Purple Background ""}]"
1235,1359529,0xa9f94981b4217e0bcdb1830056363ce98c3a8758f2a86ceec62d22dc81621409,"[{""trait_type"":""Glasses"",""value"":""Purple Round Glasses ""},{""trait_type"":""Hair"",""value"":""Black Messy Hair ""},{""trait_type"":""Mouth"",""value"":""Braces ""},{""trait_type"":""Clothes"",""value"":""Yellow Tie ""},{""trait_type"":""Nerd"",""value"":""Fat Nerd ""},{""trait_type"":""Background"",""value"":""Cyan Background ""}]"
1234,1359582,0x6ce58fb6484c707dc62c62332af3dfe39f2b275ff6c6f67ab03e70c54ab7c45d,"[{""trait_type"":""Glasses"",""value"":""Red Round Glasses ""},{""trait_type"":""Hair"",""value"":""Black Hair ""},{""trait_type"":""Mouth"",""value"":""Braces ""},{""trait_type"":""Clothes"",""value"":""Green Tie ""},{""trait_type"":""Nerd"",""value"":""Fat Nerd ""},{""trait_type"":""Background"",""value"":""Orange Background ""}]"
1233,1359196,0x113316b149d43c4b47972f82fbd3be6982fd27deea64df2b2633bc5c2bcdcd3b,"[{""trait_type"":""Glasses"",""value"":""Blue Round Glasses ""},{""trait_type"":""Hair"",""value"":""Red Hair ""},{""trait_type"":""Mouth"",""value"":""Braces ""},{""trait_type"":""Clothes"",""value"":""Purple Tie ""},{""trait_type"":""Nerd"",""value"":""Fat Nerd ""},{""trait_type"":""Background"",""value"":""Red Background ""}]"
1232,1359201,0x04a1ee78c28c71a49d2263cc49e76e5b2b5bf0396542d51e40ed4316faa60537,"[{""trait_type"":""Glasses"",""value"":""White Rectangular Glasses ""},{""trait_type"":""Hair"",""value"":""Red Hair ""},{""trait_type"":""Mouth"",""value"":""Big Teeth ""},{""trait_type"":""Clothes"",""value"":""Blue Tie ""},{""trait_type"":""Nerd"",""value"":""Skinny Nerd ""},{""trait_type"":""Background"",""value"":""Yellow Background ""}]"
1231,1359383,0xf624226394377508e1d780db96573d3342864460dd982ca75ce281da8fb8da65,"[{""trait_type"":""Glasses"",""value"":""Green Round Glasses ""},{""trait_type"":""Hair"",""value"":""Blonde Messy Hair ""},{""trait_type"":""Mouth"",""value"":""Braces ""},{""trait_type"":""Clothes"",""value"":""Green  T-Shirt ""},{""trait_type"":""Nerd"",""value"":""Skinny Nerd ""},{""trait_type"":""Background"",""value"":""Purple Background ""}]"
1230,1360309,0xf3f42e3370f7310d08178c30a33fcbfef0d1ce3c1205443a1e536a29050ece64,"[{""trait_type"":""Glasses"",""value"":""White Rectangular Glasses ""},{""trait_type"":""Hair"",""value"":""Black Bowl cut ""},{""trait_type"":""Mouth"",""value"":""Smile ""},{""trait_type"":""Clothes"",""value"":""Green Shirt ""},{""trait_type"":""Nerd"",""value"":""Fat Nerd ""},{""trait_type"":""Background"",""value"":""Orange Background ""}]"
1229,1359940,0xa250d7663f68d35832d9494ccebaa707f123c10a80d0926db8497c6825b37f2a,"[{""trait_type"":""Glasses"",""value"":""Blue Round Glasses ""},{""trait_type"":""Hair"",""value"":""Blonde Messy Hair ""},{""trait_type"":""Mouth"",""value"":""Smile ""},{""trait_type"":""Clothes"",""value"":""Purple  T-Shirt ""},{""trait_type"":""Nerd"",""value"":""Skinny Nerd ""},{""trait_type"":""Background"",""value"":""Red Background ""}]"
1228,1359269,0x0ecab0af6f748d90d0942f97a0cd9e521731678d3d682890582e69994858c898,"[{""trait_type"":""Glasses"",""value"":""No Glasses ""},{""trait_type"":""Hair"",""value"":""Black Short Hair ""},{""trait_type"":""Mouth"",""value"":""Big Teeth ""},{""trait_type"":""Clothes"",""value"":""Red Tie ""},{""trait_type"":""Nerd"",""value"":""Skinny Nerd ""},{""trait_type"":""Background"",""value"":""Red Background ""}]"
1227,1359941,0x09b17170cecb06ca12dcb9ff450204ae93b9b73b983d81111a3b46c018948b44,"[{""trait_type"":""Glasses"",""value"":""Blue Rectangular Glasses ""},{""trait_type"":""Hair"",""value"":""Red Bowl cut ""},{""trait_type"":""Mouth"",""value"":""Smile ""},{""trait_type"":""Clothes"",""value"":""Green Tie ""},{""trait_type"":""Nerd"",""value"":""Fat Nerd ""},{""trait_type"":""Background"",""value"":""Purple Background ""}]"
1226,1358687,0xc987bf556daf30f2d979158a063452acd74365cf689927b20df285a7beb666cb,"[{""trait_type"":""Glasses"",""value"":""Red Rectangular Glasses ""},{""trait_type"":""Hair"",""value"":""Black Hair ""},{""trait_type"":""Mouth"",""value"":""Big Teeth ""},{""trait_type"":""Clothes"",""value"":""Yellow Tie ""},{""trait_type"":""Nerd"",""value"":""Skinny Nerd ""},{""trait_type"":""Background"",""value"":""Blue Background ""}]"
1225,1360510,0xe9833da1ca5a48d6da2f1968b372e6d364ec6dab3650a469c9eb1bcd1b08f7e5,"[{""trait_type"":""Glasses"",""value"":""White Rectangular Glasses ""},{""trait_type"":""Hair"",""value"":""Red Bowl cut ""},{""trait_type"":""Mouth"",""value"":""Braces ""},{""trait_type"":""Clothes"",""value"":""Yellow Shirt ""},{""trait_type"":""Nerd"",""value"":""Skinny Nerd ""},{""trait_type"":""Background"",""value"":""Blue Background ""}]"
1224,1359242,0x35696d08443f204bdf261e3b72321dabd18da687c15dae785b28a8cf2584b7e4,"[{""trait_type"":""Glasses"",""value"":""Blue Round Glasses ""},{""trait_type"":""Hair"",""value"":""Black Hair ""},{""trait_type"":""Mouth"",""value"":""Braces ""},{""trait_type"":""Clothes"",""value"":""Yellow  T-Shirt ""},{""trait_type"":""Nerd"",""value"":""Fat Nerd ""},{""trait_type"":""Background"",""value"":""Orange Background ""}]"
1223,1360296,0xc55215eb2575e3ad68e1734b53f69385c1d456bb556c40185aa58d688795a2c4,"[{""trait_type"":""Glasses"",""value"":""White Round Glasses ""},{""trait_type"":""Hair"",""value"":""Brown Bowl cut ""},{""trait_type"":""Mouth"",""value"":""Big Teeth ""},{""trait_type"":""Clothes"",""value"":""Green Tie ""},{""trait_type"":""Nerd"",""value"":""Skinny Nerd ""},{""trait_type"":""Background"",""value"":""Red Background ""}]"
1222,1360467,0x8f28879f872259935efc306fea2f659c4b4a26c6948dd1dbd8459e15c70c814b,"[{""trait_type"":""Glasses"",""value"":""Red Round Glasses ""},{""trait_type"":""Hair"",""value"":""Brown Hair ""},{""trait_type"":""Mouth"",""value"":""Smile ""},{""trait_type"":""Clothes"",""value"":""Red  T-Shirt ""},{""trait_type"":""Nerd"",""value"":""Skinny Nerd ""},{""trait_type"":""Background"",""value"":""Purple Background ""}]"
1221,1358587,0x4d631fc7880c0c0695ccd27d5b1c3f8778fbc4a18a01bebcc010283cc6f82ad2,"[{""trait_type"":""Glasses"",""value"":""Yellow Round Glasses ""},{""trait_type"":""Hair"",""value"":""Brown Hair ""},{""trait_type"":""Mouth"",""value"":""Big Teeth ""},{""trait_type"":""Clothes"",""value"":""Red Tie ""},{""trait_type"":""Nerd"",""value"":""Fat Nerd ""},{""trait_type"":""Background"",""value"":""Red Background ""}]"
1220,1359310,0xc3aa72ba20668b36a5491d78663caf8011ceabd5e856487b9dd4a8f203d59116,"[{""trait_type"":""Glasses"",""value"":""Yellow Rectangular Glasses ""},{""trait_type"":""Hair"",""value"":""Brown Bowl cut ""},{""trait_type"":""Mouth"",""value"":""Smile ""},{""trait_type"":""Clothes"",""value"":""Purple  T-Shirt ""},{""trait_type"":""Nerd"",""value"":""Fat Nerd ""},{""trait_type"":""Background"",""value"":""Blue Background ""}]"
1219,1358473,0xf41c8f5e7dadf99d9237df80b358860bf81cd14c4a7c1d6f666534c4efccf7c8,"[{""trait_type"":""Glasses"",""value"":""Green Rectangular Glasses ""},{""trait_type"":""Hair"",""value"":""Black Quiff Haircut ""},{""trait_type"":""Mouth"",""value"":""Smile ""},{""trait_type"":""Clothes"",""value"":""Red  T-Shirt ""},{""trait_type"":""Nerd"",""value"":""Fat Nerd ""},{""trait_type"":""Background"",""value"":""Purple Background ""}]"
1218,1359689,0x439864db6359ff26997fc63a8b05fd27e714a6406e3c9c564b8d40b7e4ffca07,"[{""trait_type"":""Glasses"",""value"":""Black Rectangular Glasses ""},{""trait_type"":""Hair"",""value"":""Black Messy Hair ""},{""trait_type"":""Mouth"",""value"":""Big Teeth ""},{""trait_type"":""Clothes"",""value"":""Green Tie ""},{""trait_type"":""Nerd"",""value"":""Fat Nerd ""},{""trait_type"":""Background"",""value"":""Cyan Background ""}]"
1217,1358955,0xdba56a1a4b662b311a1dd6bfb68450a3f3266b20917e055127ec05c04ad08fb7,"[{""trait_type"":""Glasses"",""value"":""White Round Glasses ""},{""trait_type"":""Hair"",""value"":""Black Messy Hair ""},{""trait_type"":""Mouth"",""value"":""Braces ""},{""trait_type"":""Clothes"",""value"":""Yellow Shirt ""},{""trait_type"":""Nerd"",""value"":""Fat Nerd ""},{""trait_type"":""Background"",""value"":""Red Background ""}]"
1216,1360345,0xdd1e2a6a5b80c1de7ffcaed38ae34356ea5160f9d72f1d3cd48d051d53ca98b2,"[{""trait_type"":""Glasses"",""value"":""Black Rectangular Glasses ""},{""trait_type"":""Hair"",""value"":""Blonde Hair ""},{""trait_type"":""Mouth"",""value"":""Braces ""},{""trait_type"":""Clothes"",""value"":""Red Shirt ""},{""trait_type"":""Nerd"",""value"":""Fat Nerd ""},{""trait_type"":""Background"",""value"":""Yellow Background ""}]"
1215,1359915,0x7df3eabd42d0230736915b8c8520fdfdceb0771ba9e26e8b86a5da987969c518,"[{""trait_type"":""Glasses"",""value"":""No Glasses ""},{""trait_type"":""Hair"",""value"":""Blonde Messy Hair ""},{""trait_type"":""Mouth"",""value"":""Braces ""},{""trait_type"":""Clothes"",""value"":""Red  T-Shirt ""},{""trait_type"":""Nerd"",""value"":""Skinny Nerd ""},{""trait_type"":""Background"",""value"":""Blue Background ""}]"
1214,1360161,0x039955eab7c945ab4de844ad7221a877bd7abe3f23a63df45c9d5250c1f064b6,"[{""trait_type"":""Glasses"",""value"":""White Rectangular Glasses ""},{""trait_type"":""Hair"",""value"":""Red Short Hair ""},{""trait_type"":""Mouth"",""value"":""Big Teeth ""},{""trait_type"":""Clothes"",""value"":""Blue Shirt ""},{""trait_type"":""Nerd"",""value"":""Fat Nerd ""},{""trait_type"":""Background"",""value"":""Purple Background ""}]"
1213,1359573,0xec65ee3038c4aa14537e7cb5bee7a8d9fb544eecdaa623021c9cdc8bf7f3f865,"[{""trait_type"":""Glasses"",""value"":""White Rectangular Glasses ""},{""trait_type"":""Hair"",""value"":""Black Hair ""},{""trait_type"":""Mouth"",""value"":""Big Teeth ""},{""trait_type"":""Clothes"",""value"":""Red  T-Shirt ""},{""trait_type"":""Nerd"",""value"":""Fat Nerd ""},{""trait_type"":""Background"",""value"":""Cyan Background ""}]"
1212,1358682,0xc790bf3b8575bee42c5647d8ceefff9f5fd5f8e8cd7a5c18f1ad6dc7cd02318c,"[{""trait_type"":""Glasses"",""value"":""Yellow Round Glasses ""},{""trait_type"":""Hair"",""value"":""Brown Short Hair ""},{""trait_type"":""Mouth"",""value"":""Braces ""},{""trait_type"":""Clothes"",""value"":""Yellow  T-Shirt ""},{""trait_type"":""Nerd"",""value"":""Skinny Nerd ""},{""trait_type"":""Background"",""value"":""Purple Background ""}]"
1211,1359167,0xa25a137c8a4835f103cb75788deb26fb15a742d700d1bea4471e8df8d58e8ee4,"[{""trait_type"":""Glasses"",""value"":""No Glasses ""},{""trait_type"":""Hair"",""value"":""Red Hair ""},{""trait_type"":""Mouth"",""value"":""Big Teeth ""},{""trait_type"":""Clothes"",""value"":""Yellow Shirt ""},{""trait_type"":""Nerd"",""value"":""Fat Nerd ""},{""trait_type"":""Background"",""value"":""Cyan Background ""}]"
1210,1358892,0x33d78360b549f20901072a4b8128f50b0bc3549653622a5a2f10c563b7a58e4e,"[{""trait_type"":""Glasses"",""value"":""Purple Round Glasses ""},{""trait_type"":""Hair"",""value"":""Red Bowl cut ""},{""trait_type"":""Mouth"",""value"":""Braces ""},{""trait_type"":""Clothes"",""value"":""Red Tie ""},{""trait_type"":""Nerd"",""value"":""Skinny Nerd ""},{""trait_type"":""Background"",""value"":""Blue Background ""}]"
1209,1360695,0x47ca5e23a2c7a14b699a8b732f8159ed2f8d78f845a3d0919df14c4c80d1429c,"[{""trait_type"":""Glasses"",""value"":""Blue Rectangular Glasses ""},{""trait_type"":""Hair"",""value"":""Brown Quiff Haircut ""},{""trait_type"":""Mouth"",""value"":""Braces ""},{""trait_type"":""Clothes"",""value"":""Green Tie ""},{""trait_type"":""Nerd"",""value"":""Fat Nerd ""},{""trait_type"":""Background"",""value"":""Red Background ""}]"
1208,1360243,0x6de8d834ab1edc85d6257d7702c3d608d62297eec8f8b7a5c50f7a0bea0a9385,"[{""trait_type"":""Glasses"",""value"":""Red Rectangular Glasses ""},{""trait_type"":""Hair"",""value"":""Brown Quiff Haircut ""},{""trait_type"":""Mouth"",""value"":""Big Teeth ""},{""trait_type"":""Clothes"",""value"":""Yellow Shirt ""},{""trait_type"":""Nerd"",""value"":""Fat Nerd ""},{""trait_type"":""Background"",""value"":""Orange Background ""}]"
1207,1360321,0x14252e0b5285400337d017c257a0f28f8886113146c983296e410be13bf6f4d1,"[{""trait_type"":""Glasses"",""value"":""Blue Round Glasses ""},{""trait_type"":""Hair"",""value"":""Black Short Hair ""},{""trait_type"":""Mouth"",""value"":""Smile ""},{""trait_type"":""Clothes"",""value"":""Green  T-Shirt ""},{""trait_type"":""Nerd"",""value"":""Skinny Nerd ""},{""trait_type"":""Background"",""value"":""Red Background ""}]"
1206,1360678,0x70bdb07143bd38ead363b69057b9b9fb189b367103e00abd1334f75d343a1f05,"[{""trait_type"":""Glasses"",""value"":""Purple Round Glasses ""},{""trait_type"":""Hair"",""value"":""Blonde Hair ""},{""trait_type"":""Mouth"",""value"":""Smile ""},{""trait_type"":""Clothes"",""value"":""Green Tie ""},{""trait_type"":""Nerd"",""value"":""Skinny Nerd ""},{""trait_type"":""Background"",""value"":""Red Background ""}]"
1205,1359675,0xb85c2fc2d0fe18278440bf9896ddb315073ae9a107c68c94c397e72cd9bac0c8,"[{""trait_type"":""Glasses"",""value"":""No Glasses ""},{""trait_type"":""Hair"",""value"":""Blonde Bowl cut ""},{""trait_type"":""Mouth"",""value"":""Braces ""},{""trait_type"":""Clothes"",""value"":""Red  T-Shirt ""},{""trait_type"":""Nerd"",""value"":""Skinny Nerd ""},{""trait_type"":""Background"",""value"":""Yellow Background ""}]"
1204,1360259,0x0989c8dbe1a2db5112657398b68c1ea0c13ff7f8650507b4a8827a779fc6a1ed,"[{""trait_type"":""Glasses"",""value"":""Yellow Rectangular Glasses ""},{""trait_type"":""Hair"",""value"":""Black Bowl cut ""},{""trait_type"":""Mouth"",""value"":""Braces ""},{""trait_type"":""Clothes"",""value"":""Blue Shirt ""},{""trait_type"":""Nerd"",""value"":""Fat Nerd ""},{""trait_type"":""Background"",""value"":""Red Background ""}]"
1203,1359342,0x240c6fb4948ca86326fa64ec8d2c49ce2482da41783848812992f05d7601b342,"[{""trait_type"":""Glasses"",""value"":""Green Rectangular Glasses ""},{""trait_type"":""Hair"",""value"":""Red Hair ""},{""trait_type"":""Mouth"",""value"":""Braces ""},{""trait_type"":""Clothes"",""value"":""Yellow Tie ""},{""trait_type"":""Nerd"",""value"":""Fat Nerd ""},{""trait_type"":""Background"",""value"":""Cyan Background ""}]"
1202,1358523,0x036f43988e45157d3005a57ec17d2736ac6c90b92426597f25f7ca100aeaf689,"[{""trait_type"":""Glasses"",""value"":""Purple Rectangular Glasses ""},{""trait_type"":""Hair"",""value"":""Red Short Hair ""},{""trait_type"":""Mouth"",""value"":""Big Teeth ""},{""trait_type"":""Clothes"",""value"":""Purple Tie ""},{""trait_type"":""Nerd"",""value"":""Fat Nerd ""},{""trait_type"":""Background"",""value"":""Yellow Background ""}]"
1201,1358718,0xb4a29f5304c9de2289fe09cd080430006a10d57b5da287ddb34987e4e7c43f7e,"[{""trait_type"":""Glasses"",""value"":""White Rectangular Glasses ""},{""trait_type"":""Hair"",""value"":""Blonde Quiff Haircut ""},{""trait_type"":""Mouth"",""value"":""Smile ""},{""trait_type"":""Clothes"",""value"":""Green Shirt ""},{""trait_type"":""Nerd"",""value"":""Skinny Nerd ""},{""trait_type"":""Background"",""value"":""Green Background ""}]"
1200,1359413,0x13b34bc132c4579744080a558ceb6caf532843bae1ee8bd9e99f57b32b4d4f75,"[{""trait_type"":""Glasses"",""value"":""Blue Round Glasses ""},{""trait_type"":""Hair"",""value"":""Red Short Hair ""},{""trait_type"":""Mouth"",""value"":""Big Teeth ""},{""trait_type"":""Clothes"",""value"":""Blue Tie ""},{""trait_type"":""Nerd"",""value"":""Skinny Nerd ""},{""trait_type"":""Background"",""value"":""Red Background ""}]"
1199,1360586,0x8ff387022bf006d0b2bfde9d0bd3610bcfcd35f73a0a66d700af9d73fd075616,"[{""trait_type"":""Glasses"",""value"":""White Round Glasses ""},{""trait_type"":""Hair"",""value"":""Black Quiff Haircut ""},{""trait_type"":""Mouth"",""value"":""Braces ""},{""trait_type"":""Clothes"",""value"":""Red Shirt ""},{""trait_type"":""Nerd"",""value"":""Fat Nerd ""},{""trait_type"":""Background"",""value"":""Cyan Background ""}]"
1198,1359757,0xdf2afd4d068ae4fed5b08b3f48997cf14465067324ff38a5c3dd51cf1f1ad75f,"[{""trait_type"":""Glasses"",""value"":""White Rectangular Glasses ""},{""trait_type"":""Hair"",""value"":""Brown Short Hair ""},{""trait_type"":""Mouth"",""value"":""Braces ""},{""trait_type"":""Clothes"",""value"":""Green Shirt ""},{""trait_type"":""Nerd"",""value"":""Fat Nerd ""},{""trait_type"":""Background"",""value"":""Purple Background ""}]"
1197,1360023,0x32cb3a070610eecd7fa4254f341ddcdd3fbb0733c60c6edc49c952edb5e2b893,"[{""trait_type"":""Glasses"",""value"":""White Round Glasses ""},{""trait_type"":""Hair"",""value"":""Red Hair ""},{""trait_type"":""Mouth"",""value"":""Big Teeth ""},{""trait_type"":""Clothes"",""value"":""Purple Tie ""},{""trait_type"":""Nerd"",""value"":""Fat Nerd ""},{""trait_type"":""Background"",""value"":""Blue Background ""}]"
1196,1360406,0x072f48113ec5841dfa881027c9bd5bf8c44d9a8a1a71dde141f0140c898170fc,"[{""trait_type"":""Glasses"",""value"":""Green Round Glasses ""},{""trait_type"":""Hair"",""value"":""Brown Short Hair ""},{""trait_type"":""Mouth"",""value"":""Big Teeth ""},{""trait_type"":""Clothes"",""value"":""Yellow  T-Shirt ""},{""trait_type"":""Nerd"",""value"":""Fat Nerd ""},{""trait_type"":""Background"",""value"":""Yellow Background ""}]"
1195,1358784,0xb4b3ea371d5d745652b10c14f184f962e1e2cbb0d6c2538192d15594610c244f,"[{""trait_type"":""Glasses"",""value"":""Red Rectangular Glasses ""},{""trait_type"":""Hair"",""value"":""Blonde Quiff Haircut ""},{""trait_type"":""Mouth"",""value"":""Smile ""},{""trait_type"":""Clothes"",""value"":""Green Tie ""},{""trait_type"":""Nerd"",""value"":""Fat Nerd ""},{""trait_type"":""Background"",""value"":""Yellow Background ""}]"
1194,1358553,0x4ba4ddbd934ac8cd68821e46b2ce941a0fe0676a298d1bec102e560d67c2395e,"[{""trait_type"":""Glasses"",""value"":""Blue Round Glasses ""},{""trait_type"":""Hair"",""value"":""Blonde Quiff Haircut ""},{""trait_type"":""Mouth"",""value"":""Braces ""},{""trait_type"":""Clothes"",""value"":""Red  T-Shirt ""},{""trait_type"":""Nerd"",""value"":""Fat Nerd ""},{""trait_type"":""Background"",""value"":""Yellow Background ""}]"
1193,1359928,0xd56e44518291a7e57696e0a02af19c7c6756c886db8b1da495e74482d058d970,"[{""trait_type"":""Glasses"",""value"":""No Glasses ""},{""trait_type"":""Hair"",""value"":""Brown Short Hair ""},{""trait_type"":""Mouth"",""value"":""Big Teeth ""},{""trait_type"":""Clothes"",""value"":""Yellow Tie ""},{""trait_type"":""Nerd"",""value"":""Fat Nerd ""},{""trait_type"":""Background"",""value"":""Blue Background ""}]"
1192,1360501,0x22217ee6b6f6b89f1541d653776f0dca332cfbb68c7f59b7359d0d2ce2afda4a,"[{""trait_type"":""Glasses"",""value"":""Blue Round Glasses ""},{""trait_type"":""Hair"",""value"":""Black Hair ""},{""trait_type"":""Mouth"",""value"":""Big Teeth ""},{""trait_type"":""Clothes"",""value"":""Green Tie ""},{""trait_type"":""Nerd"",""value"":""Fat Nerd ""},{""trait_type"":""Background"",""value"":""Yellow Background ""}]"
1191,1358667,0x1ebe5830be84673468c3c91d8f01cfb923d1db374a6065e9e5da88f28e4735f5,"[{""trait_type"":""Glasses"",""value"":""Yellow Rectangular Glasses ""},{""trait_type"":""Hair"",""value"":""Red Bowl cut ""},{""trait_type"":""Mouth"",""value"":""Big Teeth ""},{""trait_type"":""Clothes"",""value"":""Blue Tie ""},{""trait_type"":""Nerd"",""value"":""Fat Nerd ""},{""trait_type"":""Background"",""value"":""Purple Background ""}]"
1190,1359223,0x1a72388e15d72a64962d339e58e4b40ccef40afbe0451073a82e4655eae30540,"[{""trait_type"":""Glasses"",""value"":""Green Rectangular Glasses ""},{""trait_type"":""Hair"",""value"":""Blonde Messy Hair ""},{""trait_type"":""Mouth"",""value"":""Smile ""},{""trait_type"":""Clothes"",""value"":""Red Shirt ""},{""trait_type"":""Nerd"",""value"":""Skinny Nerd ""},{""trait_type"":""Background"",""value"":""Cyan Background ""}]"
1189,1360032,0x9789ec205beda00e5afc3e219e842ea5abb8491cdd46a8771239700177f7cb45,"[{""trait_type"":""Glasses"",""value"":""Green Rectangular Glasses ""},{""trait_type"":""Hair"",""value"":""Blonde Messy Hair ""},{""trait_type"":""Mouth"",""value"":""Braces ""},{""trait_type"":""Clothes"",""value"":""Purple  T-Shirt ""},{""trait_type"":""Nerd"",""value"":""Fat Nerd ""},{""trait_type"":""Background"",""value"":""Cyan Background ""}]"
1188,1359355,0x87f8a40c746a8ac9d5829de8e561945c05d88b4bf591298ff1507fdae7cdd27e,"[{""trait_type"":""Glasses"",""value"":""Red Rectangular Glasses ""},{""trait_type"":""Hair"",""value"":""Black Short Hair ""},{""trait_type"":""Mouth"",""value"":""Braces ""},{""trait_type"":""Clothes"",""value"":""Yellow Shirt ""},{""trait_type"":""Nerd"",""value"":""Fat Nerd ""},{""trait_type"":""Background"",""value"":""Purple Background ""}]"
1187,1360688,0x7bd87acece661eb0a941d11369bd04e6fd13114e0e10f0da518fcb20bb625ff7,"[{""trait_type"":""Glasses"",""value"":""Purple Round Glasses ""},{""trait_type"":""Hair"",""value"":""Black Messy Hair ""},{""trait_type"":""Mouth"",""value"":""Braces ""},{""trait_type"":""Clothes"",""value"":""Blue Tie ""},{""trait_type"":""Nerd"",""value"":""Fat Nerd ""},{""trait_type"":""Background"",""value"":""Purple Background ""}]"
1186,1359334,0x0e7e63a95048b7325a488cd04cdea7b71fd41a15f70936f3ed8747a379717a07,"[{""trait_type"":""Glasses"",""value"":""Purple Round Glasses ""},{""trait_type"":""Hair"",""value"":""Brown Quiff Haircut ""},{""trait_type"":""Mouth"",""value"":""Braces ""},{""trait_type"":""Clothes"",""value"":""Blue Tie ""},{""trait_type"":""Nerd"",""value"":""Fat Nerd ""},{""trait_type"":""Background"",""value"":""Orange Background ""}]"
1185,1359240,0x740f9c1ea49e4fadf9dac2944e1709aa4e6eea95a31c3b024a0fce5e0b87db62,"[{""trait_type"":""Glasses"",""value"":""No Glasses ""},{""trait_type"":""Hair"",""value"":""Blonde Bowl cut ""},{""trait_type"":""Mouth"",""value"":""Smile ""},{""trait_type"":""Clothes"",""value"":""Green Shirt ""},{""trait_type"":""Nerd"",""value"":""Fat Nerd ""},{""trait_type"":""Background"",""value"":""Orange Background ""}]"
1184,1359838,0xe4a9a4f91d1821298166de81666263670a045d2cca4d71edfc82f54c7727937b,"[{""trait_type"":""Glasses"",""value"":""Blue Rectangular Glasses ""},{""trait_type"":""Hair"",""value"":""Blonde Short Hair ""},{""trait_type"":""Mouth"",""value"":""Braces ""},{""trait_type"":""Clothes"",""value"":""Purple  T-Shirt ""},{""trait_type"":""Nerd"",""value"":""Fat Nerd ""},{""trait_type"":""Background"",""value"":""Orange Background ""}]"
1183,1358519,0xcd7d8b5b1ab0eb8878cfc2e1b7dd65beb613f0b4bd0a4fec57beb0f4cd60574b,"[{""trait_type"":""Glasses"",""value"":""Yellow Round Glasses ""},{""trait_type"":""Hair"",""value"":""Blonde Messy Hair ""},{""trait_type"":""Mouth"",""value"":""Big Teeth ""},{""trait_type"":""Clothes"",""value"":""Purple Tie ""},{""trait_type"":""Nerd"",""value"":""Fat Nerd ""},{""trait_type"":""Background"",""value"":""Orange Background ""}]"
1182,1358552,0x126a34ef99de00449fe514adbd983527b6dc819cf760488b1c3209088f6e65f1,"[{""trait_type"":""Glasses"",""value"":""Purple Rectangular Glasses ""},{""trait_type"":""Hair"",""value"":""Blonde Messy Hair ""},{""trait_type"":""Mouth"",""value"":""Smile ""},{""trait_type"":""Clothes"",""value"":""Yellow Shirt ""},{""trait_type"":""Nerd"",""value"":""Fat Nerd ""},{""trait_type"":""Background"",""value"":""Orange Background ""}]"
1181,1358895,0xe02a7d8670ae06bb137254ce3ef1c458102ea496690a3be4509bffccce694432,"[{""trait_type"":""Glasses"",""value"":""Blue Round Glasses ""},{""trait_type"":""Hair"",""value"":""Black Bowl cut ""},{""trait_type"":""Mouth"",""value"":""Smile ""},{""trait_type"":""Clothes"",""value"":""Red Shirt ""},{""trait_type"":""Nerd"",""value"":""Fat Nerd ""},{""trait_type"":""Background"",""value"":""Orange Background ""}]"
1180,1358916,0x078de2c1af0841ea2a9751d8ae6bee9e305e7e8bb7ba1f1212220bcd5a5ddf55,"[{""trait_type"":""Glasses"",""value"":""Green Rectangular Glasses ""},{""trait_type"":""Hair"",""value"":""Blonde Messy Hair ""},{""trait_type"":""Mouth"",""value"":""Smile ""},{""trait_type"":""Clothes"",""value"":""Red  T-Shirt ""},{""trait_type"":""Nerd"",""value"":""Fat Nerd ""},{""trait_type"":""Background"",""value"":""Orange Background ""}]"
1179,1358746,0x3e1e41e5ba8fff7abccc726fd3dc0e1bbf7b7ed21e7313a7d98a575441365e36,"[{""trait_type"":""Glasses"",""value"":""No Glasses ""},{""trait_type"":""Hair"",""value"":""Brown Short Hair ""},{""trait_type"":""Mouth"",""value"":""Smile ""},{""trait_type"":""Clothes"",""value"":""Blue Shirt ""},{""trait_type"":""Nerd"",""value"":""Fat Nerd ""},{""trait_type"":""Background"",""value"":""Blue Background ""}]"
1178,1359205,0xe0fd6498637413a17e8f10c9b100bb3c54a31a73781898777ddb79ae7564202a,"[{""trait_type"":""Glasses"",""value"":""Black Rectangular Glasses ""},{""trait_type"":""Hair"",""value"":""Brown Quiff Haircut ""},{""trait_type"":""Mouth"",""value"":""Big Teeth ""},{""trait_type"":""Clothes"",""value"":""Blue Tie ""},{""trait_type"":""Nerd"",""value"":""Fat Nerd ""},{""trait_type"":""Background"",""value"":""Yellow Background ""}]"
1177,1360693,0xc73562f3fff6f5c4c3aa86d9d9c902e19f2bc0d5f6f9fc3dc06693c615069341,"[{""trait_type"":""Glasses"",""value"":""No Glasses ""},{""trait_type"":""Hair"",""value"":""Brown Quiff Haircut ""},{""trait_type"":""Mouth"",""value"":""Big Teeth ""},{""trait_type"":""Clothes"",""value"":""Green  T-Shirt ""},{""trait_type"":""Nerd"",""value"":""Skinny Nerd ""},{""trait_type"":""Background"",""value"":""Red Background ""}]"
1176,1359311,0xe94fb9b714ee1e3df75d11efe594666b4301d53867a165dccc80f4ced0807cad,"[{""trait_type"":""Glasses"",""value"":""Blue Round Glasses ""},{""trait_type"":""Hair"",""value"":""Black Quiff Haircut ""},{""trait_type"":""Mouth"",""value"":""Braces ""},{""trait_type"":""Clothes"",""value"":""Purple Tie ""},{""trait_type"":""Nerd"",""value"":""Fat Nerd ""},{""trait_type"":""Background"",""value"":""Orange Background ""}]"
1175,1359487,0xae3605f997291f79b87d3817cf0bf1274a5fea9fad683196bc243e79f50142a3,"[{""trait_type"":""Glasses"",""value"":""Purple Rectangular Glasses ""},{""trait_type"":""Hair"",""value"":""Black Quiff Haircut ""},{""trait_type"":""Mouth"",""value"":""Big Teeth ""},{""trait_type"":""Clothes"",""value"":""Yellow Tie ""},{""trait_type"":""Nerd"",""value"":""Skinny Nerd ""},{""trait_type"":""Background"",""value"":""Blue Background ""}]"
1174,1358908,0x3ee64c07fc4e0a9f9fdecabafc420c1f8933c941930444966f3f8e69fa83c89b,"[{""trait_type"":""Glasses"",""value"":""Blue Round Glasses ""},{""trait_type"":""Hair"",""value"":""Blonde Messy Hair ""},{""trait_type"":""Mouth"",""value"":""Braces ""},{""trait_type"":""Clothes"",""value"":""Purple  T-Shirt ""},{""trait_type"":""Nerd"",""value"":""Fat Nerd ""},{""trait_type"":""Background"",""value"":""Purple Background ""}]"
1173,1358630,0x785cf4340f2789dd9316fc8aa550888fa9820b3dd7a9a4032c27e7c1fae43bf2,"[{""trait_type"":""Glasses"",""value"":""Red Rectangular Glasses ""},{""trait_type"":""Hair"",""value"":""Blonde Bowl cut ""},{""trait_type"":""Mouth"",""value"":""Braces ""},{""trait_type"":""Clothes"",""value"":""Yellow Tie ""},{""trait_type"":""Nerd"",""value"":""Skinny Nerd ""},{""trait_type"":""Background"",""value"":""Green Background ""}]"
1172,1359707,0x9d5267a820150e7695b1816837657c37fb1b9d497ea809d71eb3dd3b5fb4416d,"[{""trait_type"":""Glasses"",""value"":""Black Round Glasses ""},{""trait_type"":""Hair"",""value"":""Blonde Short Hair ""},{""trait_type"":""Mouth"",""value"":""Braces ""},{""trait_type"":""Clothes"",""value"":""Purple Tie ""},{""trait_type"":""Nerd"",""value"":""Fat Nerd ""},{""trait_type"":""Background"",""value"":""Blue Background ""}]"
1171,1360193,0x95fd00aa9145d1f2cf73b1601231dbf8afed259f94c5b907d962f1fb7811ba5d,"[{""trait_type"":""Glasses"",""value"":""Red Round Glasses ""},{""trait_type"":""Hair"",""value"":""Black Short Hair ""},{""trait_type"":""Mouth"",""value"":""Smile ""},{""trait_type"":""Clothes"",""value"":""Blue Shirt ""},{""trait_type"":""Nerd"",""value"":""Skinny Nerd ""},{""trait_type"":""Background"",""value"":""Purple Background ""}]"
1170,1358726,0x21973229d461b25e3903d0c895d9c1178d76502ae91456b868e71580e5b788a5,"[{""trait_type"":""Glasses"",""value"":""Blue Round Glasses ""},{""trait_type"":""Hair"",""value"":""Red Quiff Haircut ""},{""trait_type"":""Mouth"",""value"":""Smile ""},{""trait_type"":""Clothes"",""value"":""Purple Tie ""},{""trait_type"":""Nerd"",""value"":""Fat Nerd ""},{""trait_type"":""Background"",""value"":""Red Background ""}]"
1169,1360085,0x521a43c08432bd71a8464b7d639d1c3a724c7a087f9d06a24620abac1f995371,"[{""trait_type"":""Glasses"",""value"":""Blue Rectangular Glasses ""},{""trait_type"":""Hair"",""value"":""Black Bowl cut ""},{""trait_type"":""Mouth"",""value"":""Braces ""},{""trait_type"":""Clothes"",""value"":""Red Tie ""},{""trait_type"":""Nerd"",""value"":""Fat Nerd ""},{""trait_type"":""Background"",""value"":""Blue Background ""}]"
1168,1360026,0xbc24c9fd3dd733ecb0f93693051c48074f9f08424ce7ffcd272532f1d6db4aa6,"[{""trait_type"":""Glasses"",""value"":""Blue Round Glasses ""},{""trait_type"":""Hair"",""value"":""Brown Short Hair ""},{""trait_type"":""Mouth"",""value"":""Smile ""},{""trait_type"":""Clothes"",""value"":""Blue Tie ""},{""trait_type"":""Nerd"",""value"":""Skinny Nerd ""},{""trait_type"":""Background"",""value"":""Orange Background ""}]"
1167,1360106,0x271d7e1908c5812d056bb4024c6b5e455190d383c83fce83581def4ab5bfa958,"[{""trait_type"":""Glasses"",""value"":""Blue Rectangular Glasses ""},{""trait_type"":""Hair"",""value"":""Black Quiff Haircut ""},{""trait_type"":""Mouth"",""value"":""Big Teeth ""},{""trait_type"":""Clothes"",""value"":""Red Tie ""},{""trait_type"":""Nerd"",""value"":""Fat Nerd ""},{""trait_type"":""Background"",""value"":""Red Background ""}]"
1166,1359796,0x0b0e35a3b913ad75aedf1507b593c1180c271b0c5ead2bb7e585a8dfc624b9fa,"[{""trait_type"":""Glasses"",""value"":""Purple Rectangular Glasses ""},{""trait_type"":""Hair"",""value"":""Blonde Hair ""},{""trait_type"":""Mouth"",""value"":""Smile ""},{""trait_type"":""Clothes"",""value"":""Purple  T-Shirt ""},{""trait_type"":""Nerd"",""value"":""Fat Nerd ""},{""trait_type"":""Background"",""value"":""Blue Background ""}]"
1165,1358943,0x52221f112688619b64ac427d027aeb01a6a1e6a41e3280a3a19a6a2d76358bad,"[{""trait_type"":""Glasses"",""value"":""Yellow Rectangular Glasses ""},{""trait_type"":""Hair"",""value"":""Black Short Hair ""},{""trait_type"":""Mouth"",""value"":""Braces ""},{""trait_type"":""Clothes"",""value"":""Purple  T-Shirt ""},{""trait_type"":""Nerd"",""value"":""Fat Nerd ""},{""trait_type"":""Background"",""value"":""Yellow Background ""}]"
1164,1360464,0xc0512c2edbb2da52940db5424eec0816a5dd070953dcf465ebf411f832ccc724,"[{""trait_type"":""Glasses"",""value"":""Green Round Glasses ""},{""trait_type"":""Hair"",""value"":""Red Hair ""},{""trait_type"":""Mouth"",""value"":""Big Teeth ""},{""trait_type"":""Clothes"",""value"":""Red Shirt ""},{""trait_type"":""Nerd"",""value"":""Skinny Nerd ""},{""trait_type"":""Background"",""value"":""Red Background ""}]"
1163,1358567,0xf83719529f114efce4bfb7b686f0a30b035e2bd31acbb81c901cf8e7f1665177,"[{""trait_type"":""Glasses"",""value"":""Purple Rectangular Glasses ""},{""trait_type"":""Hair"",""value"":""Brown Messy Hair ""},{""trait_type"":""Mouth"",""value"":""Smile ""},{""trait_type"":""Clothes"",""value"":""Yellow  T-Shirt ""},{""trait_type"":""Nerd"",""value"":""Skinny Nerd ""},{""trait_type"":""Background"",""value"":""Green Background ""}]"
1162,1359887,0x6265d126f1e224173c08a8dd7afe9abddb2862f2a325ea8c75997669c084a3fd,"[{""trait_type"":""Glasses"",""value"":""Yellow Round Glasses ""},{""trait_type"":""Hair"",""value"":""Blonde Hair ""},{""trait_type"":""Mouth"",""value"":""Braces ""},{""trait_type"":""Clothes"",""value"":""Yellow Tie ""},{""trait_type"":""Nerd"",""value"":""Fat Nerd ""},{""trait_type"":""Background"",""value"":""Blue Background ""}]"
1161,1360542,0x9c5f764dbf1ce158160ce0ca935187205f59d98217e8f743bbdbae56d3e52bee,"[{""trait_type"":""Glasses"",""value"":""Red Round Glasses ""},{""trait_type"":""Hair"",""value"":""Black Short Hair ""},{""trait_type"":""Mouth"",""value"":""Big Teeth ""},{""trait_type"":""Clothes"",""value"":""Yellow Tie ""},{""trait_type"":""Nerd"",""value"":""Fat Nerd ""},{""trait_type"":""Background"",""value"":""Yellow Background ""}]"
1160,1358500,0xde87f9eb19d639041b4d6e7c8a15ff5318ee746d9887d577ac8585d408509b08,"[{""trait_type"":""Glasses"",""value"":""Yellow Rectangular Glasses ""},{""trait_type"":""Hair"",""value"":""Blonde Hair ""},{""trait_type"":""Mouth"",""value"":""Big Teeth ""},{""trait_type"":""Clothes"",""value"":""Purple Tie ""},{""trait_type"":""Nerd"",""value"":""Skinny Nerd ""},{""trait_type"":""Background"",""value"":""Purple Background ""}]"
1159,1359836,0xe6e1b774288c9b02ead3b0e0f8746b9cdc800a9451c0bad3f10bd55adac8730c,"[{""trait_type"":""Glasses"",""value"":""Yellow Round Glasses ""},{""trait_type"":""Hair"",""value"":""Black Quiff Haircut ""},{""trait_type"":""Mouth"",""value"":""Smile ""},{""trait_type"":""Clothes"",""value"":""Yellow  T-Shirt ""},{""trait_type"":""Nerd"",""value"":""Fat Nerd ""},{""trait_type"":""Background"",""value"":""Green Background ""}]"
1158,1359206,0x8c424ed2f9a7b776bcf58004ad09e6356d134132de6a4ad5840793f018c3210f,"[{""trait_type"":""Glasses"",""value"":""Blue Round Glasses ""},{""trait_type"":""Hair"",""value"":""Brown Quiff Haircut ""},{""trait_type"":""Mouth"",""value"":""Big Teeth ""},{""trait_type"":""Clothes"",""value"":""Blue Shirt ""},{""trait_type"":""Nerd"",""value"":""Skinny Nerd ""},{""trait_type"":""Background"",""value"":""Green Background ""}]"
1157,1360723,0x794a84fed0f7ce9e30c4794ce9e2509137d0101b86e18b2b1579fcd15a6e6c00,"[{""trait_type"":""Glasses"",""value"":""No Glasses ""},{""trait_type"":""Hair"",""value"":""Black Messy Hair ""},{""trait_type"":""Mouth"",""value"":""Smile ""},{""trait_type"":""Clothes"",""value"":""Red Shirt ""},{""trait_type"":""Nerd"",""value"":""Fat Nerd ""},{""trait_type"":""Background"",""value"":""Orange Background ""}]"
1156,1359392,0x2eb9c073f7fcf5972775efb4ddc75a2f67f17d29c0f75ddbe281d266f45ce17e,"[{""trait_type"":""Glasses"",""value"":""Red Rectangular Glasses ""},{""trait_type"":""Hair"",""value"":""Black Short Hair ""},{""trait_type"":""Mouth"",""value"":""Braces ""},{""trait_type"":""Clothes"",""value"":""Yellow Tie ""},{""trait_type"":""Nerd"",""value"":""Fat Nerd ""},{""trait_type"":""Background"",""value"":""Cyan Background ""}]"
1155,1359495,0x45a75a98db8de2f6f811621af6b2b7a54ef3952abe7fb1f139be396a22cd16d8,"[{""trait_type"":""Glasses"",""value"":""No Glasses ""},{""trait_type"":""Hair"",""value"":""Black Messy Hair ""},{""trait_type"":""Mouth"",""value"":""Braces ""},{""trait_type"":""Clothes"",""value"":""Green  T-Shirt ""},{""trait_type"":""Nerd"",""value"":""Fat Nerd ""},{""trait_type"":""Background"",""value"":""Red Background ""}]"
1154,1358980,0xcecb06fbfee3d5bc7b2d4228ac6ec7b2b341e686f8b3bbe10918ec31e89c65ab,"[{""trait_type"":""Glasses"",""value"":""Black Round Glasses ""},{""trait_type"":""Hair"",""value"":""Black Hair ""},{""trait_type"":""Mouth"",""value"":""Braces ""},{""trait_type"":""Clothes"",""value"":""Blue Shirt ""},{""trait_type"":""Nerd"",""value"":""Fat Nerd ""},{""trait_type"":""Background"",""value"":""Yellow Background ""}]"
1153,1360099,0x5f3215682935a897777288832698f529a09473732fc61ff8ac7114a5b4919383,"[{""trait_type"":""Glasses"",""value"":""Red Round Glasses ""},{""trait_type"":""Hair"",""value"":""Blonde Bowl cut ""},{""trait_type"":""Mouth"",""value"":""Smile ""},{""trait_type"":""Clothes"",""value"":""Green Shirt ""},{""trait_type"":""Nerd"",""value"":""Skinny Nerd ""},{""trait_type"":""Background"",""value"":""Blue Background ""}]"
1152,1360183,0xa219c1832dbbfb03e4864873edccf3d26d2df9816bd53f009087e81a2e615281,"[{""trait_type"":""Glasses"",""value"":""Blue Round Glasses ""},{""trait_type"":""Hair"",""value"":""Brown Short Hair ""},{""trait_type"":""Mouth"",""value"":""Smile ""},{""trait_type"":""Clothes"",""value"":""Green  T-Shirt ""},{""trait_type"":""Nerd"",""value"":""Skinny Nerd ""},{""trait_type"":""Background"",""value"":""Cyan Background ""}]"
1151,1360755,0x0829a00fde6378afe732a9fc2a02f58e9abd4f02e5c87ffabad27477ce45368a,"[{""trait_type"":""Glasses"",""value"":""No Glasses ""},{""trait_type"":""Hair"",""value"":""Brown Hair ""},{""trait_type"":""Mouth"",""value"":""Smile ""},{""trait_type"":""Clothes"",""value"":""Blue  T-Shirt ""},{""trait_type"":""Nerd"",""value"":""Fat Nerd ""},{""trait_type"":""Background"",""value"":""Cyan Background ""}]"
1150,1359165,0xa2a7b0c40dcc28659caa62322cfe549f3114729fc45455f1f1ed5eecdb0cf944,"[{""trait_type"":""Glasses"",""value"":""Purple Round Glasses ""},{""trait_type"":""Hair"",""value"":""Black Bowl cut ""},{""trait_type"":""Mouth"",""value"":""Big Teeth ""},{""trait_type"":""Clothes"",""value"":""Blue Shirt ""},{""trait_type"":""Nerd"",""value"":""Skinny Nerd ""},{""trait_type"":""Background"",""value"":""Cyan Background ""}]"
1149,1358743,0x5886151e1d535a878acd513f69564b88a89dfdcc7bff23d65e7415cecda24366,"[{""trait_type"":""Glasses"",""value"":""Yellow Rectangular Glasses ""},{""trait_type"":""Hair"",""value"":""Red Messy Hair ""},{""trait_type"":""Mouth"",""value"":""Braces ""},{""trait_type"":""Clothes"",""value"":""Yellow  T-Shirt ""},{""trait_type"":""Nerd"",""value"":""Skinny Nerd ""},{""trait_type"":""Background"",""value"":""Blue Background ""}]"
1148,1358740,0x743417fb6448d9078d54ba04902d5623d8101facd7f33c1f9ec8aaf3b995c4c6,"[{""trait_type"":""Glasses"",""value"":""Green Rectangular Glasses ""},{""trait_type"":""Hair"",""value"":""Black Messy Hair ""},{""trait_type"":""Mouth"",""value"":""Braces ""},{""trait_type"":""Clothes"",""value"":""Blue  T-Shirt ""},{""trait_type"":""Nerd"",""value"":""Skinny Nerd ""},{""trait_type"":""Background"",""value"":""Green Background ""}]"
1147,1360098,0x11b19832ad67f7132d4a8ed3953872a82ff5684a49952df7e322093f555d588f,"[{""trait_type"":""Glasses"",""value"":""Purple Rectangular Glasses ""},{""trait_type"":""Hair"",""value"":""Red Messy Hair ""},{""trait_type"":""Mouth"",""value"":""Braces ""},{""trait_type"":""Clothes"",""value"":""Blue Tie ""},{""trait_type"":""Nerd"",""value"":""Skinny Nerd ""},{""trait_type"":""Background"",""value"":""Yellow Background ""}]"
1146,1358577,0x383c7393b92edf38fa6b29f2ebf0ef31b874e6603161b0f3ed7d44e728a8df17,"[{""trait_type"":""Glasses"",""value"":""No Glasses ""},{""trait_type"":""Hair"",""value"":""Brown Messy Hair ""},{""trait_type"":""Mouth"",""value"":""Big Teeth ""},{""trait_type"":""Clothes"",""value"":""Green  T-Shirt ""},{""trait_type"":""Nerd"",""value"":""Fat Nerd ""},{""trait_type"":""Background"",""value"":""Cyan Background ""}]"
1145,1359141,0x45d7622e0a16631febda341e412f802604374f8ff05e4430364723ba7dc80a10,"[{""trait_type"":""Glasses"",""value"":""Yellow Round Glasses ""},{""trait_type"":""Hair"",""value"":""Red Short Hair ""},{""trait_type"":""Mouth"",""value"":""Braces ""},{""trait_type"":""Clothes"",""value"":""Green Tie ""},{""trait_type"":""Nerd"",""value"":""Skinny Nerd ""},{""trait_type"":""Background"",""value"":""Orange Background ""}]"
1144,1360418,0xa15702039cb376a33ef3e30f9bd1d2ee53ffdb31913136d4eceac93877bf1c5f,"[{""trait_type"":""Glasses"",""value"":""Yellow Round Glasses ""},{""trait_type"":""Hair"",""value"":""Blonde Messy Hair ""},{""trait_type"":""Mouth"",""value"":""Big Teeth ""},{""trait_type"":""Clothes"",""value"":""Red Tie ""},{""trait_type"":""Nerd"",""value"":""Skinny Nerd ""},{""trait_type"":""Background"",""value"":""Cyan Background ""}]"
1143,1359918,0xb0ff26d08f48c4e3a986f983f6c367e4a3e74ae48eef9d32b2ae369a60701197,"[{""trait_type"":""Glasses"",""value"":""Red Round Glasses ""},{""trait_type"":""Hair"",""value"":""Brown Short Hair ""},{""trait_type"":""Mouth"",""value"":""Braces ""},{""trait_type"":""Clothes"",""value"":""Green  T-Shirt ""},{""trait_type"":""Nerd"",""value"":""Skinny Nerd ""},{""trait_type"":""Background"",""value"":""Blue Background ""}]"
1142,1359258,0x201f0294cc2e340754c0f1c1607beed9f779a6b50458019cadaa802e160ba642,"[{""trait_type"":""Glasses"",""value"":""White Rectangular Glasses ""},{""trait_type"":""Hair"",""value"":""Brown Short Hair ""},{""trait_type"":""Mouth"",""value"":""Smile ""},{""trait_type"":""Clothes"",""value"":""Yellow  T-Shirt ""},{""trait_type"":""Nerd"",""value"":""Skinny Nerd ""},{""trait_type"":""Background"",""value"":""Orange Background ""}]"
1141,1359654,0x4b4dd9b48ed6cbb8e4dd39a24953e4d614d63d4780cf2e66fe44d7353dbd415c,"[{""trait_type"":""Glasses"",""value"":""No Glasses ""},{""trait_type"":""Hair"",""value"":""Black Short Hair ""},{""trait_type"":""Mouth"",""value"":""Smile ""},{""trait_type"":""Clothes"",""value"":""Blue Tie ""},{""trait_type"":""Nerd"",""value"":""Fat Nerd ""},{""trait_type"":""Background"",""value"":""Red Background ""}]"
1140,1359581,0x4ecb5a93cb1ec160dd323a03a29dfebd8aec63e35e9d49b4a1499651eb77a4ba,"[{""trait_type"":""Glasses"",""value"":""Purple Rectangular Glasses ""},{""trait_type"":""Hair"",""value"":""Brown Quiff Haircut ""},{""trait_type"":""Mouth"",""value"":""Braces ""},{""trait_type"":""Clothes"",""value"":""Yellow Tie ""},{""trait_type"":""Nerd"",""value"":""Skinny Nerd ""},{""trait_type"":""Background"",""value"":""Blue Background ""}]"
1139,1359533,0xbdd75c1b9cc3c67783eccdd097a9dec745f2957044d9f6f68dee69105ec42e93,"[{""trait_type"":""Glasses"",""value"":""Blue Round Glasses ""},{""trait_type"":""Hair"",""value"":""Brown Hair ""},{""trait_type"":""Mouth"",""value"":""Big Teeth ""},{""trait_type"":""Clothes"",""value"":""Purple Tie ""},{""trait_type"":""Nerd"",""value"":""Skinny Nerd ""},{""trait_type"":""Background"",""value"":""Blue Background ""}]"
1138,1359522,0x6722f022aaf99f8e7d3d3053e5903a419034bb1f9a1cbee9297bc702878a35c8,"[{""trait_type"":""Glasses"",""value"":""Green Round Glasses ""},{""trait_type"":""Hair"",""value"":""Red Hair ""},{""trait_type"":""Mouth"",""value"":""Smile ""},{""trait_type"":""Clothes"",""value"":""Blue Shirt ""},{""trait_type"":""Nerd"",""value"":""Skinny Nerd ""},{""trait_type"":""Background"",""value"":""Cyan Background ""}]"
1137,1359260,0x0da2045f2976c6eae1c54f306c9eb9ef0fc1639bf81065ae1a81e41dc7809f72,"[{""trait_type"":""Glasses"",""value"":""Blue Round Glasses ""},{""trait_type"":""Hair"",""value"":""Black Hair ""},{""trait_type"":""Mouth"",""value"":""Smile ""},{""trait_type"":""Clothes"",""value"":""Yellow  T-Shirt ""},{""trait_type"":""Nerd"",""value"":""Skinny Nerd ""},{""trait_type"":""Background"",""value"":""Green Background ""}]"
1136,1360090,0x5ffe77462d5e02b9d8db00a7cc8bc266aa90a60638c9fba6573d496d49e7762b,"[{""trait_type"":""Glasses"",""value"":""No Glasses ""},{""trait_type"":""Hair"",""value"":""Brown Messy Hair ""},{""trait_type"":""Mouth"",""value"":""Smile ""},{""trait_type"":""Clothes"",""value"":""Purple Tie ""},{""trait_type"":""Nerd"",""value"":""Fat Nerd ""},{""trait_type"":""Background"",""value"":""Purple Background ""}]"
1135,1360378,0x2e1a8b7e81ee29dc4567b21ddc47c0e89d5f39204d4760860f5275f40768151b,"[{""trait_type"":""Glasses"",""value"":""White Rectangular Glasses ""},{""trait_type"":""Hair"",""value"":""Black Short Hair ""},{""trait_type"":""Mouth"",""value"":""Smile ""},{""trait_type"":""Clothes"",""value"":""Red Tie ""},{""trait_type"":""Nerd"",""value"":""Fat Nerd ""},{""trait_type"":""Background"",""value"":""Red Background ""}]"
1134,1360379,0x837ee2b3908b8af9382c4177d29a870894547bfe69cc902deb127092fbe6dd1d,"[{""trait_type"":""Glasses"",""value"":""Green Round Glasses ""},{""trait_type"":""Hair"",""value"":""Brown Quiff Haircut ""},{""trait_type"":""Mouth"",""value"":""Smile ""},{""trait_type"":""Clothes"",""value"":""Red Tie ""},{""trait_type"":""Nerd"",""value"":""Skinny Nerd ""},{""trait_type"":""Background"",""value"":""Purple Background ""}]"
1133,1359343,0x156717d79bf7cff7d4785bc14da87fe292aadafd5ef8fb177584b9cfa2de8cd2,"[{""trait_type"":""Glasses"",""value"":""Blue Round Glasses ""},{""trait_type"":""Hair"",""value"":""Red Quiff Haircut ""},{""trait_type"":""Mouth"",""value"":""Smile ""},{""trait_type"":""Clothes"",""value"":""Purple Tie ""},{""trait_type"":""Nerd"",""value"":""Skinny Nerd ""},{""trait_type"":""Background"",""value"":""Green Background ""}]"
1132,1360585,0xf69541e617b81df1c472c4fe746f369443aa631a23aa6a8d16f71df1042bad21,"[{""trait_type"":""Glasses"",""value"":""Purple Round Glasses ""},{""trait_type"":""Hair"",""value"":""Red Hair ""},{""trait_type"":""Mouth"",""value"":""Smile ""},{""trait_type"":""Clothes"",""value"":""Red Tie ""},{""trait_type"":""Nerd"",""value"":""Skinny Nerd ""},{""trait_type"":""Background"",""value"":""Blue Background ""}]"
1131,1359439,0xa425b200095fa6b77ab301a821fe4f254eb24997f10d5846ae4686ddcc2c1118,"[{""trait_type"":""Glasses"",""value"":""White Round Glasses ""},{""trait_type"":""Hair"",""value"":""Red Messy Hair ""},{""trait_type"":""Mouth"",""value"":""Big Teeth ""},{""trait_type"":""Clothes"",""value"":""Blue  T-Shirt ""},{""trait_type"":""Nerd"",""value"":""Skinny Nerd ""},{""trait_type"":""Background"",""value"":""Yellow Background ""}]"
1130,1358926,0x71524161e77fd1d8011b306a3afa2be84dd77570414be8cab08df832c17afc7a,"[{""trait_type"":""Glasses"",""value"":""Yellow Rectangular Glasses ""},{""trait_type"":""Hair"",""value"":""Blonde Hair ""},{""trait_type"":""Mouth"",""value"":""Smile ""},{""trait_type"":""Clothes"",""value"":""Green Tie ""},{""trait_type"":""Nerd"",""value"":""Skinny Nerd ""},{""trait_type"":""Background"",""value"":""Blue Background ""}]"
1129,1360552,0xb4c613ba0ef8f6c7451dc72123eb4a3b5e30f7585f28e70be8c532d92bd2d44a,"[{""trait_type"":""Glasses"",""value"":""White Round Glasses ""},{""trait_type"":""Hair"",""value"":""Blonde Quiff Haircut ""},{""trait_type"":""Mouth"",""value"":""Braces ""},{""trait_type"":""Clothes"",""value"":""Blue Tie ""},{""trait_type"":""Nerd"",""value"":""Fat Nerd ""},{""trait_type"":""Background"",""value"":""Green Background ""}]"
1128,1359671,0x01366f64b31d76877eac4ea12c1cc721df34d3e2b732b96deac38442e54eadf1,"[{""trait_type"":""Glasses"",""value"":""No Glasses ""},{""trait_type"":""Hair"",""value"":""Brown Hair ""},{""trait_type"":""Mouth"",""value"":""Big Teeth ""},{""trait_type"":""Clothes"",""value"":""Yellow Tie ""},{""trait_type"":""Nerd"",""value"":""Fat Nerd ""},{""trait_type"":""Background"",""value"":""Purple Background ""}]"
1127,1359748,0x10ef389512bb6675a03250f9c66d5102c099fa4af0da568941cb069acadc475d,"[{""trait_type"":""Glasses"",""value"":""Purple Round Glasses ""},{""trait_type"":""Hair"",""value"":""Red Short Hair ""},{""trait_type"":""Mouth"",""value"":""Big Teeth ""},{""trait_type"":""Clothes"",""value"":""Green  T-Shirt ""},{""trait_type"":""Nerd"",""value"":""Skinny Nerd ""},{""trait_type"":""Background"",""value"":""Purple Background ""}]"
1126,1359817,0x74e67d11e04e129f8f466f18a20b6be5df5ce538b023dc13969051359e9ca795,"[{""trait_type"":""Glasses"",""value"":""Black Round Glasses ""},{""trait_type"":""Hair"",""value"":""Brown Messy Hair ""},{""trait_type"":""Mouth"",""value"":""Smile ""},{""trait_type"":""Clothes"",""value"":""Green Tie ""},{""trait_type"":""Nerd"",""value"":""Skinny Nerd ""},{""trait_type"":""Background"",""value"":""Cyan Background ""}]"
1125,1359687,0x24ce8ea261819ff15d6cbaf8d522af79032866659823350a5071d44700ba300e,"[{""trait_type"":""Glasses"",""value"":""Blue Round Glasses ""},{""trait_type"":""Hair"",""value"":""Red Bowl cut ""},{""trait_type"":""Mouth"",""value"":""Braces ""},{""trait_type"":""Clothes"",""value"":""Blue Tie ""},{""trait_type"":""Nerd"",""value"":""Fat Nerd ""},{""trait_type"":""Background"",""value"":""Yellow Background ""}]"
1124,1359358,0x42ecbf16baea8e2ef31fbd115468be167de2fadc1c1affe80ce13f45dbcb1ae0,"[{""trait_type"":""Glasses"",""value"":""Red Rectangular Glasses ""},{""trait_type"":""Hair"",""value"":""Black Short Hair ""},{""trait_type"":""Mouth"",""value"":""Braces ""},{""trait_type"":""Clothes"",""value"":""Blue  T-Shirt ""},{""trait_type"":""Nerd"",""value"":""Skinny Nerd ""},{""trait_type"":""Background"",""value"":""Green Background ""}]"
1123,1359758,0x4c7dd0be708b94976308884ea23635557780feb9094c0eb653398a0fb4b52de2,"[{""trait_type"":""Glasses"",""value"":""Red Round Glasses ""},{""trait_type"":""Hair"",""value"":""Brown Hair ""},{""trait_type"":""Mouth"",""value"":""Big Teeth ""},{""trait_type"":""Clothes"",""value"":""Red Tie ""},{""trait_type"":""Nerd"",""value"":""Skinny Nerd ""},{""trait_type"":""Background"",""value"":""Cyan Background ""}]"
1122,1358613,0x9cd3edcd49b4b3546d968392f32f3b47fad2935634327085f5361b6e91fdcca4,"[{""trait_type"":""Glasses"",""value"":""Green Rectangular Glasses ""},{""trait_type"":""Hair"",""value"":""Black Messy Hair ""},{""trait_type"":""Mouth"",""value"":""Smile ""},{""trait_type"":""Clothes"",""value"":""Purple Tie ""},{""trait_type"":""Nerd"",""value"":""Fat Nerd ""},{""trait_type"":""Background"",""value"":""Blue Background ""}]"
1121,1358873,0xc765abe941dffedf83fa593e5890b90b85d6f9ed9142bceac12c5fe599bc449b,"[{""trait_type"":""Glasses"",""value"":""Red Round Glasses ""},{""trait_type"":""Hair"",""value"":""Blonde Hair ""},{""trait_type"":""Mouth"",""value"":""Smile ""},{""trait_type"":""Clothes"",""value"":""Yellow Shirt ""},{""trait_type"":""Nerd"",""value"":""Fat Nerd ""},{""trait_type"":""Background"",""value"":""Cyan Background ""}]"
1120,1359569,0xb3cdd016789c479cdd26b42f1ee5ba5c8b649f49fea5b2fd362d944d06c74ac9,"[{""trait_type"":""Glasses"",""value"":""Yellow Rectangular Glasses ""},{""trait_type"":""Hair"",""value"":""Red Short Hair ""},{""trait_type"":""Mouth"",""value"":""Smile ""},{""trait_type"":""Clothes"",""value"":""Yellow Shirt ""},{""trait_type"":""Nerd"",""value"":""Fat Nerd ""},{""trait_type"":""Background"",""value"":""Cyan Background ""}]"
1119,1359696,0x1ab807275d80ee84377906ace85c1f4f13a70fa6bcca593dd5943781ce5c5085,"[{""trait_type"":""Glasses"",""value"":""Red Rectangular Glasses ""},{""trait_type"":""Hair"",""value"":""Red Hair ""},{""trait_type"":""Mouth"",""value"":""Smile ""},{""trait_type"":""Clothes"",""value"":""Yellow Tie ""},{""trait_type"":""Nerd"",""value"":""Skinny Nerd ""},{""trait_type"":""Background"",""value"":""Red Background ""}]"
1118,1359541,0xb611b51ad53938c1b36dc6165625555f0bd046ef0f4e5701a5da272d2bf10c01,"[{""trait_type"":""Glasses"",""value"":""Green Round Glasses ""},{""trait_type"":""Hair"",""value"":""Red Quiff Haircut ""},{""trait_type"":""Mouth"",""value"":""Big Teeth ""},{""trait_type"":""Clothes"",""value"":""Red Shirt ""},{""trait_type"":""Nerd"",""value"":""Skinny Nerd ""},{""trait_type"":""Background"",""value"":""Purple Background ""}]"
1117,1360330,0x729eb67fea82ba3f9e0787b76c09f2dce65a770ad5766844ae00daba668c5358,"[{""trait_type"":""Glasses"",""value"":""White Rectangular Glasses ""},{""trait_type"":""Hair"",""value"":""Brown Hair ""},{""trait_type"":""Mouth"",""value"":""Big Teeth ""},{""trait_type"":""Clothes"",""value"":""Yellow Tie ""},{""trait_type"":""Nerd"",""value"":""Fat Nerd ""},{""trait_type"":""Background"",""value"":""Green Background ""}]"
1116,1359315,0xb6a3d2c9c87f5d645cdf4372655d7236f8ff827c20f29ae4287bd9d278ba8dea,"[{""trait_type"":""Glasses"",""value"":""Black Rectangular Glasses ""},{""trait_type"":""Hair"",""value"":""Red Messy Hair ""},{""trait_type"":""Mouth"",""value"":""Big Teeth ""},{""trait_type"":""Clothes"",""value"":""Green Tie ""},{""trait_type"":""Nerd"",""value"":""Fat Nerd ""},{""trait_type"":""Background"",""value"":""Orange Background ""}]"
1115,1359503,0xaa2350fb1608709d32f45012ac8c3ce7ff8eb4ea1fe3adfbfb4bc84db397b8f1,"[{""trait_type"":""Glasses"",""value"":""No Glasses ""},{""trait_type"":""Hair"",""value"":""Red Bowl cut ""},{""trait_type"":""Mouth"",""value"":""Smile ""},{""trait_type"":""Clothes"",""value"":""Green Tie ""},{""trait_type"":""Nerd"",""value"":""Skinny Nerd ""},{""trait_type"":""Background"",""value"":""Red Background ""}]"
1114,1359067,0x28ff77ac3a87d2c43cacbbac6026fabb203fb5984cf0f951a5bcaa1249d797ab,"[{""trait_type"":""Glasses"",""value"":""Blue Round Glasses ""},{""trait_type"":""Hair"",""value"":""Blonde Bowl cut ""},{""trait_type"":""Mouth"",""value"":""Smile ""},{""trait_type"":""Clothes"",""value"":""Green Tie ""},{""trait_type"":""Nerd"",""value"":""Fat Nerd ""},{""trait_type"":""Background"",""value"":""Orange Background ""}]"
1113,1360156,0x3759e9f09a6d66d50d483f2665a4875206920570eca2641160d18df0777765a8,"[{""trait_type"":""Glasses"",""value"":""Yellow Round Glasses ""},{""trait_type"":""Hair"",""value"":""Blonde Bowl cut ""},{""trait_type"":""Mouth"",""value"":""Smile ""},{""trait_type"":""Clothes"",""value"":""Yellow  T-Shirt ""},{""trait_type"":""Nerd"",""value"":""Fat Nerd ""},{""trait_type"":""Background"",""value"":""Blue Background ""}]"
1112,1359880,0xcfa29516976fb69acb6563c1341f6ffb42ec88e47385c6d6cc384811bea52f58,"[{""trait_type"":""Glasses"",""value"":""Yellow Round Glasses ""},{""trait_type"":""Hair"",""value"":""Red Messy Hair ""},{""trait_type"":""Mouth"",""value"":""Smile ""},{""trait_type"":""Clothes"",""value"":""Blue Tie ""},{""trait_type"":""Nerd"",""value"":""Fat Nerd ""},{""trait_type"":""Background"",""value"":""Yellow Background ""}]"
1111,1359007,0xfb88a684745ae300bb92ceadf5b2ff60f46a7a2d11f15d22e5274b415bbbc6ab,"[{""trait_type"":""Glasses"",""value"":""Red Rectangular Glasses ""},{""trait_type"":""Hair"",""value"":""Blonde Bowl cut ""},{""trait_type"":""Mouth"",""value"":""Braces ""},{""trait_type"":""Clothes"",""value"":""Green  T-Shirt ""},{""trait_type"":""Nerd"",""value"":""Skinny Nerd ""},{""trait_type"":""Background"",""value"":""Purple Background ""}]"
1110,1359329,0x75e92d5c1a28590e343d866742e6c22b5ec6055e09b3f7aa95b735789b49cbd6,"[{""trait_type"":""Glasses"",""value"":""Green Round Glasses ""},{""trait_type"":""Hair"",""value"":""Brown Short Hair ""},{""trait_type"":""Mouth"",""value"":""Smile ""},{""trait_type"":""Clothes"",""value"":""Yellow Tie ""},{""trait_type"":""Nerd"",""value"":""Skinny Nerd ""},{""trait_type"":""Background"",""value"":""Purple Background ""}]"
1109,1360758,0x33bf5f2cc76fa0a99f3731cd84f6e0d52e82db8450dfe0cbda1421c7f592936a,"[{""trait_type"":""Glasses"",""value"":""Green Rectangular Glasses ""},{""trait_type"":""Hair"",""value"":""Blonde Bowl cut ""},{""trait_type"":""Mouth"",""value"":""Braces ""},{""trait_type"":""Clothes"",""value"":""Red  T-Shirt ""},{""trait_type"":""Nerd"",""value"":""Fat Nerd ""},{""trait_type"":""Background"",""value"":""Green Background ""}]"
1108,1360717,0xb10b0de4d766a8978732bd44cdc3890a129ec728d6a952a2da2df1045c2c7bce,"[{""trait_type"":""Glasses"",""value"":""Green Rectangular Glasses ""},{""trait_type"":""Hair"",""value"":""Black Messy Hair ""},{""trait_type"":""Mouth"",""value"":""Big Teeth ""},{""trait_type"":""Clothes"",""value"":""Blue Shirt ""},{""trait_type"":""Nerd"",""value"":""Fat Nerd ""},{""trait_type"":""Background"",""value"":""Orange Background ""}]"
1107,1359942,0x58e71bec283ed84fca975684cdd55eed13318cd159659f6a8e13f0a025bcd2ec,"[{""trait_type"":""Glasses"",""value"":""Blue Rectangular Glasses ""},{""trait_type"":""Hair"",""value"":""Black Quiff Haircut ""},{""trait_type"":""Mouth"",""value"":""Big Teeth ""},{""trait_type"":""Clothes"",""value"":""Yellow Shirt ""},{""trait_type"":""Nerd"",""value"":""Skinny Nerd ""},{""trait_type"":""Background"",""value"":""Green Background ""}]"
1106,1359234,0x108ce676f89a8c6d13106c2f2b8b423a17bfe632a2d7e9f26e3fb36aa4a18f28,"[{""trait_type"":""Glasses"",""value"":""Yellow Round Glasses ""},{""trait_type"":""Hair"",""value"":""Black Short Hair ""},{""trait_type"":""Mouth"",""value"":""Braces ""},{""trait_type"":""Clothes"",""value"":""Purple Tie ""},{""trait_type"":""Nerd"",""value"":""Fat Nerd ""},{""trait_type"":""Background"",""value"":""Blue Background ""}]"
1105,1359814,0x534f4841689bcba07e17ef9f0888efc18fc7d363330ab974f2bcaad75f2610e2,"[{""trait_type"":""Glasses"",""value"":""No Glasses ""},{""trait_type"":""Hair"",""value"":""Black Messy Hair ""},{""trait_type"":""Mouth"",""value"":""Smile ""},{""trait_type"":""Clothes"",""value"":""Yellow  T-Shirt ""},{""trait_type"":""Nerd"",""value"":""Skinny Nerd ""},{""trait_type"":""Background"",""value"":""Blue Background ""}]"
1104,1359630,0xbbbdd97fbc40ea0e13453d0052a1561a02b4d1b136bf8359d3018cc0cefe75ca,"[{""trait_type"":""Glasses"",""value"":""Red Round Glasses ""},{""trait_type"":""Hair"",""value"":""Blonde Quiff Haircut ""},{""trait_type"":""Mouth"",""value"":""Smile ""},{""trait_type"":""Clothes"",""value"":""Yellow Tie ""},{""trait_type"":""Nerd"",""value"":""Fat Nerd ""},{""trait_type"":""Background"",""value"":""Green Background ""}]"
1103,1359298,0x855df15f42924da62b507de144d132283a75128182df42263375967735a468f3,"[{""trait_type"":""Glasses"",""value"":""Blue Round Glasses ""},{""trait_type"":""Hair"",""value"":""Blonde Bowl cut ""},{""trait_type"":""Mouth"",""value"":""Big Teeth ""},{""trait_type"":""Clothes"",""value"":""Purple  T-Shirt ""},{""trait_type"":""Nerd"",""value"":""Fat Nerd ""},{""trait_type"":""Background"",""value"":""Blue Background ""}]"
1102,1359823,0x6dde93ef8a5cad8037402f22d78cf122c89e17eb43c293597c7c2b7342f74c9a,"[{""trait_type"":""Glasses"",""value"":""Yellow Round Glasses ""},{""trait_type"":""Hair"",""value"":""Brown Bowl cut ""},{""trait_type"":""Mouth"",""value"":""Smile ""},{""trait_type"":""Clothes"",""value"":""Blue Tie ""},{""trait_type"":""Nerd"",""value"":""Skinny Nerd ""},{""trait_type"":""Background"",""value"":""Purple Background ""}]"
1101,1360423,0x6065c5dd47f332eaed855fedd0cdf1a5c7471e9142b29cf8003669262097959c,"[{""trait_type"":""Glasses"",""value"":""Blue Rectangular Glasses ""},{""trait_type"":""Hair"",""value"":""Red Messy Hair ""},{""trait_type"":""Mouth"",""value"":""Braces ""},{""trait_type"":""Clothes"",""value"":""Purple  T-Shirt ""},{""trait_type"":""Nerd"",""value"":""Skinny Nerd ""},{""trait_type"":""Background"",""value"":""Orange Background ""}]"
1100,1360565,0x34fdbfc851f92205d09a4cf8fe441747cf7f27d14ae2acc87f425192e947fbaf,"[{""trait_type"":""Glasses"",""value"":""No Glasses ""},{""trait_type"":""Hair"",""value"":""Brown Quiff Haircut ""},{""trait_type"":""Mouth"",""value"":""Big Teeth ""},{""trait_type"":""Clothes"",""value"":""Red Shirt ""},{""trait_type"":""Nerd"",""value"":""Fat Nerd ""},{""trait_type"":""Background"",""value"":""Orange Background ""}]"
1099,1359587,0x9e331adffcccf788bd87267f0e71ac993c76c047ba773266dc46e1be8fe017f4,"[{""trait_type"":""Glasses"",""value"":""No Glasses ""},{""trait_type"":""Hair"",""value"":""Black Bowl cut ""},{""trait_type"":""Mouth"",""value"":""Big Teeth ""},{""trait_type"":""Clothes"",""value"":""Blue Tie ""},{""trait_type"":""Nerd"",""value"":""Skinny Nerd ""},{""trait_type"":""Background"",""value"":""Green Background ""}]"
1098,1360034,0xc02e6508af401770cf92fce82e13b2425a34dc192bd29092e6c66399589b5bba,"[{""trait_type"":""Glasses"",""value"":""No Glasses ""},{""trait_type"":""Hair"",""value"":""Blonde Hair ""},{""trait_type"":""Mouth"",""value"":""Big Teeth ""},{""trait_type"":""Clothes"",""value"":""Blue Tie ""},{""trait_type"":""Nerd"",""value"":""Fat Nerd ""},{""trait_type"":""Background"",""value"":""Blue Background ""}]"
1097,1359936,0x9e5e351973dc887b423506531653cd63a24a26cf8be47ab5aa169386bd01a9eb,"[{""trait_type"":""Glasses"",""value"":""Red Round Glasses ""},{""trait_type"":""Hair"",""value"":""Red Short Hair ""},{""trait_type"":""Mouth"",""value"":""Smile ""},{""trait_type"":""Clothes"",""value"":""Yellow  T-Shirt ""},{""trait_type"":""Nerd"",""value"":""Fat Nerd ""},{""trait_type"":""Background"",""value"":""Cyan Background ""}]"
1096,1360704,0x9eee4e5fc55ef1a076c7f7ccd6cfd1975b7c91cfa6185ff053402437ef62c59b,"[{""trait_type"":""Glasses"",""value"":""Blue Rectangular Glasses ""},{""trait_type"":""Hair"",""value"":""Brown Quiff Haircut ""},{""trait_type"":""Mouth"",""value"":""Smile ""},{""trait_type"":""Clothes"",""value"":""Yellow  T-Shirt ""},{""trait_type"":""Nerd"",""value"":""Skinny Nerd ""},{""trait_type"":""Background"",""value"":""Cyan Background ""}]"
1095,1359578,0xbfbcb840c002f4ce97aaf868ea2b7e74b6a79cfb67622cb5c9d368f838d40038,"[{""trait_type"":""Glasses"",""value"":""Purple Rectangular Glasses ""},{""trait_type"":""Hair"",""value"":""Black Messy Hair ""},{""trait_type"":""Mouth"",""value"":""Braces ""},{""trait_type"":""Clothes"",""value"":""Yellow Shirt ""},{""trait_type"":""Nerd"",""value"":""Skinny Nerd ""},{""trait_type"":""Background"",""value"":""Cyan Background ""}]"
1094,1358764,0x35fcc52a3943d1361fe4d82600caf2165c92585c6f420b8e9521601d93eb4fbf,"[{""trait_type"":""Glasses"",""value"":""Blue Round Glasses ""},{""trait_type"":""Hair"",""value"":""Blonde Messy Hair ""},{""trait_type"":""Mouth"",""value"":""Smile ""},{""trait_type"":""Clothes"",""value"":""Yellow Shirt ""},{""trait_type"":""Nerd"",""value"":""Skinny Nerd ""},{""trait_type"":""Background"",""value"":""Yellow Background ""}]"
1093,1359905,0x3322fde8c390bf5af63c8e031d29ad941e268cec6a4b580d51df421e4aa923f4,"[{""trait_type"":""Glasses"",""value"":""No Glasses ""},{""trait_type"":""Hair"",""value"":""Red Quiff Haircut ""},{""trait_type"":""Mouth"",""value"":""Braces ""},{""trait_type"":""Clothes"",""value"":""Yellow Shirt ""},{""trait_type"":""Nerd"",""value"":""Skinny Nerd ""},{""trait_type"":""Background"",""value"":""Purple Background ""}]"
1092,1360471,0x2ba110af86c1992ef9cd7123a023ef7bcf23e09c2e4ef8ec766c60a1dad11a42,"[{""trait_type"":""Glasses"",""value"":""Red Round Glasses ""},{""trait_type"":""Hair"",""value"":""Black Hair ""},{""trait_type"":""Mouth"",""value"":""Braces ""},{""trait_type"":""Clothes"",""value"":""Blue Tie ""},{""trait_type"":""Nerd"",""value"":""Fat Nerd ""},{""trait_type"":""Background"",""value"":""Yellow Background ""}]"
1091,1359800,0xae53a6ee0d910db6a151af95184cc2709b427fe81bfc79e4470ed23ab378ad4c,"[{""trait_type"":""Glasses"",""value"":""White Rectangular Glasses ""},{""trait_type"":""Hair"",""value"":""Blonde Short Hair ""},{""trait_type"":""Mouth"",""value"":""Braces ""},{""trait_type"":""Clothes"",""value"":""Blue Shirt ""},{""trait_type"":""Nerd"",""value"":""Fat Nerd ""},{""trait_type"":""Background"",""value"":""Purple Background ""}]"
1090,1360192,0xe5cc2928b3b4764075564dfefb47aaaab2f36a9135e8efa3f3ada75ed77411fd,"[{""trait_type"":""Glasses"",""value"":""Green Round Glasses ""},{""trait_type"":""Hair"",""value"":""Brown Messy Hair ""},{""trait_type"":""Mouth"",""value"":""Braces ""},{""trait_type"":""Clothes"",""value"":""Yellow Shirt ""},{""trait_type"":""Nerd"",""value"":""Skinny Nerd ""},{""trait_type"":""Background"",""value"":""Cyan Background ""}]"
1089,1359818,0x9635163834d128a9daf31fc16e8b9c46b9e8482a1e3fb76d19abcb435a16ec45,"[{""trait_type"":""Glasses"",""value"":""Green Rectangular Glasses ""},{""trait_type"":""Hair"",""value"":""Red Messy Hair ""},{""trait_type"":""Mouth"",""value"":""Big Teeth ""},{""trait_type"":""Clothes"",""value"":""Blue Tie ""},{""trait_type"":""Nerd"",""value"":""Fat Nerd ""},{""trait_type"":""Background"",""value"":""Cyan Background ""}]"
1088,1359825,0xf79a9caaf3cade786da555e8d306cca164b839834b457241e9df2f0f7cd677b0,"[{""trait_type"":""Glasses"",""value"":""White Round Glasses ""},{""trait_type"":""Hair"",""value"":""Brown Quiff Haircut ""},{""trait_type"":""Mouth"",""value"":""Smile ""},{""trait_type"":""Clothes"",""value"":""Yellow  T-Shirt ""},{""trait_type"":""Nerd"",""value"":""Fat Nerd ""},{""trait_type"":""Background"",""value"":""Purple Background ""}]"
1087,1359294,0xb7a306a38ae11d973a139d29f3ba73f045b502d0725e37748c3b5089beaf10f6,"[{""trait_type"":""Glasses"",""value"":""White Rectangular Glasses ""},{""trait_type"":""Hair"",""value"":""Red Short Hair ""},{""trait_type"":""Mouth"",""value"":""Big Teeth ""},{""trait_type"":""Clothes"",""value"":""Green  T-Shirt ""},{""trait_type"":""Nerd"",""value"":""Skinny Nerd ""},{""trait_type"":""Background"",""value"":""Yellow Background ""}]"
1086,1359662,0xf88ebb00ccbad7d20063445d6558f4cd08e380f1e16105a09a37c99ee5bcae78,"[{""trait_type"":""Glasses"",""value"":""Blue Round Glasses ""},{""trait_type"":""Hair"",""value"":""Red Messy Hair ""},{""trait_type"":""Mouth"",""value"":""Smile ""},{""trait_type"":""Clothes"",""value"":""Green Tie ""},{""trait_type"":""Nerd"",""value"":""Skinny Nerd ""},{""trait_type"":""Background"",""value"":""Purple Background ""}]"
1085,1360245,0x2cd34c5677bba261a489b751da8d0dd5ef7027692e336e9eed8bdcb74f11c6ae,"[{""trait_type"":""Glasses"",""value"":""Yellow Round Glasses ""},{""trait_type"":""Hair"",""value"":""Brown Short Hair ""},{""trait_type"":""Mouth"",""value"":""Smile ""},{""trait_type"":""Clothes"",""value"":""Green  T-Shirt ""},{""trait_type"":""Nerd"",""value"":""Fat Nerd ""},{""trait_type"":""Background"",""value"":""Purple Background ""}]"
1084,1359053,0x6070ac8ab3815792f293cae3f3da186c1db932afd3e677ddb2c2fe3e1780c4fa,"[{""trait_type"":""Glasses"",""value"":""Black Round Glasses ""},{""trait_type"":""Hair"",""value"":""Blonde Bowl cut ""},{""trait_type"":""Mouth"",""value"":""Braces ""},{""trait_type"":""Clothes"",""value"":""Red Shirt ""},{""trait_type"":""Nerd"",""value"":""Skinny Nerd ""},{""trait_type"":""Background"",""value"":""Red Background ""}]"
1083,1359775,0xc03cd54be589e17b464a967255d90f225d0e2d0ade0fa6d6ecb2cd64b1059540,"[{""trait_type"":""Glasses"",""value"":""Yellow Rectangular Glasses ""},{""trait_type"":""Hair"",""value"":""Black Messy Hair ""},{""trait_type"":""Mouth"",""value"":""Braces ""},{""trait_type"":""Clothes"",""value"":""Yellow Tie ""},{""trait_type"":""Nerd"",""value"":""Skinny Nerd ""},{""trait_type"":""Background"",""value"":""Purple Background ""}]"
1082,1359932,0xe8f4fd52d7c9d26af3673344c66bb2744bda5c25e42974d1b63eb76f4b50fc0f,"[{""trait_type"":""Glasses"",""value"":""Red Round Glasses ""},{""trait_type"":""Hair"",""value"":""Brown Hair ""},{""trait_type"":""Mouth"",""value"":""Big Teeth ""},{""trait_type"":""Clothes"",""value"":""Red Shirt ""},{""trait_type"":""Nerd"",""value"":""Skinny Nerd ""},{""trait_type"":""Background"",""value"":""Blue Background ""}]"
1081,1358634,0x132af5e50604c57711e680f88466f201956feb60cc074a51ea7ca9ab9b4b47bc,"[{""trait_type"":""Glasses"",""value"":""White Round Glasses ""},{""trait_type"":""Hair"",""value"":""Red Quiff Haircut ""},{""trait_type"":""Mouth"",""value"":""Smile ""},{""trait_type"":""Clothes"",""value"":""Red Tie ""},{""trait_type"":""Nerd"",""value"":""Skinny Nerd ""},{""trait_type"":""Background"",""value"":""Cyan Background ""}]"
1080,1360698,0x11346e5427ff40fc4d1e6eb73c00232f4fc52fa4e94b0cc6c2741a7ce7cdaba0,"[{""trait_type"":""Glasses"",""value"":""Blue Round Glasses ""},{""trait_type"":""Hair"",""value"":""Black Bowl cut ""},{""trait_type"":""Mouth"",""value"":""Braces ""},{""trait_type"":""Clothes"",""value"":""Blue Shirt ""},{""trait_type"":""Nerd"",""value"":""Skinny Nerd ""},{""trait_type"":""Background"",""value"":""Green Background ""}]"
1079,1360014,0xcb93c25e60b6a1b6d5b6fee537f395a9a67c42c99a94ee31a89250b99a0828c9,"[{""trait_type"":""Glasses"",""value"":""No Glasses ""},{""trait_type"":""Hair"",""value"":""Blonde Quiff Haircut ""},{""trait_type"":""Mouth"",""value"":""Big Teeth ""},{""trait_type"":""Clothes"",""value"":""Red Shirt ""},{""trait_type"":""Nerd"",""value"":""Skinny Nerd ""},{""trait_type"":""Background"",""value"":""Blue Background ""}]"
1078,1359764,0x2f532c52927972ed2a8f748320a01c8cc2b8f4bd75707a88142e196fedae653f,"[{""trait_type"":""Glasses"",""value"":""White Round Glasses ""},{""trait_type"":""Hair"",""value"":""Brown Messy Hair ""},{""trait_type"":""Mouth"",""value"":""Big Teeth ""},{""trait_type"":""Clothes"",""value"":""Red Tie ""},{""trait_type"":""Nerd"",""value"":""Skinny Nerd ""},{""trait_type"":""Background"",""value"":""Orange Background ""}]"
1077,1360091,0x6c51580d94bbca6bfe4b4bca964115c4243a68e476f7332e3c735e874e165af6,"[{""trait_type"":""Glasses"",""value"":""Yellow Rectangular Glasses ""},{""trait_type"":""Hair"",""value"":""Red Messy Hair ""},{""trait_type"":""Mouth"",""value"":""Big Teeth ""},{""trait_type"":""Clothes"",""value"":""Green Tie ""},{""trait_type"":""Nerd"",""value"":""Skinny Nerd ""},{""trait_type"":""Background"",""value"":""Orange Background ""}]"
1076,1358660,0x57edb8986d1c1000dcc1617f7324b9e0f2602b8cfc9b83b2e1294bb8b7ef0c50,"[{""trait_type"":""Glasses"",""value"":""White Round Glasses ""},{""trait_type"":""Hair"",""value"":""Brown Hair ""},{""trait_type"":""Mouth"",""value"":""Smile ""},{""trait_type"":""Clothes"",""value"":""Blue  T-Shirt ""},{""trait_type"":""Nerd"",""value"":""Fat Nerd ""},{""trait_type"":""Background"",""value"":""Cyan Background ""}]"
1075,1359357,0x3a105dca06a38bfac11b9f6e47777cc262f8341635d042a93ca0365aa6cb6401,"[{""trait_type"":""Glasses"",""value"":""Red Round Glasses ""},{""trait_type"":""Hair"",""value"":""Brown Hair ""},{""trait_type"":""Mouth"",""value"":""Big Teeth ""},{""trait_type"":""Clothes"",""value"":""Purple  T-Shirt ""},{""trait_type"":""Nerd"",""value"":""Skinny Nerd ""},{""trait_type"":""Background"",""value"":""Orange Background ""}]"
1074,1359666,0xbd967243b5a03d394dc5b6484f0a7c01c41eeeca6a12b71bc176032d816273e0,"[{""trait_type"":""Glasses"",""value"":""Red Rectangular Glasses ""},{""trait_type"":""Hair"",""value"":""Red Bowl cut ""},{""trait_type"":""Mouth"",""value"":""Braces ""},{""trait_type"":""Clothes"",""value"":""Red Shirt ""},{""trait_type"":""Nerd"",""value"":""Fat Nerd ""},{""trait_type"":""Background"",""value"":""Blue Background ""}]"
1073,1360683,0x09ead57bf338b6108fd88878b1d116b63b367c34bede9ffdc5b0bb50ac5cd1bc,"[{""trait_type"":""Glasses"",""value"":""No Glasses ""},{""trait_type"":""Hair"",""value"":""Black Quiff Haircut ""},{""trait_type"":""Mouth"",""value"":""Braces ""},{""trait_type"":""Clothes"",""value"":""Yellow  T-Shirt ""},{""trait_type"":""Nerd"",""value"":""Fat Nerd ""},{""trait_type"":""Background"",""value"":""Yellow Background ""}]"
1072,1359746,0xe85c6e0a0d81f9dff763597c96bed8e5510f36a4f15be4ed626826d0777c0b00,"[{""trait_type"":""Glasses"",""value"":""No Glasses ""},{""trait_type"":""Hair"",""value"":""Blonde Bowl cut ""},{""trait_type"":""Mouth"",""value"":""Braces ""},{""trait_type"":""Clothes"",""value"":""Blue Shirt ""},{""trait_type"":""Nerd"",""value"":""Skinny Nerd ""},{""trait_type"":""Background"",""value"":""Blue Background ""}]"
1071,1358610,0x57d1f0b16c2b6a56c6bf8bb03e8ba981602b0447bffe05e530dfbcae4c90adbb,"[{""trait_type"":""Glasses"",""value"":""Purple Round Glasses ""},{""trait_type"":""Hair"",""value"":""Red Bowl cut ""},{""trait_type"":""Mouth"",""value"":""Big Teeth ""},{""trait_type"":""Clothes"",""value"":""Yellow Shirt ""},{""trait_type"":""Nerd"",""value"":""Skinny Nerd ""},{""trait_type"":""Background"",""value"":""Orange Background ""}]"
1070,1359082,0x4a02e2508d4d5777b28ee6e1a025f9e902afa433a0e82bbbe50271017ca6af02,"[{""trait_type"":""Glasses"",""value"":""No Glasses ""},{""trait_type"":""Hair"",""value"":""Brown Short Hair ""},{""trait_type"":""Mouth"",""value"":""Braces ""},{""trait_type"":""Clothes"",""value"":""Green Shirt ""},{""trait_type"":""Nerd"",""value"":""Skinny Nerd ""},{""trait_type"":""Background"",""value"":""Green Background ""}]"
1069,1359861,0x85f55423b954b6e7803bc26f33d41d6bb3939e25d608087bb44ead1aa2a6884f,"[{""trait_type"":""Glasses"",""value"":""Purple Rectangular Glasses ""},{""trait_type"":""Hair"",""value"":""Black Hair ""},{""trait_type"":""Mouth"",""value"":""Braces ""},{""trait_type"":""Clothes"",""value"":""Green Shirt ""},{""trait_type"":""Nerd"",""value"":""Fat Nerd ""},{""trait_type"":""Background"",""value"":""Yellow Background ""}]"
1068,1360708,0x588ab9cbc9d6d0995c55ee30453275fb34e1a00dfee8e9bdad47d907aed5891f,"[{""trait_type"":""Glasses"",""value"":""White Rectangular Glasses ""},{""trait_type"":""Hair"",""value"":""Red Messy Hair ""},{""trait_type"":""Mouth"",""value"":""Big Teeth ""},{""trait_type"":""Clothes"",""value"":""Blue Shirt ""},{""trait_type"":""Nerd"",""value"":""Fat Nerd ""},{""trait_type"":""Background"",""value"":""Blue Background ""}]"
1067,1358663,0x609ad07d221782220d6a78c586cb3baf6b9fbf13b8198d9cebe7ca019a1769e8,"[{""trait_type"":""Glasses"",""value"":""Blue Rectangular Glasses ""},{""trait_type"":""Hair"",""value"":""Brown Messy Hair ""},{""trait_type"":""Mouth"",""value"":""Smile ""},{""trait_type"":""Clothes"",""value"":""Yellow Shirt ""},{""trait_type"":""Nerd"",""value"":""Skinny Nerd ""},{""trait_type"":""Background"",""value"":""Green Background ""}]"
1066,1358499,0x59466c6913b39b172810f662015ce16323a1ed5515c25b6fe870b21a7afd69ae,"[{""trait_type"":""Glasses"",""value"":""Green Rectangular Glasses ""},{""trait_type"":""Hair"",""value"":""Brown Short Hair ""},{""trait_type"":""Mouth"",""value"":""Smile ""},{""trait_type"":""Clothes"",""value"":""Red  T-Shirt ""},{""trait_type"":""Nerd"",""value"":""Fat Nerd ""},{""trait_type"":""Background"",""value"":""Blue Background ""}]"
1065,1360556,0x15091749399fed08cf08c9b4cbbc10d3534b9dcc0eca9912e406061f642a45e7,"[{""trait_type"":""Glasses"",""value"":""Purple Round Glasses ""},{""trait_type"":""Hair"",""value"":""Red Messy Hair ""},{""trait_type"":""Mouth"",""value"":""Big Teeth ""},{""trait_type"":""Clothes"",""value"":""Purple  T-Shirt ""},{""trait_type"":""Nerd"",""value"":""Skinny Nerd ""},{""trait_type"":""Background"",""value"":""Cyan Background ""}]"
1064,1360333,0x6cfcc676efff4914be70c9241a2c1ebd8321fa91e116a15d298db9fb1080f04c,"[{""trait_type"":""Glasses"",""value"":""Red Rectangular Glasses ""},{""trait_type"":""Hair"",""value"":""Red Quiff Haircut ""},{""trait_type"":""Mouth"",""value"":""Braces ""},{""trait_type"":""Clothes"",""value"":""Red Tie ""},{""trait_type"":""Nerd"",""value"":""Skinny Nerd ""},{""trait_type"":""Background"",""value"":""Green Background ""}]"
1063,1359256,0x221b274a189928ddac0fc1d06f4f677aaaa6b1656442c971abe5f17440caca57,"[{""trait_type"":""Glasses"",""value"":""Blue Rectangular Glasses ""},{""trait_type"":""Hair"",""value"":""Black Short Hair ""},{""trait_type"":""Mouth"",""value"":""Smile ""},{""trait_type"":""Clothes"",""value"":""Blue Shirt ""},{""trait_type"":""Nerd"",""value"":""Skinny Nerd ""},{""trait_type"":""Background"",""value"":""Green Background ""}]"
1062,1360284,0x82ff04c20fa43e204170e71c51b26923f2a531e169972e6a7221ea7c514662a5,"[{""trait_type"":""Glasses"",""value"":""Red Rectangular Glasses ""},{""trait_type"":""Hair"",""value"":""Blonde Messy Hair ""},{""trait_type"":""Mouth"",""value"":""Big Teeth ""},{""trait_type"":""Clothes"",""value"":""Purple Tie ""},{""trait_type"":""Nerd"",""value"":""Skinny Nerd ""},{""trait_type"":""Background"",""value"":""Orange Background ""}]"
1061,1358506,0xd5a6469223e72196ee7bcc7bd0213e61158dc9e20e498b6ddf3e0c4a729c692b,"[{""trait_type"":""Glasses"",""value"":""Red Round Glasses ""},{""trait_type"":""Hair"",""value"":""Red Hair ""},{""trait_type"":""Mouth"",""value"":""Big Teeth ""},{""trait_type"":""Clothes"",""value"":""Green Tie ""},{""trait_type"":""Nerd"",""value"":""Skinny Nerd ""},{""trait_type"":""Background"",""value"":""Cyan Background ""}]"
1060,1360302,0x422b013dea667365883450b3942d8ff1852ac55d04177b96404da00207c6ab75,"[{""trait_type"":""Glasses"",""value"":""Red Rectangular Glasses ""},{""trait_type"":""Hair"",""value"":""Black Short Hair ""},{""trait_type"":""Mouth"",""value"":""Big Teeth ""},{""trait_type"":""Clothes"",""value"":""Blue  T-Shirt ""},{""trait_type"":""Nerd"",""value"":""Fat Nerd ""},{""trait_type"":""Background"",""value"":""Orange Background ""}]"
1059,1358695,0x783bfa23577e7fcac88ccb35aa19e9b87851ee471685eac18f995d2d6927552e,"[{""trait_type"":""Glasses"",""value"":""Purple Round Glasses ""},{""trait_type"":""Hair"",""value"":""Brown Short Hair ""},{""trait_type"":""Mouth"",""value"":""Braces ""},{""trait_type"":""Clothes"",""value"":""Red Tie ""},{""trait_type"":""Nerd"",""value"":""Skinny Nerd ""},{""trait_type"":""Background"",""value"":""Red Background ""}]"
1058,1359516,0x74620aa848507c7b6ea0d9af362b7bf5a5ad5d2c8233dedc0be9af7b765c9e2b,"[{""trait_type"":""Glasses"",""value"":""Blue Round Glasses ""},{""trait_type"":""Hair"",""value"":""Blonde Bowl cut ""},{""trait_type"":""Mouth"",""value"":""Braces ""},{""trait_type"":""Clothes"",""value"":""Green  T-Shirt ""},{""trait_type"":""Nerd"",""value"":""Fat Nerd ""},{""trait_type"":""Background"",""value"":""Cyan Background ""}]"
1057,1360357,0x6ce1bc91d3f7fb4b6dc0fc01b0bf40ea9d739f8a236b7b3ba6f5010ab1f9baa8,"[{""trait_type"":""Glasses"",""value"":""Blue Rectangular Glasses ""},{""trait_type"":""Hair"",""value"":""Brown Messy Hair ""},{""trait_type"":""Mouth"",""value"":""Braces ""},{""trait_type"":""Clothes"",""value"":""Purple  T-Shirt ""},{""trait_type"":""Nerd"",""value"":""Skinny Nerd ""},{""trait_type"":""Background"",""value"":""Yellow Background ""}]"
1056,1360493,0x55f7ea6bd94444a1cc37fc5abe3ff2116eb99cf54d0a1185d942a6329edff1f2,"[{""trait_type"":""Glasses"",""value"":""Green Round Glasses ""},{""trait_type"":""Hair"",""value"":""Black Hair ""},{""trait_type"":""Mouth"",""value"":""Smile ""},{""trait_type"":""Clothes"",""value"":""Blue Tie ""},{""trait_type"":""Nerd"",""value"":""Skinny Nerd ""},{""trait_type"":""Background"",""value"":""Red Background ""}]"
1055,1360530,0xb35caf960a7cc98232896be5a94f149edb372946a911b50ae8728c1aa5954684,"[{""trait_type"":""Glasses"",""value"":""Green Round Glasses ""},{""trait_type"":""Hair"",""value"":""Black Short Hair ""},{""trait_type"":""Mouth"",""value"":""Big Teeth ""},{""trait_type"":""Clothes"",""value"":""Blue Shirt ""},{""trait_type"":""Nerd"",""value"":""Skinny Nerd ""},{""trait_type"":""Background"",""value"":""Red Background ""}]"
1054,1360716,0xd780e73f0754f8d1ef21731ab4542a56b4cbfde5d0fed9f86c914e136d20d07f,"[{""trait_type"":""Glasses"",""value"":""Green Round Glasses ""},{""trait_type"":""Hair"",""value"":""Brown Short Hair ""},{""trait_type"":""Mouth"",""value"":""Braces ""},{""trait_type"":""Clothes"",""value"":""Green  T-Shirt ""},{""trait_type"":""Nerd"",""value"":""Fat Nerd ""},{""trait_type"":""Background"",""value"":""Cyan Background ""}]"
1053,1360323,0xfe1af97b6f76e1f8d251f126bc51e88a1d9c8066fa417575e1aeec53d3dc5e51,"[{""trait_type"":""Glasses"",""value"":""Blue Round Glasses ""},{""trait_type"":""Hair"",""value"":""Black Quiff Haircut ""},{""trait_type"":""Mouth"",""value"":""Braces ""},{""trait_type"":""Clothes"",""value"":""Red  T-Shirt ""},{""trait_type"":""Nerd"",""value"":""Fat Nerd ""},{""trait_type"":""Background"",""value"":""Blue Background ""}]"
1052,1358723,0x6a034859de20a1671aa4a0429930a38b53b2e3824ad1514b71d16c4f264ac48f,"[{""trait_type"":""Glasses"",""value"":""White Round Glasses ""},{""trait_type"":""Hair"",""value"":""Black Hair ""},{""trait_type"":""Mouth"",""value"":""Braces ""},{""trait_type"":""Clothes"",""value"":""Purple Tie ""},{""trait_type"":""Nerd"",""value"":""Skinny Nerd ""},{""trait_type"":""Background"",""value"":""Red Background ""}]"
1051,1360441,0xf1dba7176547b99b0717ef6d38cde35fd656f9e9b044d61c5405b2f97e6cb9f1,"[{""trait_type"":""Glasses"",""value"":""No Glasses ""},{""trait_type"":""Hair"",""value"":""Brown Bowl cut ""},{""trait_type"":""Mouth"",""value"":""Braces ""},{""trait_type"":""Clothes"",""value"":""Yellow Tie ""},{""trait_type"":""Nerd"",""value"":""Skinny Nerd ""},{""trait_type"":""Background"",""value"":""Orange Background ""}]"
1050,1360324,0x83ff72f8618c064ab8fa4ee4f68c1ed78f0ac8aed4519aee41cd5f69d3583543,"[{""trait_type"":""Glasses"",""value"":""Yellow Rectangular Glasses ""},{""trait_type"":""Hair"",""value"":""Red Quiff Haircut ""},{""trait_type"":""Mouth"",""value"":""Braces ""},{""trait_type"":""Clothes"",""value"":""Yellow  T-Shirt ""},{""trait_type"":""Nerd"",""value"":""Skinny Nerd ""},{""trait_type"":""Background"",""value"":""Purple Background ""}]"
1049,1360201,0xa4ef52e671beb655e9d2bd1998738c616525828737562829d8c8fa62bb8d9ab5,"[{""trait_type"":""Glasses"",""value"":""Purple Rectangular Glasses ""},{""trait_type"":""Hair"",""value"":""Black Short Hair ""},{""trait_type"":""Mouth"",""value"":""Big Teeth ""},{""trait_type"":""Clothes"",""value"":""Red Shirt ""},{""trait_type"":""Nerd"",""value"":""Fat Nerd ""},{""trait_type"":""Background"",""value"":""Yellow Background ""}]"
1048,1360743,0x71c884555d03cd70ab409d1c0db93d80f880cbecd2a7c351110c319179a1b2fb,"[{""trait_type"":""Glasses"",""value"":""Red Round Glasses ""},{""trait_type"":""Hair"",""value"":""Brown Bowl cut ""},{""trait_type"":""Mouth"",""value"":""Smile ""},{""trait_type"":""Clothes"",""value"":""Green Shirt ""},{""trait_type"":""Nerd"",""value"":""Fat Nerd ""},{""trait_type"":""Background"",""value"":""Cyan Background ""}]"
1047,1358572,0x0a56774613fc77b3875e33dc15ad7c6e60bd65b43e253a3bfc21d5e6d10197f8,"[{""trait_type"":""Glasses"",""value"":""Green Round Glasses ""},{""trait_type"":""Hair"",""value"":""Black Hair ""},{""trait_type"":""Mouth"",""value"":""Big Teeth ""},{""trait_type"":""Clothes"",""value"":""Green Tie ""},{""trait_type"":""Nerd"",""value"":""Fat Nerd ""},{""trait_type"":""Background"",""value"":""Red Background ""}]"
1046,1359782,0x0b12c0ff07cc6dbbc3f3ac9656e6e44d8a17fca85fab631d3a6c48ce519adae5,"[{""trait_type"":""Glasses"",""value"":""White Round Glasses ""},{""trait_type"":""Hair"",""value"":""Blonde Short Hair ""},{""trait_type"":""Mouth"",""value"":""Smile ""},{""trait_type"":""Clothes"",""value"":""Yellow Tie ""},{""trait_type"":""Nerd"",""value"":""Fat Nerd ""},{""trait_type"":""Background"",""value"":""Yellow Background ""}]"
1045,1360644,0x77d736d6d4722de7fb8357bc4ae156f924fbc085a5fcfe669c3876768b6f0144,"[{""trait_type"":""Glasses"",""value"":""White Rectangular Glasses ""},{""trait_type"":""Hair"",""value"":""Brown Bowl cut ""},{""trait_type"":""Mouth"",""value"":""Big Teeth ""},{""trait_type"":""Clothes"",""value"":""Green  T-Shirt ""},{""trait_type"":""Nerd"",""value"":""Skinny Nerd ""},{""trait_type"":""Background"",""value"":""Purple Background ""}]"
1044,1359128,0x615908346bcd4423bd9826918b700b17a4e10bab0029c1bc577caea618a5a5aa,"[{""trait_type"":""Glasses"",""value"":""Black Rectangular Glasses ""},{""trait_type"":""Hair"",""value"":""Red Hair ""},{""trait_type"":""Mouth"",""value"":""Braces ""},{""trait_type"":""Clothes"",""value"":""Yellow Shirt ""},{""trait_type"":""Nerd"",""value"":""Skinny Nerd ""},{""trait_type"":""Background"",""value"":""Orange Background ""}]"
1043,1359895,0x6725b1932a65f9d54c9651ac95e19a4824c17a36e44aa41ca1e716c234fa2345,"[{""trait_type"":""Glasses"",""value"":""White Round Glasses ""},{""trait_type"":""Hair"",""value"":""Blonde Short Hair ""},{""trait_type"":""Mouth"",""value"":""Braces ""},{""trait_type"":""Clothes"",""value"":""Green  T-Shirt ""},{""trait_type"":""Nerd"",""value"":""Fat Nerd ""},{""trait_type"":""Background"",""value"":""Blue Background ""}]"
1042,1360432,0x2801a82171ddda2411203d91f667bf0df98ae818ea10c661f5a63bbc717a6d06,"[{""trait_type"":""Glasses"",""value"":""Purple Rectangular Glasses ""},{""trait_type"":""Hair"",""value"":""Brown Bowl cut ""},{""trait_type"":""Mouth"",""value"":""Big Teeth ""},{""trait_type"":""Clothes"",""value"":""Purple  T-Shirt ""},{""trait_type"":""Nerd"",""value"":""Fat Nerd ""},{""trait_type"":""Background"",""value"":""Orange Background ""}]"
1041,1359733,0xb8d64d5aa6a2362c4c40c448f82eccb9d0859bc72a500b1920205b863ef82a14,"[{""trait_type"":""Glasses"",""value"":""Black Rectangular Glasses ""},{""trait_type"":""Hair"",""value"":""Brown Bowl cut ""},{""trait_type"":""Mouth"",""value"":""Braces ""},{""trait_type"":""Clothes"",""value"":""Blue  T-Shirt ""},{""trait_type"":""Nerd"",""value"":""Fat Nerd ""},{""trait_type"":""Background"",""value"":""Yellow Background ""}]"
1040,1359841,0x0f2e9ac522bde79595cf6f3ab638d93fcc4c041b601e8083f3cc1868da4f541c,"[{""trait_type"":""Glasses"",""value"":""No Glasses ""},{""trait_type"":""Hair"",""value"":""Brown Messy Hair ""},{""trait_type"":""Mouth"",""value"":""Braces ""},{""trait_type"":""Clothes"",""value"":""Yellow Tie ""},{""trait_type"":""Nerd"",""value"":""Skinny Nerd ""},{""trait_type"":""Background"",""value"":""Purple Background ""}]"
1039,1359407,0xb271658fda9ca8534600d86d7d07b15afa3a97d106b0ce83ddd1860e6ce32563,"[{""trait_type"":""Glasses"",""value"":""White Rectangular Glasses ""},{""trait_type"":""Hair"",""value"":""Blonde Quiff Haircut ""},{""trait_type"":""Mouth"",""value"":""Big Teeth ""},{""trait_type"":""Clothes"",""value"":""Green Tie ""},{""trait_type"":""Nerd"",""value"":""Skinny Nerd ""},{""trait_type"":""Background"",""value"":""Purple Background ""}]"
1038,1359178,0x2a2c5d3a9b50d79d4b6651b9b6feb38beebf8ba102bacb2a7ed10f3411add50a,"[{""trait_type"":""Glasses"",""value"":""Blue Rectangular Glasses ""},{""trait_type"":""Hair"",""value"":""Blonde Hair ""},{""trait_type"":""Mouth"",""value"":""Smile ""},{""trait_type"":""Clothes"",""value"":""Purple  T-Shirt ""},{""trait_type"":""Nerd"",""value"":""Fat Nerd ""},{""trait_type"":""Background"",""value"":""Red Background ""}]"
1037,1359384,0x61320eed22045af51332f43b2b34cabc4984825d6d9905a71d06507acda10547,"[{""trait_type"":""Glasses"",""value"":""Yellow Round Glasses ""},{""trait_type"":""Hair"",""value"":""Brown Quiff Haircut ""},{""trait_type"":""Mouth"",""value"":""Braces ""},{""trait_type"":""Clothes"",""value"":""Blue  T-Shirt ""},{""trait_type"":""Nerd"",""value"":""Fat Nerd ""},{""trait_type"":""Background"",""value"":""Red Background ""}]"
1036,1358530,0x1410321389497e7875763e7a77cea1e138326faabcc5fbdd00a32233cc81d7f0,"[{""trait_type"":""Glasses"",""value"":""White Round Glasses ""},{""trait_type"":""Hair"",""value"":""Red Messy Hair ""},{""trait_type"":""Mouth"",""value"":""Braces ""},{""trait_type"":""Clothes"",""value"":""Purple  T-Shirt ""},{""trait_type"":""Nerd"",""value"":""Skinny Nerd ""},{""trait_type"":""Background"",""value"":""Red Background ""}]"
1035,1358750,0x967276c926b52eca2c5e05a82ff50135831725e2df82549fda841c35564453f3,"[{""trait_type"":""Glasses"",""value"":""No Glasses ""},{""trait_type"":""Hair"",""value"":""Brown Messy Hair ""},{""trait_type"":""Mouth"",""value"":""Smile ""},{""trait_type"":""Clothes"",""value"":""Purple  T-Shirt ""},{""trait_type"":""Nerd"",""value"":""Fat Nerd ""},{""trait_type"":""Background"",""value"":""Green Background ""}]"
1034,1360496,0xd1dacfb17d755b9189a4fa16bbe3f7184eb571b5b5da40087661a1507fdded68,"[{""trait_type"":""Glasses"",""value"":""Red Rectangular Glasses ""},{""trait_type"":""Hair"",""value"":""Brown Hair ""},{""trait_type"":""Mouth"",""value"":""Braces ""},{""trait_type"":""Clothes"",""value"":""Yellow  T-Shirt ""},{""trait_type"":""Nerd"",""value"":""Skinny Nerd ""},{""trait_type"":""Background"",""value"":""Red Background ""}]"
1033,1360752,0xdda45942d43e1b3776f47949031fd1937b7487904389d352fa80ff71cd5a96a8,"[{""trait_type"":""Glasses"",""value"":""White Rectangular Glasses ""},{""trait_type"":""Hair"",""value"":""Red Hair ""},{""trait_type"":""Mouth"",""value"":""Smile ""},{""trait_type"":""Clothes"",""value"":""Blue Shirt ""},{""trait_type"":""Nerd"",""value"":""Fat Nerd ""},{""trait_type"":""Background"",""value"":""Green Background ""}]"
1032,1358797,0x75eb00c4fc09241d0addd3248af06e1b23050ee7f4efc5a06314c69401ccf9f1,"[{""trait_type"":""Glasses"",""value"":""White Round Glasses ""},{""trait_type"":""Hair"",""value"":""Brown Hair ""},{""trait_type"":""Mouth"",""value"":""Braces ""},{""trait_type"":""Clothes"",""value"":""Green Tie ""},{""trait_type"":""Nerd"",""value"":""Fat Nerd ""},{""trait_type"":""Background"",""value"":""Blue Background ""}]"
1031,1359125,0xbb4131c50ff580038d98163c2b487e7084c8e8a76cd956ead79a4dc5cbe7be61,"[{""trait_type"":""Glasses"",""value"":""Purple Round Glasses ""},{""trait_type"":""Hair"",""value"":""Red Short Hair ""},{""trait_type"":""Mouth"",""value"":""Braces ""},{""trait_type"":""Clothes"",""value"":""Blue Tie ""},{""trait_type"":""Nerd"",""value"":""Skinny Nerd ""},{""trait_type"":""Background"",""value"":""Green Background ""}]"
1030,1359371,0xe4608d9a16b2590da35084a25ddc527f11597935458926eb8b5956fc8b6ebd94,"[{""trait_type"":""Glasses"",""value"":""Yellow Rectangular Glasses ""},{""trait_type"":""Hair"",""value"":""Red Bowl cut ""},{""trait_type"":""Mouth"",""value"":""Big Teeth ""},{""trait_type"":""Clothes"",""value"":""Red Shirt ""},{""trait_type"":""Nerd"",""value"":""Skinny Nerd ""},{""trait_type"":""Background"",""value"":""Cyan Background ""}]"
1029,1359923,0xe0992d243c92b6f00590dd9a7f4d5d5d60763a80bdb2d3914a86bc48b67f3ce4,"[{""trait_type"":""Glasses"",""value"":""Purple Rectangular Glasses ""},{""trait_type"":""Hair"",""value"":""Black Hair ""},{""trait_type"":""Mouth"",""value"":""Braces ""},{""trait_type"":""Clothes"",""value"":""Purple  T-Shirt ""},{""trait_type"":""Nerd"",""value"":""Skinny Nerd ""},{""trait_type"":""Background"",""value"":""Red Background ""}]"
1028,1359851,0xb0a5b7cc14acea846ec9095d614d6d9ac46f7a2ab95ea830762342eeebf20c39,"[{""trait_type"":""Glasses"",""value"":""No Glasses ""},{""trait_type"":""Hair"",""value"":""Red Hair ""},{""trait_type"":""Mouth"",""value"":""Smile ""},{""trait_type"":""Clothes"",""value"":""Blue Tie ""},{""trait_type"":""Nerd"",""value"":""Skinny Nerd ""},{""trait_type"":""Background"",""value"":""Blue Background ""}]"
1027,1358669,0xa6d92bbaa73fcbb8f88128f489eaf50bb1a138f4f28cf14f048ff96b936c43a4,"[{""trait_type"":""Glasses"",""value"":""Blue Round Glasses ""},{""trait_type"":""Hair"",""value"":""Brown Short Hair ""},{""trait_type"":""Mouth"",""value"":""Braces ""},{""trait_type"":""Clothes"",""value"":""Yellow Shirt ""},{""trait_type"":""Nerd"",""value"":""Skinny Nerd ""},{""trait_type"":""Background"",""value"":""Orange Background ""}]"
1026,1358639,0xf9cbf1cc2056da7dab4cc087e0d7ca38a0538277cc43b855ce7efeb9a245ee19,"[{""trait_type"":""Glasses"",""value"":""White Round Glasses ""},{""trait_type"":""Hair"",""value"":""Red Quiff Haircut ""},{""trait_type"":""Mouth"",""value"":""Smile ""},{""trait_type"":""Clothes"",""value"":""Red Shirt ""},{""trait_type"":""Nerd"",""value"":""Fat Nerd ""},{""trait_type"":""Background"",""value"":""Green Background ""}]"
1025,1359046,0x3d4414a3be699ab35ddafea5846f9e41d7d0ca66350a0b9e80e9719d8b23ea58,"[{""trait_type"":""Glasses"",""value"":""No Glasses ""},{""trait_type"":""Hair"",""value"":""Blonde Hair ""},{""trait_type"":""Mouth"",""value"":""Smile ""},{""trait_type"":""Clothes"",""value"":""Red  T-Shirt ""},{""trait_type"":""Nerd"",""value"":""Fat Nerd ""},{""trait_type"":""Background"",""value"":""Red Background ""}]"
1024,1360417,0x49213a2c3ede56bece6c0783a5efea9a7019d953f8eed22edac7aa2e1ad20870,"[{""trait_type"":""Glasses"",""value"":""Green Rectangular Glasses ""},{""trait_type"":""Hair"",""value"":""Brown Hair ""},{""trait_type"":""Mouth"",""value"":""Smile ""},{""trait_type"":""Clothes"",""value"":""Green Shirt ""},{""trait_type"":""Nerd"",""value"":""Skinny Nerd ""},{""trait_type"":""Background"",""value"":""Orange Background ""}]"
1023,1360561,0xe519af8a30c911e70449a6fcc688a14c3075b9b5361edd172e38f3327c9237bf,"[{""trait_type"":""Glasses"",""value"":""Yellow Round Glasses ""},{""trait_type"":""Hair"",""value"":""Red Messy Hair ""},{""trait_type"":""Mouth"",""value"":""Smile ""},{""trait_type"":""Clothes"",""value"":""Blue Shirt ""},{""trait_type"":""Nerd"",""value"":""Skinny Nerd ""},{""trait_type"":""Background"",""value"":""Orange Background ""}]"
1022,1359351,0xa1b3f9d19aa5a224e1f550a43968d557ff0f762780f5dce0abee102bd587facd,"[{""trait_type"":""Glasses"",""value"":""Yellow Round Glasses ""},{""trait_type"":""Hair"",""value"":""Red Messy Hair ""},{""trait_type"":""Mouth"",""value"":""Smile ""},{""trait_type"":""Clothes"",""value"":""Purple Tie ""},{""trait_type"":""Nerd"",""value"":""Fat Nerd ""},{""trait_type"":""Background"",""value"":""Purple Background ""}]"
1021,1358932,0x2b05a1e87d1ca399d2943af7b731e07cd1907950b8f9f531759d6e1392d1e5b2,"[{""trait_type"":""Glasses"",""value"":""No Glasses ""},{""trait_type"":""Hair"",""value"":""Black Short Hair ""},{""trait_type"":""Mouth"",""value"":""Big Teeth ""},{""trait_type"":""Clothes"",""value"":""Green Shirt ""},{""trait_type"":""Nerd"",""value"":""Fat Nerd ""},{""trait_type"":""Background"",""value"":""Green Background ""}]"
1020,1360232,0xd9aea144b05d48e809f92f494e8cb5c10b3c91f5995b15ca39f3d80f4fcb634d,"[{""trait_type"":""Glasses"",""value"":""Yellow Round Glasses ""},{""trait_type"":""Hair"",""value"":""Black Messy Hair ""},{""trait_type"":""Mouth"",""value"":""Big Teeth ""},{""trait_type"":""Clothes"",""value"":""Yellow  T-Shirt ""},{""trait_type"":""Nerd"",""value"":""Fat Nerd ""},{""trait_type"":""Background"",""value"":""Red Background ""}]"
1019,1360116,0x7e0a97efbc435da851de78ee13b7f59bab6ed67d452caba2290e4866aca4db2d,"[{""trait_type"":""Glasses"",""value"":""Red Rectangular Glasses ""},{""trait_type"":""Hair"",""value"":""Blonde Messy Hair ""},{""trait_type"":""Mouth"",""value"":""Big Teeth ""},{""trait_type"":""Clothes"",""value"":""Green Tie ""},{""trait_type"":""Nerd"",""value"":""Fat Nerd ""},{""trait_type"":""Background"",""value"":""Yellow Background ""}]"
1018,1359323,0x2eea6f978926334e3d6583bedd4a556cd8d0944c4038a0df04cd1390a2baee0b,"[{""trait_type"":""Glasses"",""value"":""Green Rectangular Glasses ""},{""trait_type"":""Hair"",""value"":""Red Quiff Haircut ""},{""trait_type"":""Mouth"",""value"":""Braces ""},{""trait_type"":""Clothes"",""value"":""Yellow  T-Shirt ""},{""trait_type"":""Nerd"",""value"":""Fat Nerd ""},{""trait_type"":""Background"",""value"":""Blue Background ""}]"
1017,1358889,0x5e47efedafbb2206d7a6e0a9f38b617254059126ec74217c961f0ff7035b087d,"[{""trait_type"":""Glasses"",""value"":""Purple Round Glasses ""},{""trait_type"":""Hair"",""value"":""Black Hair ""},{""trait_type"":""Mouth"",""value"":""Braces ""},{""trait_type"":""Clothes"",""value"":""Blue  T-Shirt ""},{""trait_type"":""Nerd"",""value"":""Fat Nerd ""},{""trait_type"":""Background"",""value"":""Green Background ""}]"
1016,1359441,0x738c3c27fb69ab382548597cc9ed61b03ff633f2dddb3212d4c9f71289c28d15,"[{""trait_type"":""Glasses"",""value"":""Red Rectangular Glasses ""},{""trait_type"":""Hair"",""value"":""Brown Bowl cut ""},{""trait_type"":""Mouth"",""value"":""Big Teeth ""},{""trait_type"":""Clothes"",""value"":""Purple  T-Shirt ""},{""trait_type"":""Nerd"",""value"":""Skinny Nerd ""},{""trait_type"":""Background"",""value"":""Blue Background ""}]"
1015,1359889,0x125fb2544b4b8ad13b375516896272d75d84112b460332f84ced96d049280ca0,"[{""trait_type"":""Glasses"",""value"":""Yellow Round Glasses ""},{""trait_type"":""Hair"",""value"":""Brown Messy Hair ""},{""trait_type"":""Mouth"",""value"":""Braces ""},{""trait_type"":""Clothes"",""value"":""Red  T-Shirt ""},{""trait_type"":""Nerd"",""value"":""Skinny Nerd ""},{""trait_type"":""Background"",""value"":""Red Background ""}]"
1014,1358455,0x2e6969fc310495758ead5320b3df71b71c455b360ccbdab9822673098246c9e1,"[{""trait_type"":""Glasses"",""value"":""Red Rectangular Glasses ""},{""trait_type"":""Hair"",""value"":""Brown Messy Hair ""},{""trait_type"":""Mouth"",""value"":""Big Teeth ""},{""trait_type"":""Clothes"",""value"":""Yellow  T-Shirt ""},{""trait_type"":""Nerd"",""value"":""Fat Nerd ""},{""trait_type"":""Background"",""value"":""Yellow Background ""}]"
1013,1359644,0xe712b81e66ddd2cde1ed92bc603138154edcd86cc1ada2e0e42a3295b5409f3e,"[{""trait_type"":""Glasses"",""value"":""Green Round Glasses ""},{""trait_type"":""Hair"",""value"":""Black Messy Hair ""},{""trait_type"":""Mouth"",""value"":""Braces ""},{""trait_type"":""Clothes"",""value"":""Red Tie ""},{""trait_type"":""Nerd"",""value"":""Fat Nerd ""},{""trait_type"":""Background"",""value"":""Yellow Background ""}]"
1012,1359900,0xf3746e4de5ca8adbcfbc05eaa133fc83077013ad279b4643600c322807d05c7b,"[{""trait_type"":""Glasses"",""value"":""Yellow Round Glasses ""},{""trait_type"":""Hair"",""value"":""Brown Quiff Haircut ""},{""trait_type"":""Mouth"",""value"":""Smile ""},{""trait_type"":""Clothes"",""value"":""Blue  T-Shirt ""},{""trait_type"":""Nerd"",""value"":""Skinny Nerd ""},{""trait_type"":""Background"",""value"":""Cyan Background ""}]"
1011,1359858,0x1252979564d6fb5a15ea8003e31a8d486f954466d1948b2b2a8084bec966cb1d,"[{""trait_type"":""Glasses"",""value"":""White Rectangular Glasses ""},{""trait_type"":""Hair"",""value"":""Blonde Messy Hair ""},{""trait_type"":""Mouth"",""value"":""Smile ""},{""trait_type"":""Clothes"",""value"":""Purple  T-Shirt ""},{""trait_type"":""Nerd"",""value"":""Skinny Nerd ""},{""trait_type"":""Background"",""value"":""Green Background ""}]"
1010,1358492,0xe8172dd94b851d614072551ac05f1ccdb7a3b4f39ea24e8f12702f22edf769d4,"[{""trait_type"":""Glasses"",""value"":""Blue Rectangular Glasses ""},{""trait_type"":""Hair"",""value"":""Brown Messy Hair ""},{""trait_type"":""Mouth"",""value"":""Smile ""},{""trait_type"":""Clothes"",""value"":""Red  T-Shirt ""},{""trait_type"":""Nerd"",""value"":""Skinny Nerd ""},{""trait_type"":""Background"",""value"":""Red Background ""}]"
1009,1359348,0x6f56dab8971e4965a3dce0192f96682f03bb347e8dd08bd601caff29c3ef1e48,"[{""trait_type"":""Glasses"",""value"":""Red Rectangular Glasses ""},{""trait_type"":""Hair"",""value"":""Black Messy Hair ""},{""trait_type"":""Mouth"",""value"":""Big Teeth ""},{""trait_type"":""Clothes"",""value"":""Yellow Tie ""},{""trait_type"":""Nerd"",""value"":""Skinny Nerd ""},{""trait_type"":""Background"",""value"":""Purple Background ""}]"
1008,1359373,0x7b0580459a95bb69c4c703d3c0400ab3dc8f67d51d76ea199efb3cf0543ee8d3,"[{""trait_type"":""Glasses"",""value"":""Blue Round Glasses ""},{""trait_type"":""Hair"",""value"":""Brown Quiff Haircut ""},{""trait_type"":""Mouth"",""value"":""Braces ""},{""trait_type"":""Clothes"",""value"":""Blue  T-Shirt ""},{""trait_type"":""Nerd"",""value"":""Fat Nerd ""},{""trait_type"":""Background"",""value"":""Yellow Background ""}]"
1007,1359400,0xe0e0562fc80d1671b2f9151470cf36b7a85e8072d24a1aaef185494667572af7,"[{""trait_type"":""Glasses"",""value"":""White Round Glasses ""},{""trait_type"":""Hair"",""value"":""Black Short Hair ""},{""trait_type"":""Mouth"",""value"":""Braces ""},{""trait_type"":""Clothes"",""value"":""Green Shirt ""},{""trait_type"":""Nerd"",""value"":""Fat Nerd ""},{""trait_type"":""Background"",""value"":""Blue Background ""}]"
1006,1359267,0x3d0f494fc5b9df6490e7bd5a29a21e7baa0772fac350a715a8ebda1145fc160b,"[{""trait_type"":""Glasses"",""value"":""Red Round Glasses ""},{""trait_type"":""Hair"",""value"":""Red Short Hair ""},{""trait_type"":""Mouth"",""value"":""Braces ""},{""trait_type"":""Clothes"",""value"":""Purple  T-Shirt ""},{""trait_type"":""Nerd"",""value"":""Skinny Nerd ""},{""trait_type"":""Background"",""value"":""Yellow Background ""}]"
1005,1359981,0xcbaa455470d92acc9c1d8298eba9a19462bdc3957434e541f7c3fa2a3cc93e53,"[{""trait_type"":""Glasses"",""value"":""Purple Rectangular Glasses ""},{""trait_type"":""Hair"",""value"":""Red Messy Hair ""},{""trait_type"":""Mouth"",""value"":""Smile ""},{""trait_type"":""Clothes"",""value"":""Yellow  T-Shirt ""},{""trait_type"":""Nerd"",""value"":""Skinny Nerd ""},{""trait_type"":""Background"",""value"":""Purple Background ""}]"
1004,1359762,0x544ed3cdfeed4a653fb35c7d9a470c360d2e6ee4bd1c67c7f096f0710db05dbe,"[{""trait_type"":""Glasses"",""value"":""Purple Rectangular Glasses ""},{""trait_type"":""Hair"",""value"":""Blonde Messy Hair ""},{""trait_type"":""Mouth"",""value"":""Big Teeth ""},{""trait_type"":""Clothes"",""value"":""Blue Shirt ""},{""trait_type"":""Nerd"",""value"":""Fat Nerd ""},{""trait_type"":""Background"",""value"":""Blue Background ""}]"
1003,1358951,0x91c48ab643e77e1b8ddd8b099fb0f67eea00cee802378d510609711dd9253acb,"[{""trait_type"":""Glasses"",""value"":""Red Round Glasses ""},{""trait_type"":""Hair"",""value"":""Black Hair ""},{""trait_type"":""Mouth"",""value"":""Big Teeth ""},{""trait_type"":""Clothes"",""value"":""Green Shirt ""},{""trait_type"":""Nerd"",""value"":""Skinny Nerd ""},{""trait_type"":""Background"",""value"":""Purple Background ""}]"
1002,1360217,0x07428a35cdca723a6cb66dc32f9ae204053ddfe419c5358eb8c47e8eb2f72c03,"[{""trait_type"":""Glasses"",""value"":""Yellow Round Glasses ""},{""trait_type"":""Hair"",""value"":""Red Hair ""},{""trait_type"":""Mouth"",""value"":""Big Teeth ""},{""trait_type"":""Clothes"",""value"":""Red  T-Shirt ""},{""trait_type"":""Nerd"",""value"":""Skinny Nerd ""},{""trait_type"":""Background"",""value"":""Blue Background ""}]"
1001,1358688,0xfc733a9cf066f36df717626e63f014038ccd25194dfcce7f1359cc884542d2e3,"[{""trait_type"":""Glasses"",""value"":""Green Round Glasses ""},{""trait_type"":""Hair"",""value"":""Black Hair ""},{""trait_type"":""Mouth"",""value"":""Smile ""},{""trait_type"":""Clothes"",""value"":""Purple Tie ""},{""trait_type"":""Nerd"",""value"":""Skinny Nerd ""},{""trait_type"":""Background"",""value"":""Purple Background ""}]"
1000,1358794,0xde3109234b227c97d8a267bd06d502ea4591f4566e5db5adeeaef604bd76f49e,"[{""trait_type"":""Glasses"",""value"":""Green Round Glasses ""},{""trait_type"":""Hair"",""value"":""Brown Short Hair ""},{""trait_type"":""Mouth"",""value"":""Braces ""},{""trait_type"":""Clothes"",""value"":""Red Tie ""},{""trait_type"":""Nerd"",""value"":""Skinny Nerd ""},{""trait_type"":""Background"",""value"":""Blue Background ""}]"
999,1359509,0xf85283e9bb47bf55ed38a6e4db05e3d1b81c5f6628475c616a9676b9265d0fb3,"[{""trait_type"":""Glasses"",""value"":""Gray Round Glasses""},{""trait_type"":""Mouth"",""value"":""Pink Braces""},{""trait_type"":""Background"",""value"":""Moon""},{""trait_type"":""Body"",""value"":""Galaxy""},{""trait_type"":""Outfits"",""value"":""Red Tie""},{""trait_type"":""Hairs"",""value"":""Top Hat""}]"
998,1360588,0x77fd85e64d083295905e2f99c42a05f4c5e7c71716d7ec940a3f98f80eb1e523,"[{""trait_type"":""Glasses"",""value"":""Black VR""},{""trait_type"":""Mouth"",""value"":""Pink Braces""},{""trait_type"":""Background"",""value"":""Moon""},{""trait_type"":""Body"",""value"":""Zoombie""},{""trait_type"":""Outfits"",""value"":""Blue Shirt""},{""trait_type"":""Hairs"",""value"":""sombrero hat""}]"
997,1359805,0x41ab1ca9c0823127abe45942e1ac1d75d86663c76275c9667d918ec7c0336de3,"[{""trait_type"":""Glasses"",""value"":""VR""},{""trait_type"":""Mouth"",""value"":""Braces""},{""trait_type"":""Background"",""value"":""Sparkles""},{""trait_type"":""Body"",""value"":""Zoombie""},{""trait_type"":""Outfits"",""value"":""Blue Shirt 2""},{""trait_type"":""Hairs"",""value"":""Blonde Bowl cut""}]"
996,1358546,0x37106104c0c287b776358278001ebb850a2193a21d5270dcde2cb28ad744a31c,"[{""trait_type"":""Glasses"",""value"":""Green Round Glasses""},{""trait_type"":""Mouth"",""value"":""Smile""},{""trait_type"":""Background"",""value"":""Black with Red Pixels""},{""trait_type"":""Body"",""value"":""Fat Alien""},{""trait_type"":""Outfits"",""value"":""Purple Tie""},{""trait_type"":""Hairs"",""value"":""Mushroom Hat""}]"
995,1360211,0xe08de2689ceae0f9d7b4393d1c1d73784ab7c4d83b661de53e8e6be187b659a1,"[{""trait_type"":""Glasses"",""value"":""Job Glasses""},{""trait_type"":""Mouth"",""value"":""Smile""},{""trait_type"":""Background"",""value"":""Green with Jay Force Symbol""},{""trait_type"":""Body"",""value"":""Fat""},{""trait_type"":""Outfits"",""value"":""Space Suit""},{""trait_type"":""Hairs"",""value"":""sombrero hat""}]"
994,1358698,0x28f437368ccfb2037aafada138610facb0031f203b7d55b6901cb92427c88778,"[{""trait_type"":""Glasses"",""value"":""Multicolored Glasses""},{""trait_type"":""Mouth"",""value"":""Cigerette""},{""trait_type"":""Background"",""value"":""Green with Jay Force Symbol""},{""trait_type"":""Body"",""value"":""Robotic""},{""trait_type"":""Outfits"",""value"":""Black Jacket""},{""trait_type"":""Hairs"",""value"":""Blonde Bowl cut""}]"
993,1358898,0x3835d44f3f3ff90d40155a009a03896a95a7fad444463abb26ce6f39a3e1a8c9,"[{""trait_type"":""Glasses"",""value"":""Green Round Glasses""},{""trait_type"":""Mouth"",""value"":""Pink Braces""},{""trait_type"":""Background"",""value"":""Night Scene""},{""trait_type"":""Body"",""value"":""Zoombie""},{""trait_type"":""Outfits"",""value"":""Black Suit ""},{""trait_type"":""Hairs"",""value"":""Santa Hat""}]"
992,1358871,0xdac2ae84f26b4e2b0b87979c7b3ea92052f5c4bd642874bac8e80e37138059be,"[{""trait_type"":""Glasses"",""value"":""Gray Round Glasses""},{""trait_type"":""Mouth"",""value"":""Cigerette""},{""trait_type"":""Background"",""value"":""Sparkels 2""},{""trait_type"":""Body"",""value"":""Golden Fat""},{""trait_type"":""Outfits"",""value"":""Green Shirt""},{""trait_type"":""Hairs"",""value"":""Red Messi Hairs""}]"
991,1360427,0x732396e05eeba0e54c7592c93ea8455df0afc501500f69b9ea6d79fcff905f1f,"[{""trait_type"":""Glasses"",""value"":""Job Glasses""},{""trait_type"":""Mouth"",""value"":""Cigerette""},{""trait_type"":""Background"",""value"":""Green with Jay Force Symbol""},{""trait_type"":""Body"",""value"":""Galaxy""},{""trait_type"":""Outfits"",""value"":""Orange Suit ""},{""trait_type"":""Hairs"",""value"":""Red Hairs""}]"
990,1360158,0xe513c627e3b7bed4a2c3ed28ee9ceec8fa40a7fd802246cbede8eebd05d2e72f,"[{""trait_type"":""Glasses"",""value"":""Purple Rectangular Glasses""},{""trait_type"":""Mouth"",""value"":""Smile""},{""trait_type"":""Background"",""value"":""Cloudy #2""},{""trait_type"":""Body"",""value"":""Golden Fat""},{""trait_type"":""Outfits"",""value"":""Brown Suit ""},{""trait_type"":""Hairs"",""value"":""Blonde Short Hairs""}]"
989,1359226,0xf45294f902e9e34b3e9fd230d72e0d36f78e5e46ed4b71d99df9a03fef17ef68,"[{""trait_type"":""Glasses"",""value"":""Green Round Glasses""},{""trait_type"":""Mouth"",""value"":""Fuck ""},{""trait_type"":""Background"",""value"":""Sparkels 2""},{""trait_type"":""Body"",""value"":""Fat Alien""},{""trait_type"":""Outfits"",""value"":""Black Suit""},{""trait_type"":""Hairs"",""value"":""Brown Bowl cut""}]"
988,1359921,0x4793e07e1840bc25ad93e71f77df4200102de89c0396ddaa0f3c5e4748dce551,"[{""trait_type"":""Glasses"",""value"":""Regular Glasses""},{""trait_type"":""Mouth"",""value"":""Smile""},{""trait_type"":""Background"",""value"":""Sparkles""},{""trait_type"":""Body"",""value"":""Golden Fat""},{""trait_type"":""Outfits"",""value"":""Black Jacket""},{""trait_type"":""Hairs"",""value"":""Black Hairs""}]"
987,1358620,0x4b53ac75c503736adc3e6eddd390a317df9acc5797afb22b552f3829f380aba8,"[{""trait_type"":""Glasses"",""value"":""3D Glasses""},{""trait_type"":""Mouth"",""value"":""Braces""},{""trait_type"":""Background"",""value"":""Sparkels 2""},{""trait_type"":""Body"",""value"":""Golden Fat""},{""trait_type"":""Outfits"",""value"":""Purple Shirt 2""},{""trait_type"":""Hairs"",""value"":""Red Quiff Haircut""}]"
986,1360582,0xa1867085614f8b147ac1eab1ee817be6005d8f4d7ad3790ab62a925ec4ffcb11,"[{""trait_type"":""Glasses"",""value"":""Blue Rectangular Glasses""},{""trait_type"":""Mouth"",""value"":""Sad""},{""trait_type"":""Background"",""value"":""Black with Red Pixels""},{""trait_type"":""Body"",""value"":""Fat Alien""},{""trait_type"":""Outfits"",""value"":""White Shirt""},{""trait_type"":""Hairs"",""value"":""Fisherman Hat""}]"
985,1360306,0x0bbdb265396ebaf492781ec66360b96e10ef424b65e7a9491c2bca2d7a821996,"[{""trait_type"":""Glasses"",""value"":""Purple VR""},{""trait_type"":""Mouth"",""value"":""Big Teeth""},{""trait_type"":""Background"",""value"":""Green with Jay Force Symbol""},{""trait_type"":""Body"",""value"":""Zoombie Fat""},{""trait_type"":""Outfits"",""value"":""Red Tie""},{""trait_type"":""Hairs"",""value"":""Black Short Hairs""}]"
984,1359943,0xf5ef93261499f87b9e37c08ab0f0e5b649d28bafcc8075d3bb5f9358dcc8d55c,"[{""trait_type"":""Glasses"",""value"":""Black Round Glasses""},{""trait_type"":""Mouth"",""value"":""Sad""},{""trait_type"":""Background"",""value"":""Cloudy #2""},{""trait_type"":""Body"",""value"":""Robotic""},{""trait_type"":""Outfits"",""value"":""Brown Suit  ""},{""trait_type"":""Hairs"",""value"":""Yellow Top Hat""}]"
983,1360182,0x8ab2f6cdd10476046b4806a6f239d0a45948ac2d0aac704e5b0bb2605e59d8a6,"[{""trait_type"":""Glasses"",""value"":""Circled Glasses""},{""trait_type"":""Mouth"",""value"":""Fuck ""},{""trait_type"":""Background"",""value"":""Cloudy #2""},{""trait_type"":""Body"",""value"":""Galaxy""},{""trait_type"":""Outfits"",""value"":""Black Shirt ""},{""trait_type"":""Hairs"",""value"":""Flower Crown""}]"
982,1358741,0x8d9ba9d6ea34a1918ac9aaf5272f01d860455012ee8c48614dbccba16f3bf08a,"[{""trait_type"":""Glasses"",""value"":""3D Glasses""},{""trait_type"":""Mouth"",""value"":""Big Teeth""},{""trait_type"":""Background"",""value"":""Moon""},{""trait_type"":""Body"",""value"":""Galaxy Fat""},{""trait_type"":""Outfits"",""value"":""Green Tie""},{""trait_type"":""Hairs"",""value"":""Red Hairs""}]"
981,1360518,0x40fbb5bbf0f24dcdd446d64b15b98e96976bbc6227e20632e68d10d341a7ff05,"[{""trait_type"":""Glasses"",""value"":""Red Round Glasses""},{""trait_type"":""Mouth"",""value"":""Cigerette""},{""trait_type"":""Background"",""value"":""Green with Jay Force Symbol""},{""trait_type"":""Body"",""value"":""Skinny""},{""trait_type"":""Outfits"",""value"":""Space Suit""},{""trait_type"":""Hairs"",""value"":""Crystal Crown""}]"
980,1359309,0x1da01f6a0d27aa76284b27feb83da9f2c0def51abbfa9694c68e0929266c4af4,"[{""trait_type"":""Glasses"",""value"":""Black VR""},{""trait_type"":""Mouth"",""value"":""Smile""},{""trait_type"":""Background"",""value"":""Green with Jay Force Symbol""},{""trait_type"":""Body"",""value"":""Zoombie""},{""trait_type"":""Outfits"",""value"":""Yellow Tie""},{""trait_type"":""Hairs"",""value"":""Brown Bowl cut""}]"
979,1360263,0x23f7a617f0204b6eddef92f4e7fd0156c885095f0e0148a2323709dfef7fd320,"[{""trait_type"":""Glasses"",""value"":""Black Rectangular Glasses""},{""trait_type"":""Mouth"",""value"":""Braces""},{""trait_type"":""Background"",""value"":""Cloudy #2""},{""trait_type"":""Body"",""value"":""Robotic Fat""},{""trait_type"":""Outfits"",""value"":""Green Shirt 2""},{""trait_type"":""Hairs"",""value"":""Blonde Short Hairs""}]"
978,1360005,0xfa7cdc43680fabc84e02d0be03cf9ddab345aa1dc054d655fcb5151d32422f59,"[{""trait_type"":""Glasses"",""value"":""Red Round Glasses""},{""trait_type"":""Mouth"",""value"":""Big Teeth""},{""trait_type"":""Background"",""value"":""Night Scene""},{""trait_type"":""Body"",""value"":""Skinny""},{""trait_type"":""Outfits"",""value"":""Red Shirt 2""},{""trait_type"":""Hairs"",""value"":""Red Hairs""}]"
977,1360336,0x4333cf9218228a4033c56ab05a73a6f50d60115bc28b9a45d4f2d1612476df0c,"[{""trait_type"":""Glasses"",""value"":""Green Round Glasses""},{""trait_type"":""Mouth"",""value"":""Big Teeth""},{""trait_type"":""Background"",""value"":""Moon""},{""trait_type"":""Body"",""value"":""Fat""},{""trait_type"":""Outfits"",""value"":""Purple Suit""},{""trait_type"":""Hairs"",""value"":""Flower Crown""}]"
976,1360584,0xbb5d02d1e52fb33e5a2c15bf01cd48c1e2e69cf4a99fb5b78ec8760fcbae297b,"[{""trait_type"":""Glasses"",""value"":""Green Rectangular Glasses""},{""trait_type"":""Mouth"",""value"":""Braces""},{""trait_type"":""Background"",""value"":""Cloudy #2""},{""trait_type"":""Body"",""value"":""Zoombie""},{""trait_type"":""Outfits"",""value"":""Blue Shirt""},{""trait_type"":""Hairs"",""value"":""Blonde Short Hairs""}]"
975,1358651,0x2097d601e15535319a5e57af2b22697a523af8102dcafc0077dbf29df3f9d917,"[{""trait_type"":""Glasses"",""value"":""Blue Round Glasses""},{""trait_type"":""Mouth"",""value"":""Fuck ""},{""trait_type"":""Background"",""value"":""Sparkles""},{""trait_type"":""Body"",""value"":""Zoombie Fat""},{""trait_type"":""Outfits"",""value"":""Brown Suit  ""},{""trait_type"":""Hairs"",""value"":""Afro with Comb""}]"
974,1359813,0x94a7f4ec835129125764bff4c0b605ea2b4a182fd2115e044d1fc86a01f18b5d,"[{""trait_type"":""Glasses"",""value"":""Purple Rectangular Glasses""},{""trait_type"":""Mouth"",""value"":""Braces""},{""trait_type"":""Background"",""value"":""Green with red Pixels""},{""trait_type"":""Body"",""value"":""Skinny""},{""trait_type"":""Outfits"",""value"":""Brown Suit  ""},{""trait_type"":""Hairs"",""value"":""sombrero hat""}]"
973,1360504,0x74cd3da67e30cec6b3335ae571f1a06562de9eccf665c600547d69a64d67e7bd,"[{""trait_type"":""Glasses"",""value"":""Red Round Glasses""},{""trait_type"":""Mouth"",""value"":""Pink Braces""},{""trait_type"":""Background"",""value"":""Cloudy #2""},{""trait_type"":""Body"",""value"":""Skinny""},{""trait_type"":""Outfits"",""value"":""Red Shirt 2""},{""trait_type"":""Hairs"",""value"":""Black Hairs""}]"
972,1360587,0xedbd8be16714865916fddd34326337ab862953111cb070b8e384fbc81b04be9f,"[{""trait_type"":""Glasses"",""value"":""Sun Glasses""},{""trait_type"":""Mouth"",""value"":""Braces""},{""trait_type"":""Background"",""value"":""Green with Jay Force Symbol""},{""trait_type"":""Body"",""value"":""Golden""},{""trait_type"":""Outfits"",""value"":""White Shirt""},{""trait_type"":""Hairs"",""value"":""Black Messi Hairs""}]"
971,1358646,0x58c5f4a16e5dcbc1dc86b51ba4734be6769727223e9afb282294940557f8dd64,"[{""trait_type"":""Glasses"",""value"":""3D Glasses ""},{""trait_type"":""Mouth"",""value"":""Braces""},{""trait_type"":""Background"",""value"":""Cloudy #2""},{""trait_type"":""Body"",""value"":""Robotic""},{""trait_type"":""Outfits"",""value"":""Black Shirt ""},{""trait_type"":""Hairs"",""value"":""Blonde Hairs""}]"
970,1358449,0xcff99e7728be7629404ef4d79963ee6de27eaa8c79295ca6bd6be1377a700971,"[{""trait_type"":""Glasses"",""value"":""Blue Rectangular Glasses""},{""trait_type"":""Mouth"",""value"":""Cigerette""},{""trait_type"":""Background"",""value"":""Moon""},{""trait_type"":""Body"",""value"":""Fat Alien""},{""trait_type"":""Outfits"",""value"":""White Shirt""},{""trait_type"":""Hairs"",""value"":""Blonde Short Hairs""}]"
969,1359647,0x2db93fc82edc470f4fca52ad25b679f78ed682b139b0e057c3df34c70cf7265b,"[{""trait_type"":""Glasses"",""value"":""Gray Round Glasses""},{""trait_type"":""Mouth"",""value"":""Pink Braces""},{""trait_type"":""Background"",""value"":""Green with red Pixels""},{""trait_type"":""Body"",""value"":""Skinny""},{""trait_type"":""Outfits"",""value"":""Blue Shirt""},{""trait_type"":""Hairs"",""value"":""Red Messi Hairs""}]"
968,1358866,0xc17be63a6bd13d0f6c9f4e6a2cda09bca5b9f292ddd45e1896978b3e84e55fdc,"[{""trait_type"":""Glasses"",""value"":""Purple Rectangular Glasses""},{""trait_type"":""Mouth"",""value"":""Braces""},{""trait_type"":""Background"",""value"":""Moon""},{""trait_type"":""Body"",""value"":""Zoombie Fat""},{""trait_type"":""Outfits"",""value"":""Brown Suit ""},{""trait_type"":""Hairs"",""value"":""Red Messi Hairs""}]"
967,1359505,0x817263c31a2da901e6904da39177b0f32589aa8a1793a2cab97d6044300d5883,"[{""trait_type"":""Glasses"",""value"":""Red Round Glasses""},{""trait_type"":""Mouth"",""value"":""Fuck ""},{""trait_type"":""Background"",""value"":""Moon""},{""trait_type"":""Body"",""value"":""Robotic""},{""trait_type"":""Outfits"",""value"":""Brown Suit ""},{""trait_type"":""Hairs"",""value"":""Rasta Hat""}]"
966,1358604,0xfc6648e59324ec1fbaae152a34f6765ef151f20ca81a64081ab7d07d08e2bcdb,"[{""trait_type"":""Glasses"",""value"":""Purple Round Glasses""},{""trait_type"":""Mouth"",""value"":""Sad""},{""trait_type"":""Background"",""value"":""Sparkles""},{""trait_type"":""Body"",""value"":""Fat Alien""},{""trait_type"":""Outfits"",""value"":""Purple Tie""},{""trait_type"":""Hairs"",""value"":""Ice Cream hat""}]"
965,1360040,0xa55b783393c534edb8020697898a7c652dbbd7962703ec1b3a8411f654405f84,"[{""trait_type"":""Glasses"",""value"":""Purple Round Glasses""},{""trait_type"":""Mouth"",""value"":""Sad""},{""trait_type"":""Background"",""value"":""Cloudy #2""},{""trait_type"":""Body"",""value"":""Galaxy""},{""trait_type"":""Outfits"",""value"":""Purple Shirt 2""},{""trait_type"":""Hairs"",""value"":""Blonde Bowl cut""}]"
964,1359476,0xc684a812b23d67c1abc9f18caeaf4cb3cb9016ec5aaccd9c78a54ddc2956def6,"[{""trait_type"":""Glasses"",""value"":""3D Glasses""},{""trait_type"":""Mouth"",""value"":""Pink Braces""},{""trait_type"":""Background"",""value"":""Night Scene""},{""trait_type"":""Body"",""value"":""Galaxy Fat""},{""trait_type"":""Outfits"",""value"":""Yellow Tie""},{""trait_type"":""Hairs"",""value"":""Brown Bowl cut""}]"
963,1358691,0x20d5d1f77ba5ac82a64c97b2a758f484ec868c8406e0cff9ef12c900fee27f21,"[{""trait_type"":""Glasses"",""value"":""Black VR""},{""trait_type"":""Mouth"",""value"":""Braces""},{""trait_type"":""Background"",""value"":""Black with Red Pixels""},{""trait_type"":""Body"",""value"":""Galaxy Fat""},{""trait_type"":""Outfits"",""value"":""Brown Suit""},{""trait_type"":""Hairs"",""value"":""Blonde Short Hairs""}]"
962,1358766,0x63baae487d4b764ccbf5810ea5dc989278aabafb9a387bd83e521f8c802eab87,"[{""trait_type"":""Glasses"",""value"":""Purple Round Glasses""},{""trait_type"":""Mouth"",""value"":""Sad""},{""trait_type"":""Background"",""value"":""Green with Jay Force Symbol""},{""trait_type"":""Body"",""value"":""Robotic Fat""},{""trait_type"":""Outfits"",""value"":""Yellow Tie""},{""trait_type"":""Hairs"",""value"":""Black Messi Hairs""}]"
961,1359919,0x6e140353b6c4305d502548dca1bc6b0eac1c4970695051e804f6f8dc0c279886,"[{""trait_type"":""Glasses"",""value"":""Circled Glasses""},{""trait_type"":""Mouth"",""value"":""Pink Braces""},{""trait_type"":""Background"",""value"":""Green with Jay Force Symbol""},{""trait_type"":""Body"",""value"":""Robotic Fat""},{""trait_type"":""Outfits"",""value"":""Black Suit""},{""trait_type"":""Hairs"",""value"":""Black Hairs""}]"
960,1359642,0x304c17440b2c38c17fb93984c5bfca740c48e2ef19dae2a0d9dbd9069fbfdf6f,"[{""trait_type"":""Glasses"",""value"":""VR""},{""trait_type"":""Mouth"",""value"":""Sad""},{""trait_type"":""Background"",""value"":""Sparkles""},{""trait_type"":""Body"",""value"":""Zoombie""},{""trait_type"":""Outfits"",""value"":""Purple Suit""},{""trait_type"":""Hairs"",""value"":""Red Messi Hairs""}]"
959,1359263,0x7f3b53af40713f3120dbee32982f3ed49500279dd653efdbfdfc5913d4a5268f,"[{""trait_type"":""Glasses"",""value"":""Purple Glasses""},{""trait_type"":""Mouth"",""value"":""Big Teeth""},{""trait_type"":""Background"",""value"":""Sparkels 2""},{""trait_type"":""Body"",""value"":""Zoombie Fat""},{""trait_type"":""Outfits"",""value"":""Blue Shirt 2""},{""trait_type"":""Hairs"",""value"":""Mushroom Hat""}]"
958,1359354,0x5da58a7753ef885f1edc0ffa51a27d245f1d72b159669124775253b272853c5d,"[{""trait_type"":""Glasses"",""value"":""Purple VR""},{""trait_type"":""Mouth"",""value"":""Pink Braces""},{""trait_type"":""Background"",""value"":""Moon""},{""trait_type"":""Body"",""value"":""Aliien""},{""trait_type"":""Outfits"",""value"":""Purple Suit""},{""trait_type"":""Hairs"",""value"":""Red Hairs""}]"
957,1359867,0x9b16c3dbaaebb2a77f5891f0ec4edcd7f51050712a37ea39c228bd6d930220e1,"[{""trait_type"":""Glasses"",""value"":""Yellow 3D Glasses""},{""trait_type"":""Mouth"",""value"":""Smile""},{""trait_type"":""Background"",""value"":""Cloudy""},{""trait_type"":""Body"",""value"":""Robotic Fat""},{""trait_type"":""Outfits"",""value"":""White Shirt""},{""trait_type"":""Hairs"",""value"":""Black Bowl cut""}]"
956,1359429,0x71311572a4465284120a8fcd615f4c002672735e3084a18943ce90c0116b9694,"[{""trait_type"":""Glasses"",""value"":""Black VR""},{""trait_type"":""Mouth"",""value"":""Cigerette""},{""trait_type"":""Background"",""value"":""Sparkles""},{""trait_type"":""Body"",""value"":""Golden Fat""},{""trait_type"":""Outfits"",""value"":""Blue Shirt 2""},{""trait_type"":""Hairs"",""value"":""Afro with Comb""}]"
955,1359224,0x76d28244608113f6c4ee5e10b0de6aafebfce65c4bba79baf3e8547c5efa0723,"[{""trait_type"":""Glasses"",""value"":""Blue Round Glasses""},{""trait_type"":""Mouth"",""value"":""Fuck ""},{""trait_type"":""Background"",""value"":""Cloudy #2""},{""trait_type"":""Body"",""value"":""Zoombie Fat""},{""trait_type"":""Outfits"",""value"":""Orange Suit ""},{""trait_type"":""Hairs"",""value"":""Rasta Hat""}]"
954,1360426,0xa5ac2fabc7171a2cdf7cab8ca98876aa46a444b2958aa8c317696c2832377b11,"[{""trait_type"":""Glasses"",""value"":""Black Rectangular Glasses""},{""trait_type"":""Mouth"",""value"":""Cigerette""},{""trait_type"":""Background"",""value"":""Sparkels 2""},{""trait_type"":""Body"",""value"":""Zoombie Fat""},{""trait_type"":""Outfits"",""value"":""Green Shirt""},{""trait_type"":""Hairs"",""value"":""Red Bowl cut""}]"
953,1359446,0x4cef0540605a4dfe78a93cf9b5bf8d06f7c5e7fe9a3ea4affb5c76830a34a7f2,"[{""trait_type"":""Glasses"",""value"":""Yellow 3D Glasses""},{""trait_type"":""Mouth"",""value"":""Sad""},{""trait_type"":""Background"",""value"":""Sparkels 2""},{""trait_type"":""Body"",""value"":""Skinny""},{""trait_type"":""Outfits"",""value"":""Black Shirt ""},{""trait_type"":""Hairs"",""value"":""sombrero hat""}]"
952,1359360,0xf658341597f81615d1815efe7ebfeb601c8cecb87c1178b8bdfc8a7e6f3db705,"[{""trait_type"":""Glasses"",""value"":""Purple Rectangular Glasses""},{""trait_type"":""Mouth"",""value"":""Cigerette""},{""trait_type"":""Background"",""value"":""Cloudy #2""},{""trait_type"":""Body"",""value"":""Galaxy""},{""trait_type"":""Outfits"",""value"":""Black Shirt ""},{""trait_type"":""Hairs"",""value"":""Ice Cream hat""}]"
951,1359772,0xe959bd4cf3ce612ac4d11bd49ce952d2b7b35dfb0a2a10157ec216a1e525df9d,"[{""trait_type"":""Glasses"",""value"":""Purple Rectangular Glasses""},{""trait_type"":""Mouth"",""value"":""Braces""},{""trait_type"":""Background"",""value"":""Night Scene""},{""trait_type"":""Body"",""value"":""Fat""},{""trait_type"":""Outfits"",""value"":""Yellow Tie""},{""trait_type"":""Hairs"",""value"":""Blonde Hairs""}]"
950,1358476,0x37475f505ed9218a87142f8785af53e789f0ea18d718ea45c0e045caa3d8bae4,"[{""trait_type"":""Glasses"",""value"":""Green Round Glasses""},{""trait_type"":""Mouth"",""value"":""Big Teeth""},{""trait_type"":""Background"",""value"":""Moon""},{""trait_type"":""Body"",""value"":""Golden Fat""},{""trait_type"":""Outfits"",""value"":""Black Suit ""},{""trait_type"":""Hairs"",""value"":""Ice Cream hat""}]"
949,1360709,0x37b72a0cbfdb143ec6048c511df39a3b2f61a6947d0d20406d9bee77cdc22607,"[{""trait_type"":""Glasses"",""value"":""3D Glasses ""},{""trait_type"":""Mouth"",""value"":""Braces""},{""trait_type"":""Background"",""value"":""Cloudy #2""},{""trait_type"":""Body"",""value"":""Fat""},{""trait_type"":""Outfits"",""value"":""White Shirt""},{""trait_type"":""Hairs"",""value"":""Blonde Quiff Haircut""}]"
948,1360402,0xc9618681bbbd3a727e6a30cefeb9e7c69c87dc249a5375dd78568de6279a4179,"[{""trait_type"":""Glasses"",""value"":""Yellow Rectangular Glasses""},{""trait_type"":""Mouth"",""value"":""Cigerette""},{""trait_type"":""Background"",""value"":""Cloudy""},{""trait_type"":""Body"",""value"":""Robotic Fat""},{""trait_type"":""Outfits"",""value"":""Yellow Tie""},{""trait_type"":""Hairs"",""value"":""Blonde Quiff Haircut""}]"
947,1360374,0xbe5113b00f0eef5c40e93dfb67583ce0fb2de5062e50362a0242b3c774720503,"[{""trait_type"":""Glasses"",""value"":""Blue Round Glasses""},{""trait_type"":""Mouth"",""value"":""Pink Braces""},{""trait_type"":""Background"",""value"":""Cloudy #2""},{""trait_type"":""Body"",""value"":""Aliien""},{""trait_type"":""Outfits"",""value"":""Green Shirt 2""},{""trait_type"":""Hairs"",""value"":""Red Bowl cut""}]"
946,1359997,0x232e6300019f81646ef56847f6451729b91cd26707ff69b3be904dd953cae15d,"[{""trait_type"":""Glasses"",""value"":""Gray Rectangular Glasses""},{""trait_type"":""Mouth"",""value"":""Smile""},{""trait_type"":""Background"",""value"":""Green with Jay Force Symbol""},{""trait_type"":""Body"",""value"":""Zoombie""},{""trait_type"":""Outfits"",""value"":""Blue Shirt""},{""trait_type"":""Hairs"",""value"":""Fisherman Hat""}]"
945,1358685,0xb76511444ed483a6a8b663f5a5f081dfa9a6abdc152d57fdd0f305be0cafd840,"[{""trait_type"":""Glasses"",""value"":""Based Eyes""},{""trait_type"":""Mouth"",""value"":""Fuck ""},{""trait_type"":""Background"",""value"":""Night Scene""},{""trait_type"":""Body"",""value"":""Fat""},{""trait_type"":""Outfits"",""value"":""Black Shirt ""},{""trait_type"":""Hairs"",""value"":""Rasta Hat""}]"
944,1360257,0x2c7deeb8cc395616077389bd7310de534b8ff88bdc9911532cb4e36095f3f771,"[{""trait_type"":""Glasses"",""value"":""Black Round Glasses""},{""trait_type"":""Mouth"",""value"":""Fuck ""},{""trait_type"":""Background"",""value"":""Night Scene""},{""trait_type"":""Body"",""value"":""Zoombie Fat""},{""trait_type"":""Outfits"",""value"":""Red Tie""},{""trait_type"":""Hairs"",""value"":""Blonde Messi Hairs""}]"
943,1358603,0x0b9550c7e93f05a450fef948940661c4a2ecc8c197a17578dadf556e5784353a,"[{""trait_type"":""Glasses"",""value"":""Multicolored Glasses""},{""trait_type"":""Mouth"",""value"":""Braces""},{""trait_type"":""Background"",""value"":""Green with red Pixels""},{""trait_type"":""Body"",""value"":""Fat""},{""trait_type"":""Outfits"",""value"":""Blue Shirt""},{""trait_type"":""Hairs"",""value"":""Black Hairs""}]"
942,1358874,0xb8ffe4ded3523a457b39ba28fff5eb41341ce78181f2c89e88da3b9ff2fd154c,"[{""trait_type"":""Glasses"",""value"":""Blue Rectangular Glasses""},{""trait_type"":""Mouth"",""value"":""Big Teeth""},{""trait_type"":""Background"",""value"":""Green with red Pixels""},{""trait_type"":""Body"",""value"":""Golden Fat""},{""trait_type"":""Outfits"",""value"":""Blue Shirt 2""},{""trait_type"":""Hairs"",""value"":""Top Hat""}]"
941,1359211,0x31c756309ed5e0c7737a92b01fd62f91c40ca49e9d1c5e3525c9dcec344a536c,"[{""trait_type"":""Glasses"",""value"":""Purple VR""},{""trait_type"":""Mouth"",""value"":""Fuck ""},{""trait_type"":""Background"",""value"":""Sparkels 2""},{""trait_type"":""Body"",""value"":""Skinny""},{""trait_type"":""Outfits"",""value"":""Black Jacket""},{""trait_type"":""Hairs"",""value"":""sombrero hat""}]"
940,1359874,0x5d09abbcb3574347fa424c5d6a40d6fe08073ddec2f6aedbf706fbb1ed33e606,"[{""trait_type"":""Glasses"",""value"":""Red Round Glasses""},{""trait_type"":""Mouth"",""value"":""Cigerette""},{""trait_type"":""Background"",""value"":""Night Scene""},{""trait_type"":""Body"",""value"":""Aliien""},{""trait_type"":""Outfits"",""value"":""White Shirt""},{""trait_type"":""Hairs"",""value"":""Red Messi Hairs""}]"
939,1358877,0x3d5a56e8fcee7dd9d4d62306a2a7b1bc28e3f01fd51e05bf6479d7e669d4dc68,"[{""trait_type"":""Glasses"",""value"":""VR""},{""trait_type"":""Mouth"",""value"":""Fuck ""},{""trait_type"":""Background"",""value"":""Sparkles""},{""trait_type"":""Body"",""value"":""Galaxy Fat""},{""trait_type"":""Outfits"",""value"":""Green Shirt 2""},{""trait_type"":""Hairs"",""value"":""Beanie""}]"
938,1360113,0xa639859fc5b9022d4989a286a9258f48634bc328e99383664637dcf06189c8ab,"[{""trait_type"":""Glasses"",""value"":""Black Round Glasses""},{""trait_type"":""Mouth"",""value"":""Fuck ""},{""trait_type"":""Background"",""value"":""Cloudy #2""},{""trait_type"":""Body"",""value"":""Zoombie Fat""},{""trait_type"":""Outfits"",""value"":""Yellow Tie""},{""trait_type"":""Hairs"",""value"":""Black Bowl cut""}]"
937,1359989,0xeeb815e8ca7495460fc7a84bb8322270dcf983c848b21b0adaf8890bac9178a5,"[{""trait_type"":""Glasses"",""value"":""Gray Rectangular Glasses""},{""trait_type"":""Mouth"",""value"":""Braces""},{""trait_type"":""Background"",""value"":""Moon""},{""trait_type"":""Body"",""value"":""Aliien""},{""trait_type"":""Outfits"",""value"":""Purple Shirt 2""},{""trait_type"":""Hairs"",""value"":""Red Bowl cut""}]"
936,1359303,0x921b29deef1a71a14e83a1a15f77df2abc04b1cba17cc35c731c81fcd9d29cba,"[{""trait_type"":""Glasses"",""value"":""Black VR""},{""trait_type"":""Mouth"",""value"":""Sad""},{""trait_type"":""Background"",""value"":""Green with red Pixels""},{""trait_type"":""Body"",""value"":""Galaxy Fat""},{""trait_type"":""Outfits"",""value"":""Black Shirt ""},{""trait_type"":""Hairs"",""value"":""Beanie""}]"
935,1360485,0xd52bebfc025a5cfce99d67f6f10bfebbf7315038367bfcbab7485974efe8ce33,"[{""trait_type"":""Glasses"",""value"":""Blue Round Glasses""},{""trait_type"":""Mouth"",""value"":""Sad""},{""trait_type"":""Background"",""value"":""Sparkels 2""},{""trait_type"":""Body"",""value"":""Aliien""},{""trait_type"":""Outfits"",""value"":""Yellow Shirt ""},{""trait_type"":""Hairs"",""value"":""Top Hat""}]"
934,1359149,0xd2c1ce83eadf535fc63cd173eeba7dcd8d82cfa0b9712e38c9d27455e28e34c0,"[{""trait_type"":""Glasses"",""value"":""Purple Glasses""},{""trait_type"":""Mouth"",""value"":""Big Teeth""},{""trait_type"":""Background"",""value"":""Cloudy""},{""trait_type"":""Body"",""value"":""Golden Fat""},{""trait_type"":""Outfits"",""value"":""Blue Shirt 2""},{""trait_type"":""Hairs"",""value"":""Red Quiff Haircut""}]"
933,1360400,0xe02633129aca870e5aa7c6683e5e107c0c5b89c22081e7abcd3df3993c2610f4,"[{""trait_type"":""Glasses"",""value"":""Blue Rectangular Glasses""},{""trait_type"":""Mouth"",""value"":""Braces""},{""trait_type"":""Background"",""value"":""Cloudy""},{""trait_type"":""Body"",""value"":""Fat""},{""trait_type"":""Outfits"",""value"":""Black Suit ""},{""trait_type"":""Hairs"",""value"":""Red Messi Hairs""}]"
932,1360002,0xfe8a79693f55fb8e74a6de88b31ab92a465d727b57e2b415331d8f0d661d4ea0,"[{""trait_type"":""Glasses"",""value"":""Based Eyes""},{""trait_type"":""Mouth"",""value"":""Smile""},{""trait_type"":""Background"",""value"":""Green with Jay Force Symbol""},{""trait_type"":""Body"",""value"":""Zoombie""},{""trait_type"":""Outfits"",""value"":""White Shirt""},{""trait_type"":""Hairs"",""value"":""Brown Bowl cut""}]"
931,1358461,0x8df30b944f143c29fac926b6c5592b69bc517c5539d1c38a4fb45af227a1ff38,"[{""trait_type"":""Glasses"",""value"":""Circled Glasses""},{""trait_type"":""Mouth"",""value"":""Pink Braces""},{""trait_type"":""Background"",""value"":""Green with red Pixels""},{""trait_type"":""Body"",""value"":""Golden Fat""},{""trait_type"":""Outfits"",""value"":""Green Shirt 2""},{""trait_type"":""Hairs"",""value"":""Top Hat""}]"
930,1358655,0xe5262ef79593fe91e4e0a71b08540889d3c4b6bfc23154ea1207f8a3cb42a61c,"[{""trait_type"":""Glasses"",""value"":""Regular Glasses""},{""trait_type"":""Mouth"",""value"":""Smile""},{""trait_type"":""Background"",""value"":""Cloudy""},{""trait_type"":""Body"",""value"":""Golden""},{""trait_type"":""Outfits"",""value"":""Green Shirt 2""},{""trait_type"":""Hairs"",""value"":""Flower Crown""}]"
929,1358959,0xae24adcf8c818a0eb556437258db189bfe3c800317db71993c3c599200ffa19d,"[{""trait_type"":""Glasses"",""value"":""Purple VR""},{""trait_type"":""Mouth"",""value"":""Big Teeth""},{""trait_type"":""Background"",""value"":""Sparkels 2""},{""trait_type"":""Body"",""value"":""Aliien""},{""trait_type"":""Outfits"",""value"":""White Shirt""},{""trait_type"":""Hairs"",""value"":""Blonde Bowl cut""}]"
928,1359908,0x9bc44e1e3cb9991c061a6bdd209335bdc5a8796fd6243d161941f307e62e977c,"[{""trait_type"":""Glasses"",""value"":""Blue Round Glasses""},{""trait_type"":""Mouth"",""value"":""Smile""},{""trait_type"":""Background"",""value"":""Sparkles""},{""trait_type"":""Body"",""value"":""Fat""},{""trait_type"":""Outfits"",""value"":""Green Tie""},{""trait_type"":""Hairs"",""value"":""Fisherman Hat""}]"
927,1358533,0x906b908107696fc8f24e13b140374f2ca63ac9b5c9fc694e938effbc152e461d,"[{""trait_type"":""Glasses"",""value"":""Regular Glasses""},{""trait_type"":""Mouth"",""value"":""Fuck ""},{""trait_type"":""Background"",""value"":""Green with Jay Force Symbol""},{""trait_type"":""Body"",""value"":""Zoombie""},{""trait_type"":""Outfits"",""value"":""White Shirt""},{""trait_type"":""Hairs"",""value"":""sombrero hat""}]"
926,1360390,0xa263146e4f5d7c8f1a58ea9c764ac6e258ce582d3979e36cad0bbdfb05bb1170,"[{""trait_type"":""Glasses"",""value"":""Black Round Glasses""},{""trait_type"":""Mouth"",""value"":""Big Teeth""},{""trait_type"":""Background"",""value"":""Green with Jay Force Symbol""},{""trait_type"":""Body"",""value"":""Robotic Fat""},{""trait_type"":""Outfits"",""value"":""Yellow Tie""},{""trait_type"":""Hairs"",""value"":""Black Short Hairs""}]"
925,1359747,0xeed10d6061e2948f7246fb952a21022c1a327516f6e50466ca05d603d4d0c946,"[{""trait_type"":""Glasses"",""value"":""3D Glasses""},{""trait_type"":""Mouth"",""value"":""Smile""},{""trait_type"":""Background"",""value"":""Moon""},{""trait_type"":""Body"",""value"":""Golden Fat""},{""trait_type"":""Outfits"",""value"":""Green Tie""},{""trait_type"":""Hairs"",""value"":""Beanie""}]"
924,1359568,0x98c0f3e2efea4a17f4a28ed92fdda37e72190d7b5fbb87071f606a605a6d5fe2,"[{""trait_type"":""Glasses"",""value"":""Purple Round Glasses""},{""trait_type"":""Mouth"",""value"":""Sad""},{""trait_type"":""Background"",""value"":""Green with Jay Force Symbol""},{""trait_type"":""Body"",""value"":""Aliien""},{""trait_type"":""Outfits"",""value"":""Yellow Tie""},{""trait_type"":""Hairs"",""value"":""Ice Cream hat""}]"
923,1359717,0x8c4ccc371e0725aea2b10cac2b61dd3d4a78b943790726d81fdad6348f5b9787,"[{""trait_type"":""Glasses"",""value"":""Red Round Glasses""},{""trait_type"":""Mouth"",""value"":""Sad""},{""trait_type"":""Background"",""value"":""Sparkels 2""},{""trait_type"":""Body"",""value"":""Zoombie""},{""trait_type"":""Outfits"",""value"":""Brown Suit ""},{""trait_type"":""Hairs"",""value"":""sombrero hat""}]"
922,1359543,0x578403e1d5c49227b5fd0e2c454552b9c1e0f037fec6e2f2340370774c036e31,"[{""trait_type"":""Glasses"",""value"":""Based Eyes""},{""trait_type"":""Mouth"",""value"":""Smile""},{""trait_type"":""Background"",""value"":""Sparkles""},{""trait_type"":""Body"",""value"":""Galaxy""},{""trait_type"":""Outfits"",""value"":""Black Suit""},{""trait_type"":""Hairs"",""value"":""Mushroom Hat""}]"
921,1359071,0x0a71ea16684e1e7b65d9478f5385779fb9a75ec74f9e926b959980771a4be163,"[{""trait_type"":""Glasses"",""value"":""Purple Round Glasses""},{""trait_type"":""Mouth"",""value"":""Smile""},{""trait_type"":""Background"",""value"":""Green with Jay Force Symbol""},{""trait_type"":""Body"",""value"":""Skinny""},{""trait_type"":""Outfits"",""value"":""Green Shirt""},{""trait_type"":""Hairs"",""value"":""Santa Hat""}]"
920,1359692,0xcbd2f0c272ea31b8b9f8f95a8b5c949ab6103bb5d55b69dd20203a7e4ff035b0,"[{""trait_type"":""Glasses"",""value"":""Red Rectangular Glasses""},{""trait_type"":""Mouth"",""value"":""Big Teeth""},{""trait_type"":""Background"",""value"":""Sparkels 2""},{""trait_type"":""Body"",""value"":""Golden""},{""trait_type"":""Outfits"",""value"":""Brown Suit""},{""trait_type"":""Hairs"",""value"":""Fisherman Hat""}]"
919,1360233,0x29a47378c7cd9b3b7e81910ab1fae49de28481a1e277ce0f2252e00802b49870,"[{""trait_type"":""Glasses"",""value"":""Job Glasses""},{""trait_type"":""Mouth"",""value"":""Smile""},{""trait_type"":""Background"",""value"":""Black with Red Pixels""},{""trait_type"":""Body"",""value"":""Golden""},{""trait_type"":""Outfits"",""value"":""Black Suit ""},{""trait_type"":""Hairs"",""value"":""Fisherman Hat""}]"
918,1360724,0xf0016ea11915170dc205f4de404d9ccc55a7181e7fcaedd68061c3133364957b,"[{""trait_type"":""Glasses"",""value"":""Gray Rectangular Glasses""},{""trait_type"":""Mouth"",""value"":""Braces""},{""trait_type"":""Background"",""value"":""Moon""},{""trait_type"":""Body"",""value"":""Robotic Fat""},{""trait_type"":""Outfits"",""value"":""Red Shirt 2""},{""trait_type"":""Hairs"",""value"":""Blonde Quiff Haircut""}]"
917,1358703,0x10f69a51cc2a543d41970571aab40112570e8a1ea1329b361782d04b917ba7b5,"[{""trait_type"":""Glasses"",""value"":""Blue Rectangular Glasses""},{""trait_type"":""Mouth"",""value"":""Pink Braces""},{""trait_type"":""Background"",""value"":""Green with red Pixels""},{""trait_type"":""Body"",""value"":""Skinny""},{""trait_type"":""Outfits"",""value"":""Red Tie""},{""trait_type"":""Hairs"",""value"":""Mushroom Hat""}]"
916,1359314,0xd749820906b8b06a3047a8efebeef66a4e2819abab6f9563ef43c7bceca6866b,"[{""trait_type"":""Glasses"",""value"":""Gray Rectangular Glasses""},{""trait_type"":""Mouth"",""value"":""Pink Braces""},{""trait_type"":""Background"",""value"":""Cloudy #2""},{""trait_type"":""Body"",""value"":""Robotic Fat""},{""trait_type"":""Outfits"",""value"":""White Shirt""},{""trait_type"":""Hairs"",""value"":""Mushroom Hat""}]"
915,1359345,0x62878b91c90b4facc18859038cf232346d504e293377de808aa5f760c73a04d7,"[{""trait_type"":""Glasses"",""value"":""Circled Glasses""},{""trait_type"":""Mouth"",""value"":""Fuck ""},{""trait_type"":""Background"",""value"":""Cloudy #2""},{""trait_type"":""Body"",""value"":""Galaxy Fat""},{""trait_type"":""Outfits"",""value"":""Red Tie""},{""trait_type"":""Hairs"",""value"":""Fisherman Hat""}]"
914,1358439,0xfc9d35e5af71729f6b4b61613e1d120ed34675cd3a3391ebe26d7f37b3d31b42,"[{""trait_type"":""Glasses"",""value"":""Circled Glasses""},{""trait_type"":""Mouth"",""value"":""Sad""},{""trait_type"":""Background"",""value"":""Sparkles""},{""trait_type"":""Body"",""value"":""Golden""},{""trait_type"":""Outfits"",""value"":""Brown Suit  ""},{""trait_type"":""Hairs"",""value"":""Brown Bowl cut""}]"
913,1360214,0x97726897245897529bbf88be6eedb1e73a84b89600ff6c594bbadc513155d1c6,"[{""trait_type"":""Glasses"",""value"":""Gray Rectangular Glasses""},{""trait_type"":""Mouth"",""value"":""Braces""},{""trait_type"":""Background"",""value"":""Moon""},{""trait_type"":""Body"",""value"":""Fat Alien""},{""trait_type"":""Outfits"",""value"":""White Shirt""},{""trait_type"":""Hairs"",""value"":""Fisherman Hat""}]"
912,1358504,0xe8513fdf7bcf2a4a74bdc69800fea165ea3b34d35deac5bacd789105d1cd8daa,"[{""trait_type"":""Glasses"",""value"":""Sun Glasses""},{""trait_type"":""Mouth"",""value"":""Smile""},{""trait_type"":""Background"",""value"":""Green with Jay Force Symbol""},{""trait_type"":""Body"",""value"":""Fat""},{""trait_type"":""Outfits"",""value"":""Yellow Shirt ""},{""trait_type"":""Hairs"",""value"":""Black Bowl cut""}]"
911,1360129,0x971c2e6f2491360b920f6445dd1562b6aadea21beda328098fd3e38097ae6675,"[{""trait_type"":""Glasses"",""value"":""Job Glasses""},{""trait_type"":""Mouth"",""value"":""Fuck ""},{""trait_type"":""Background"",""value"":""Moon""},{""trait_type"":""Body"",""value"":""Fat""},{""trait_type"":""Outfits"",""value"":""Green Tie""},{""trait_type"":""Hairs"",""value"":""sombrero hat""}]"
910,1359872,0xb1ac4d09a2a54ae2f65d6c352e0fc026600931aec621d3724f421f1c6be0e192,"[{""trait_type"":""Glasses"",""value"":""Purple VR""},{""trait_type"":""Mouth"",""value"":""Big Teeth""},{""trait_type"":""Background"",""value"":""Sparkles""},{""trait_type"":""Body"",""value"":""Zoombie Fat""},{""trait_type"":""Outfits"",""value"":""Red Shirt 2""},{""trait_type"":""Hairs"",""value"":""Black Quiff Haircut""}]"
909,1360191,0x5ce8d8ccd9a37e0d64b81374a16d42f092632d1f5c5f4e93a89ed8d6d2a745c8,"[{""trait_type"":""Glasses"",""value"":""3D Glasses ""},{""trait_type"":""Mouth"",""value"":""Pink Braces""},{""trait_type"":""Background"",""value"":""Night Scene""},{""trait_type"":""Body"",""value"":""Aliien""},{""trait_type"":""Outfits"",""value"":""Purple Shirt 2""},{""trait_type"":""Hairs"",""value"":""Flower Crown""}]"
908,1360274,0x721873ce95cc43486d9ab9f5ab549b59f9076f71e9d0df77f56aa8831343d003,"[{""trait_type"":""Glasses"",""value"":""Blue Rectangular Glasses""},{""trait_type"":""Mouth"",""value"":""Sad""},{""trait_type"":""Background"",""value"":""Green with red Pixels""},{""trait_type"":""Body"",""value"":""Zoombie Fat""},{""trait_type"":""Outfits"",""value"":""Black Jacket""},{""trait_type"":""Hairs"",""value"":""Red Messi Hairs""}]"
907,1359951,0xdce5cf1c7d31a5ccd804ffcd563474bfe0e7b7b62cdae6886a98e27f0ecf1e9d,"[{""trait_type"":""Glasses"",""value"":""Sun Glasses""},{""trait_type"":""Mouth"",""value"":""Pink Braces""},{""trait_type"":""Background"",""value"":""Green with Jay Force Symbol""},{""trait_type"":""Body"",""value"":""Fat Alien""},{""trait_type"":""Outfits"",""value"":""Yellow Tie""},{""trait_type"":""Hairs"",""value"":""Black Short Hairs""}]"
906,1359545,0x3d31a91379b81f8364450c1248863da96ba99af36bd1aae478acc9132cbf677d,"[{""trait_type"":""Glasses"",""value"":""Black VR""},{""trait_type"":""Mouth"",""value"":""Big Teeth""},{""trait_type"":""Background"",""value"":""Cloudy""},{""trait_type"":""Body"",""value"":""Golden""},{""trait_type"":""Outfits"",""value"":""Green Shirt""},{""trait_type"":""Hairs"",""value"":""Red Messi Hairs""}]"
905,1360445,0x8005a61bbf8c3338f9566c2d4c7f1b9a1ff22a3018e31c746f8a5909034fd12a,"[{""trait_type"":""Glasses"",""value"":""Blue Rectangular Glasses""},{""trait_type"":""Mouth"",""value"":""Big Teeth""},{""trait_type"":""Background"",""value"":""Sparkles""},{""trait_type"":""Body"",""value"":""Golden""},{""trait_type"":""Outfits"",""value"":""Purple Tie""},{""trait_type"":""Hairs"",""value"":""Afro with Comb""}]"
904,1360719,0x313473234751c61132bc572d1b360394ad9d48b205e0b07018aa85d60543cb6a,"[{""trait_type"":""Glasses"",""value"":""Purple Round Glasses""},{""trait_type"":""Mouth"",""value"":""Cigerette""},{""trait_type"":""Background"",""value"":""Green with red Pixels""},{""trait_type"":""Body"",""value"":""Golden""},{""trait_type"":""Outfits"",""value"":""Black Suit ""},{""trait_type"":""Hairs"",""value"":""Fisherman Hat""}]"
903,1360637,0x1ddb38d392452d432577b46e2776adfd769ecca72da0297f9d69ac1b4c7073fd,"[{""trait_type"":""Glasses"",""value"":""Yellow 3D Glasses""},{""trait_type"":""Mouth"",""value"":""Smile""},{""trait_type"":""Background"",""value"":""Moon""},{""trait_type"":""Body"",""value"":""Fat""},{""trait_type"":""Outfits"",""value"":""Yellow Tie""},{""trait_type"":""Hairs"",""value"":""Afro with Comb""}]"
902,1359252,0x5ae1c3d00e67ffbac9e1d952e24397a5fe407012c841cfad35f97346e5de790d,"[{""trait_type"":""Glasses"",""value"":""3D Glasses ""},{""trait_type"":""Mouth"",""value"":""Cigerette""},{""trait_type"":""Background"",""value"":""Green with Jay Force Symbol""},{""trait_type"":""Body"",""value"":""Skinny""},{""trait_type"":""Outfits"",""value"":""Yellow Shirt ""},{""trait_type"":""Hairs"",""value"":""Top Hat""}]"
901,1360748,0x4f9d5e78ea4c9dda0ce7bc52f37093a829f9bf7ac2c2919392a6716758911e14,"[{""trait_type"":""Glasses"",""value"":""Red Round Glasses""},{""trait_type"":""Mouth"",""value"":""Fuck ""},{""trait_type"":""Background"",""value"":""Black with Red Pixels""},{""trait_type"":""Body"",""value"":""Zoombie Fat""},{""trait_type"":""Outfits"",""value"":""Red Shirt 2""},{""trait_type"":""Hairs"",""value"":""Rasta Hat""}]"
900,1360728,0xe4398e7156078550104aa1f6061775a340128ee613821f393eb9696538af2692,"[{""trait_type"":""Glasses"",""value"":""3D Glasses ""},{""trait_type"":""Mouth"",""value"":""Cigerette""},{""trait_type"":""Background"",""value"":""Green with red Pixels""},{""trait_type"":""Body"",""value"":""Galaxy Fat""},{""trait_type"":""Outfits"",""value"":""Blue Shirt""},{""trait_type"":""Hairs"",""value"":""Red Quiff Haircut""}]"
899,1358882,0x565ad2fec75e3320587bb767b04de28c5cf25b60bde1b49026545e4a8776e511,"[{""trait_type"":""Glasses"",""value"":""Blue Round Glasses""},{""trait_type"":""Mouth"",""value"":""Sad""},{""trait_type"":""Background"",""value"":""Night Scene""},{""trait_type"":""Body"",""value"":""Robotic Fat""},{""trait_type"":""Outfits"",""value"":""Brown Suit ""},{""trait_type"":""Hairs"",""value"":""Blonde Bowl cut""}]"
898,1360619,0xec64f2956ac76412f670603198a44839777faac0f870d1d0c625070109f68759,"[{""trait_type"":""Glasses"",""value"":""Black Round Glasses""},{""trait_type"":""Mouth"",""value"":""Fuck ""},{""trait_type"":""Background"",""value"":""Green with Jay Force Symbol""},{""trait_type"":""Body"",""value"":""Galaxy""},{""trait_type"":""Outfits"",""value"":""Black Suit""},{""trait_type"":""Hairs"",""value"":""Rasta Hat""}]"
897,1358647,0x98c0ee1e9928ea5b6ad7f5514c4be84b2300a9c45ec1839ad08a2cfd805ed743,"[{""trait_type"":""Glasses"",""value"":""Job Glasses""},{""trait_type"":""Mouth"",""value"":""Sad""},{""trait_type"":""Background"",""value"":""Cloudy""},{""trait_type"":""Body"",""value"":""Fat""},{""trait_type"":""Outfits"",""value"":""Black Suit""},{""trait_type"":""Hairs"",""value"":""Blonde Quiff Haircut""}]"
896,1359548,0x5654317f58db01d231872835d4ddfec1f49284539e2483786cedcd864f3a2ca1,"[{""trait_type"":""Glasses"",""value"":""Regular Glasses""},{""trait_type"":""Mouth"",""value"":""Braces""},{""trait_type"":""Background"",""value"":""Sparkels 2""},{""trait_type"":""Body"",""value"":""Galaxy""},{""trait_type"":""Outfits"",""value"":""Brown Suit ""},{""trait_type"":""Hairs"",""value"":""Blonde Bowl cut""}]"
895,1360598,0xccf3b57686913ea6194d3ddc801d50b1dbcad55561beca088215327cbf6e700a,"[{""trait_type"":""Glasses"",""value"":""Sun Glasses""},{""trait_type"":""Mouth"",""value"":""Big Teeth""},{""trait_type"":""Background"",""value"":""Moon""},{""trait_type"":""Body"",""value"":""Robotic""},{""trait_type"":""Outfits"",""value"":""Blue Shirt""},{""trait_type"":""Hairs"",""value"":""Red Bowl cut""}]"
894,1359266,0x41e34f5d2e32e3c345b88172d2cbc4cd8a507a3ee1b03060c0b1669b4e354073,"[{""trait_type"":""Glasses"",""value"":""3D Glasses ""},{""trait_type"":""Mouth"",""value"":""Braces""},{""trait_type"":""Background"",""value"":""Night Scene""},{""trait_type"":""Body"",""value"":""Robotic""},{""trait_type"":""Outfits"",""value"":""Green Tie""},{""trait_type"":""Hairs"",""value"":""Ice Cream hat""}]"
893,1358921,0x72cedd4e07e4dd01fe24d87b87588a23425b173591af666de7d704ce14f47684,"[{""trait_type"":""Glasses"",""value"":""Yellow Round Glasses""},{""trait_type"":""Mouth"",""value"":""Big Teeth""},{""trait_type"":""Background"",""value"":""Green with red Pixels""},{""trait_type"":""Body"",""value"":""Aliien""},{""trait_type"":""Outfits"",""value"":""Purple Suit""},{""trait_type"":""Hairs"",""value"":""sombrero hat""}]"
892,1359202,0x1d96aac836a86f5e44eb47f378d3e4acb4bad203ce8f3ee330e63ad6faf7e5d9,"[{""trait_type"":""Glasses"",""value"":""VR""},{""trait_type"":""Mouth"",""value"":""Sad""},{""trait_type"":""Background"",""value"":""Green with red Pixels""},{""trait_type"":""Body"",""value"":""Golden Fat""},{""trait_type"":""Outfits"",""value"":""Red Shirt 2""},{""trait_type"":""Hairs"",""value"":""Brown Bowl cut""}]"
891,1359988,0x0b977997583406447df1f56b485249d18f990540f6bb06fc1daca0fbed9e8216,"[{""trait_type"":""Glasses"",""value"":""Green Rectangular Glasses""},{""trait_type"":""Mouth"",""value"":""Braces""},{""trait_type"":""Background"",""value"":""Sparkels 2""},{""trait_type"":""Body"",""value"":""Galaxy Fat""},{""trait_type"":""Outfits"",""value"":""Green Shirt 2""},{""trait_type"":""Hairs"",""value"":""Black Hairs""}]"
890,1360528,0x97803c16a0bde8d17a06719b356afdcdba0f861de520bc2b40614c016922e1cb,"[{""trait_type"":""Glasses"",""value"":""Regular Glasses""},{""trait_type"":""Mouth"",""value"":""Braces""},{""trait_type"":""Background"",""value"":""Sparkles""},{""trait_type"":""Body"",""value"":""Galaxy""},{""trait_type"":""Outfits"",""value"":""Black Suit ""},{""trait_type"":""Hairs"",""value"":""Rasta Hat""}]"
889,1359411,0x77a6e59aba53b78733ca3a81c0497a9e5b838bd3b440f7fc201c5630c9db4db8,"[{""trait_type"":""Glasses"",""value"":""Red Rectangular Glasses""},{""trait_type"":""Mouth"",""value"":""Sad""},{""trait_type"":""Background"",""value"":""Sparkles""},{""trait_type"":""Body"",""value"":""Zoombie""},{""trait_type"":""Outfits"",""value"":""Space Suit""},{""trait_type"":""Hairs"",""value"":""Afro with Comb""}]"
888,1360525,0xdc67fc8861523db2d01991e24ce3e15e4b46c430eec2494df88ea7b247df3e1a,"[{""trait_type"":""Glasses"",""value"":""Purple VR""},{""trait_type"":""Mouth"",""value"":""Braces""},{""trait_type"":""Background"",""value"":""Green with red Pixels""},{""trait_type"":""Body"",""value"":""Robotic Fat""},{""trait_type"":""Outfits"",""value"":""Space Suit""},{""trait_type"":""Hairs"",""value"":""Beanie""}]"
887,1360763,0xaf392df33a070f124596ab6b054c66ba18e90bd3293f4a1d02500a0bf6b73015,"[{""trait_type"":""Glasses"",""value"":""Blue Round Glasses""},{""trait_type"":""Mouth"",""value"":""Fuck ""},{""trait_type"":""Background"",""value"":""Sparkels 2""},{""trait_type"":""Body"",""value"":""Fat Alien""},{""trait_type"":""Outfits"",""value"":""White Shirt""},{""trait_type"":""Hairs"",""value"":""Red Bowl cut""}]"
886,1360726,0x4ccfb28f4ad0dda2e3dfc460f12c206dc1f378869c6c8456541612385cad1d0d,"[{""trait_type"":""Glasses"",""value"":""Gray Round Glasses""},{""trait_type"":""Mouth"",""value"":""Pink Braces""},{""trait_type"":""Background"",""value"":""Cloudy #2""},{""trait_type"":""Body"",""value"":""Fat Alien""},{""trait_type"":""Outfits"",""value"":""Yellow Shirt ""},{""trait_type"":""Hairs"",""value"":""Yellow Top Hat""}]"
885,1358648,0x80f0b1b2701f8be0e73274dc7b1f56d97744817bfc411e6dce4d1ecc6322048e,"[{""trait_type"":""Glasses"",""value"":""Gray Rectangular Glasses""},{""trait_type"":""Mouth"",""value"":""Pink Braces""},{""trait_type"":""Background"",""value"":""Night Scene""},{""trait_type"":""Body"",""value"":""Zoombie""},{""trait_type"":""Outfits"",""value"":""Yellow Shirt ""},{""trait_type"":""Hairs"",""value"":""Santa Hat""}]"
884,1359891,0xd828f9f2ee99aca369518d01ff0fc6f44e58942f552f1686c53b9ef308ede4d7,"[{""trait_type"":""Glasses"",""value"":""Based Eyes""},{""trait_type"":""Mouth"",""value"":""Big Teeth""},{""trait_type"":""Background"",""value"":""Black with Red Pixels""},{""trait_type"":""Body"",""value"":""Golden Fat""},{""trait_type"":""Outfits"",""value"":""Brown Suit ""},{""trait_type"":""Hairs"",""value"":""Flower Crown""}]"
883,1359033,0xeff4efffce501b40aeed8c575e2a87d99d79a0315b197192381974fd76041cfc,"[{""trait_type"":""Glasses"",""value"":""Green Rectangular Glasses""},{""trait_type"":""Mouth"",""value"":""Sad""},{""trait_type"":""Background"",""value"":""Black with Red Pixels""},{""trait_type"":""Body"",""value"":""Fat""},{""trait_type"":""Outfits"",""value"":""Yellow Shirt ""},{""trait_type"":""Hairs"",""value"":""Black Quiff Haircut""}]"
882,1358756,0xbb38c5b64713351ae93071b6254ea9d74a96432b9da077b841810d1faf994f35,"[{""trait_type"":""Glasses"",""value"":""Green Round Glasses""},{""trait_type"":""Mouth"",""value"":""Big Teeth""},{""trait_type"":""Background"",""value"":""Cloudy #2""},{""trait_type"":""Body"",""value"":""Robotic""},{""trait_type"":""Outfits"",""value"":""Black Suit""},{""trait_type"":""Hairs"",""value"":""Afro with Comb""}]"
881,1359473,0x3c8fe7af2c4436b05bc289038efb6167c84ba0209ce7d693d2fd6b15d3b1c198,"[{""trait_type"":""Glasses"",""value"":""Blue Round Glasses""},{""trait_type"":""Mouth"",""value"":""Smile""},{""trait_type"":""Background"",""value"":""Black with Red Pixels""},{""trait_type"":""Body"",""value"":""Fat""},{""trait_type"":""Outfits"",""value"":""Black Suit ""},{""trait_type"":""Hairs"",""value"":""Black Messi Hairs""}]"
880,1359483,0xe3be5d0cda309737be8ecea368dbf194ce6e65258db39aef7797f73264982943,"[{""trait_type"":""Glasses"",""value"":""Sun Glasses""},{""trait_type"":""Mouth"",""value"":""Cigerette""},{""trait_type"":""Background"",""value"":""Green with red Pixels""},{""trait_type"":""Body"",""value"":""Robotic""},{""trait_type"":""Outfits"",""value"":""Black Suit""},{""trait_type"":""Hairs"",""value"":""Santa Hat""}]"
879,1359767,0xd79fe48c8f7eb55b76eb86f50a4b63d73c712ef40faeacec878b6a4f6cab1fb4,"[{""trait_type"":""Glasses"",""value"":""Blue Round Glasses""},{""trait_type"":""Mouth"",""value"":""Big Teeth""},{""trait_type"":""Background"",""value"":""Cloudy #2""},{""trait_type"":""Body"",""value"":""Galaxy Fat""},{""trait_type"":""Outfits"",""value"":""Green Shirt 2""},{""trait_type"":""Hairs"",""value"":""Red Short Hairs""}]"
878,1358470,0xf9338749f029c1c1867799a260220a90901f20c91ad57ddb1b712c3223dffecb,"[{""trait_type"":""Glasses"",""value"":""Red Rectangular Glasses""},{""trait_type"":""Mouth"",""value"":""Big Teeth""},{""trait_type"":""Background"",""value"":""Sparkles""},{""trait_type"":""Body"",""value"":""Robotic Fat""},{""trait_type"":""Outfits"",""value"":""Green Shirt""},{""trait_type"":""Hairs"",""value"":""Red Short Hairs""}]"
877,1359625,0xc4dbdbd014162138a5328bc5ea7b5d21bb35549150aaeb8f38d1935cf07e544a,"[{""trait_type"":""Glasses"",""value"":""3D Glasses""},{""trait_type"":""Mouth"",""value"":""Big Teeth""},{""trait_type"":""Background"",""value"":""Night Scene""},{""trait_type"":""Body"",""value"":""Aliien""},{""trait_type"":""Outfits"",""value"":""Brown Suit  ""},{""trait_type"":""Hairs"",""value"":""Red Messi Hairs""}]"
876,1359282,0xa8d7edd103e4cc33468ace0a8c5327da9b0961d0fb959b8abb71651e84865b05,"[{""trait_type"":""Glasses"",""value"":""Yellow Round Glasses""},{""trait_type"":""Mouth"",""value"":""Cigerette""},{""trait_type"":""Background"",""value"":""Cloudy""},{""trait_type"":""Body"",""value"":""Galaxy Fat""},{""trait_type"":""Outfits"",""value"":""Green Tie""},{""trait_type"":""Hairs"",""value"":""Ice Cream hat""}]"
875,1360618,0x4f6dcbada8c66d80784cf18cbb1e0d689858ad0fb4ec3c1f46eb3fa47ebc1771,"[{""trait_type"":""Glasses"",""value"":""Yellow Round Glasses""},{""trait_type"":""Mouth"",""value"":""Smile""},{""trait_type"":""Background"",""value"":""Night Scene""},{""trait_type"":""Body"",""value"":""Galaxy Fat""},{""trait_type"":""Outfits"",""value"":""Purple Shirt 2""},{""trait_type"":""Hairs"",""value"":""Red Messi Hairs""}]"
874,1360076,0xb0550159a551b1e1e7cd71bf604fe9ef5e3c7a18fa45bb74ddca301fffd91b9e,"[{""trait_type"":""Glasses"",""value"":""Circled Glasses""},{""trait_type"":""Mouth"",""value"":""Pink Braces""},{""trait_type"":""Background"",""value"":""Sparkles""},{""trait_type"":""Body"",""value"":""Robotic Fat""},{""trait_type"":""Outfits"",""value"":""Green Tie""},{""trait_type"":""Hairs"",""value"":""Fisherman Hat""}]"
873,1359669,0x9fd7745e26aa49edcf30671df71198cf8450ae5738ae1cf90879b0a99d7d706b,"[{""trait_type"":""Glasses"",""value"":""Yellow Rectangular Glasses""},{""trait_type"":""Mouth"",""value"":""Sad""},{""trait_type"":""Background"",""value"":""Sparkels 2""},{""trait_type"":""Body"",""value"":""Zoombie""},{""trait_type"":""Outfits"",""value"":""Space Suit""},{""trait_type"":""Hairs"",""value"":""Mushroom Hat""}]"
872,1359860,0xf6426a4875ec642ad2709277a5c22baaee66d1120ea98832988498084b7f97a4,"[{""trait_type"":""Glasses"",""value"":""Black Rectangular Glasses""},{""trait_type"":""Mouth"",""value"":""Pink Braces""},{""trait_type"":""Background"",""value"":""Cloudy #2""},{""trait_type"":""Body"",""value"":""Robotic""},{""trait_type"":""Outfits"",""value"":""Orange Suit ""},{""trait_type"":""Hairs"",""value"":""Blonde Messi Hairs""}]"
871,1358624,0xf7c72e3befd7b5c32808bb3526ac5daf184c3634e4ea2249fab8fc693354c94e,"[{""trait_type"":""Glasses"",""value"":""Circled Glasses""},{""trait_type"":""Mouth"",""value"":""Sad""},{""trait_type"":""Background"",""value"":""Black with Red Pixels""},{""trait_type"":""Body"",""value"":""Galaxy""},{""trait_type"":""Outfits"",""value"":""Black Suit""},{""trait_type"":""Hairs"",""value"":""sombrero hat""}]"
870,1359544,0x4ee0cee58ccf4a12ebcda7b02372221ab1e0938d81b01cbcc2ade5cf7b465b19,"[{""trait_type"":""Glasses"",""value"":""Gray Round Glasses""},{""trait_type"":""Mouth"",""value"":""Smile""},{""trait_type"":""Background"",""value"":""Green with Jay Force Symbol""},{""trait_type"":""Body"",""value"":""Skinny""},{""trait_type"":""Outfits"",""value"":""Blue Shirt""},{""trait_type"":""Hairs"",""value"":""Blonde Short Hairs""}]"
869,1360745,0x51328fa2681a8b10da5d0c9379e8b212d77a674efd323236f7d3b999efeaf5f5,"[{""trait_type"":""Glasses"",""value"":""Green Rectangular Glasses""},{""trait_type"":""Mouth"",""value"":""Big Teeth""},{""trait_type"":""Background"",""value"":""Night Scene""},{""trait_type"":""Body"",""value"":""Aliien""},{""trait_type"":""Outfits"",""value"":""Black Jacket""},{""trait_type"":""Hairs"",""value"":""Beanie""}]"
868,1359525,0xf761a1359385eff7c0baad1147c1193aa5a8d3473e3c5b58bd9def2fb8fd2419,"[{""trait_type"":""Glasses"",""value"":""Black Round Glasses""},{""trait_type"":""Mouth"",""value"":""Big Teeth""},{""trait_type"":""Background"",""value"":""Black with Red Pixels""},{""trait_type"":""Body"",""value"":""Aliien""},{""trait_type"":""Outfits"",""value"":""Orange Suit ""},{""trait_type"":""Hairs"",""value"":""Black Short Hairs""}]"
867,1360070,0x9aa97c361626128c9a3d2e79b4a14f42044ce02576dff64724cee319733df6c9,"[{""trait_type"":""Glasses"",""value"":""3D Glasses ""},{""trait_type"":""Mouth"",""value"":""Pink Braces""},{""trait_type"":""Background"",""value"":""Sparkels 2""},{""trait_type"":""Body"",""value"":""Galaxy""},{""trait_type"":""Outfits"",""value"":""Black Jacket""},{""trait_type"":""Hairs"",""value"":""Red Quiff Haircut""}]"
866,1359326,0xa7ec49cb283ce6fedd752435b0b5e68c3425619dedc2a6f6417f22c8bdfcc45d,"[{""trait_type"":""Glasses"",""value"":""Purple VR""},{""trait_type"":""Mouth"",""value"":""Sad""},{""trait_type"":""Background"",""value"":""Green with red Pixels""},{""trait_type"":""Body"",""value"":""Robotic Fat""},{""trait_type"":""Outfits"",""value"":""Red Shirt 2""},{""trait_type"":""Hairs"",""value"":""Black Messi Hairs""}]"
865,1360186,0x47e98528fe5e03225f7bb1653b450a2d664c9404962198d156989737cbc01044,"[{""trait_type"":""Glasses"",""value"":""Yellow Rectangular Glasses""},{""trait_type"":""Mouth"",""value"":""Fuck ""},{""trait_type"":""Background"",""value"":""Green with Jay Force Symbol""},{""trait_type"":""Body"",""value"":""Skinny""},{""trait_type"":""Outfits"",""value"":""Brown Suit ""},{""trait_type"":""Hairs"",""value"":""Ice Cream hat""}]"
864,1358635,0x3deb824161d2238cb9cf6bfbf13e05ed612a093f62b9f7ab59f313726b4c338c,"[{""trait_type"":""Glasses"",""value"":""Purple VR""},{""trait_type"":""Mouth"",""value"":""Braces""},{""trait_type"":""Background"",""value"":""Sparkels 2""},{""trait_type"":""Body"",""value"":""Robotic Fat""},{""trait_type"":""Outfits"",""value"":""Yellow Tie""},{""trait_type"":""Hairs"",""value"":""Black Hairs""}]"
863,1359779,0x6632887c6900117895a2555e376465c34c23b4ac371ee1bbbde4bd2f9e17ae7a,"[{""trait_type"":""Glasses"",""value"":""Gray Round Glasses""},{""trait_type"":""Mouth"",""value"":""Big Teeth""},{""trait_type"":""Background"",""value"":""Sparkles""},{""trait_type"":""Body"",""value"":""Fat""},{""trait_type"":""Outfits"",""value"":""Green Shirt""},{""trait_type"":""Hairs"",""value"":""Black Short Hairs""}]"
862,1360177,0x64dedfdf78221ec3b756743e89699f299c80e4330c562c18f5b233cb9edd6698,"[{""trait_type"":""Glasses"",""value"":""Yellow Rectangular Glasses""},{""trait_type"":""Mouth"",""value"":""Braces""},{""trait_type"":""Background"",""value"":""Green with Jay Force Symbol""},{""trait_type"":""Body"",""value"":""Skinny""},{""trait_type"":""Outfits"",""value"":""Space Suit""},{""trait_type"":""Hairs"",""value"":""Blonde Short Hairs""}]"
861,1358958,0x470c6f8d357ce9fd5aaefe02011a912b9ee15dcab5ab7153670d4af50b1fc9a2,"[{""trait_type"":""Glasses"",""value"":""Yellow Round Glasses""},{""trait_type"":""Mouth"",""value"":""Sad""},{""trait_type"":""Background"",""value"":""Night Scene""},{""trait_type"":""Body"",""value"":""Fat Alien""},{""trait_type"":""Outfits"",""value"":""Yellow Tie""},{""trait_type"":""Hairs"",""value"":""Flower Crown""}]"
860,1359898,0x0863380609dd7cf551e628bb75013b8f9527eef9892394b793e72237daa8a716,"[{""trait_type"":""Glasses"",""value"":""Based Eyes""},{""trait_type"":""Mouth"",""value"":""Cigerette""},{""trait_type"":""Background"",""value"":""Cloudy #2""},{""trait_type"":""Body"",""value"":""Fat Alien""},{""trait_type"":""Outfits"",""value"":""Purple Suit""},{""trait_type"":""Hairs"",""value"":""Ice Cream hat""}]"
859,1359246,0xabb36b343a380244214b90fa0e50f34051254789b0b71273460b5e432238707a,"[{""trait_type"":""Glasses"",""value"":""Gray Rectangular Glasses""},{""trait_type"":""Mouth"",""value"":""Big Teeth""},{""trait_type"":""Background"",""value"":""Green with red Pixels""},{""trait_type"":""Body"",""value"":""Galaxy""},{""trait_type"":""Outfits"",""value"":""Brown Suit ""},{""trait_type"":""Hairs"",""value"":""Santa Hat""}]"
858,1360395,0xc6759b169ffb9633aaab598215cca71d91a4a68e67b1e8645b5f5ff7d88cbcb1,"[{""trait_type"":""Glasses"",""value"":""Red Rectangular Glasses""},{""trait_type"":""Mouth"",""value"":""Braces""},{""trait_type"":""Background"",""value"":""Sparkels 2""},{""trait_type"":""Body"",""value"":""Zoombie""},{""trait_type"":""Outfits"",""value"":""White Shirt""},{""trait_type"":""Hairs"",""value"":""Santa Hat""}]"
857,1360566,0x3e928ffab593d7187eba0f7911710f4d2648cb9087fea69200a6655dd986f204,"[{""trait_type"":""Glasses"",""value"":""Yellow Rectangular Glasses""},{""trait_type"":""Mouth"",""value"":""Pink Braces""},{""trait_type"":""Background"",""value"":""Green with Jay Force Symbol""},{""trait_type"":""Body"",""value"":""Galaxy Fat""},{""trait_type"":""Outfits"",""value"":""Red Shirt 2""},{""trait_type"":""Hairs"",""value"":""Blonde Quiff Haircut""}]"
856,1358759,0x3957cc89ea07e5a32a6ef32a648490b6e7193ad78befb9bc6ec1bc8277a1dbb8,"[{""trait_type"":""Glasses"",""value"":""Regular Glasses""},{""trait_type"":""Mouth"",""value"":""Braces""},{""trait_type"":""Background"",""value"":""Green with red Pixels""},{""trait_type"":""Body"",""value"":""Golden""},{""trait_type"":""Outfits"",""value"":""Brown Suit ""},{""trait_type"":""Hairs"",""value"":""Blonde Short Hairs""}]"
855,1360640,0xba530f57251d45846e2baa481cfa83af922fca10cd29d1629360ef9fb4546ba0,"[{""trait_type"":""Glasses"",""value"":""Gray Round Glasses""},{""trait_type"":""Mouth"",""value"":""Braces""},{""trait_type"":""Background"",""value"":""Cloudy #2""},{""trait_type"":""Body"",""value"":""Skinny""},{""trait_type"":""Outfits"",""value"":""Brown Suit ""},{""trait_type"":""Hairs"",""value"":""Blonde Bowl cut""}]"
854,1360436,0x5f8671d4d6744193a2e7e37d16cea94e9932adbfd8bb438abf8691d65afbe0a0,"[{""trait_type"":""Glasses"",""value"":""Circled Glasses""},{""trait_type"":""Mouth"",""value"":""Fuck ""},{""trait_type"":""Background"",""value"":""Sparkels 2""},{""trait_type"":""Body"",""value"":""Golden Fat""},{""trait_type"":""Outfits"",""value"":""Orange Suit ""},{""trait_type"":""Hairs"",""value"":""Red Short Hairs""}]"
853,1358512,0x22d063f55f6c2495ac6ecd3eccb4050fb68e24382594b89b4b036f687dce8954,"[{""trait_type"":""Glasses"",""value"":""VR""},{""trait_type"":""Mouth"",""value"":""Smile""},{""trait_type"":""Background"",""value"":""Night Scene""},{""trait_type"":""Body"",""value"":""Zoombie Fat""},{""trait_type"":""Outfits"",""value"":""Purple Tie""},{""trait_type"":""Hairs"",""value"":""Black Bowl cut""}]"
852,1358968,0xfeb547659b8e86e68b4a3b05135d64b064a724d9acde6f283a48107cda029afa,"[{""trait_type"":""Glasses"",""value"":""VR""},{""trait_type"":""Mouth"",""value"":""Sad""},{""trait_type"":""Background"",""value"":""Black with Red Pixels""},{""trait_type"":""Body"",""value"":""Robotic Fat""},{""trait_type"":""Outfits"",""value"":""Brown Suit ""},{""trait_type"":""Hairs"",""value"":""Red Short Hairs""}]"
851,1359694,0x34ed338f3227e48ca78c7e6b3e49ca9c38cc73c176456482e76dd951a8b52230,"[{""trait_type"":""Glasses"",""value"":""Purple Round Glasses""},{""trait_type"":""Mouth"",""value"":""Smile""},{""trait_type"":""Background"",""value"":""Night Scene""},{""trait_type"":""Body"",""value"":""Robotic""},{""trait_type"":""Outfits"",""value"":""Green Shirt 2""},{""trait_type"":""Hairs"",""value"":""Brown Bowl cut""}]"
850,1359590,0x637877e049ceec4eb44787b1ef35df74a37a42716c1355665c8ce737da0e798a,"[{""trait_type"":""Glasses"",""value"":""Black VR""},{""trait_type"":""Mouth"",""value"":""Pink Braces""},{""trait_type"":""Background"",""value"":""Black with Red Pixels""},{""trait_type"":""Body"",""value"":""Galaxy Fat""},{""trait_type"":""Outfits"",""value"":""Yellow Tie""},{""trait_type"":""Hairs"",""value"":""Black Short Hairs""}]"
849,1359320,0xd88b808f781758b07192f5737c14a902953dc52f75e7798e5c8ad907598d23bb,"[{""trait_type"":""Glasses"",""value"":""Red Rectangular Glasses""},{""trait_type"":""Mouth"",""value"":""Fuck ""},{""trait_type"":""Background"",""value"":""Black with Red Pixels""},{""trait_type"":""Body"",""value"":""Galaxy""},{""trait_type"":""Outfits"",""value"":""Brown Suit""},{""trait_type"":""Hairs"",""value"":""Santa Hat""}]"
848,1360615,0x1518a65811af8e8855a43bc6efe9d51824863ff022225abc20a51720f8bdfff4,"[{""trait_type"":""Glasses"",""value"":""Blue Rectangular Glasses""},{""trait_type"":""Mouth"",""value"":""Pink Braces""},{""trait_type"":""Background"",""value"":""Sparkles""},{""trait_type"":""Body"",""value"":""Robotic""},{""trait_type"":""Outfits"",""value"":""Green Shirt""},{""trait_type"":""Hairs"",""value"":""Mushroom Hat""}]"
847,1360276,0x95c21736c2e239596558a9658b5e7e389a48d1f1be19461ef2176a3d413832a1,"[{""trait_type"":""Glasses"",""value"":""Green Round Glasses""},{""trait_type"":""Mouth"",""value"":""Big Teeth""},{""trait_type"":""Background"",""value"":""Cloudy""},{""trait_type"":""Body"",""value"":""Galaxy""},{""trait_type"":""Outfits"",""value"":""Black Suit ""},{""trait_type"":""Hairs"",""value"":""Fisherman Hat""}]"
846,1359528,0xf90d50726be3b97349e89d90165ab990f5bbae49432564e5a6c6eee5db59254f,"[{""trait_type"":""Glasses"",""value"":""Yellow 3D Glasses""},{""trait_type"":""Mouth"",""value"":""Fuck ""},{""trait_type"":""Background"",""value"":""Black with Red Pixels""},{""trait_type"":""Body"",""value"":""Galaxy""},{""trait_type"":""Outfits"",""value"":""Orange Suit ""},{""trait_type"":""Hairs"",""value"":""Black Bowl cut""}]"
845,1359444,0x6054fae9bce493673593cc4c91f675b55a6cdcef7a47de322a404cdfa03cf529,"[{""trait_type"":""Glasses"",""value"":""Circled Glasses""},{""trait_type"":""Mouth"",""value"":""Braces""},{""trait_type"":""Background"",""value"":""Sparkles""},{""trait_type"":""Body"",""value"":""Fat""},{""trait_type"":""Outfits"",""value"":""Blue Shirt 2""},{""trait_type"":""Hairs"",""value"":""Santa Hat""}]"
844,1360089,0x16ec0c4c0cdc32374c5de86acda7901b51f0e4d8838bc1e866ef9091b5492f7f,"[{""trait_type"":""Glasses"",""value"":""Multicolored Glasses""},{""trait_type"":""Mouth"",""value"":""Big Teeth""},{""trait_type"":""Background"",""value"":""Green with red Pixels""},{""trait_type"":""Body"",""value"":""Golden Fat""},{""trait_type"":""Outfits"",""value"":""Purple Shirt 2""},{""trait_type"":""Hairs"",""value"":""Blonde Messi Hairs""}]"
843,1360001,0x3441e6cf48400e7810fa92d716fb22334c5196604d4142f05801547183d59e91,"[{""trait_type"":""Glasses"",""value"":""Gray Round Glasses""},{""trait_type"":""Mouth"",""value"":""Big Teeth""},{""trait_type"":""Background"",""value"":""Green with red Pixels""},{""trait_type"":""Body"",""value"":""Golden Fat""},{""trait_type"":""Outfits"",""value"":""Orange Suit ""},{""trait_type"":""Hairs"",""value"":""Flower Crown""}]"
842,1358485,0xe8783b7b8b2a13523ae0fa82bc3ac3b324392082610f846f00773d07b5e9e76a,"[{""trait_type"":""Glasses"",""value"":""Based Eyes""},{""trait_type"":""Mouth"",""value"":""Big Teeth""},{""trait_type"":""Background"",""value"":""Green with red Pixels""},{""trait_type"":""Body"",""value"":""Robotic""},{""trait_type"":""Outfits"",""value"":""Brown Suit ""},{""trait_type"":""Hairs"",""value"":""Top Hat""}]"
841,1358876,0xf2df2323cc66dd55cb50340e9cac2e2e0955966d4a2510d66799a08106e3feba,"[{""trait_type"":""Glasses"",""value"":""Gray Rectangular Glasses""},{""trait_type"":""Mouth"",""value"":""Braces""},{""trait_type"":""Background"",""value"":""Moon""},{""trait_type"":""Body"",""value"":""Robotic""},{""trait_type"":""Outfits"",""value"":""Orange Suit ""},{""trait_type"":""Hairs"",""value"":""Flower Crown""}]"
840,1360424,0x41b20659300d1ddc1c99cecbfe2d596e64b1c7fe8bab97204d2b73d885352048,"[{""trait_type"":""Glasses"",""value"":""VR""},{""trait_type"":""Mouth"",""value"":""Smile""},{""trait_type"":""Background"",""value"":""Green with Jay Force Symbol""},{""trait_type"":""Body"",""value"":""Aliien""},{""trait_type"":""Outfits"",""value"":""Blue Shirt""},{""trait_type"":""Hairs"",""value"":""Red Bowl cut""}]"
839,1359655,0xecc280de7d284fcce4e92e8f66bd9bf4bf21b308408ccf90480fa5b1a9c29590,"[{""trait_type"":""Glasses"",""value"":""Red Round Glasses""},{""trait_type"":""Mouth"",""value"":""Cigerette""},{""trait_type"":""Background"",""value"":""Cloudy""},{""trait_type"":""Body"",""value"":""Golden Fat""},{""trait_type"":""Outfits"",""value"":""Green Shirt""},{""trait_type"":""Hairs"",""value"":""Red Bowl cut""}]"
838,1360407,0xac70ce22a4e81b047cdba3fb5e824618dbcecccc86832535dd5a2949a96a0c90,"[{""trait_type"":""Glasses"",""value"":""Purple VR""},{""trait_type"":""Mouth"",""value"":""Sad""},{""trait_type"":""Background"",""value"":""Sparkels 2""},{""trait_type"":""Body"",""value"":""Golden""},{""trait_type"":""Outfits"",""value"":""Blue Shirt 2""},{""trait_type"":""Hairs"",""value"":""Brown Bowl cut""}]"
837,1360100,0xad8093674a1d97f1117eaec3c0b789c54f7d7eed2c25262e5b24b6ad8752ec05,"[{""trait_type"":""Glasses"",""value"":""Gray Round Glasses""},{""trait_type"":""Mouth"",""value"":""Sad""},{""trait_type"":""Background"",""value"":""Cloudy #2""},{""trait_type"":""Body"",""value"":""Golden""},{""trait_type"":""Outfits"",""value"":""Brown Suit""},{""trait_type"":""Hairs"",""value"":""Blonde Short Hairs""}]"
836,1358590,0x29b6e7ea79a1b5f01fee86414126eda688d6e85106ddbdcef9c96e498c2f96c8,"[{""trait_type"":""Glasses"",""value"":""Purple Rectangular Glasses""},{""trait_type"":""Mouth"",""value"":""Pink Braces""},{""trait_type"":""Background"",""value"":""Black with Red Pixels""},{""trait_type"":""Body"",""value"":""Zoombie Fat""},{""trait_type"":""Outfits"",""value"":""Brown Suit  ""},{""trait_type"":""Hairs"",""value"":""Blonde Quiff Haircut""}]"
835,1358537,0x1e85ab7860de193475b58bc89558d957f2037e36032b7250f273f747f095eb15,"[{""trait_type"":""Glasses"",""value"":""Red Rectangular Glasses""},{""trait_type"":""Mouth"",""value"":""Big Teeth""},{""trait_type"":""Background"",""value"":""Black with Red Pixels""},{""trait_type"":""Body"",""value"":""Robotic Fat""},{""trait_type"":""Outfits"",""value"":""Orange Suit ""},{""trait_type"":""Hairs"",""value"":""Flower Crown""}]"
834,1359735,0xacdef770c6fd636879f1211aa1024d35499c0ce04ff03b7cf7a7b13891fef95c,"[{""trait_type"":""Glasses"",""value"":""Yellow Rectangular Glasses""},{""trait_type"":""Mouth"",""value"":""Big Teeth""},{""trait_type"":""Background"",""value"":""Cloudy #2""},{""trait_type"":""Body"",""value"":""Skinny""},{""trait_type"":""Outfits"",""value"":""Green Shirt 2""},{""trait_type"":""Hairs"",""value"":""Rasta Hat""}]"
833,1358623,0xf21263356fb53aeffe6e21dfad441c36cb4761363b233bbcd60903d42581dc8f,"[{""trait_type"":""Glasses"",""value"":""Black VR""},{""trait_type"":""Mouth"",""value"":""Smile""},{""trait_type"":""Background"",""value"":""Night Scene""},{""trait_type"":""Body"",""value"":""Golden""},{""trait_type"":""Outfits"",""value"":""Blue Shirt 2""},{""trait_type"":""Hairs"",""value"":""Top Hat""}]"
832,1358678,0xc506a7b42a7154659a88754f7ead4fbb96cb634a8841a41d6ba178423cf5efba,"[{""trait_type"":""Glasses"",""value"":""Yellow Rectangular Glasses""},{""trait_type"":""Mouth"",""value"":""Sad""},{""trait_type"":""Background"",""value"":""Moon""},{""trait_type"":""Body"",""value"":""Galaxy""},{""trait_type"":""Outfits"",""value"":""Orange Suit ""},{""trait_type"":""Hairs"",""value"":""Red Messi Hairs""}]"
831,1359924,0x1cbf94a6b72290a2e1b8e4d66d05c42a3b48d455e7d6841b9baf67f7ef6a6f93,"[{""trait_type"":""Glasses"",""value"":""Green Rectangular Glasses""},{""trait_type"":""Mouth"",""value"":""Pink Braces""},{""trait_type"":""Background"",""value"":""Cloudy #2""},{""trait_type"":""Body"",""value"":""Galaxy Fat""},{""trait_type"":""Outfits"",""value"":""Blue Shirt""},{""trait_type"":""Hairs"",""value"":""Red Messi Hairs""}]"
830,1360159,0x9dc319bf463975f686b54c272ccd3c7a4a72ae4fd9dc954fb923c8da626cf47a,"[{""trait_type"":""Glasses"",""value"":""Yellow Rectangular Glasses""},{""trait_type"":""Mouth"",""value"":""Fuck ""},{""trait_type"":""Background"",""value"":""Cloudy #2""},{""trait_type"":""Body"",""value"":""Fat Alien""},{""trait_type"":""Outfits"",""value"":""Blue Shirt 2""},{""trait_type"":""Hairs"",""value"":""Top Hat""}]"
829,1358595,0x3c10a5eb93ac5bdefdba449966d51ac2982e7684da61170c92b98a7543ea6ff5,"[{""trait_type"":""Glasses"",""value"":""3D Glasses ""},{""trait_type"":""Mouth"",""value"":""Smile""},{""trait_type"":""Background"",""value"":""Sparkles""},{""trait_type"":""Body"",""value"":""Galaxy""},{""trait_type"":""Outfits"",""value"":""Purple Suit""},{""trait_type"":""Hairs"",""value"":""sombrero hat""}]"
828,1360466,0xec2a122d2d9acdf356b723a508e702d695beafccf14a1a92f2c5e65662ad5680,"[{""trait_type"":""Glasses"",""value"":""Based Eyes""},{""trait_type"":""Mouth"",""value"":""Cigerette""},{""trait_type"":""Background"",""value"":""Green with Jay Force Symbol""},{""trait_type"":""Body"",""value"":""Robotic""},{""trait_type"":""Outfits"",""value"":""Purple Suit""},{""trait_type"":""Hairs"",""value"":""Yellow Top Hat""}]"
827,1360307,0x243b1fea7fe4b677b168da7244684dd13d17dcb84ddfff9f9a730e9377e53b6c,"[{""trait_type"":""Glasses"",""value"":""Purple Glasses""},{""trait_type"":""Mouth"",""value"":""Braces""},{""trait_type"":""Background"",""value"":""Moon""},{""trait_type"":""Body"",""value"":""Golden Fat""},{""trait_type"":""Outfits"",""value"":""Purple Tie""},{""trait_type"":""Hairs"",""value"":""Blonde Messi Hairs""}]"
826,1359404,0xc93eed8a5ef58baa73513e876fbe7ccbdef42a960e901f400b8ab393fc43e0d1,"[{""trait_type"":""Glasses"",""value"":""Sun Glasses""},{""trait_type"":""Mouth"",""value"":""Cigerette""},{""trait_type"":""Background"",""value"":""Moon""},{""trait_type"":""Body"",""value"":""Galaxy""},{""trait_type"":""Outfits"",""value"":""Blue Shirt""},{""trait_type"":""Hairs"",""value"":""Black Quiff Haircut""}]"
825,1359410,0x7c018f5260b42a80d520998a6500de11f0e61dc4fba6cba70381f2610af0d9da,"[{""trait_type"":""Glasses"",""value"":""Purple VR""},{""trait_type"":""Mouth"",""value"":""Smile""},{""trait_type"":""Background"",""value"":""Sparkles""},{""trait_type"":""Body"",""value"":""Golden Fat""},{""trait_type"":""Outfits"",""value"":""Purple Tie""},{""trait_type"":""Hairs"",""value"":""Yellow Top Hat""}]"
824,1359925,0x78c8743bcb2dd05d156e69079c6e8b39b4e9356ac7ae6994cf2f41871c56d0ce,"[{""trait_type"":""Glasses"",""value"":""Multicolored Glasses""},{""trait_type"":""Mouth"",""value"":""Sad""},{""trait_type"":""Background"",""value"":""Sparkels 2""},{""trait_type"":""Body"",""value"":""Fat""},{""trait_type"":""Outfits"",""value"":""Brown Suit ""},{""trait_type"":""Hairs"",""value"":""Red Messi Hairs""}]"
823,1358621,0xc0ad729d23de1fa3d45cd80c23ee59e3d79c9ee13e8b3179a6f3c6627fc30380,"[{""trait_type"":""Glasses"",""value"":""Green Rectangular Glasses""},{""trait_type"":""Mouth"",""value"":""Cigerette""},{""trait_type"":""Background"",""value"":""Cloudy #2""},{""trait_type"":""Body"",""value"":""Fat""},{""trait_type"":""Outfits"",""value"":""Black Jacket""},{""trait_type"":""Hairs"",""value"":""Red Bowl cut""}]"
822,1358907,0xa820bdbf7eedde73244ef6f206cca6e3899071e1238ec9d3268d169b2a4e2d2b,"[{""trait_type"":""Glasses"",""value"":""Purple Glasses""},{""trait_type"":""Mouth"",""value"":""Cigerette""},{""trait_type"":""Background"",""value"":""Moon""},{""trait_type"":""Body"",""value"":""Robotic Fat""},{""trait_type"":""Outfits"",""value"":""Green Tie""},{""trait_type"":""Hairs"",""value"":""Crystal Crown""}]"
821,1360355,0xe2556bf10c24b019c9cbb703ba4a5d49a3b47dbf8c6ba42dbc7ac496b19cf355,"[{""trait_type"":""Glasses"",""value"":""Black VR""},{""trait_type"":""Mouth"",""value"":""Braces""},{""trait_type"":""Background"",""value"":""Cloudy""},{""trait_type"":""Body"",""value"":""Galaxy""},{""trait_type"":""Outfits"",""value"":""Blue Shirt""},{""trait_type"":""Hairs"",""value"":""Afro with Comb""}]"
820,1360381,0x4025da8e82254280511e93d61c247c3c439c4d0a7dd66a8a0c3046613b42bdaa,"[{""trait_type"":""Glasses"",""value"":""Purple VR""},{""trait_type"":""Mouth"",""value"":""Fuck ""},{""trait_type"":""Background"",""value"":""Cloudy #2""},{""trait_type"":""Body"",""value"":""Fat Alien""},{""trait_type"":""Outfits"",""value"":""Brown Suit ""},{""trait_type"":""Hairs"",""value"":""Red Bowl cut""}]"
819,1359753,0x9703116abf27e7b03902a30848345bbdfe7468ab39aa309a9ddaa7375f67dd91,"[{""trait_type"":""Glasses"",""value"":""Yellow Round Glasses""},{""trait_type"":""Mouth"",""value"":""Smile""},{""trait_type"":""Background"",""value"":""Sparkels 2""},{""trait_type"":""Body"",""value"":""Robotic""},{""trait_type"":""Outfits"",""value"":""Black Shirt ""},{""trait_type"":""Hairs"",""value"":""Yellow Top Hat""}]"
818,1359192,0xc662291d8dd9563223edcd6e7fb1c7cabe201257760544d142a73d0bb5c2d48d,"[{""trait_type"":""Glasses"",""value"":""Blue Rectangular Glasses""},{""trait_type"":""Mouth"",""value"":""Fuck ""},{""trait_type"":""Background"",""value"":""Night Scene""},{""trait_type"":""Body"",""value"":""Golden""},{""trait_type"":""Outfits"",""value"":""Orange Suit ""},{""trait_type"":""Hairs"",""value"":""Red Hairs""}]"
817,1359602,0x9849386a9e8e79ac286137c02939665ca381d73594f2ac2c63bfe67ab2658924,"[{""trait_type"":""Glasses"",""value"":""Red Rectangular Glasses""},{""trait_type"":""Mouth"",""value"":""Braces""},{""trait_type"":""Background"",""value"":""Green with Jay Force Symbol""},{""trait_type"":""Body"",""value"":""Golden""},{""trait_type"":""Outfits"",""value"":""Red Tie""},{""trait_type"":""Hairs"",""value"":""Black Bowl cut""}]"
816,1358653,0x151253742dbd4341da893c732d4b2838466fc0a10a933e1fd73c155f2f273277,"[{""trait_type"":""Glasses"",""value"":""Black Round Glasses""},{""trait_type"":""Mouth"",""value"":""Cigerette""},{""trait_type"":""Background"",""value"":""Moon""},{""trait_type"":""Body"",""value"":""Zoombie""},{""trait_type"":""Outfits"",""value"":""White Shirt""},{""trait_type"":""Hairs"",""value"":""Rasta Hat""}]"
815,1358456,0xac848079ab22eecbc1c64e15b3fe8b803da0665ea0665d18ea89254da73f30bc,"[{""trait_type"":""Glasses"",""value"":""Circled Glasses""},{""trait_type"":""Mouth"",""value"":""Fuck ""},{""trait_type"":""Background"",""value"":""Green with Jay Force Symbol""},{""trait_type"":""Body"",""value"":""Zoombie""},{""trait_type"":""Outfits"",""value"":""Purple Shirt 2""},{""trait_type"":""Hairs"",""value"":""Blonde Short Hairs""}]"
814,1358977,0x765c07c560ea84f64f5fa1b7d48e802a5c3741c0f4a39d941089e0bd243694c9,"[{""trait_type"":""Glasses"",""value"":""Yellow 3D Glasses""},{""trait_type"":""Mouth"",""value"":""Smile""},{""trait_type"":""Background"",""value"":""Green with Jay Force Symbol""},{""trait_type"":""Body"",""value"":""Galaxy""},{""trait_type"":""Outfits"",""value"":""Orange Suit ""},{""trait_type"":""Hairs"",""value"":""Red Short Hairs""}]"
813,1359328,0xa52e72949c90fa5b7aa2b6a5e541ad2a386b5c4074471745f9d4813069888111,"[{""trait_type"":""Glasses"",""value"":""3D Glasses""},{""trait_type"":""Mouth"",""value"":""Sad""},{""trait_type"":""Background"",""value"":""Green with red Pixels""},{""trait_type"":""Body"",""value"":""Golden Fat""},{""trait_type"":""Outfits"",""value"":""Green Shirt""},{""trait_type"":""Hairs"",""value"":""Black Hairs""}]"
812,1359388,0x7486fadaa4d7d04da83eef1f878779d57360b72b274f68a21564fff22feb6443,"[{""trait_type"":""Glasses"",""value"":""Purple Glasses""},{""trait_type"":""Mouth"",""value"":""Fuck ""},{""trait_type"":""Background"",""value"":""Cloudy #2""},{""trait_type"":""Body"",""value"":""Fat Alien""},{""trait_type"":""Outfits"",""value"":""Black Suit""},{""trait_type"":""Hairs"",""value"":""Red Bowl cut""}]"
811,1359257,0x7d794f56f9becca6f181e7655e864760036736f22cc8cd815be683d17189bcc9,"[{""trait_type"":""Glasses"",""value"":""3D Glasses ""},{""trait_type"":""Mouth"",""value"":""Cigerette""},{""trait_type"":""Background"",""value"":""Sparkels 2""},{""trait_type"":""Body"",""value"":""Galaxy Fat""},{""trait_type"":""Outfits"",""value"":""Black Shirt ""},{""trait_type"":""Hairs"",""value"":""Rasta Hat""}]"
810,1358591,0x518a9340bd1ba75c5e43af072866e932359629e1f7210af907a6ef1e0428bb9a,"[{""trait_type"":""Glasses"",""value"":""Yellow Rectangular Glasses""},{""trait_type"":""Mouth"",""value"":""Big Teeth""},{""trait_type"":""Background"",""value"":""Night Scene""},{""trait_type"":""Body"",""value"":""Golden""},{""trait_type"":""Outfits"",""value"":""Yellow Tie""},{""trait_type"":""Hairs"",""value"":""Red Short Hairs""}]"
809,1359318,0xe0e068821b4ed19e16210330a082f38753e7a5b3d11a77b5adbba35656d34622,"[{""trait_type"":""Glasses"",""value"":""Circled Glasses""},{""trait_type"":""Mouth"",""value"":""Cigerette""},{""trait_type"":""Background"",""value"":""Night Scene""},{""trait_type"":""Body"",""value"":""Skinny""},{""trait_type"":""Outfits"",""value"":""Yellow Shirt ""},{""trait_type"":""Hairs"",""value"":""Red Short Hairs""}]"
808,1358535,0x402c12105ca17b7fe0857167221b2ea6d53d8e1b8f78d879dacf05cdc778a19e,"[{""trait_type"":""Glasses"",""value"":""Green Rectangular Glasses""},{""trait_type"":""Mouth"",""value"":""Smile""},{""trait_type"":""Background"",""value"":""Sparkels 2""},{""trait_type"":""Body"",""value"":""Fat""},{""trait_type"":""Outfits"",""value"":""Brown Suit ""},{""trait_type"":""Hairs"",""value"":""Black Short Hairs""}]"
807,1359431,0x6b1a20d834fdd5b2e89f57edfd6226a30218347b1c0dc90e8d0f9af0fe79a911,"[{""trait_type"":""Glasses"",""value"":""Circled Glasses""},{""trait_type"":""Mouth"",""value"":""Pink Braces""},{""trait_type"":""Background"",""value"":""Cloudy""},{""trait_type"":""Body"",""value"":""Golden Fat""},{""trait_type"":""Outfits"",""value"":""Purple Suit""},{""trait_type"":""Hairs"",""value"":""Red Short Hairs""}]"
806,1360168,0x8a724e3b1b12393d7bf4355ffb1c36aa1b24aa87f8e95e9adc83b252b8d7d7ee,"[{""trait_type"":""Glasses"",""value"":""Gray Round Glasses""},{""trait_type"":""Mouth"",""value"":""Fuck ""},{""trait_type"":""Background"",""value"":""Cloudy #2""},{""trait_type"":""Body"",""value"":""Robotic Fat""},{""trait_type"":""Outfits"",""value"":""Red Shirt 2""},{""trait_type"":""Hairs"",""value"":""Santa Hat""}]"
805,1360368,0xfa1ff82fd05dee868dcc5594a93450146f34d10703a663d9e19d8b9b97346f4b,"[{""trait_type"":""Glasses"",""value"":""Green Round Glasses""},{""trait_type"":""Mouth"",""value"":""Big Teeth""},{""trait_type"":""Background"",""value"":""Green with Jay Force Symbol""},{""trait_type"":""Body"",""value"":""Zoombie""},{""trait_type"":""Outfits"",""value"":""Red Tie""},{""trait_type"":""Hairs"",""value"":""Blonde Hairs""}]"
804,1359686,0x64a27a7c1acc3fd65837ae8613260a43ddcf6ff5b56896f74a68d7142d820bd2,"[{""trait_type"":""Glasses"",""value"":""3D Glasses ""},{""trait_type"":""Mouth"",""value"":""Fuck ""},{""trait_type"":""Background"",""value"":""Green with red Pixels""},{""trait_type"":""Body"",""value"":""Golden Fat""},{""trait_type"":""Outfits"",""value"":""Blue Shirt""},{""trait_type"":""Hairs"",""value"":""Mushroom Hat""}]"
803,1360362,0x85efd0bc30718911efc1bcce79a556309aa209525a31dae699914af8bbc1c760,"[{""trait_type"":""Glasses"",""value"":""Red Round Glasses""},{""trait_type"":""Mouth"",""value"":""Big Teeth""},{""trait_type"":""Background"",""value"":""Cloudy""},{""trait_type"":""Body"",""value"":""Skinny""},{""trait_type"":""Outfits"",""value"":""Blue Shirt""},{""trait_type"":""Hairs"",""value"":""Brown Bowl cut""}]"
802,1360669,0x340bf044d344a615acd1c42f50f16d92a15783eae8af63651517615ff7c3ccb2,"[{""trait_type"":""Glasses"",""value"":""Purple VR""},{""trait_type"":""Mouth"",""value"":""Cigerette""},{""trait_type"":""Background"",""value"":""Sparkles""},{""trait_type"":""Body"",""value"":""Zoombie Fat""},{""trait_type"":""Outfits"",""value"":""Blue Shirt 2""},{""trait_type"":""Hairs"",""value"":""sombrero hat""}]"
801,1358737,0x109ec1bdde5f247ef60368d50b5b4ac6bdf2871df9c6f29d33d108f5b1779bf1,"[{""trait_type"":""Glasses"",""value"":""Green Rectangular Glasses""},{""trait_type"":""Mouth"",""value"":""Cigerette""},{""trait_type"":""Background"",""value"":""Black with Red Pixels""},{""trait_type"":""Body"",""value"":""Galaxy""},{""trait_type"":""Outfits"",""value"":""Green Tie""},{""trait_type"":""Hairs"",""value"":""Blonde Short Hairs""}]"
800,1359863,0xf81dbc723e7fb8d2994e56a833dc82200bb7cf583d4180d8ad6169564763e3be,"[{""trait_type"":""Glasses"",""value"":""Yellow Round Glasses""},{""trait_type"":""Mouth"",""value"":""Fuck ""},{""trait_type"":""Background"",""value"":""Night Scene""},{""trait_type"":""Body"",""value"":""Fat Alien""},{""trait_type"":""Outfits"",""value"":""Green Shirt""},{""trait_type"":""Hairs"",""value"":""Red Short Hairs""}]"
799,1359510,0x684532eb9d76965606655fac1fb80e0156a41aa26023a79fc10faae354837fb3,"[{""trait_type"":""Glasses"",""value"":""Based Eyes""},{""trait_type"":""Mouth"",""value"":""Smile""},{""trait_type"":""Background"",""value"":""Black with Red Pixels""},{""trait_type"":""Body"",""value"":""Golden""},{""trait_type"":""Outfits"",""value"":""Blue Shirt""},{""trait_type"":""Hairs"",""value"":""Blonde Hairs""}]"
798,1359577,0x5870849f877837f7d148975a51a0379194a266e98f04c5317412a2dbf372b612,"[{""trait_type"":""Glasses"",""value"":""Red Rectangular Glasses""},{""trait_type"":""Mouth"",""value"":""Cigerette""},{""trait_type"":""Background"",""value"":""Cloudy""},{""trait_type"":""Body"",""value"":""Zoombie""},{""trait_type"":""Outfits"",""value"":""Purple Tie""},{""trait_type"":""Hairs"",""value"":""Black Bowl cut""}]"
797,1360450,0xc76dc0fa65a7bff0c81dfea1847246e6bc94034f02b8774a62d58df6cb6a0e84,"[{""trait_type"":""Glasses"",""value"":""Based Eyes""},{""trait_type"":""Mouth"",""value"":""Big Teeth""},{""trait_type"":""Background"",""value"":""Sparkels 2""},{""trait_type"":""Body"",""value"":""Golden""},{""trait_type"":""Outfits"",""value"":""Space Suit""},{""trait_type"":""Hairs"",""value"":""Rasta Hat""}]"
796,1359177,0xcb77795404c2fb95b5884cca501f4239850068e9d80da5d9341f01382c5f11d7,"[{""trait_type"":""Glasses"",""value"":""VR""},{""trait_type"":""Mouth"",""value"":""Smile""},{""trait_type"":""Background"",""value"":""Night Scene""},{""trait_type"":""Body"",""value"":""Galaxy""},{""trait_type"":""Outfits"",""value"":""Brown Suit ""},{""trait_type"":""Hairs"",""value"":""Red Short Hairs""}]"
795,1359229,0x9e4168667a2d9352b652c4a5e9f54d0d72f240fa688ad954a8713f3f9529f947,"[{""trait_type"":""Glasses"",""value"":""Purple Rectangular Glasses""},{""trait_type"":""Mouth"",""value"":""Cigerette""},{""trait_type"":""Background"",""value"":""Moon""},{""trait_type"":""Body"",""value"":""Zoombie Fat""},{""trait_type"":""Outfits"",""value"":""Black Shirt ""},{""trait_type"":""Hairs"",""value"":""Red Short Hairs""}]"
794,1359009,0xd2416cc9ab664b10a3291b1dec9787062e2bfd6f10c08fd1c1ef22343f85dcea,"[{""trait_type"":""Glasses"",""value"":""Purple Rectangular Glasses""},{""trait_type"":""Mouth"",""value"":""Fuck ""},{""trait_type"":""Background"",""value"":""Black with Red Pixels""},{""trait_type"":""Body"",""value"":""Skinny""},{""trait_type"":""Outfits"",""value"":""Space Suit""},{""trait_type"":""Hairs"",""value"":""Black Messi Hairs""}]"
793,1359370,0x3f2f4a929782bb48305d15f507682790fb97ed5360b8da7768408eaa30034334,"[{""trait_type"":""Glasses"",""value"":""3D Glasses ""},{""trait_type"":""Mouth"",""value"":""Braces""},{""trait_type"":""Background"",""value"":""Cloudy""},{""trait_type"":""Body"",""value"":""Zoombie Fat""},{""trait_type"":""Outfits"",""value"":""Yellow Shirt ""},{""trait_type"":""Hairs"",""value"":""Top Hat""}]"
792,1358534,0x7e976d9568d77a4d36011ac4daedaea6257dcaa5fa1cb24d10c9fb889d1c0f6b,"[{""trait_type"":""Glasses"",""value"":""Circled Glasses""},{""trait_type"":""Mouth"",""value"":""Sad""},{""trait_type"":""Background"",""value"":""Black with Red Pixels""},{""trait_type"":""Body"",""value"":""Robotic Fat""},{""trait_type"":""Outfits"",""value"":""Purple Shirt 2""},{""trait_type"":""Hairs"",""value"":""Red Short Hairs""}]"
791,1358668,0x215d7b957ce4f917945ba874740ba54412e24df2ee2bab2c7b0b3bd456f2ff9d,"[{""trait_type"":""Glasses"",""value"":""VR""},{""trait_type"":""Mouth"",""value"":""Cigerette""},{""trait_type"":""Background"",""value"":""Green with red Pixels""},{""trait_type"":""Body"",""value"":""Fat""},{""trait_type"":""Outfits"",""value"":""Purple Suit""},{""trait_type"":""Hairs"",""value"":""Top Hat""}]"
790,1359080,0x7b3c78a9a19c2048c2f72e62478a4caebaf0c294a1180b2d62f1314e31b6af26,"[{""trait_type"":""Glasses"",""value"":""Yellow Round Glasses""},{""trait_type"":""Mouth"",""value"":""Fuck ""},{""trait_type"":""Background"",""value"":""Black with Red Pixels""},{""trait_type"":""Body"",""value"":""Zoombie Fat""},{""trait_type"":""Outfits"",""value"":""Black Suit ""},{""trait_type"":""Hairs"",""value"":""Crystal Crown""}]"
789,1360167,0x0cd48b85b6c3a4b110e90662e639db8fcdd77b249b1d04ae86c9b871b5ac3c0e,"[{""trait_type"":""Glasses"",""value"":""Based Eyes""},{""trait_type"":""Mouth"",""value"":""Fuck ""},{""trait_type"":""Background"",""value"":""Cloudy #2""},{""trait_type"":""Body"",""value"":""Robotic Fat""},{""trait_type"":""Outfits"",""value"":""Green Shirt 2""},{""trait_type"":""Hairs"",""value"":""Red Short Hairs""}]"
788,1360753,0xa2b9d251a8ca499605768f734679aef428a9293ad49e8962ba77eb5cd005985d,"[{""trait_type"":""Glasses"",""value"":""Yellow Round Glasses""},{""trait_type"":""Mouth"",""value"":""Smile""},{""trait_type"":""Background"",""value"":""Moon""},{""trait_type"":""Body"",""value"":""Fat""},{""trait_type"":""Outfits"",""value"":""White Shirt""},{""trait_type"":""Hairs"",""value"":""Blonde Hairs""}]"
787,1359777,0xe504e7ace4d415325ad7d089013734e1115749899c9d2a8c5881c4f0f9d255b4,"[{""trait_type"":""Glasses"",""value"":""Red Rectangular Glasses""},{""trait_type"":""Mouth"",""value"":""Smile""},{""trait_type"":""Background"",""value"":""Black with Red Pixels""},{""trait_type"":""Body"",""value"":""Zoombie""},{""trait_type"":""Outfits"",""value"":""Purple Suit""},{""trait_type"":""Hairs"",""value"":""Red Short Hairs""}]"
786,1360101,0x9ae339954b416218f77a16550ec1d4c4648f331730ee97ba12349116e5352b76,"[{""trait_type"":""Glasses"",""value"":""Circled Glasses""},{""trait_type"":""Mouth"",""value"":""Cigerette""},{""trait_type"":""Background"",""value"":""Green with red Pixels""},{""trait_type"":""Body"",""value"":""Aliien""},{""trait_type"":""Outfits"",""value"":""Yellow Tie""},{""trait_type"":""Hairs"",""value"":""Brown Bowl cut""}]"
785,1359275,0x35f0bf4acea02003f3cf7788476ea5bce3db64ec3101f84f5adc6e058b03d7ba,"[{""trait_type"":""Glasses"",""value"":""Purple VR""},{""trait_type"":""Mouth"",""value"":""Pink Braces""},{""trait_type"":""Background"",""value"":""Green with Jay Force Symbol""},{""trait_type"":""Body"",""value"":""Fat Alien""},{""trait_type"":""Outfits"",""value"":""Green Shirt 2""},{""trait_type"":""Hairs"",""value"":""Top Hat""}]"
784,1359043,0x3c6c232fda0a602e80acc6bc93706b604046015646e61a9e0dfdf3309762174e,"[{""trait_type"":""Glasses"",""value"":""Job Glasses""},{""trait_type"":""Mouth"",""value"":""Fuck ""},{""trait_type"":""Background"",""value"":""Black with Red Pixels""},{""trait_type"":""Body"",""value"":""Galaxy Fat""},{""trait_type"":""Outfits"",""value"":""Blue Shirt 2""},{""trait_type"":""Hairs"",""value"":""Red Hairs""}]"
783,1359976,0x558bab091a15c8ac16b70876e672940f7e1b4d4e384c9ea2f0022a9c4edc1e02,"[{""trait_type"":""Glasses"",""value"":""Purple Glasses""},{""trait_type"":""Mouth"",""value"":""Smile""},{""trait_type"":""Background"",""value"":""Cloudy""},{""trait_type"":""Body"",""value"":""Golden Fat""},{""trait_type"":""Outfits"",""value"":""Orange Suit ""},{""trait_type"":""Hairs"",""value"":""Red Bowl cut""}]"
782,1358561,0x0fd470947a87764051e7328af14fb720c9f37393fcecd205c71f1a101d7bed04,"[{""trait_type"":""Glasses"",""value"":""Sun Glasses""},{""trait_type"":""Mouth"",""value"":""Fuck ""},{""trait_type"":""Background"",""value"":""Sparkels 2""},{""trait_type"":""Body"",""value"":""Zoombie Fat""},{""trait_type"":""Outfits"",""value"":""Brown Suit""},{""trait_type"":""Hairs"",""value"":""Black Hairs""}]"
781,1358487,0x818e0974750f7a3fd967c58d789c2d7ee9a30b85a73868933d1466a4758e0bfc,"[{""trait_type"":""Glasses"",""value"":""Green Round Glasses""},{""trait_type"":""Mouth"",""value"":""Fuck ""},{""trait_type"":""Background"",""value"":""Cloudy #2""},{""trait_type"":""Body"",""value"":""Golden Fat""},{""trait_type"":""Outfits"",""value"":""Space Suit""},{""trait_type"":""Hairs"",""value"":""Red Messi Hairs""}]"
780,1360638,0x02957b8858e604751febe8f761c1bb16233ad513a31e1d468d4e52a97f60e9fc,"[{""trait_type"":""Glasses"",""value"":""Gray Round Glasses""},{""trait_type"":""Mouth"",""value"":""Fuck ""},{""trait_type"":""Background"",""value"":""Moon""},{""trait_type"":""Body"",""value"":""Skinny""},{""trait_type"":""Outfits"",""value"":""Space Suit""},{""trait_type"":""Hairs"",""value"":""Red Hairs""}]"
779,1358949,0x4d372c585fbfe6d54e6079ac0724b9c7ee8b46152fb7aafd8dd75278e0566256,"[{""trait_type"":""Glasses"",""value"":""Green Rectangular Glasses""},{""trait_type"":""Mouth"",""value"":""Cigerette""},{""trait_type"":""Background"",""value"":""Green with red Pixels""},{""trait_type"":""Body"",""value"":""Galaxy""},{""trait_type"":""Outfits"",""value"":""Green Shirt""},{""trait_type"":""Hairs"",""value"":""Black Hairs""}]"
778,1359297,0x45a79aaf5dea179218411662fe9f5b208c658cddcbb6a13455c8a96d5e3d0b29,"[{""trait_type"":""Glasses"",""value"":""Purple Rectangular Glasses""},{""trait_type"":""Mouth"",""value"":""Sad""},{""trait_type"":""Background"",""value"":""Moon""},{""trait_type"":""Body"",""value"":""Galaxy""},{""trait_type"":""Outfits"",""value"":""Purple Tie""},{""trait_type"":""Hairs"",""value"":""Ice Cream hat""}]"
777,1360027,0xbc661617c721905ec2e120ea2b0f43a0c9f7f9c4a1eb8094cab58646d72677ec,"[{""trait_type"":""Glasses"",""value"":""Green Round Glasses""},{""trait_type"":""Mouth"",""value"":""Fuck ""},{""trait_type"":""Background"",""value"":""Cloudy""},{""trait_type"":""Body"",""value"":""Golden Fat""},{""trait_type"":""Outfits"",""value"":""Black Jacket""},{""trait_type"":""Hairs"",""value"":""Fisherman Hat""}]"
776,1359063,0x7d4ac307307582b056fbc7ce1fbdc47b25880f6b342a138b67d1109962ab63d4,"[{""trait_type"":""Glasses"",""value"":""Purple Glasses""},{""trait_type"":""Mouth"",""value"":""Pink Braces""},{""trait_type"":""Background"",""value"":""Night Scene""},{""trait_type"":""Body"",""value"":""Zoombie""},{""trait_type"":""Outfits"",""value"":""Brown Suit ""},{""trait_type"":""Hairs"",""value"":""Black Quiff Haircut""}]"
775,1359175,0xe48f910e8664d97995becb2abf3d1428919670333f41f1ba7f4d7dd5bdc0d344,"[{""trait_type"":""Glasses"",""value"":""Faceless 1.png""},{""trait_type"":""Mouth"",""value"":""Pink Braces""},{""trait_type"":""Background"",""value"":""Sparkels 2""},{""trait_type"":""Body"",""value"":""Fat""},{""trait_type"":""Outfits"",""value"":""Purple Shirt 2""},{""trait_type"":""Hairs"",""value"":""Fisherman Hat""}]"
774,1360300,0x0b6e5476d41c9d7e0807f044b2dd679741cf9492833bf89627d4dfdba7e79cba,"[{""trait_type"":""Glasses"",""value"":""Gray Round Glasses""},{""trait_type"":""Mouth"",""value"":""Braces""},{""trait_type"":""Background"",""value"":""Night Scene""},{""trait_type"":""Body"",""value"":""Robotic""},{""trait_type"":""Outfits"",""value"":""Red Shirt 2""},{""trait_type"":""Hairs"",""value"":""Crystal Crown""}]"
773,1360631,0x185c02b350def7c481fc4a3370ade3d8b33e23b04a00123e41449d154a1ddec5,"[{""trait_type"":""Glasses"",""value"":""Circled Glasses""},{""trait_type"":""Mouth"",""value"":""Pink Braces""},{""trait_type"":""Background"",""value"":""Sparkles""},{""trait_type"":""Body"",""value"":""Galaxy Fat""},{""trait_type"":""Outfits"",""value"":""Black Suit""},{""trait_type"":""Hairs"",""value"":""sombrero hat""}]"
772,1358600,0x2cf50003b5ce64cf0fd4549145e63692775e10192f0a4a09ac7b56fc333b3e17,"[{""trait_type"":""Glasses"",""value"":""Yellow Round Glasses""},{""trait_type"":""Mouth"",""value"":""Braces""},{""trait_type"":""Background"",""value"":""Night Scene""},{""trait_type"":""Body"",""value"":""Galaxy""},{""trait_type"":""Outfits"",""value"":""Green Shirt""},{""trait_type"":""Hairs"",""value"":""Beanie""}]"
771,1359730,0x5f64dc12443ba8146781a0625299e752b2d234fba4a1f7ecee4a64f7ee565e9d,"[{""trait_type"":""Glasses"",""value"":""Blue Rectangular Glasses""},{""trait_type"":""Mouth"",""value"":""Smile""},{""trait_type"":""Background"",""value"":""Black with Red Pixels""},{""trait_type"":""Body"",""value"":""Golden Fat""},{""trait_type"":""Outfits"",""value"":""Orange Suit ""},{""trait_type"":""Hairs"",""value"":""Yellow Top Hat""}]"
770,1360474,0x6762c3411eb2b14f474f76e86844b2da7bc5ef7de26c3d0cd0ac4bc0c2fca6b2,"[{""trait_type"":""Glasses"",""value"":""Yellow 3D Glasses""},{""trait_type"":""Mouth"",""value"":""Pink Braces""},{""trait_type"":""Background"",""value"":""Night Scene""},{""trait_type"":""Body"",""value"":""Galaxy Fat""},{""trait_type"":""Outfits"",""value"":""Brown Suit""},{""trait_type"":""Hairs"",""value"":""Blonde Short Hairs""}]"
769,1359462,0x4475f67fcfc7f30441e8a81fedc7acf07fc33f205915c404546a91369371abdf,"[{""trait_type"":""Glasses"",""value"":""Blue Rectangular Glasses""},{""trait_type"":""Mouth"",""value"":""Big Teeth""},{""trait_type"":""Background"",""value"":""Black with Red Pixels""},{""trait_type"":""Body"",""value"":""Galaxy""},{""trait_type"":""Outfits"",""value"":""Black Shirt ""},{""trait_type"":""Hairs"",""value"":""Black Quiff Haircut""}]"
768,1360095,0xdcc3945f970ee76f25910242f1dba507bb5471b74e71b2cb71ae8b8fb7b60e9b,"[{""trait_type"":""Glasses"",""value"":""Based Eyes""},{""trait_type"":""Mouth"",""value"":""Braces""},{""trait_type"":""Background"",""value"":""Cloudy""},{""trait_type"":""Body"",""value"":""Aliien""},{""trait_type"":""Outfits"",""value"":""Green Shirt""},{""trait_type"":""Hairs"",""value"":""Red Hairs""}]"
767,1360473,0x8f462fe74c8c0756ec9929171128276bad88a9df641019087b21024b724b4b7f,"[{""trait_type"":""Glasses"",""value"":""Job Glasses""},{""trait_type"":""Mouth"",""value"":""Braces""},{""trait_type"":""Background"",""value"":""Night Scene""},{""trait_type"":""Body"",""value"":""Fat""},{""trait_type"":""Outfits"",""value"":""Blue Shirt 2""},{""trait_type"":""Hairs"",""value"":""Rasta Hat""}]"
766,1359186,0x812f5fa2d4aa67d82ad30be403be781d037b945e23053e8b897d790f75cc393b,"[{""trait_type"":""Glasses"",""value"":""Purple VR""},{""trait_type"":""Mouth"",""value"":""Fuck ""},{""trait_type"":""Background"",""value"":""Cloudy""},{""trait_type"":""Body"",""value"":""Zoombie""},{""trait_type"":""Outfits"",""value"":""White Shirt""},{""trait_type"":""Hairs"",""value"":""Mushroom Hat""}]"
765,1360416,0x8f1b40ac2d6efb61bcaac710ed68f409a3c3e16c2deddec676fb0aa74aceadf1,"[{""trait_type"":""Glasses"",""value"":""Blue Rectangular Glasses""},{""trait_type"":""Mouth"",""value"":""Big Teeth""},{""trait_type"":""Background"",""value"":""Cloudy""},{""trait_type"":""Body"",""value"":""Galaxy Fat""},{""trait_type"":""Outfits"",""value"":""Blue Shirt""},{""trait_type"":""Hairs"",""value"":""Beanie""}]"
764,1358617,0xf1c8f6af5984a1544f163cfbcce0743428d0ed0cbda5a49b65fdd2e6965f47bd,"[{""trait_type"":""Glasses"",""value"":""Yellow Round Glasses""},{""trait_type"":""Mouth"",""value"":""Big Teeth""},{""trait_type"":""Background"",""value"":""Black with Red Pixels""},{""trait_type"":""Body"",""value"":""Robotic""},{""trait_type"":""Outfits"",""value"":""Green Shirt 2""},{""trait_type"":""Hairs"",""value"":""Blonde Hairs""}]"
763,1359868,0x259f7569b33757924e8a8095017558f92cb947cf511150df65f26406550d9c63,"[{""trait_type"":""Glasses"",""value"":""Job Glasses""},{""trait_type"":""Mouth"",""value"":""Smile""},{""trait_type"":""Background"",""value"":""Green with Jay Force Symbol""},{""trait_type"":""Body"",""value"":""Golden Fat""},{""trait_type"":""Outfits"",""value"":""Black Suit""},{""trait_type"":""Hairs"",""value"":""Beanie""}]"
762,1359688,0xf590a860256775ac4ee627bc7824ce3126eb88ad3892d561509a51e1bf7d4574,"[{""trait_type"":""Glasses"",""value"":""Based Eyes""},{""trait_type"":""Mouth"",""value"":""Pink Braces""},{""trait_type"":""Background"",""value"":""Night Scene""},{""trait_type"":""Body"",""value"":""Aliien""},{""trait_type"":""Outfits"",""value"":""White Shirt""},{""trait_type"":""Hairs"",""value"":""Black Quiff Haircut""}]"
761,1359480,0xb34c3ba3f083741de56532f179806f8832b0c759df771b64a6639037571a6f19,"[{""trait_type"":""Glasses"",""value"":""Green Rectangular Glasses""},{""trait_type"":""Mouth"",""value"":""Sad""},{""trait_type"":""Background"",""value"":""Cloudy""},{""trait_type"":""Body"",""value"":""Robotic""},{""trait_type"":""Outfits"",""value"":""Brown Suit""},{""trait_type"":""Hairs"",""value"":""Red Short Hairs""}]"
760,1359405,0xe21ec12cab55e3aae6baa3b398b5a643f80089c449e17095711363f545c35c42,"[{""trait_type"":""Glasses"",""value"":""Yellow Rectangular Glasses""},{""trait_type"":""Mouth"",""value"":""Sad""},{""trait_type"":""Background"",""value"":""Green with Jay Force Symbol""},{""trait_type"":""Body"",""value"":""Fat""},{""trait_type"":""Outfits"",""value"":""Blue Shirt 2""},{""trait_type"":""Hairs"",""value"":""Black Short Hairs""}]"
759,1358474,0xbd84d9dc774d21cf4834ffe3609b8264f270de1d39c21390a2ef9a495197faa0,"[{""trait_type"":""Glasses"",""value"":""Red Round Glasses""},{""trait_type"":""Mouth"",""value"":""Fuck ""},{""trait_type"":""Background"",""value"":""Cloudy #2""},{""trait_type"":""Body"",""value"":""Golden Fat""},{""trait_type"":""Outfits"",""value"":""Black Shirt ""},{""trait_type"":""Hairs"",""value"":""Santa Hat""}]"
758,1358933,0xdcb63663326718cd1d8f5dbc1f69698a04173bf00c36697be896b1e23986b5a6,"[{""trait_type"":""Glasses"",""value"":""3D Glasses""},{""trait_type"":""Mouth"",""value"":""Pink Braces""},{""trait_type"":""Background"",""value"":""Sparkles""},{""trait_type"":""Body"",""value"":""Aliien""},{""trait_type"":""Outfits"",""value"":""Black Suit ""},{""trait_type"":""Hairs"",""value"":""Black Hairs""}]"
757,1360265,0x74a3fcf8e6c41708abab95475a7f7280c52bdbfb1fc9b12a34539748bdce50bf,"[{""trait_type"":""Glasses"",""value"":""Red Round Glasses""},{""trait_type"":""Mouth"",""value"":""Braces""},{""trait_type"":""Background"",""value"":""Night Scene""},{""trait_type"":""Body"",""value"":""Galaxy""},{""trait_type"":""Outfits"",""value"":""Black Shirt ""},{""trait_type"":""Hairs"",""value"":""Beanie""}]"
756,1360016,0x51c99037f34ba0f617d77151a23ab11dd3d98a8ac47f86f7dc59dc1b58e23da1,"[{""trait_type"":""Glasses"",""value"":""Yellow Round Glasses""},{""trait_type"":""Mouth"",""value"":""Braces""},{""trait_type"":""Background"",""value"":""Cloudy #2""},{""trait_type"":""Body"",""value"":""Fat Alien""},{""trait_type"":""Outfits"",""value"":""Blue Shirt""},{""trait_type"":""Hairs"",""value"":""Red Quiff Haircut""}]"
755,1359502,0xb02cb5421442fd3fe1ebcac728626ff16e0c4a273f2d36beccda5e31de97775c,"[{""trait_type"":""Glasses"",""value"":""Yellow Rectangular Glasses""},{""trait_type"":""Mouth"",""value"":""Pink Braces""},{""trait_type"":""Background"",""value"":""Cloudy #2""},{""trait_type"":""Body"",""value"":""Galaxy Fat""},{""trait_type"":""Outfits"",""value"":""Brown Suit  ""},{""trait_type"":""Hairs"",""value"":""Yellow Top Hat""}]"
754,1360015,0x89093b30760550c83d1c8342ff05838ac758b24358d8d63ff2401c8e1b9e97ed,"[{""trait_type"":""Glasses"",""value"":""3D Glasses ""},{""trait_type"":""Mouth"",""value"":""Fuck ""},{""trait_type"":""Background"",""value"":""Cloudy #2""},{""trait_type"":""Body"",""value"":""Fat""},{""trait_type"":""Outfits"",""value"":""Brown Suit""},{""trait_type"":""Hairs"",""value"":""Santa Hat""}]"
753,1360318,0x72a9598bef6eb20c1b2e53fe4a90bbb9d6703d2a4892ebd856cdc120084f88b8,"[{""trait_type"":""Glasses"",""value"":""Red Round Glasses""},{""trait_type"":""Mouth"",""value"":""Pink Braces""},{""trait_type"":""Background"",""value"":""Green with Jay Force Symbol""},{""trait_type"":""Body"",""value"":""Golden""},{""trait_type"":""Outfits"",""value"":""Brown Suit  ""},{""trait_type"":""Hairs"",""value"":""Top Hat""}]"
752,1359519,0x53d11d6df1872133ef580b6723b59f163203081c870bc28d1ba0ab4cbb5a2bcb,"[{""trait_type"":""Glasses"",""value"":""Circled Glasses""},{""trait_type"":""Mouth"",""value"":""Braces""},{""trait_type"":""Background"",""value"":""Cloudy""},{""trait_type"":""Body"",""value"":""Zoombie""},{""trait_type"":""Outfits"",""value"":""Black Suit""},{""trait_type"":""Hairs"",""value"":""Blonde Short Hairs""}]"
751,1358762,0xbaaae71f034a3300fdb44a9d66c3248e48d18e8ed4365f134d37798c6ca48b98,"[{""trait_type"":""Glasses"",""value"":""Job Glasses""},{""trait_type"":""Mouth"",""value"":""Big Teeth""},{""trait_type"":""Background"",""value"":""Night Scene""},{""trait_type"":""Body"",""value"":""Zoombie""},{""trait_type"":""Outfits"",""value"":""Blue Shirt 2""},{""trait_type"":""Hairs"",""value"":""Yellow Top Hat""}]"
750,1359701,0x0c6da117cc63c5aceb49d1dd153cb7f70de8dc6a6b7d220fd11a36434b531aa4,"[{""trait_type"":""Glasses"",""value"":""Blue Round Glasses""},{""trait_type"":""Mouth"",""value"":""Braces""},{""trait_type"":""Background"",""value"":""Night Scene""},{""trait_type"":""Body"",""value"":""Robotic""},{""trait_type"":""Outfits"",""value"":""Green Shirt""},{""trait_type"":""Hairs"",""value"":""Blonde Short Hairs""}]"
749,1358565,0xfbff3e5862777b4696fdeb57cb757930bac57621aacd6462f96745bf7056e271,"[{""trait_type"":""Glasses"",""value"":""Purple Rectangular Glasses""},{""trait_type"":""Mouth"",""value"":""Fuck ""},{""trait_type"":""Background"",""value"":""Moon""},{""trait_type"":""Body"",""value"":""Fat""},{""trait_type"":""Outfits"",""value"":""Brown Suit""},{""trait_type"":""Hairs"",""value"":""Ice Cream hat""}]"
748,1359474,0x2ed1da1cc2fe5f49f8aafcca04c88baca8e353cc94032d5db1755d9cae472ea8,"[{""trait_type"":""Glasses"",""value"":""Blue Rectangular Glasses""},{""trait_type"":""Mouth"",""value"":""Cigerette""},{""trait_type"":""Background"",""value"":""Night Scene""},{""trait_type"":""Body"",""value"":""Fat""},{""trait_type"":""Outfits"",""value"":""Yellow Tie""},{""trait_type"":""Hairs"",""value"":""Flower Crown""}]"
747,1359888,0xda921e8a4cca7ff0b2fb5006c54fd8bd1555fe53943c01248c0dfa62938ccc86,"[{""trait_type"":""Glasses"",""value"":""Yellow Round Glasses""},{""trait_type"":""Mouth"",""value"":""Braces""},{""trait_type"":""Background"",""value"":""Sparkels 2""},{""trait_type"":""Body"",""value"":""Zoombie Fat""},{""trait_type"":""Outfits"",""value"":""Red Shirt 2""},{""trait_type"":""Hairs"",""value"":""Black Bowl cut""}]"
746,1360399,0x5ccdeaaacc4f814b6682cbcb5ff68ef33d41dd4a50f1faf376809131ef7ef2fd,"[{""trait_type"":""Glasses"",""value"":""Gray Rectangular Glasses""},{""trait_type"":""Mouth"",""value"":""Smile""},{""trait_type"":""Background"",""value"":""Night Scene""},{""trait_type"":""Body"",""value"":""Robotic""},{""trait_type"":""Outfits"",""value"":""Blue Shirt 2""},{""trait_type"":""Hairs"",""value"":""Flower Crown""}]"
745,1359685,0x20807d1b60b842a07f76afd6c8827728a10b318729cd189c89c9c4f2d0838394,"[{""trait_type"":""Glasses"",""value"":""3D Glasses ""},{""trait_type"":""Mouth"",""value"":""Braces""},{""trait_type"":""Background"",""value"":""Cloudy #2""},{""trait_type"":""Body"",""value"":""Fat""},{""trait_type"":""Outfits"",""value"":""Yellow Tie""},{""trait_type"":""Hairs"",""value"":""Blonde Messi Hairs""}]"
744,1358920,0x178f065bbaf170fa906e1c7d32fdb5c87be0a51f3a0bd41ce916a5ea156de2f3,"[{""trait_type"":""Glasses"",""value"":""Based Eyes""},{""trait_type"":""Mouth"",""value"":""Braces""},{""trait_type"":""Background"",""value"":""Sparkles""},{""trait_type"":""Body"",""value"":""Robotic""},{""trait_type"":""Outfits"",""value"":""Purple Shirt 2""},{""trait_type"":""Hairs"",""value"":""Beanie""}]"
743,1358526,0x6a24b6bf009ea9841529e2fb64ab9fe725df0e5b0db1351c4d68041c34f15b63,"[{""trait_type"":""Glasses"",""value"":""3D Glasses""},{""trait_type"":""Mouth"",""value"":""Smile""},{""trait_type"":""Background"",""value"":""Green with red Pixels""},{""trait_type"":""Body"",""value"":""Fat""},{""trait_type"":""Outfits"",""value"":""Brown Suit  ""},{""trait_type"":""Hairs"",""value"":""Blonde Short Hairs""}]"
742,1359975,0xfe3433d64e72142bf2b4273d6936dabd27534a9a0dbdc64f4b48916b5013f0e3,"[{""trait_type"":""Glasses"",""value"":""Purple Rectangular Glasses""},{""trait_type"":""Mouth"",""value"":""Sad""},{""trait_type"":""Background"",""value"":""Cloudy #2""},{""trait_type"":""Body"",""value"":""Zoombie""},{""trait_type"":""Outfits"",""value"":""Yellow Shirt ""},{""trait_type"":""Hairs"",""value"":""Flower Crown""}]"
741,1359455,0x65a414b8939cadc4850056bb99849aa42d1b3ddc7a809b034a1bda89a5093dac,"[{""trait_type"":""Glasses"",""value"":""Purple Glasses""},{""trait_type"":""Mouth"",""value"":""Fuck ""},{""trait_type"":""Background"",""value"":""Sparkles""},{""trait_type"":""Body"",""value"":""Galaxy Fat""},{""trait_type"":""Outfits"",""value"":""Yellow Shirt ""},{""trait_type"":""Hairs"",""value"":""Mushroom Hat""}]"
740,1360384,0xe875c901173f9a7309a226a234288889f0caed95301cbe49003e1bbe96c06e3f,"[{""trait_type"":""Glasses"",""value"":""Blue Rectangular Glasses""},{""trait_type"":""Mouth"",""value"":""Fuck ""},{""trait_type"":""Background"",""value"":""Sparkles""},{""trait_type"":""Body"",""value"":""Skinny""},{""trait_type"":""Outfits"",""value"":""Space Suit""},{""trait_type"":""Hairs"",""value"":""Blonde Quiff Haircut""}]"
739,1359621,0x17f68d33f8ece69ade38aa22d535c35777d710c8c53eeb47d88a98b9f4b7ab25,"[{""trait_type"":""Glasses"",""value"":""Red Round Glasses""},{""trait_type"":""Mouth"",""value"":""Braces""},{""trait_type"":""Background"",""value"":""Cloudy""},{""trait_type"":""Body"",""value"":""Zoombie""},{""trait_type"":""Outfits"",""value"":""White Shirt""},{""trait_type"":""Hairs"",""value"":""Brown Bowl cut""}]"
738,1359830,0x27b4c7cded5a4be1be38dde8c377c4e2bcf08824b73e7968c4ec48594e824ba4,"[{""trait_type"":""Glasses"",""value"":""Multicolored Glasses""},{""trait_type"":""Mouth"",""value"":""Fuck ""},{""trait_type"":""Background"",""value"":""Green with red Pixels""},{""trait_type"":""Body"",""value"":""Golden Fat""},{""trait_type"":""Outfits"",""value"":""Purple Tie""},{""trait_type"":""Hairs"",""value"":""Ice Cream hat""}]"
737,1359448,0x8e04ba70d8df68c04c4fb454f756c8e05bcbdd3de7a4bdc4dceea7ae6725caca,"[{""trait_type"":""Glasses"",""value"":""Based Eyes""},{""trait_type"":""Mouth"",""value"":""Pink Braces""},{""trait_type"":""Background"",""value"":""Cloudy #2""},{""trait_type"":""Body"",""value"":""Fat Alien""},{""trait_type"":""Outfits"",""value"":""Purple Shirt 2""},{""trait_type"":""Hairs"",""value"":""Mushroom Hat""}]"
736,1359605,0x2457394f33b8e7487fd455ac142d234c521156bb358175b7539714817fbf3978,"[{""trait_type"":""Glasses"",""value"":""Black Round Glasses""},{""trait_type"":""Mouth"",""value"":""Braces""},{""trait_type"":""Background"",""value"":""Green with red Pixels""},{""trait_type"":""Body"",""value"":""Aliien""},{""trait_type"":""Outfits"",""value"":""Purple Shirt 2""},{""trait_type"":""Hairs"",""value"":""Black Bowl cut""}]"
735,1359811,0xf4be77eabe4dfb75fdf0ce3238138a58f3ff5714218f35a06b5d94b99e0e40cf,"[{""trait_type"":""Glasses"",""value"":""Circled Glasses""},{""trait_type"":""Mouth"",""value"":""Sad""},{""trait_type"":""Background"",""value"":""Night Scene""},{""trait_type"":""Body"",""value"":""Zoombie Fat""},{""trait_type"":""Outfits"",""value"":""Space Suit""},{""trait_type"":""Hairs"",""value"":""Yellow Top Hat""}]"
734,1358934,0x3a05499ca0e25381c6b1e329858a9da1eb5d53c7b9323a49f9adbee90cabdeaf,"[{""trait_type"":""Glasses"",""value"":""3D Glasses""},{""trait_type"":""Mouth"",""value"":""Cigerette""},{""trait_type"":""Background"",""value"":""Green with Jay Force Symbol""},{""trait_type"":""Body"",""value"":""Golden""},{""trait_type"":""Outfits"",""value"":""Orange Suit ""},{""trait_type"":""Hairs"",""value"":""Red Hairs""}]"
733,1360190,0xa8afb9ad1b9a076272926caf792fd3f0c3749f63dfa23039d954d2f65186a9b5,"[{""trait_type"":""Glasses"",""value"":""Based Eyes""},{""trait_type"":""Mouth"",""value"":""Pink Braces""},{""trait_type"":""Background"",""value"":""Sparkles""},{""trait_type"":""Body"",""value"":""Galaxy""},{""trait_type"":""Outfits"",""value"":""Purple Shirt 2""},{""trait_type"":""Hairs"",""value"":""Blonde Messi Hairs""}]"
732,1359499,0x890379a7c45607b47eeab4d0d94de331350f0fcf93353d8d6620c4c0c5d4a862,"[{""trait_type"":""Glasses"",""value"":""Blue Rectangular Glasses""},{""trait_type"":""Mouth"",""value"":""Fuck ""},{""trait_type"":""Background"",""value"":""Night Scene""},{""trait_type"":""Body"",""value"":""Aliien""},{""trait_type"":""Outfits"",""value"":""Yellow Tie""},{""trait_type"":""Hairs"",""value"":""Yellow Top Hat""}]"
731,1359910,0x400313853ad390cb67a1a27a66a72fa816b011eefe8ca62ee380f71f929ceac1,"[{""trait_type"":""Glasses"",""value"":""3D Glasses""},{""trait_type"":""Mouth"",""value"":""Braces""},{""trait_type"":""Background"",""value"":""Green with red Pixels""},{""trait_type"":""Body"",""value"":""Fat""},{""trait_type"":""Outfits"",""value"":""Green Shirt""},{""trait_type"":""Hairs"",""value"":""Black Bowl cut""}]"
730,1360500,0x058e9b775d2fb6c1d5f75e3493a996a1a9038e956c55a826cd35c5d90e20a150,"[{""trait_type"":""Glasses"",""value"":""Black Rectangular Glasses""},{""trait_type"":""Mouth"",""value"":""Sad""},{""trait_type"":""Background"",""value"":""Cloudy #2""},{""trait_type"":""Body"",""value"":""Galaxy""},{""trait_type"":""Outfits"",""value"":""Purple Shirt 2""},{""trait_type"":""Hairs"",""value"":""Crystal Crown""}]"
729,1358754,0x210b5dc4b0baa7606573fc5b21720544412fb5ac0844a9ff974e1d90e0369c96,"[{""trait_type"":""Glasses"",""value"":""Gray Round Glasses""},{""trait_type"":""Mouth"",""value"":""Cigerette""},{""trait_type"":""Background"",""value"":""Sparkles""},{""trait_type"":""Body"",""value"":""Aliien""},{""trait_type"":""Outfits"",""value"":""Red Tie""},{""trait_type"":""Hairs"",""value"":""Ice Cream hat""}]"
728,1360633,0x5a2a81c5b6d163d7fe6b42ac1b78f00f4a1c09f367b579b7787a40f4e12b3c46,"[{""trait_type"":""Glasses"",""value"":""Green Round Glasses""},{""trait_type"":""Mouth"",""value"":""Sad""},{""trait_type"":""Background"",""value"":""Moon""},{""trait_type"":""Body"",""value"":""Zoombie""},{""trait_type"":""Outfits"",""value"":""Brown Suit""},{""trait_type"":""Hairs"",""value"":""Crystal Crown""}]"
727,1360035,0x1a6e696a71472c1178343ef3f9bc29edf518f4b5ba42350c13e01fe58bba77ae,"[{""trait_type"":""Glasses"",""value"":""Sun Glasses""},{""trait_type"":""Mouth"",""value"":""Big Teeth""},{""trait_type"":""Background"",""value"":""Cloudy #2""},{""trait_type"":""Body"",""value"":""Robotic""},{""trait_type"":""Outfits"",""value"":""Green Shirt 2""},{""trait_type"":""Hairs"",""value"":""Red Quiff Haircut""}]"
726,1360292,0x911bca0ff4e1e1432f8cfc907c53d05e140486d4f513350669febe7c7c65befe,"[{""trait_type"":""Glasses"",""value"":""Yellow 3D Glasses""},{""trait_type"":""Mouth"",""value"":""Cigerette""},{""trait_type"":""Background"",""value"":""Green with Jay Force Symbol""},{""trait_type"":""Body"",""value"":""Golden""},{""trait_type"":""Outfits"",""value"":""Green Shirt 2""},{""trait_type"":""Hairs"",""value"":""Rasta Hat""}]"
725,1359150,0xdd08fd7171b908b56677ad261c8daf5245b2fe6454c72b42d9c966f8d995a424,"[{""trait_type"":""Glasses"",""value"":""3D Glasses ""},{""trait_type"":""Mouth"",""value"":""Sad""},{""trait_type"":""Background"",""value"":""Black with Red Pixels""},{""trait_type"":""Body"",""value"":""Robotic""},{""trait_type"":""Outfits"",""value"":""Black Suit ""},{""trait_type"":""Hairs"",""value"":""Afro with Comb""}]"
724,1360394,0xe056ed14e4f30b59ce23f100787790a1d3807e7566b0d174bfe6f593818e5022,"[{""trait_type"":""Glasses"",""value"":""Multicolored Glasses""},{""trait_type"":""Mouth"",""value"":""Cigerette""},{""trait_type"":""Background"",""value"":""Cloudy #2""},{""trait_type"":""Body"",""value"":""Robotic""},{""trait_type"":""Outfits"",""value"":""Purple Tie""},{""trait_type"":""Hairs"",""value"":""Crystal Crown""}]"
723,1359142,0x2c3a14ad723e0aa772ce0b4fa998fd249b9c074be556d33917510cacc40c0b4d,"[{""trait_type"":""Glasses"",""value"":""Based Eyes""},{""trait_type"":""Mouth"",""value"":""Smile""},{""trait_type"":""Background"",""value"":""Cloudy""},{""trait_type"":""Body"",""value"":""Golden""},{""trait_type"":""Outfits"",""value"":""Black Shirt ""},{""trait_type"":""Hairs"",""value"":""Brown Bowl cut""}]"
722,1359902,0x2c5cd11eb3334dab63defa4d064ddb419186f38dc01b2ceefaccb4222004dc4e,"[{""trait_type"":""Glasses"",""value"":""Blue Round Glasses""},{""trait_type"":""Mouth"",""value"":""Cigerette""},{""trait_type"":""Background"",""value"":""Sparkles""},{""trait_type"":""Body"",""value"":""Aliien""},{""trait_type"":""Outfits"",""value"":""Purple Shirt 2""},{""trait_type"":""Hairs"",""value"":""Blonde Bowl cut""}]"
721,1359691,0x796e6332ef7e3f2628abda4718a337bfb24b5f058a51e330345a75cc9e412669,"[{""trait_type"":""Glasses"",""value"":""Based Eyes""},{""trait_type"":""Mouth"",""value"":""Smile""},{""trait_type"":""Background"",""value"":""Cloudy""},{""trait_type"":""Body"",""value"":""Fat""},{""trait_type"":""Outfits"",""value"":""Yellow Shirt ""},{""trait_type"":""Hairs"",""value"":""Red Hairs""}]"
720,1360537,0x45ab8ba27a54937e55afb2065e8c91c576710070bd569af1be35fbf4c3d5a7df,"[{""trait_type"":""Glasses"",""value"":""Blue Round Glasses""},{""trait_type"":""Mouth"",""value"":""Sad""},{""trait_type"":""Background"",""value"":""Black with Red Pixels""},{""trait_type"":""Body"",""value"":""Skinny""},{""trait_type"":""Outfits"",""value"":""Brown Suit""},{""trait_type"":""Hairs"",""value"":""Red Bowl cut""}]"
719,1359594,0xca19c82adf9a15ddac6dcc957b906574b567aff30b59065e819b79e821dff3ef,"[{""trait_type"":""Glasses"",""value"":""Sun Glasses""},{""trait_type"":""Mouth"",""value"":""Sad""},{""trait_type"":""Background"",""value"":""Cloudy""},{""trait_type"":""Body"",""value"":""Zoombie Fat""},{""trait_type"":""Outfits"",""value"":""Green Tie""},{""trait_type"":""Hairs"",""value"":""Rasta Hat""}]"
718,1359824,0x6f3ab42df623126660a3546dc13a6eac1dfd4fe73c323a43babf563577af4b31,"[{""trait_type"":""Glasses"",""value"":""Regular Glasses""},{""trait_type"":""Mouth"",""value"":""Braces""},{""trait_type"":""Background"",""value"":""Green with red Pixels""},{""trait_type"":""Body"",""value"":""Galaxy Fat""},{""trait_type"":""Outfits"",""value"":""Green Tie""},{""trait_type"":""Hairs"",""value"":""Black Hairs""}]"
717,1359485,0x0f87630d875ab94f3589e97b385b49ffcabef274ea6f86fb9260d690bde4e045,"[{""trait_type"":""Glasses"",""value"":""Black Round Glasses""},{""trait_type"":""Mouth"",""value"":""Smile""},{""trait_type"":""Background"",""value"":""Green with red Pixels""},{""trait_type"":""Body"",""value"":""Aliien""},{""trait_type"":""Outfits"",""value"":""Black Jacket""},{""trait_type"":""Hairs"",""value"":""Fisherman Hat""}]"
716,1359648,0x98f602289df1a25e37dd75516d49b81be9c73b6dc75dd0112563a8f650788e8f,"[{""trait_type"":""Glasses"",""value"":""Green Round Glasses""},{""trait_type"":""Mouth"",""value"":""Fuck ""},{""trait_type"":""Background"",""value"":""Green with Jay Force Symbol""},{""trait_type"":""Body"",""value"":""Aliien""},{""trait_type"":""Outfits"",""value"":""Purple Suit""},{""trait_type"":""Hairs"",""value"":""Blonde Messi Hairs""}]"
715,1358945,0x4a846e6f2c32316bb601a490fbfba3b60f937595bff3dc317844d84ab42f8c1a,"[{""trait_type"":""Glasses"",""value"":""Job Glasses""},{""trait_type"":""Mouth"",""value"":""Braces""},{""trait_type"":""Background"",""value"":""Moon""},{""trait_type"":""Body"",""value"":""Robotic Fat""},{""trait_type"":""Outfits"",""value"":""Orange Suit ""},{""trait_type"":""Hairs"",""value"":""Black Bowl cut""}]"
714,1360702,0x932bd1f01cc01c565845606579ec6100e7b444390b3916b20236a40ccf7f1844,"[{""trait_type"":""Glasses"",""value"":""Blue Rectangular Glasses""},{""trait_type"":""Mouth"",""value"":""Smile""},{""trait_type"":""Background"",""value"":""Green with red Pixels""},{""trait_type"":""Body"",""value"":""Golden""},{""trait_type"":""Outfits"",""value"":""Space Suit""},{""trait_type"":""Hairs"",""value"":""Ice Cream hat""}]"
713,1359237,0x52ce7dbcde87f86adda4a8f246ba3438d0b4777ce2424a809557aa4bc20bf487,"[{""trait_type"":""Glasses"",""value"":""Yellow 3D Glasses""},{""trait_type"":""Mouth"",""value"":""Pink Braces""},{""trait_type"":""Background"",""value"":""Black with Red Pixels""},{""trait_type"":""Body"",""value"":""Aliien""},{""trait_type"":""Outfits"",""value"":""Purple Suit""},{""trait_type"":""Hairs"",""value"":""Top Hat""}]"
712,1360234,0x812d989929e8477262bd6dc12f97c4172135feb7940ee268c10caa4c898ab168,"[{""trait_type"":""Glasses"",""value"":""Blue Rectangular Glasses""},{""trait_type"":""Mouth"",""value"":""Smile""},{""trait_type"":""Background"",""value"":""Moon""},{""trait_type"":""Body"",""value"":""Golden""},{""trait_type"":""Outfits"",""value"":""Black Jacket""},{""trait_type"":""Hairs"",""value"":""Red Bowl cut""}]"
711,1360732,0x0d0c065b0b1733f09182003c5e0095b802bc0964390bc6e4421d6d38ff33ed73,"[{""trait_type"":""Glasses"",""value"":""Red Round Glasses""},{""trait_type"":""Mouth"",""value"":""Smile""},{""trait_type"":""Background"",""value"":""Sparkles""},{""trait_type"":""Body"",""value"":""Fat""},{""trait_type"":""Outfits"",""value"":""Yellow Tie""},{""trait_type"":""Hairs"",""value"":""Black Bowl cut""}]"
710,1358585,0xc57fa5916f43a896bd0bf3bf9098befb10a3fb0cc730b756bbff5bbf0aa2ddb0,"[{""trait_type"":""Glasses"",""value"":""Green Rectangular Glasses""},{""trait_type"":""Mouth"",""value"":""Cigerette""},{""trait_type"":""Background"",""value"":""Green with Jay Force Symbol""},{""trait_type"":""Body"",""value"":""Galaxy Fat""},{""trait_type"":""Outfits"",""value"":""Yellow Shirt ""},{""trait_type"":""Hairs"",""value"":""Red Hairs""}]"
709,1359436,0x287460d1d00f982f587454e420658cab3224811f037718da7ec1a7250514d581,"[{""trait_type"":""Glasses"",""value"":""Gray Rectangular Glasses""},{""trait_type"":""Mouth"",""value"":""Braces""},{""trait_type"":""Background"",""value"":""Green with red Pixels""},{""trait_type"":""Body"",""value"":""Galaxy""},{""trait_type"":""Outfits"",""value"":""Brown Suit  ""},{""trait_type"":""Hairs"",""value"":""Blonde Hairs""}]"
708,1358652,0x921b220974c58f17d1862b2c01443d89bf1a619a9ac5254e9a2af4ff9a810afd,"[{""trait_type"":""Glasses"",""value"":""Red Round Glasses""},{""trait_type"":""Mouth"",""value"":""Smile""},{""trait_type"":""Background"",""value"":""Cloudy""},{""trait_type"":""Body"",""value"":""Aliien""},{""trait_type"":""Outfits"",""value"":""Green Tie""},{""trait_type"":""Hairs"",""value"":""Black Hairs""}]"
707,1359173,0x07533c2a99a15e553db81901c5b22887061d862294971d09ec54e83f484b6678,"[{""trait_type"":""Glasses"",""value"":""Gray Rectangular Glasses""},{""trait_type"":""Mouth"",""value"":""Fuck ""},{""trait_type"":""Background"",""value"":""Green with Jay Force Symbol""},{""trait_type"":""Body"",""value"":""Zoombie""},{""trait_type"":""Outfits"",""value"":""Space Suit""},{""trait_type"":""Hairs"",""value"":""Top Hat""}]"
706,1360505,0xce2fe11a60fc5369b2df3c1d1796d5932c1ec22f4d06ad3226fcc8451f3dbefb,"[{""trait_type"":""Glasses"",""value"":""Yellow Round Glasses""},{""trait_type"":""Mouth"",""value"":""Fuck ""},{""trait_type"":""Background"",""value"":""Black with Red Pixels""},{""trait_type"":""Body"",""value"":""Robotic""},{""trait_type"":""Outfits"",""value"":""Purple Suit""},{""trait_type"":""Hairs"",""value"":""Black Quiff Haircut""}]"
705,1358721,0x718e9a3d46b4030e7317166909d99e03dd49966abb7cae6fa0cabb83b71bee74,"[{""trait_type"":""Glasses"",""value"":""3D Glasses ""},{""trait_type"":""Mouth"",""value"":""Pink Braces""},{""trait_type"":""Background"",""value"":""Green with Jay Force Symbol""},{""trait_type"":""Body"",""value"":""Aliien""},{""trait_type"":""Outfits"",""value"":""Green Shirt""},{""trait_type"":""Hairs"",""value"":""Black Bowl cut""}]"
704,1358787,0x0bbf641bbe89e72638622fdcf0384a8d429f023512df21692d3e0c4935ab3ab5,"[{""trait_type"":""Glasses"",""value"":""Yellow Round Glasses""},{""trait_type"":""Mouth"",""value"":""Cigerette""},{""trait_type"":""Background"",""value"":""Night Scene""},{""trait_type"":""Body"",""value"":""Golden""},{""trait_type"":""Outfits"",""value"":""Brown Suit  ""},{""trait_type"":""Hairs"",""value"":""Fisherman Hat""}]"
703,1358929,0x5cc8f4b1afde88da668ce3da262947f55e3c079727e846706c7d6348515984a3,"[{""trait_type"":""Glasses"",""value"":""Green Round Glasses""},{""trait_type"":""Mouth"",""value"":""Smile""},{""trait_type"":""Background"",""value"":""Green with red Pixels""},{""trait_type"":""Body"",""value"":""Golden Fat""},{""trait_type"":""Outfits"",""value"":""Red Tie""},{""trait_type"":""Hairs"",""value"":""Blonde Quiff Haircut""}]"
702,1358965,0x2ab7ee2ec43ab8e5e2e8b10efb89d558a9fc55ceea3fe8bfba01253c2ba19c5a,"[{""trait_type"":""Glasses"",""value"":""Purple Round Glasses""},{""trait_type"":""Mouth"",""value"":""Pink Braces""},{""trait_type"":""Background"",""value"":""Cloudy""},{""trait_type"":""Body"",""value"":""Skinny""},{""trait_type"":""Outfits"",""value"":""Black Jacket""},{""trait_type"":""Hairs"",""value"":""Ice Cream hat""}]"
701,1359606,0x3c670b5503eb4dafd0d8c62bde6b369fed1a8c7776ff7444afa17d7e54173f31,"[{""trait_type"":""Glasses"",""value"":""Purple Glasses""},{""trait_type"":""Mouth"",""value"":""Cigerette""},{""trait_type"":""Background"",""value"":""Sparkels 2""},{""trait_type"":""Body"",""value"":""Golden""},{""trait_type"":""Outfits"",""value"":""Purple Tie""},{""trait_type"":""Hairs"",""value"":""Flower Crown""}]"
700,1359337,0x98bcb0655e36fb9b16c33c24f6bcedbb93a96b9f9f8b0ebfc936255f64c2c2ff,"[{""trait_type"":""Glasses"",""value"":""Purple Glasses""},{""trait_type"":""Mouth"",""value"":""Fuck ""},{""trait_type"":""Background"",""value"":""Sparkels 2""},{""trait_type"":""Body"",""value"":""Zoombie Fat""},{""trait_type"":""Outfits"",""value"":""Yellow Tie""},{""trait_type"":""Hairs"",""value"":""Fisherman Hat""}]"
699,1359136,0xb4daff4599c55dc33336c7b2266138f049862527fa3080480608e66dd74cb79e,"[{""trait_type"":""Glasses"",""value"":""Gray Round Glasses""},{""trait_type"":""Mouth"",""value"":""Cigerette""},{""trait_type"":""Background"",""value"":""Sparkels 2""},{""trait_type"":""Body"",""value"":""Zoombie Fat""},{""trait_type"":""Outfits"",""value"":""Brown Suit ""},{""trait_type"":""Hairs"",""value"":""Black Quiff Haircut""}]"
698,1359702,0x131dc036a63bf79eb8cd129e264d9fca8bb12990d7f105181e372352cb59cabd,"[{""trait_type"":""Glasses"",""value"":""Red Round Glasses""},{""trait_type"":""Mouth"",""value"":""Pink Braces""},{""trait_type"":""Background"",""value"":""Sparkels 2""},{""trait_type"":""Body"",""value"":""Aliien""},{""trait_type"":""Outfits"",""value"":""Brown Suit ""},{""trait_type"":""Hairs"",""value"":""Crystal Crown""}]"
697,1359443,0xbab5c25d883a0713e51732e53cb7500d6427ffa4d43a7cb50729e15232687061,"[{""trait_type"":""Glasses"",""value"":""Yellow Round Glasses""},{""trait_type"":""Mouth"",""value"":""Fuck ""},{""trait_type"":""Background"",""value"":""Night Scene""},{""trait_type"":""Body"",""value"":""Zoombie""},{""trait_type"":""Outfits"",""value"":""White Shirt""},{""trait_type"":""Hairs"",""value"":""Black Quiff Haircut""}]"
696,1359809,0x85829232b797fd9e8c94cbadabe539eb0104919f85ceff1e4db2fccfdff5f079,"[{""trait_type"":""Glasses"",""value"":""Purple Rectangular Glasses""},{""trait_type"":""Mouth"",""value"":""Big Teeth""},{""trait_type"":""Background"",""value"":""Cloudy""},{""trait_type"":""Body"",""value"":""Galaxy""},{""trait_type"":""Outfits"",""value"":""Green Shirt""},{""trait_type"":""Hairs"",""value"":""Beanie""}]"
695,1359300,0x8a23aa5c7c5f4841744d101da3f1fee68a3dae67e8785cd43352d0fa2c192e79,"[{""trait_type"":""Glasses"",""value"":""Red Round Glasses""},{""trait_type"":""Mouth"",""value"":""Fuck ""},{""trait_type"":""Background"",""value"":""Cloudy""},{""trait_type"":""Body"",""value"":""Galaxy""},{""trait_type"":""Outfits"",""value"":""Blue Shirt 2""},{""trait_type"":""Hairs"",""value"":""Black Short Hairs""}]"
694,1358542,0x3c7c4723198ed1bc25d65b24cfe3134214dd129494ece2dfbdcad550f56f47cd,"[{""trait_type"":""Glasses"",""value"":""Green Rectangular Glasses""},{""trait_type"":""Mouth"",""value"":""Pink Braces""},{""trait_type"":""Background"",""value"":""Cloudy""},{""trait_type"":""Body"",""value"":""Skinny""},{""trait_type"":""Outfits"",""value"":""Black Shirt ""},{""trait_type"":""Hairs"",""value"":""Santa Hat""}]"
693,1359324,0x371ff5f5a852b5169cbef3c4e38142c5fa750e097227ee80a091ef08ac354a2f,"[{""trait_type"":""Glasses"",""value"":""Green Round Glasses""},{""trait_type"":""Mouth"",""value"":""Big Teeth""},{""trait_type"":""Background"",""value"":""Moon""},{""trait_type"":""Body"",""value"":""Fat Alien""},{""trait_type"":""Outfits"",""value"":""Red Shirt 2""},{""trait_type"":""Hairs"",""value"":""Afro with Comb""}]"
692,1360430,0x3e4a3c8eac2bb518e16b812e4d9839094bae058e8fae355e7e29d693f527594d,"[{""trait_type"":""Glasses"",""value"":""Black Round Glasses""},{""trait_type"":""Mouth"",""value"":""Cigerette""},{""trait_type"":""Background"",""value"":""Cloudy""},{""trait_type"":""Body"",""value"":""Zoombie Fat""},{""trait_type"":""Outfits"",""value"":""Red Tie""},{""trait_type"":""Hairs"",""value"":""Santa Hat""}]"
691,1359406,0xc2f123498bb99d9f4cd75dd08b3c4fd75d014b11ccc84e770bfe9cf350bd43d2,"[{""trait_type"":""Glasses"",""value"":""Gray Rectangular Glasses""},{""trait_type"":""Mouth"",""value"":""Sad""},{""trait_type"":""Background"",""value"":""Cloudy""},{""trait_type"":""Body"",""value"":""Galaxy Fat""},{""trait_type"":""Outfits"",""value"":""Purple Tie""},{""trait_type"":""Hairs"",""value"":""Red Bowl cut""}]"
690,1359274,0x62a9b4d3a16d023da8c1499e5e7ffba730efcf85054491aeaaf78656800b0115,"[{""trait_type"":""Glasses"",""value"":""Circled Glasses""},{""trait_type"":""Mouth"",""value"":""Pink Braces""},{""trait_type"":""Background"",""value"":""Cloudy""},{""trait_type"":""Body"",""value"":""Golden Fat""},{""trait_type"":""Outfits"",""value"":""Black Suit ""},{""trait_type"":""Hairs"",""value"":""Blonde Hairs""}]"
689,1359222,0xf8bd91fd620a2727ac014ad9d51609369f52f7c84268a25c18bb625f8547fc66,"[{""trait_type"":""Glasses"",""value"":""Green Rectangular Glasses""},{""trait_type"":""Mouth"",""value"":""Braces""},{""trait_type"":""Background"",""value"":""Black with Red Pixels""},{""trait_type"":""Body"",""value"":""Aliien""},{""trait_type"":""Outfits"",""value"":""Orange Suit ""},{""trait_type"":""Hairs"",""value"":""Black Messi Hairs""}]"
688,1360685,0x57f6f2c4587df86b60db3db64cad260cb2ca332ce98d090b0188374a60567622,"[{""trait_type"":""Glasses"",""value"":""VR""},{""trait_type"":""Mouth"",""value"":""Cigerette""},{""trait_type"":""Background"",""value"":""Green with red Pixels""},{""trait_type"":""Body"",""value"":""Fat""},{""trait_type"":""Outfits"",""value"":""Orange Suit ""},{""trait_type"":""Hairs"",""value"":""Black Quiff Haircut""}]"
687,1359236,0x64771b86bcd88b525b5fcdef5e8589eaf29345085b66bb4cad5516e08e3268aa,"[{""trait_type"":""Glasses"",""value"":""Purple VR""},{""trait_type"":""Mouth"",""value"":""Smile""},{""trait_type"":""Background"",""value"":""Cloudy #2""},{""trait_type"":""Body"",""value"":""Galaxy""},{""trait_type"":""Outfits"",""value"":""Green Shirt 2""},{""trait_type"":""Hairs"",""value"":""Black Hairs""}]"
686,1359718,0x6547980949bb768b15c2c0ab20ff5aa687d67a32fbb75c032c83ae9b01e6a156,"[{""trait_type"":""Glasses"",""value"":""Purple VR""},{""trait_type"":""Mouth"",""value"":""Pink Braces""},{""trait_type"":""Background"",""value"":""Moon""},{""trait_type"":""Body"",""value"":""Robotic Fat""},{""trait_type"":""Outfits"",""value"":""Space Suit""},{""trait_type"":""Hairs"",""value"":""Red Short Hairs""}]"
685,1359041,0x1acf568380f2044d990b6958cfb0f573314da79f9126a58e228c4d00c8148da6,"[{""trait_type"":""Glasses"",""value"":""Multicolored Glasses""},{""trait_type"":""Mouth"",""value"":""Big Teeth""},{""trait_type"":""Background"",""value"":""Moon""},{""trait_type"":""Body"",""value"":""Golden""},{""trait_type"":""Outfits"",""value"":""Black Jacket""},{""trait_type"":""Hairs"",""value"":""Red Hairs""}]"
684,1359376,0x9173806da0e24266e029eafe6e0ce4fdb7d00c849899c0d2ab4e6542ebb9b499,"[{""trait_type"":""Glasses"",""value"":""Green Rectangular Glasses""},{""trait_type"":""Mouth"",""value"":""Big Teeth""},{""trait_type"":""Background"",""value"":""Cloudy #2""},{""trait_type"":""Body"",""value"":""Robotic Fat""},{""trait_type"":""Outfits"",""value"":""Black Shirt ""},{""trait_type"":""Hairs"",""value"":""Fisherman Hat""}]"
683,1358527,0xe87ca38902837434dbcba616b1d3514e6514e34e0810c8bdfc08fc88180eac4d,"[{""trait_type"":""Glasses"",""value"":""3D Glasses""},{""trait_type"":""Mouth"",""value"":""Smile""},{""trait_type"":""Background"",""value"":""Black with Red Pixels""},{""trait_type"":""Body"",""value"":""Zoombie Fat""},{""trait_type"":""Outfits"",""value"":""Green Shirt 2""},{""trait_type"":""Hairs"",""value"":""Crystal Crown""}]"
682,1360548,0x3221d8bb746465dc4c66d26d26d50d81951842dba385edd8c06a36ea9d96ac91,"[{""trait_type"":""Glasses"",""value"":""Job Glasses""},{""trait_type"":""Mouth"",""value"":""Braces""},{""trait_type"":""Background"",""value"":""Cloudy #2""},{""trait_type"":""Body"",""value"":""Robotic Fat""},{""trait_type"":""Outfits"",""value"":""Space Suit""},{""trait_type"":""Hairs"",""value"":""Red Quiff Haircut""}]"
681,1359561,0xdc2e89648538e0180abbbe4409f6cce9cd9d32388a38d88229e477d0ea86df78,"[{""trait_type"":""Glasses"",""value"":""Yellow 3D Glasses""},{""trait_type"":""Mouth"",""value"":""Smile""},{""trait_type"":""Background"",""value"":""Sparkles""},{""trait_type"":""Body"",""value"":""Robotic Fat""},{""trait_type"":""Outfits"",""value"":""Blue Shirt 2""},{""trait_type"":""Hairs"",""value"":""Crystal Crown""}]"
680,1360298,0xa5f11918fa9ae909e545ba2a194fd30e09e395b90d03a6604e1592b16f28c795,"[{""trait_type"":""Glasses"",""value"":""Black VR""},{""trait_type"":""Mouth"",""value"":""Fuck ""},{""trait_type"":""Background"",""value"":""Moon""},{""trait_type"":""Body"",""value"":""Aliien""},{""trait_type"":""Outfits"",""value"":""Yellow Tie""},{""trait_type"":""Hairs"",""value"":""Blonde Short Hairs""}]"
679,1359749,0x87c8c97c4882edccff60c3d7aaf9afec32c2054093e4cd31a2ba32258e587c6d,"[{""trait_type"":""Glasses"",""value"":""3D Glasses""},{""trait_type"":""Mouth"",""value"":""Cigerette""},{""trait_type"":""Background"",""value"":""Moon""},{""trait_type"":""Body"",""value"":""Galaxy Fat""},{""trait_type"":""Outfits"",""value"":""Orange Suit ""},{""trait_type"":""Hairs"",""value"":""Black Hairs""}]"
678,1359576,0xc9c8560897758d72fadf785d66d5f9d5ffbb18d99063802391ff6accd1ce5197,"[{""trait_type"":""Glasses"",""value"":""Yellow Rectangular Glasses""},{""trait_type"":""Mouth"",""value"":""Sad""},{""trait_type"":""Background"",""value"":""Sparkles""},{""trait_type"":""Body"",""value"":""Galaxy Fat""},{""trait_type"":""Outfits"",""value"":""Blue Shirt 2""},{""trait_type"":""Hairs"",""value"":""Crystal Crown""}]"
677,1358903,0xf0f0a6470bd990d4d8fdd46d67721f39ec12c7e3338ae2469265b276807fdde9,"[{""trait_type"":""Glasses"",""value"":""Purple Glasses""},{""trait_type"":""Mouth"",""value"":""Big Teeth""},{""trait_type"":""Background"",""value"":""Moon""},{""trait_type"":""Body"",""value"":""Galaxy""},{""trait_type"":""Outfits"",""value"":""Blue Shirt 2""},{""trait_type"":""Hairs"",""value"":""Black Quiff Haircut""}]"
676,1359634,0x794f6a79ecfa41c5bc89d14b032f0c3848f190205b1d8a9dc683439af00d7a95,"[{""trait_type"":""Glasses"",""value"":""3D Glasses ""},{""trait_type"":""Mouth"",""value"":""Sad""},{""trait_type"":""Background"",""value"":""Moon""},{""trait_type"":""Body"",""value"":""Zoombie""},{""trait_type"":""Outfits"",""value"":""Green Tie""},{""trait_type"":""Hairs"",""value"":""Black Bowl cut""}]"
675,1359207,0xf7866ea6277f449957777e45709868ce17cee9c72efcc7e0d8f9bfc451b7a212,"[{""trait_type"":""Glasses"",""value"":""Job Glasses""},{""trait_type"":""Mouth"",""value"":""Sad""},{""trait_type"":""Background"",""value"":""Cloudy""},{""trait_type"":""Body"",""value"":""Aliien""},{""trait_type"":""Outfits"",""value"":""Brown Suit""},{""trait_type"":""Hairs"",""value"":""Top Hat""}]"
674,1360486,0x737237be7401d6677771025a6b8e6a8115ac47cf72a41528b37700fb8498205a,"[{""trait_type"":""Glasses"",""value"":""3D Glasses ""},{""trait_type"":""Mouth"",""value"":""Fuck ""},{""trait_type"":""Background"",""value"":""Sparkles""},{""trait_type"":""Body"",""value"":""Skinny""},{""trait_type"":""Outfits"",""value"":""Green Shirt""},{""trait_type"":""Hairs"",""value"":""Top Hat""}]"
673,1359709,0xadf1ac368a77a5bb37dd10f21d4748bad33489aa0fb8450824bbd1af1e7b5980,"[{""trait_type"":""Glasses"",""value"":""Blue Round Glasses""},{""trait_type"":""Mouth"",""value"":""Sad""},{""trait_type"":""Background"",""value"":""Black with Red Pixels""},{""trait_type"":""Body"",""value"":""Fat""},{""trait_type"":""Outfits"",""value"":""Black Shirt ""},{""trait_type"":""Hairs"",""value"":""Fisherman Hat""}]"
672,1360564,0x2406b8030bf671b9649723ec29ef1edd59f8f7d67bd5f559bb589f8eece4eba1,"[{""trait_type"":""Glasses"",""value"":""Yellow Round Glasses""},{""trait_type"":""Mouth"",""value"":""Cigerette""},{""trait_type"":""Background"",""value"":""Cloudy""},{""trait_type"":""Body"",""value"":""Fat""},{""trait_type"":""Outfits"",""value"":""Blue Shirt""},{""trait_type"":""Hairs"",""value"":""Red Short Hairs""}]"
671,1360266,0x6fbf6de2efee90d5ce78474f5d7e78528c34fd47adcda3536c6e9f553a6bfed1,"[{""trait_type"":""Glasses"",""value"":""Purple VR""},{""trait_type"":""Mouth"",""value"":""Smile""},{""trait_type"":""Background"",""value"":""Sparkles""},{""trait_type"":""Body"",""value"":""Golden Fat""},{""trait_type"":""Outfits"",""value"":""Green Tie""},{""trait_type"":""Hairs"",""value"":""Rasta Hat""}]"
670,1359840,0xaff1c07329ada1efd5100dedf3cab653562f52873138f36bf9068c64eadd82ad,"[{""trait_type"":""Glasses"",""value"":""Blue Round Glasses""},{""trait_type"":""Mouth"",""value"":""Big Teeth""},{""trait_type"":""Background"",""value"":""Black with Red Pixels""},{""trait_type"":""Body"",""value"":""Robotic""},{""trait_type"":""Outfits"",""value"":""Space Suit""},{""trait_type"":""Hairs"",""value"":""Yellow Top Hat""}]"
669,1360472,0xd1303aaf745e2ee1cdbfa109aeca724a325bea2fee06ab4a76dacc8a831ccc28,"[{""trait_type"":""Glasses"",""value"":""Green Rectangular Glasses""},{""trait_type"":""Mouth"",""value"":""Big Teeth""},{""trait_type"":""Background"",""value"":""Green with red Pixels""},{""trait_type"":""Body"",""value"":""Zoombie""},{""trait_type"":""Outfits"",""value"":""Yellow Shirt ""},{""trait_type"":""Hairs"",""value"":""Black Quiff Haircut""}]"
668,1358438,0x0fec0b168ec414b772991bf6dff9f500d4dd4ce8f4690ba81e97201603295bf3,"[{""trait_type"":""Glasses"",""value"":""Circled Glasses""},{""trait_type"":""Mouth"",""value"":""Pink Braces""},{""trait_type"":""Background"",""value"":""Night Scene""},{""trait_type"":""Body"",""value"":""Fat""},{""trait_type"":""Outfits"",""value"":""Black Suit ""},{""trait_type"":""Hairs"",""value"":""Red Short Hairs""}]"
667,1358515,0xee08a3d54aaf5df27d74dab693b7af9bc461772c16a2de37fc9eef3a4132034f,"[{""trait_type"":""Glasses"",""value"":""Green Rectangular Glasses""},{""trait_type"":""Mouth"",""value"":""Sad""},{""trait_type"":""Background"",""value"":""Night Scene""},{""trait_type"":""Body"",""value"":""Robotic Fat""},{""trait_type"":""Outfits"",""value"":""Yellow Tie""},{""trait_type"":""Hairs"",""value"":""Mushroom Hat""}]"
666,1358800,0xd491db1900db486553141aeb50602ca38a9046c899d70b17646d639f9792f9c7,"[{""trait_type"":""Glasses"",""value"":""Blue Round Glasses""},{""trait_type"":""Mouth"",""value"":""Cigerette""},{""trait_type"":""Background"",""value"":""Green with Jay Force Symbol""},{""trait_type"":""Body"",""value"":""Galaxy""},{""trait_type"":""Outfits"",""value"":""Blue Shirt""},{""trait_type"":""Hairs"",""value"":""Black Bowl cut""}]"
665,1358999,0x742b93597d3a2bf18c1b36464ef5f6d3f4c3b5178c4c31c0c57b8f310c242f21,"[{""trait_type"":""Glasses"",""value"":""Purple Rectangular Glasses""},{""trait_type"":""Mouth"",""value"":""Sad""},{""trait_type"":""Background"",""value"":""Sparkles""},{""trait_type"":""Body"",""value"":""Fat""},{""trait_type"":""Outfits"",""value"":""Purple Suit""},{""trait_type"":""Hairs"",""value"":""Santa Hat""}]"
664,1360109,0x37c16257c9a88c8f8ebed68cf4ab79f4619c56ddcd2643b8db351914ac454fb2,"[{""trait_type"":""Glasses"",""value"":""Purple Round Glasses""},{""trait_type"":""Mouth"",""value"":""Big Teeth""},{""trait_type"":""Background"",""value"":""Night Scene""},{""trait_type"":""Body"",""value"":""Zoombie""},{""trait_type"":""Outfits"",""value"":""Brown Suit ""},{""trait_type"":""Hairs"",""value"":""Top Hat""}]"
663,1358559,0x2c8753654b96549ee3766c127ad5ea680830c1ed7b76a5778cb986e9948cc563,"[{""trait_type"":""Glasses"",""value"":""3D Glasses""},{""trait_type"":""Mouth"",""value"":""Big Teeth""},{""trait_type"":""Background"",""value"":""Cloudy #2""},{""trait_type"":""Body"",""value"":""Golden""},{""trait_type"":""Outfits"",""value"":""Red Tie""},{""trait_type"":""Hairs"",""value"":""Flower Crown""}]"
662,1360750,0x12181353e6e585c3019d9c16be0df2669d739efe8c5dda0fcec9221e9e89358e,"[{""trait_type"":""Glasses"",""value"":""Yellow 3D Glasses""},{""trait_type"":""Mouth"",""value"":""Smile""},{""trait_type"":""Background"",""value"":""Sparkles""},{""trait_type"":""Body"",""value"":""Golden Fat""},{""trait_type"":""Outfits"",""value"":""Black Suit""},{""trait_type"":""Hairs"",""value"":""Mushroom Hat""}]"
661,1358705,0xa9c1c22d78a29af39c3ccfa8eeead019d9c1582ab610f04f0e53a10fb1de0862,"[{""trait_type"":""Glasses"",""value"":""Purple Round Glasses""},{""trait_type"":""Mouth"",""value"":""Pink Braces""},{""trait_type"":""Background"",""value"":""Night Scene""},{""trait_type"":""Body"",""value"":""Golden""},{""trait_type"":""Outfits"",""value"":""Orange Suit ""},{""trait_type"":""Hairs"",""value"":""Black Bowl cut""}]"
660,1359609,0x80debf0119cc00dfece0493fc69a07007a1e4d164c5dd424f8a0de78600e60e1,"[{""trait_type"":""Glasses"",""value"":""Multicolored Glasses""},{""trait_type"":""Mouth"",""value"":""Fuck ""},{""trait_type"":""Background"",""value"":""Sparkels 2""},{""trait_type"":""Body"",""value"":""Zoombie""},{""trait_type"":""Outfits"",""value"":""White Shirt""},{""trait_type"":""Hairs"",""value"":""Red Short Hairs""}]"
659,1360434,0x8c09f3dc8fe8abd3d4a2ed09e4bd53317d7569c87efc92da26a410cec55810e1,"[{""trait_type"":""Glasses"",""value"":""Green Round Glasses""},{""trait_type"":""Mouth"",""value"":""Pink Braces""},{""trait_type"":""Background"",""value"":""Cloudy #2""},{""trait_type"":""Body"",""value"":""Robotic Fat""},{""trait_type"":""Outfits"",""value"":""Purple Tie""},{""trait_type"":""Hairs"",""value"":""Red Quiff Haircut""}]"
658,1358952,0x330e9569d265056709de9a75094d1567e6627386b55c70c2819c98c0e6a84ad3,"[{""trait_type"":""Glasses"",""value"":""3D Glasses""},{""trait_type"":""Mouth"",""value"":""Cigerette""},{""trait_type"":""Background"",""value"":""Sparkles""},{""trait_type"":""Body"",""value"":""Golden Fat""},{""trait_type"":""Outfits"",""value"":""Red Shirt 2""},{""trait_type"":""Hairs"",""value"":""Black Quiff Haircut""}]"
657,1359460,0x731a6f740fe5b32ecfe58dc12cd342bea519ee2f74a5049511d898d087511173,"[{""trait_type"":""Glasses"",""value"":""Faceless 1.png""},{""trait_type"":""Mouth"",""value"":""Smile""},{""trait_type"":""Background"",""value"":""Black with Red Pixels""},{""trait_type"":""Body"",""value"":""Galaxy Fat""},{""trait_type"":""Outfits"",""value"":""Green Shirt 2""},{""trait_type"":""Hairs"",""value"":""Blonde Short Hairs""}]"
656,1360310,0x66d099c0627c197de3c4579771ab55d66762100a3c61ea0a32d8944728c30bbd,"[{""trait_type"":""Glasses"",""value"":""Based Eyes""},{""trait_type"":""Mouth"",""value"":""Cigerette""},{""trait_type"":""Background"",""value"":""Cloudy #2""},{""trait_type"":""Body"",""value"":""Fat""},{""trait_type"":""Outfits"",""value"":""Black Suit""},{""trait_type"":""Hairs"",""value"":""Yellow Top Hat""}]"
655,1360149,0x7b57f162634e58a6ebcdecb880eb7d4b7f39ee517ef56bd7f7da5c09d520cb79,"[{""trait_type"":""Glasses"",""value"":""Blue Rectangular Glasses""},{""trait_type"":""Mouth"",""value"":""Pink Braces""},{""trait_type"":""Background"",""value"":""Cloudy #2""},{""trait_type"":""Body"",""value"":""Galaxy""},{""trait_type"":""Outfits"",""value"":""Purple Tie""},{""trait_type"":""Hairs"",""value"":""Afro with Comb""}]"
654,1358138,0x682ca1af65b611eeacf109505ffa579ca056655d8d603d39cd76323fea001df1,"[{""trait_type"":""Glasses"",""value"":""Red Round Glasses""},{""trait_type"":""Mouth"",""value"":""Fuck ""},{""trait_type"":""Background"",""value"":""Sparkles""},{""trait_type"":""Body"",""value"":""Aliien""},{""trait_type"":""Outfits"",""value"":""Black Shirt ""},{""trait_type"":""Hairs"",""value"":""Rasta Hat""}]"
653,1358960,0x8cd9499fb61713befdd17740a59811ab6685cb1ea31eef786037b502a4d7fe6f,"[{""trait_type"":""Glasses"",""value"":""Green Round Glasses""},{""trait_type"":""Mouth"",""value"":""Smile""},{""trait_type"":""Background"",""value"":""Sparkels 2""},{""trait_type"":""Body"",""value"":""Golden Fat""},{""trait_type"":""Outfits"",""value"":""Purple Suit""},{""trait_type"":""Hairs"",""value"":""Red Quiff Haircut""}]"
652,1359769,0x08cba49454a0ab63c9e4649b794d912665cae77f10ffcbdc6f4715175b7c1c26,"[{""trait_type"":""Glasses"",""value"":""VR""},{""trait_type"":""Mouth"",""value"":""Cigerette""},{""trait_type"":""Background"",""value"":""Black with Red Pixels""},{""trait_type"":""Body"",""value"":""Fat Alien""},{""trait_type"":""Outfits"",""value"":""Brown Suit  ""},{""trait_type"":""Hairs"",""value"":""Flower Crown""}]"
651,1360074,0x3097163bff87d748416306ae9147448580718a99ca6c195fe7dcbda1648a3a40,"[{""trait_type"":""Glasses"",""value"":""Gray Rectangular Glasses""},{""trait_type"":""Mouth"",""value"":""Sad""},{""trait_type"":""Background"",""value"":""Moon""},{""trait_type"":""Body"",""value"":""Golden""},{""trait_type"":""Outfits"",""value"":""Yellow Shirt ""},{""trait_type"":""Hairs"",""value"":""Rasta Hat""}]"
650,1360255,0xfef6f4e6b36708c5d3c695c85d5cb4a656cac6ef56b0a587cf9588d3b4c9ab45,"[{""trait_type"":""Glasses"",""value"":""Purple Glasses""},{""trait_type"":""Mouth"",""value"":""Sad""},{""trait_type"":""Background"",""value"":""Sparkels 2""},{""trait_type"":""Body"",""value"":""Robotic Fat""},{""trait_type"":""Outfits"",""value"":""Black Suit""},{""trait_type"":""Hairs"",""value"":""Blonde Bowl cut""}]"
649,1358749,0x039f22b412c1f93e556430c3a3ffdd2e94d71a3db4090a7929325ac0128592ad,"[{""trait_type"":""Glasses"",""value"":""Yellow Rectangular Glasses""},{""trait_type"":""Mouth"",""value"":""Smile""},{""trait_type"":""Background"",""value"":""Cloudy #2""},{""trait_type"":""Body"",""value"":""Robotic""},{""trait_type"":""Outfits"",""value"":""Blue Shirt""},{""trait_type"":""Hairs"",""value"":""Blonde Messi Hairs""}]"
648,1360661,0x17ed9b6f7ada5562f513426a0cdf687eb0d6bd760c67f57e1ecb052abf1ab44a,"[{""trait_type"":""Glasses"",""value"":""Black VR""},{""trait_type"":""Mouth"",""value"":""Cigerette""},{""trait_type"":""Background"",""value"":""Black with Red Pixels""},{""trait_type"":""Body"",""value"":""Zoombie Fat""},{""trait_type"":""Outfits"",""value"":""White Shirt""},{""trait_type"":""Hairs"",""value"":""Yellow Top Hat""}]"
647,1360737,0xc35045172ad9b2ba8180e7d44bf5fa99493c1bfc0d2e767ed30e5178c042e071,"[{""trait_type"":""Glasses"",""value"":""Regular Glasses""},{""trait_type"":""Mouth"",""value"":""Big Teeth""},{""trait_type"":""Background"",""value"":""Green with red Pixels""},{""trait_type"":""Body"",""value"":""Golden""},{""trait_type"":""Outfits"",""value"":""Blue Shirt 2""},{""trait_type"":""Hairs"",""value"":""Black Messi Hairs""}]"
646,1359723,0x12bc395baf00a2deae1f39b790811a7e384b3ca5c4cc844d81574908e68daad7,"[{""trait_type"":""Glasses"",""value"":""Blue Rectangular Glasses""},{""trait_type"":""Mouth"",""value"":""Fuck ""},{""trait_type"":""Background"",""value"":""Black with Red Pixels""},{""trait_type"":""Body"",""value"":""Zoombie""},{""trait_type"":""Outfits"",""value"":""Orange Suit ""},{""trait_type"":""Hairs"",""value"":""Mushroom Hat""}]"
645,1359579,0x131da8fcfc2a5a4c222eb036690299e6efca3eb46092609668bdec32bb1e5d9a,"[{""trait_type"":""Glasses"",""value"":""Yellow Round Glasses""},{""trait_type"":""Mouth"",""value"":""Fuck ""},{""trait_type"":""Background"",""value"":""Sparkels 2""},{""trait_type"":""Body"",""value"":""Robotic Fat""},{""trait_type"":""Outfits"",""value"":""Brown Suit ""},{""trait_type"":""Hairs"",""value"":""Red Messi Hairs""}]"
644,1360033,0x84a597b6d951de4d13875296918345169283980940710b74d3ee3079c18c64e2,"[{""trait_type"":""Glasses"",""value"":""Gray Round Glasses""},{""trait_type"":""Mouth"",""value"":""Big Teeth""},{""trait_type"":""Background"",""value"":""Moon""},{""trait_type"":""Body"",""value"":""Robotic Fat""},{""trait_type"":""Outfits"",""value"":""Red Tie""},{""trait_type"":""Hairs"",""value"":""Yellow Top Hat""}]"
643,1358525,0xf530d52e58237203a2188376b38827e706274770b328e3e7f6076f07ba498f3c,"[{""trait_type"":""Glasses"",""value"":""Multicolored Glasses""},{""trait_type"":""Mouth"",""value"":""Fuck ""},{""trait_type"":""Background"",""value"":""Black with Red Pixels""},{""trait_type"":""Body"",""value"":""Aliien""},{""trait_type"":""Outfits"",""value"":""Brown Suit""},{""trait_type"":""Hairs"",""value"":""Red Messi Hairs""}]"
642,1359521,0x69907899a9bf63597c07dee11879195834beb3b9ca7a81fc9e38736e3c78da54,"[{""trait_type"":""Glasses"",""value"":""Gray Rectangular Glasses""},{""trait_type"":""Mouth"",""value"":""Fuck ""},{""trait_type"":""Background"",""value"":""Moon""},{""trait_type"":""Body"",""value"":""Robotic""},{""trait_type"":""Outfits"",""value"":""White Shirt""},{""trait_type"":""Hairs"",""value"":""Fisherman Hat""}]"
641,1360600,0x0a436cc0d2db640d1a86d9a07e7ba944a3cf79aaa56d8dbb19d6f58c02e37049,"[{""trait_type"":""Glasses"",""value"":""Regular Glasses""},{""trait_type"":""Mouth"",""value"":""Pink Braces""},{""trait_type"":""Background"",""value"":""Cloudy #2""},{""trait_type"":""Body"",""value"":""Fat Alien""},{""trait_type"":""Outfits"",""value"":""Red Shirt 2""},{""trait_type"":""Hairs"",""value"":""Santa Hat""}]"
640,1359681,0x400ef69ccd281a38d3d221f48dcc5995d4c482695b3bde7b77737e883354a88b,"[{""trait_type"":""Glasses"",""value"":""Black Rectangular Glasses""},{""trait_type"":""Mouth"",""value"":""Pink Braces""},{""trait_type"":""Background"",""value"":""Moon""},{""trait_type"":""Body"",""value"":""Golden""},{""trait_type"":""Outfits"",""value"":""Black Jacket""},{""trait_type"":""Hairs"",""value"":""Beanie""}]"
639,1360484,0xf885e37b6304cc531d7494e79645a29d92bf5a6eb2973b8c1f3f54532c97d8b7,"[{""trait_type"":""Glasses"",""value"":""Blue Rectangular Glasses""},{""trait_type"":""Mouth"",""value"":""Pink Braces""},{""trait_type"":""Background"",""value"":""Green with red Pixels""},{""trait_type"":""Body"",""value"":""Zoombie""},{""trait_type"":""Outfits"",""value"":""Green Tie""},{""trait_type"":""Hairs"",""value"":""Flower Crown""}]"
638,1358498,0xb799af3bcd99eadb23e0beb39e6578a7d5bbe5c9d1b280b4f2c1a5ffa4bf4e74,"[{""trait_type"":""Glasses"",""value"":""Circled Glasses""},{""trait_type"":""Mouth"",""value"":""Pink Braces""},{""trait_type"":""Background"",""value"":""Green with red Pixels""},{""trait_type"":""Body"",""value"":""Galaxy""},{""trait_type"":""Outfits"",""value"":""Red Shirt 2""},{""trait_type"":""Hairs"",""value"":""Red Messi Hairs""}]"
637,1359332,0xab1e9c39c3df5c7e9c1f670edbd20b9c55be23c2ba7cc8904eaec6012e5f63b2,"[{""trait_type"":""Glasses"",""value"":""Black VR""},{""trait_type"":""Mouth"",""value"":""Braces""},{""trait_type"":""Background"",""value"":""Cloudy #2""},{""trait_type"":""Body"",""value"":""Zoombie""},{""trait_type"":""Outfits"",""value"":""Brown Suit""},{""trait_type"":""Hairs"",""value"":""Black Hairs""}]"
636,1359991,0x8114ef6a389f76e3e1634ae17f0dc97090afc62e77ae97d3a6f972d6fcd55d3c,"[{""trait_type"":""Glasses"",""value"":""Multicolored Glasses""},{""trait_type"":""Mouth"",""value"":""Cigerette""},{""trait_type"":""Background"",""value"":""Black with Red Pixels""},{""trait_type"":""Body"",""value"":""Galaxy""},{""trait_type"":""Outfits"",""value"":""Blue Shirt 2""},{""trait_type"":""Hairs"",""value"":""sombrero hat""}]"
635,1360668,0x7139808d22d276c82dd8e661382cc960f816ac32dd1c45b248f0473f4b0754c4,"[{""trait_type"":""Glasses"",""value"":""Black VR""},{""trait_type"":""Mouth"",""value"":""Pink Braces""},{""trait_type"":""Background"",""value"":""Cloudy""},{""trait_type"":""Body"",""value"":""Galaxy""},{""trait_type"":""Outfits"",""value"":""Blue Shirt 2""},{""trait_type"":""Hairs"",""value"":""Fisherman Hat""}]"
634,1360340,0x3b7676d169a5ebeebc3a487e3e83f22cb3d13e5313695c613a3b48081988e436,"[{""trait_type"":""Glasses"",""value"":""Green Rectangular Glasses""},{""trait_type"":""Mouth"",""value"":""Braces""},{""trait_type"":""Background"",""value"":""Cloudy #2""},{""trait_type"":""Body"",""value"":""Fat Alien""},{""trait_type"":""Outfits"",""value"":""Red Tie""},{""trait_type"":""Hairs"",""value"":""Yellow Top Hat""}]"
633,1360700,0xcf1b43760cdef59249db14156f3db9301b83764cc8376ba3221c8aedb4338041,"[{""trait_type"":""Glasses"",""value"":""Based Eyes""},{""trait_type"":""Mouth"",""value"":""Fuck ""},{""trait_type"":""Background"",""value"":""Green with Jay Force Symbol""},{""trait_type"":""Body"",""value"":""Robotic Fat""},{""trait_type"":""Outfits"",""value"":""Green Shirt 2""},{""trait_type"":""Hairs"",""value"":""Yellow Top Hat""}]"
632,1360078,0x9e79c22325d934d0a3289ae3882ee9a4fee6645f6528487bc4df7e62d25ab920,"[{""trait_type"":""Glasses"",""value"":""VR""},{""trait_type"":""Mouth"",""value"":""Pink Braces""},{""trait_type"":""Background"",""value"":""Night Scene""},{""trait_type"":""Body"",""value"":""Galaxy Fat""},{""trait_type"":""Outfits"",""value"":""Yellow Tie""},{""trait_type"":""Hairs"",""value"":""Black Hairs""}]"
631,1360435,0x9f14915d8fc9b7b3af7bd6d63b72cd9bdc2e53580dfa652e91243635172b7251,"[{""trait_type"":""Glasses"",""value"":""Job Glasses""},{""trait_type"":""Mouth"",""value"":""Smile""},{""trait_type"":""Background"",""value"":""Green with Jay Force Symbol""},{""trait_type"":""Body"",""value"":""Robotic Fat""},{""trait_type"":""Outfits"",""value"":""Black Suit ""},{""trait_type"":""Hairs"",""value"":""Red Messi Hairs""}]"
630,1359651,0x562961d970dbfb592109f075db79a4c2daf0a7f10d217a97b9c5aca554aba42e,"[{""trait_type"":""Glasses"",""value"":""Regular Glasses""},{""trait_type"":""Mouth"",""value"":""Smile""},{""trait_type"":""Background"",""value"":""Cloudy #2""},{""trait_type"":""Body"",""value"":""Fat""},{""trait_type"":""Outfits"",""value"":""Blue Shirt 2""},{""trait_type"":""Hairs"",""value"":""Red Short Hairs""}]"
629,1358599,0x148a19e278b03efe17b9337c278fd165bb454326cd35c4f26cbfa6b57c98a53f,"[{""trait_type"":""Glasses"",""value"":""Black Rectangular Glasses""},{""trait_type"":""Mouth"",""value"":""Sad""},{""trait_type"":""Background"",""value"":""Black with Red Pixels""},{""trait_type"":""Body"",""value"":""Skinny""},{""trait_type"":""Outfits"",""value"":""Space Suit""},{""trait_type"":""Hairs"",""value"":""Yellow Top Hat""}]"
628,1360721,0xbb1b78454d5e2dbf967f46f1ee6d97081f02742e8437401778d29721375b40d9,"[{""trait_type"":""Glasses"",""value"":""Red Round Glasses""},{""trait_type"":""Mouth"",""value"":""Sad""},{""trait_type"":""Background"",""value"":""Moon""},{""trait_type"":""Body"",""value"":""Robotic Fat""},{""trait_type"":""Outfits"",""value"":""Brown Suit ""},{""trait_type"":""Hairs"",""value"":""Black Hairs""}]"
627,1359982,0x431ce63b318d139e7264651b17e30c2b506514317fd72314c89efb416eddaf5c,"[{""trait_type"":""Glasses"",""value"":""Regular Glasses""},{""trait_type"":""Mouth"",""value"":""Cigerette""},{""trait_type"":""Background"",""value"":""Cloudy""},{""trait_type"":""Body"",""value"":""Golden Fat""},{""trait_type"":""Outfits"",""value"":""Green Shirt 2""},{""trait_type"":""Hairs"",""value"":""Top Hat""}]"
626,1360346,0x22fce0381d2f039ba6eff2c389093513aa9fd5c00fb4ffdad7ef820cea2df6e7,"[{""trait_type"":""Glasses"",""value"":""3D Glasses ""},{""trait_type"":""Mouth"",""value"":""Smile""},{""trait_type"":""Background"",""value"":""Cloudy #2""},{""trait_type"":""Body"",""value"":""Golden""},{""trait_type"":""Outfits"",""value"":""Red Shirt 2""},{""trait_type"":""Hairs"",""value"":""Flower Crown""}]"
625,1359962,0x6fb0aa3957137af32f00c930c38dddecc89952f3f2d43b5386727222d694819d,"[{""trait_type"":""Glasses"",""value"":""Gray Round Glasses""},{""trait_type"":""Mouth"",""value"":""Cigerette""},{""trait_type"":""Background"",""value"":""Green with red Pixels""},{""trait_type"":""Body"",""value"":""Golden Fat""},{""trait_type"":""Outfits"",""value"":""Yellow Shirt ""},{""trait_type"":""Hairs"",""value"":""Fisherman Hat""}]"
624,1358468,0xae2d1cf36692a0efa6b352cb7d5d0c6cceceb134176b29dfcfc7ac15da7644f9,"[{""trait_type"":""Glasses"",""value"":""Yellow 3D Glasses""},{""trait_type"":""Mouth"",""value"":""Big Teeth""},{""trait_type"":""Background"",""value"":""Sparkles""},{""trait_type"":""Body"",""value"":""Golden Fat""},{""trait_type"":""Outfits"",""value"":""Yellow Shirt ""},{""trait_type"":""Hairs"",""value"":""Red Hairs""}]"
623,1359677,0x28da54205f63217289d1e1d36138e91560327476230126cf85f6a925c5dfb563,"[{""trait_type"":""Glasses"",""value"":""Gray Rectangular Glasses""},{""trait_type"":""Mouth"",""value"":""Fuck ""},{""trait_type"":""Background"",""value"":""Moon""},{""trait_type"":""Body"",""value"":""Zoombie""},{""trait_type"":""Outfits"",""value"":""White Shirt""},{""trait_type"":""Hairs"",""value"":""Blonde Hairs""}]"
622,1360523,0x6f2563bfb7e9954306188e42947608b355afde04848839bbeb25de13d942888f,"[{""trait_type"":""Glasses"",""value"":""Purple Round Glasses""},{""trait_type"":""Mouth"",""value"":""Cigerette""},{""trait_type"":""Background"",""value"":""Cloudy""},{""trait_type"":""Body"",""value"":""Robotic""},{""trait_type"":""Outfits"",""value"":""Black Shirt ""},{""trait_type"":""Hairs"",""value"":""Red Quiff Haircut""}]"
621,1358891,0xc426df9c3fbf0ebe3449c7ee7de133e3ad752445382f150f1cfd0d3b7198d35b,"[{""trait_type"":""Glasses"",""value"":""Purple Round Glasses""},{""trait_type"":""Mouth"",""value"":""Braces""},{""trait_type"":""Background"",""value"":""Moon""},{""trait_type"":""Body"",""value"":""Galaxy Fat""},{""trait_type"":""Outfits"",""value"":""Black Shirt ""},{""trait_type"":""Hairs"",""value"":""Blonde Messi Hairs""}]"
620,1359759,0x92d9e5260a9c60bd6d9a53ef59e0395febd4daed81237412d9d741c4bb0bb9af,"[{""trait_type"":""Glasses"",""value"":""Sun Glasses""},{""trait_type"":""Mouth"",""value"":""Pink Braces""},{""trait_type"":""Background"",""value"":""Green with red Pixels""},{""trait_type"":""Body"",""value"":""Aliien""},{""trait_type"":""Outfits"",""value"":""Green Tie""},{""trait_type"":""Hairs"",""value"":""Mushroom Hat""}]"
619,1359637,0x1eff1f05a8cdb07efb152d6e0a83fe650c89c3c7f7b6774d48040adef02397d4,"[{""trait_type"":""Glasses"",""value"":""Black Round Glasses""},{""trait_type"":""Mouth"",""value"":""Cigerette""},{""trait_type"":""Background"",""value"":""Moon""},{""trait_type"":""Body"",""value"":""Robotic""},{""trait_type"":""Outfits"",""value"":""Black Suit ""},{""trait_type"":""Hairs"",""value"":""Blonde Short Hairs""}]"
618,1359239,0x6f46ee5a3c3f3724c01162ab66f10ef91cd6e39f7ef2744caa08f0d74e387f11,"[{""trait_type"":""Glasses"",""value"":""Job Glasses""},{""trait_type"":""Mouth"",""value"":""Pink Braces""},{""trait_type"":""Background"",""value"":""Sparkels 2""},{""trait_type"":""Body"",""value"":""Skinny""},{""trait_type"":""Outfits"",""value"":""Space Suit""},{""trait_type"":""Hairs"",""value"":""Blonde Quiff Haircut""}]"
617,1359601,0xaa554c168237ecd041e3fa84c2efbf87a47928312aebb43e00d6bdb7b467ea07,"[{""trait_type"":""Glasses"",""value"":""Black VR""},{""trait_type"":""Mouth"",""value"":""Big Teeth""},{""trait_type"":""Background"",""value"":""Green with Jay Force Symbol""},{""trait_type"":""Body"",""value"":""Galaxy""},{""trait_type"":""Outfits"",""value"":""Brown Suit  ""},{""trait_type"":""Hairs"",""value"":""Blonde Bowl cut""}]"
616,1359639,0x570bdc1a7192a511372aa03c916d88369fde73a9067a7cfa05eca64829d1fb13,"[{""trait_type"":""Glasses"",""value"":""Purple Glasses""},{""trait_type"":""Mouth"",""value"":""Pink Braces""},{""trait_type"":""Background"",""value"":""Night Scene""},{""trait_type"":""Body"",""value"":""Skinny""},{""trait_type"":""Outfits"",""value"":""Purple Tie""},{""trait_type"":""Hairs"",""value"":""Black Bowl cut""}]"
615,1360452,0xda1aa629d621fdef7146c6e11073f3b371635a0fa4b5320c7484528128f17e10,"[{""trait_type"":""Glasses"",""value"":""Gray Round Glasses""},{""trait_type"":""Mouth"",""value"":""Fuck ""},{""trait_type"":""Background"",""value"":""Night Scene""},{""trait_type"":""Body"",""value"":""Golden Fat""},{""trait_type"":""Outfits"",""value"":""White Shirt""},{""trait_type"":""Hairs"",""value"":""Red Bowl cut""}]"
614,1360642,0x4e1464ad0c86875a2cf08c06a7056fa7ae974ee5311bcf3a2adf059d750d420b,"[{""trait_type"":""Glasses"",""value"":""Purple VR""},{""trait_type"":""Mouth"",""value"":""Smile""},{""trait_type"":""Background"",""value"":""Green with red Pixels""},{""trait_type"":""Body"",""value"":""Golden""},{""trait_type"":""Outfits"",""value"":""Yellow Shirt ""},{""trait_type"":""Hairs"",""value"":""Brown Bowl cut""}]"
613,1359422,0xddea2a33834ca8b8d044cdc302b3d3f746d3bcb7764bb844804047e5f01c8c8f,"[{""trait_type"":""Glasses"",""value"":""Gray Rectangular Glasses""},{""trait_type"":""Mouth"",""value"":""Cigerette""},{""trait_type"":""Background"",""value"":""Cloudy #2""},{""trait_type"":""Body"",""value"":""Skinny""},{""trait_type"":""Outfits"",""value"":""Green Shirt 2""},{""trait_type"":""Hairs"",""value"":""Ice Cream hat""}]"
612,1359652,0x4150f7a64580e441c68ae1ff06271e9fb9fbc028d7157f3d28f80f1ca6eb8c4d,"[{""trait_type"":""Glasses"",""value"":""Red Rectangular Glasses""},{""trait_type"":""Mouth"",""value"":""Big Teeth""},{""trait_type"":""Background"",""value"":""Sparkels 2""},{""trait_type"":""Body"",""value"":""Skinny""},{""trait_type"":""Outfits"",""value"":""Space Suit""},{""trait_type"":""Hairs"",""value"":""Rasta Hat""}]"
611,1360491,0xdd8ed8573f02faf09cd6eb028318bf569cf477a3358c291e6fe1ddcf8b9363ec,"[{""trait_type"":""Glasses"",""value"":""Green Round Glasses""},{""trait_type"":""Mouth"",""value"":""Big Teeth""},{""trait_type"":""Background"",""value"":""Sparkels 2""},{""trait_type"":""Body"",""value"":""Zoombie Fat""},{""trait_type"":""Outfits"",""value"":""Black Shirt ""},{""trait_type"":""Hairs"",""value"":""Mushroom Hat""}]"
610,1359965,0xac17045bfd3d9e60a5972a05ef51e02269d794e8d26b4858e355f9e79b45181e,"[{""trait_type"":""Glasses"",""value"":""Circled Glasses""},{""trait_type"":""Mouth"",""value"":""Fuck ""},{""trait_type"":""Background"",""value"":""Black with Red Pixels""},{""trait_type"":""Body"",""value"":""Galaxy""},{""trait_type"":""Outfits"",""value"":""Black Suit ""},{""trait_type"":""Hairs"",""value"":""Blonde Messi Hairs""}]"
609,1360730,0x361cd470e222103a7355b127972252ac2cd57df7d8b2bbfcd0ee6e91f2817135,"[{""trait_type"":""Glasses"",""value"":""Black VR""},{""trait_type"":""Mouth"",""value"":""Sad""},{""trait_type"":""Background"",""value"":""Cloudy""},{""trait_type"":""Body"",""value"":""Robotic""},{""trait_type"":""Outfits"",""value"":""Red Tie""},{""trait_type"":""Hairs"",""value"":""Flower Crown""}]"
608,1360094,0x5a5a7c7177b4164af001e018f108b708ee27352ffd952cbe732fdb12aeb6288b,"[{""trait_type"":""Glasses"",""value"":""Gray Rectangular Glasses""},{""trait_type"":""Mouth"",""value"":""Big Teeth""},{""trait_type"":""Background"",""value"":""Cloudy #2""},{""trait_type"":""Body"",""value"":""Galaxy""},{""trait_type"":""Outfits"",""value"":""Green Tie""},{""trait_type"":""Hairs"",""value"":""Black Messi Hairs""}]"
607,1360134,0x4b314eba85b9cb51faa86bbfef45f52c07521b41e4a0205cc02b34647292cc9a,"[{""trait_type"":""Glasses"",""value"":""Purple VR""},{""trait_type"":""Mouth"",""value"":""Braces""},{""trait_type"":""Background"",""value"":""Night Scene""},{""trait_type"":""Body"",""value"":""Golden""},{""trait_type"":""Outfits"",""value"":""Space Suit""},{""trait_type"":""Hairs"",""value"":""Red Bowl cut""}]"
606,1360277,0xad459f2dba9cddeb97e51a304051f0867730db03e4911a9a5eb7d14fc5c5e179,"[{""trait_type"":""Glasses"",""value"":""Purple Glasses""},{""trait_type"":""Mouth"",""value"":""Big Teeth""},{""trait_type"":""Background"",""value"":""Green with Jay Force Symbol""},{""trait_type"":""Body"",""value"":""Zoombie Fat""},{""trait_type"":""Outfits"",""value"":""Orange Suit ""},{""trait_type"":""Hairs"",""value"":""Black Bowl cut""}]"
605,1360043,0x49f795e7d3ac12835376bc51d07d46cde5bd4c888444029fc60fac6461b8132f,"[{""trait_type"":""Glasses"",""value"":""Yellow 3D Glasses""},{""trait_type"":""Mouth"",""value"":""Cigerette""},{""trait_type"":""Background"",""value"":""Green with Jay Force Symbol""},{""trait_type"":""Body"",""value"":""Fat""},{""trait_type"":""Outfits"",""value"":""Green Shirt 2""},{""trait_type"":""Hairs"",""value"":""Rasta Hat""}]"
604,1358510,0x0c47638837be00fb4d6a66321fe8d617084855fa04f8c58ac010b8edf68fe6ba,"[{""trait_type"":""Glasses"",""value"":""Yellow Round Glasses""},{""trait_type"":""Mouth"",""value"":""Fuck ""},{""trait_type"":""Background"",""value"":""Black with Red Pixels""},{""trait_type"":""Body"",""value"":""Galaxy""},{""trait_type"":""Outfits"",""value"":""Black Shirt ""},{""trait_type"":""Hairs"",""value"":""Beanie""}]"
603,1359708,0x73b834a1dabb05313774961fc817f81ef0508289879b1c82800625029cbebcc3,"[{""trait_type"":""Glasses"",""value"":""Regular Glasses""},{""trait_type"":""Mouth"",""value"":""Braces""},{""trait_type"":""Background"",""value"":""Green with Jay Force Symbol""},{""trait_type"":""Body"",""value"":""Robotic""},{""trait_type"":""Outfits"",""value"":""Black Suit ""},{""trait_type"":""Hairs"",""value"":""Santa Hat""}]"
602,1359939,0x89a66be7e4b855db7a64ea693c0e33d48838cdf4bc6a094d980657a882800ab9,"[{""trait_type"":""Glasses"",""value"":""Gray Round Glasses""},{""trait_type"":""Mouth"",""value"":""Cigerette""},{""trait_type"":""Background"",""value"":""Sparkles""},{""trait_type"":""Body"",""value"":""Zoombie Fat""},{""trait_type"":""Outfits"",""value"":""Black Jacket""},{""trait_type"":""Hairs"",""value"":""Black Short Hairs""}]"
601,1359850,0x1132b1d6a50ecfed97254ea57fa513fb66fb13f6ff81ad7267bf7fdb980cc190,"[{""trait_type"":""Glasses"",""value"":""Purple Rectangular Glasses""},{""trait_type"":""Mouth"",""value"":""Braces""},{""trait_type"":""Background"",""value"":""Moon""},{""trait_type"":""Body"",""value"":""Golden""},{""trait_type"":""Outfits"",""value"":""Yellow Shirt ""},{""trait_type"":""Hairs"",""value"":""Red Messi Hairs""}]"
600,1359417,0xee14cc4e0ca4239ce5ef14c1d5ab5c2cb3ebaff4cd16dcd780f2f8588665df9d,"[{""trait_type"":""Glasses"",""value"":""Red Round Glasses""},{""trait_type"":""Mouth"",""value"":""Big Teeth""},{""trait_type"":""Background"",""value"":""Green with red Pixels""},{""trait_type"":""Body"",""value"":""Zoombie""},{""trait_type"":""Outfits"",""value"":""Black Suit ""},{""trait_type"":""Hairs"",""value"":""Santa Hat""}]"
599,1359618,0x0bc77a04385c6036cd0ab37df7a63b7402a31310bcaf23080980431d71e1dde1,"[{""trait_type"":""Glasses"",""value"":""Purple Rectangular Glasses""},{""trait_type"":""Mouth"",""value"":""Big Teeth""},{""trait_type"":""Background"",""value"":""Moon""},{""trait_type"":""Body"",""value"":""Skinny""},{""trait_type"":""Outfits"",""value"":""Black Suit ""},{""trait_type"":""Hairs"",""value"":""Blonde Messi Hairs""}]"
598,1359301,0x7619ae7e513496e456664099e2756a9bfb521d7afd4386be2d98e5ca98f6cf7c,"[{""trait_type"":""Glasses"",""value"":""Black Round Glasses""},{""trait_type"":""Mouth"",""value"":""Braces""},{""trait_type"":""Background"",""value"":""Black with Red Pixels""},{""trait_type"":""Body"",""value"":""Golden""},{""trait_type"":""Outfits"",""value"":""Red Shirt 2""},{""trait_type"":""Hairs"",""value"":""Ice Cream hat""}]"
597,1358801,0x6ea87e56cc66ddfb4622fd09c95cc7cafb534ec76ad3df8b59a8bef0d57049e6,"[{""trait_type"":""Glasses"",""value"":""Circled Glasses""},{""trait_type"":""Mouth"",""value"":""Fuck ""},{""trait_type"":""Background"",""value"":""Sparkles""},{""trait_type"":""Body"",""value"":""Robotic""},{""trait_type"":""Outfits"",""value"":""Green Shirt""},{""trait_type"":""Hairs"",""value"":""Flower Crown""}]"
596,1359350,0xbdeb68c18b661a093b24858eb3654970bda4e5ba0a455b923ebe2b991d7e3346,"[{""trait_type"":""Glasses"",""value"":""Circled Glasses""},{""trait_type"":""Mouth"",""value"":""Braces""},{""trait_type"":""Background"",""value"":""Moon""},{""trait_type"":""Body"",""value"":""Zoombie""},{""trait_type"":""Outfits"",""value"":""Black Shirt ""},{""trait_type"":""Hairs"",""value"":""Blonde Bowl cut""}]"
595,1359763,0x54afd2e8d09abcbc2767dd360d016f61a4e7ec8c109fd231b2365ef4e68938b5,"[{""trait_type"":""Glasses"",""value"":""Gray Rectangular Glasses""},{""trait_type"":""Mouth"",""value"":""Cigerette""},{""trait_type"":""Background"",""value"":""Sparkles""},{""trait_type"":""Body"",""value"":""Zoombie""},{""trait_type"":""Outfits"",""value"":""Brown Suit  ""},{""trait_type"":""Hairs"",""value"":""Red Bowl cut""}]"
594,1360592,0x5a5389be49e1d31159723a7c72ffa96454a584c39f5af4abed1eff52bb03c345,"[{""trait_type"":""Glasses"",""value"":""Gray Rectangular Glasses""},{""trait_type"":""Mouth"",""value"":""Smile""},{""trait_type"":""Background"",""value"":""Cloudy""},{""trait_type"":""Body"",""value"":""Zoombie Fat""},{""trait_type"":""Outfits"",""value"":""Black Shirt ""},{""trait_type"":""Hairs"",""value"":""Black Messi Hairs""}]"
593,1359151,0x2300b6856ce2f0eae62c5bc1a41efba7a07d615ccf65a84402ffd6da73c8a901,"[{""trait_type"":""Glasses"",""value"":""Yellow Round Glasses""},{""trait_type"":""Mouth"",""value"":""Pink Braces""},{""trait_type"":""Background"",""value"":""Sparkels 2""},{""trait_type"":""Body"",""value"":""Robotic""},{""trait_type"":""Outfits"",""value"":""Blue Shirt""},{""trait_type"":""Hairs"",""value"":""Red Short Hairs""}]"
592,1358570,0x4076570eb1cb17837a779f55294af504e25ae4dcd0998d9c8f4aa15e90492b52,"[{""trait_type"":""Glasses"",""value"":""3D Glasses""},{""trait_type"":""Mouth"",""value"":""Fuck ""},{""trait_type"":""Background"",""value"":""Green with red Pixels""},{""trait_type"":""Body"",""value"":""Golden""},{""trait_type"":""Outfits"",""value"":""Black Suit ""},{""trait_type"":""Hairs"",""value"":""Red Messi Hairs""}]"
591,1360049,0xce455d16d8161a315eeabaa9f3d6f935ba1c666ee1b6105de92b107c1f20ecb5,"[{""trait_type"":""Glasses"",""value"":""Gray Rectangular Glasses""},{""trait_type"":""Mouth"",""value"":""Big Teeth""},{""trait_type"":""Background"",""value"":""Green with Jay Force Symbol""},{""trait_type"":""Body"",""value"":""Fat""},{""trait_type"":""Outfits"",""value"":""Blue Shirt 2""},{""trait_type"":""Hairs"",""value"":""Ice Cream hat""}]"
590,1359563,0x9f57ab0e884919786db786d198a9efcaf5b0d3544be4adc38b00f4b87a25ad6a,"[{""trait_type"":""Glasses"",""value"":""Multicolored Glasses""},{""trait_type"":""Mouth"",""value"":""Braces""},{""trait_type"":""Background"",""value"":""Moon""},{""trait_type"":""Body"",""value"":""Robotic""},{""trait_type"":""Outfits"",""value"":""Space Suit""},{""trait_type"":""Hairs"",""value"":""Top Hat""}]"
589,1359424,0x4ff6a0322b5c9d1ca948f553701b659b255da0b17a358ca55badde41fbf8489a,"[{""trait_type"":""Glasses"",""value"":""Red Rectangular Glasses""},{""trait_type"":""Mouth"",""value"":""Pink Braces""},{""trait_type"":""Background"",""value"":""Sparkles""},{""trait_type"":""Body"",""value"":""Aliien""},{""trait_type"":""Outfits"",""value"":""Yellow Tie""},{""trait_type"":""Hairs"",""value"":""Yellow Top Hat""}]"
588,1359312,0x8d231959809dac06ae6f1f264f5e38d9335150ce48ce606c442d520c490047d5,"[{""trait_type"":""Glasses"",""value"":""Multicolored Glasses""},{""trait_type"":""Mouth"",""value"":""Braces""},{""trait_type"":""Background"",""value"":""Green with Jay Force Symbol""},{""trait_type"":""Body"",""value"":""Zoombie Fat""},{""trait_type"":""Outfits"",""value"":""Purple Tie""},{""trait_type"":""Hairs"",""value"":""Black Messi Hairs""}]"
587,1359463,0x702c680e3f77c612d017d4bdb3fcaa30f83111f0268e7ce7b28cec9313ef8f76,"[{""trait_type"":""Glasses"",""value"":""Red Round Glasses""},{""trait_type"":""Mouth"",""value"":""Cigerette""},{""trait_type"":""Background"",""value"":""Night Scene""},{""trait_type"":""Body"",""value"":""Fat Alien""},{""trait_type"":""Outfits"",""value"":""White Shirt""},{""trait_type"":""Hairs"",""value"":""Blonde Short Hairs""}]"
586,1359564,0x72ba6cbc110fe8c5d95c7704b2243dceaa85af0f9b9797c98d35f29381888108,"[{""trait_type"":""Glasses"",""value"":""Yellow Round Glasses""},{""trait_type"":""Mouth"",""value"":""Pink Braces""},{""trait_type"":""Background"",""value"":""Black with Red Pixels""},{""trait_type"":""Body"",""value"":""Zoombie Fat""},{""trait_type"":""Outfits"",""value"":""Red Tie""},{""trait_type"":""Hairs"",""value"":""Black Bowl cut""}]"
585,1359079,0x79d637240122dbac23f9822d8ebd43de05b4c212e80dab30dde00456e6e561c1,"[{""trait_type"":""Glasses"",""value"":""Yellow Rectangular Glasses""},{""trait_type"":""Mouth"",""value"":""Fuck ""},{""trait_type"":""Background"",""value"":""Cloudy #2""},{""trait_type"":""Body"",""value"":""Galaxy""},{""trait_type"":""Outfits"",""value"":""Black Suit""},{""trait_type"":""Hairs"",""value"":""Santa Hat""}]"
584,1360000,0x58fc947bd22adf1c0981736497b72c702c1c150b0778a6ec0d34a993c940d326,"[{""trait_type"":""Glasses"",""value"":""Sun Glasses""},{""trait_type"":""Mouth"",""value"":""Sad""},{""trait_type"":""Background"",""value"":""Moon""},{""trait_type"":""Body"",""value"":""Robotic Fat""},{""trait_type"":""Outfits"",""value"":""Blue Shirt 2""},{""trait_type"":""Hairs"",""value"":""Red Bowl cut""}]"
583,1359786,0xb28bc53edfd8ea6d6b66d594fa9c669bf14ac6b154675802f8cdf2a50ba9b9cc,"[{""trait_type"":""Glasses"",""value"":""Multicolored Glasses""},{""trait_type"":""Mouth"",""value"":""Sad""},{""trait_type"":""Background"",""value"":""Black with Red Pixels""},{""trait_type"":""Body"",""value"":""Fat""},{""trait_type"":""Outfits"",""value"":""Space Suit""},{""trait_type"":""Hairs"",""value"":""Blonde Short Hairs""}]"
582,1359911,0x6859919e32f376a5d607300565158837c176c4bc392d8efb466c71fb97a52a0d,"[{""trait_type"":""Glasses"",""value"":""Purple VR""},{""trait_type"":""Mouth"",""value"":""Cigerette""},{""trait_type"":""Background"",""value"":""Green with Jay Force Symbol""},{""trait_type"":""Body"",""value"":""Robotic Fat""},{""trait_type"":""Outfits"",""value"":""Yellow Tie""},{""trait_type"":""Hairs"",""value"":""Red Messi Hairs""}]"
581,1360553,0x054b89bc8b7134ad6267c01b5c9d1ab980dd5ba48fed9a5d0c1b96546662ff24,"[{""trait_type"":""Glasses"",""value"":""Circled Glasses""},{""trait_type"":""Mouth"",""value"":""Braces""},{""trait_type"":""Background"",""value"":""Black with Red Pixels""},{""trait_type"":""Body"",""value"":""Fat""},{""trait_type"":""Outfits"",""value"":""Black Suit ""},{""trait_type"":""Hairs"",""value"":""Red Bowl cut""}]"
580,1359570,0x820c4bfc95efd6c3ade827a4f373f01d2f6bb58960ee0a221c4fa9a014ab21d2,"[{""trait_type"":""Glasses"",""value"":""Gray Round Glasses""},{""trait_type"":""Mouth"",""value"":""Pink Braces""},{""trait_type"":""Background"",""value"":""Cloudy #2""},{""trait_type"":""Body"",""value"":""Galaxy Fat""},{""trait_type"":""Outfits"",""value"":""Black Shirt ""},{""trait_type"":""Hairs"",""value"":""sombrero hat""}]"
579,1360283,0x1b0c2eb6ee25e62c3f7d0a5025527ecf80dc4c9d7e07e2027651641507213ca4,"[{""trait_type"":""Glasses"",""value"":""Green Rectangular Glasses""},{""trait_type"":""Mouth"",""value"":""Smile""},{""trait_type"":""Background"",""value"":""Night Scene""},{""trait_type"":""Body"",""value"":""Robotic""},{""trait_type"":""Outfits"",""value"":""Orange Suit ""},{""trait_type"":""Hairs"",""value"":""Top Hat""}]"
578,1360241,0x82c0c7cd08438705ba7fdb06fcead42ba72221df75c2a6ce107ff5efdba4d447,"[{""trait_type"":""Glasses"",""value"":""Purple Round Glasses""},{""trait_type"":""Mouth"",""value"":""Sad""},{""trait_type"":""Background"",""value"":""Cloudy #2""},{""trait_type"":""Body"",""value"":""Zoombie Fat""},{""trait_type"":""Outfits"",""value"":""Green Shirt 2""},{""trait_type"":""Hairs"",""value"":""Red Short Hairs""}]"
577,1360507,0x91f01d40ff0e8eec7bec6fe3f433a2450a60936f69446191cdb4ec18d4103a1f,"[{""trait_type"":""Glasses"",""value"":""Yellow Rectangular Glasses""},{""trait_type"":""Mouth"",""value"":""Braces""},{""trait_type"":""Background"",""value"":""Green with Jay Force Symbol""},{""trait_type"":""Body"",""value"":""Fat""},{""trait_type"":""Outfits"",""value"":""White Shirt""},{""trait_type"":""Hairs"",""value"":""Yellow Top Hat""}]"
576,1359822,0x7df4e40a8e8caa70b099c476b623a2ed3168ae13eea8bb92760d60be0d490098,"[{""trait_type"":""Glasses"",""value"":""Red Round Glasses""},{""trait_type"":""Mouth"",""value"":""Big Teeth""},{""trait_type"":""Background"",""value"":""Green with Jay Force Symbol""},{""trait_type"":""Body"",""value"":""Galaxy Fat""},{""trait_type"":""Outfits"",""value"":""Orange Suit ""},{""trait_type"":""Hairs"",""value"":""Yellow Top Hat""}]"
575,1360560,0xd39bea35515890baac07c00bf50d23fe7249280161d5948f686b5b98ffca5f75,"[{""trait_type"":""Glasses"",""value"":""Red Round Glasses""},{""trait_type"":""Mouth"",""value"":""Sad""},{""trait_type"":""Background"",""value"":""Cloudy #2""},{""trait_type"":""Body"",""value"":""Golden Fat""},{""trait_type"":""Outfits"",""value"":""Green Shirt""},{""trait_type"":""Hairs"",""value"":""Black Bowl cut""}]"
574,1359352,0x38e15313ed757c562018a897615f7a9de4f1e796acbedc842ffa114b6f3e2a69,"[{""trait_type"":""Glasses"",""value"":""Blue Rectangular Glasses""},{""trait_type"":""Mouth"",""value"":""Sad""},{""trait_type"":""Background"",""value"":""Cloudy #2""},{""trait_type"":""Body"",""value"":""Aliien""},{""trait_type"":""Outfits"",""value"":""Brown Suit  ""},{""trait_type"":""Hairs"",""value"":""Red Hairs""}]"
573,1360155,0x749ff9f2a8f2cb4b8c5d41231da2f3c275046b6a4df06371e7183481d434ed31,"[{""trait_type"":""Glasses"",""value"":""Yellow Rectangular Glasses""},{""trait_type"":""Mouth"",""value"":""Cigerette""},{""trait_type"":""Background"",""value"":""Sparkels 2""},{""trait_type"":""Body"",""value"":""Zoombie Fat""},{""trait_type"":""Outfits"",""value"":""Green Shirt 2""},{""trait_type"":""Hairs"",""value"":""Afro with Comb""}]"
572,1358937,0xebaef28de503f964771eb53e76441f6060f33af88bb1a6ba93fa6d917fb30827,"[{""trait_type"":""Glasses"",""value"":""Red Rectangular Glasses""},{""trait_type"":""Mouth"",""value"":""Big Teeth""},{""trait_type"":""Background"",""value"":""Green with red Pixels""},{""trait_type"":""Body"",""value"":""Fat Alien""},{""trait_type"":""Outfits"",""value"":""Green Tie""},{""trait_type"":""Hairs"",""value"":""Red Short Hairs""}]"
571,1358922,0x732e9efb32f4540cd551818f6e88b6d1a55b97b36be70272a65dc59fd4d09ea0,"[{""trait_type"":""Glasses"",""value"":""Job Glasses""},{""trait_type"":""Mouth"",""value"":""Smile""},{""trait_type"":""Background"",""value"":""Black with Red Pixels""},{""trait_type"":""Body"",""value"":""Robotic""},{""trait_type"":""Outfits"",""value"":""Red Tie""},{""trait_type"":""Hairs"",""value"":""Ice Cream hat""}]"
570,1359144,0xebc3bb0d7d1c945e485c04d28d65e1e04d97f89c1a292cd6f9967aeae7c4c366,"[{""trait_type"":""Glasses"",""value"":""Blue Round Glasses""},{""trait_type"":""Mouth"",""value"":""Braces""},{""trait_type"":""Background"",""value"":""Moon""},{""trait_type"":""Body"",""value"":""Galaxy""},{""trait_type"":""Outfits"",""value"":""Black Suit""},{""trait_type"":""Hairs"",""value"":""Blonde Bowl cut""}]"
569,1359438,0xc93b5c6f7dbef141db2ec6e57e26bd5eaa2f84cabe37fefbcd04fead259a0ca3,"[{""trait_type"":""Glasses"",""value"":""Purple VR""},{""trait_type"":""Mouth"",""value"":""Smile""},{""trait_type"":""Background"",""value"":""Cloudy""},{""trait_type"":""Body"",""value"":""Galaxy""},{""trait_type"":""Outfits"",""value"":""Purple Shirt 2""},{""trait_type"":""Hairs"",""value"":""Fisherman Hat""}]"
568,1359385,0xd54219c6571bccfe949bcac65f810c255df205cc416a19f555a5de6b1f5efda7,"[{""trait_type"":""Glasses"",""value"":""Yellow Rectangular Glasses""},{""trait_type"":""Mouth"",""value"":""Cigerette""},{""trait_type"":""Background"",""value"":""Cloudy""},{""trait_type"":""Body"",""value"":""Skinny""},{""trait_type"":""Outfits"",""value"":""Orange Suit ""},{""trait_type"":""Hairs"",""value"":""Flower Crown""}]"
567,1360694,0xbcc396708b47c96a9ebdc5f13189717390d247c2be4cebf6b7cfb542db37d344,"[{""trait_type"":""Glasses"",""value"":""Multicolored Glasses""},{""trait_type"":""Mouth"",""value"":""Fuck ""},{""trait_type"":""Background"",""value"":""Moon""},{""trait_type"":""Body"",""value"":""Fat""},{""trait_type"":""Outfits"",""value"":""Green Tie""},{""trait_type"":""Hairs"",""value"":""Flower Crown""}]"
566,1360013,0x1df4eff3aad184343f205bcd160f2c41388e5b71559e8dc17d7a11e693ec88f4,"[{""trait_type"":""Glasses"",""value"":""VR""},{""trait_type"":""Mouth"",""value"":""Smile""},{""trait_type"":""Background"",""value"":""Green with red Pixels""},{""trait_type"":""Body"",""value"":""Skinny""},{""trait_type"":""Outfits"",""value"":""Blue Shirt""},{""trait_type"":""Hairs"",""value"":""Flower Crown""}]"
565,1358786,0xcc07edcd7bd08dae9f0dcf9d706a3999b5ed21966d121a452367c5094f1ad54e,"[{""trait_type"":""Glasses"",""value"":""Based Eyes""},{""trait_type"":""Mouth"",""value"":""Sad""},{""trait_type"":""Background"",""value"":""Black with Red Pixels""},{""trait_type"":""Body"",""value"":""Aliien""},{""trait_type"":""Outfits"",""value"":""Brown Suit  ""},{""trait_type"":""Hairs"",""value"":""Afro with Comb""}]"
564,1359869,0x979fcbaf8e5d2e9cdd82d9f8f449a696279fdab980aaed6915dce29f73263d19,"[{""trait_type"":""Glasses"",""value"":""Based Eyes""},{""trait_type"":""Mouth"",""value"":""Fuck ""},{""trait_type"":""Background"",""value"":""Moon""},{""trait_type"":""Body"",""value"":""Fat Alien""},{""trait_type"":""Outfits"",""value"":""Red Tie""},{""trait_type"":""Hairs"",""value"":""Fisherman Hat""}]"
563,1360311,0xab79affc86d60e1d7bea948d7d73d6cfb04e31c25c31ce0b9d53f41923096c45,"[{""trait_type"":""Glasses"",""value"":""Black Rectangular Glasses""},{""trait_type"":""Mouth"",""value"":""Pink Braces""},{""trait_type"":""Background"",""value"":""Moon""},{""trait_type"":""Body"",""value"":""Galaxy""},{""trait_type"":""Outfits"",""value"":""Green Tie""},{""trait_type"":""Hairs"",""value"":""sombrero hat""}]"
562,1360157,0x9acf4627854533a9c165487e56c939f92aac241ebbd332ef91f99613c15db6b9,"[{""trait_type"":""Glasses"",""value"":""Black VR""},{""trait_type"":""Mouth"",""value"":""Smile""},{""trait_type"":""Background"",""value"":""Black with Red Pixels""},{""trait_type"":""Body"",""value"":""Golden Fat""},{""trait_type"":""Outfits"",""value"":""Purple Tie""},{""trait_type"":""Hairs"",""value"":""Ice Cream hat""}]"
561,1358528,0x150010a4b5dab5489d7cbec5bc91d17a1a64dae288fd7130c0e5837c507548de,"[{""trait_type"":""Glasses"",""value"":""Purple VR""},{""trait_type"":""Mouth"",""value"":""Braces""},{""trait_type"":""Background"",""value"":""Cloudy""},{""trait_type"":""Body"",""value"":""Zoombie""},{""trait_type"":""Outfits"",""value"":""Purple Suit""},{""trait_type"":""Hairs"",""value"":""Fisherman Hat""}]"
560,1358494,0x6ba2c1468cbc7fad6bc6a899c45801d1af18e494c05154295eed7c7be97b013f,"[{""trait_type"":""Glasses"",""value"":""Circled Glasses""},{""trait_type"":""Mouth"",""value"":""Fuck ""},{""trait_type"":""Background"",""value"":""Moon""},{""trait_type"":""Body"",""value"":""Robotic Fat""},{""trait_type"":""Outfits"",""value"":""Black Shirt ""},{""trait_type"":""Hairs"",""value"":""Red Short Hairs""}]"
559,1359603,0x3320c822f24e6158a9079c4d17f54701b2e62909d0d9d212c20b06d6fa5685db,"[{""trait_type"":""Glasses"",""value"":""Yellow 3D Glasses""},{""trait_type"":""Mouth"",""value"":""Cigerette""},{""trait_type"":""Background"",""value"":""Sparkels 2""},{""trait_type"":""Body"",""value"":""Fat""},{""trait_type"":""Outfits"",""value"":""Green Tie""},{""trait_type"":""Hairs"",""value"":""Red Hairs""}]"
558,1359845,0xa694b339550711dc4413afd71a5149c2d6e59387473d6ffa379ea41aa5b376e2,"[{""trait_type"":""Glasses"",""value"":""Yellow Rectangular Glasses""},{""trait_type"":""Mouth"",""value"":""Smile""},{""trait_type"":""Background"",""value"":""Green with Jay Force Symbol""},{""trait_type"":""Body"",""value"":""Galaxy Fat""},{""trait_type"":""Outfits"",""value"":""Brown Suit""},{""trait_type"":""Hairs"",""value"":""Black Bowl cut""}]"
557,1359600,0x551b39dfc8daf1513754a1d027e9809f50aaa843a3231566341d57a05a05159f,"[{""trait_type"":""Glasses"",""value"":""Yellow Round Glasses""},{""trait_type"":""Mouth"",""value"":""Cigerette""},{""trait_type"":""Background"",""value"":""Night Scene""},{""trait_type"":""Body"",""value"":""Galaxy Fat""},{""trait_type"":""Outfits"",""value"":""Green Shirt""},{""trait_type"":""Hairs"",""value"":""Rasta Hat""}]"
556,1360573,0x7abe2a8cc0a8417587ad92371230c79b57af68d4f9ca85b97a79d43e759d6cb8,"[{""trait_type"":""Glasses"",""value"":""Purple Glasses""},{""trait_type"":""Mouth"",""value"":""Smile""},{""trait_type"":""Background"",""value"":""Sparkles""},{""trait_type"":""Body"",""value"":""Zoombie""},{""trait_type"":""Outfits"",""value"":""Black Shirt ""},{""trait_type"":""Hairs"",""value"":""Flower Crown""}]"
555,1358758,0x234e2246623ab189fae46478369346a55afb4fd9285af461f3b5fe6423f423fa,"[{""trait_type"":""Glasses"",""value"":""Red Round Glasses""},{""trait_type"":""Mouth"",""value"":""Smile""},{""trait_type"":""Background"",""value"":""Moon""},{""trait_type"":""Body"",""value"":""Galaxy""},{""trait_type"":""Outfits"",""value"":""Green Tie""},{""trait_type"":""Hairs"",""value"":""Black Quiff Haircut""}]"
554,1359788,0x9d1612474ef8f9f1930d25639d05375b145e2c4f115425c05de814e92586a5df,"[{""trait_type"":""Glasses"",""value"":""Blue Round Glasses""},{""trait_type"":""Mouth"",""value"":""Cigerette""},{""trait_type"":""Background"",""value"":""Black with Red Pixels""},{""trait_type"":""Body"",""value"":""Galaxy""},{""trait_type"":""Outfits"",""value"":""Brown Suit  ""},{""trait_type"":""Hairs"",""value"":""Brown Bowl cut""}]"
553,1358549,0x30f120c0f1bc7a390ff0dfe3f241e42603f866f6cab4b38f7713e6f3993a6315,"[{""trait_type"":""Glasses"",""value"":""Sun Glasses""},{""trait_type"":""Mouth"",""value"":""Braces""},{""trait_type"":""Background"",""value"":""Cloudy""},{""trait_type"":""Body"",""value"":""Skinny""},{""trait_type"":""Outfits"",""value"":""Brown Suit  ""},{""trait_type"":""Hairs"",""value"":""Red Quiff Haircut""}]"
552,1360151,0x23fc46c9904c520fca04113e9b166401dcd5aad349a5c0b2c706f412d4ede2ca,"[{""trait_type"":""Glasses"",""value"":""Purple Glasses""},{""trait_type"":""Mouth"",""value"":""Big Teeth""},{""trait_type"":""Background"",""value"":""Moon""},{""trait_type"":""Body"",""value"":""Galaxy""},{""trait_type"":""Outfits"",""value"":""Space Suit""},{""trait_type"":""Hairs"",""value"":""Ice Cream hat""}]"
551,1360606,0x2feced83dee8bb08687328ce07b3a2199c018d9b490dc854e9a780065f97c582,"[{""trait_type"":""Glasses"",""value"":""3D Glasses ""},{""trait_type"":""Mouth"",""value"":""Cigerette""},{""trait_type"":""Background"",""value"":""Sparkels 2""},{""trait_type"":""Body"",""value"":""Robotic Fat""},{""trait_type"":""Outfits"",""value"":""Purple Suit""},{""trait_type"":""Hairs"",""value"":""Flower Crown""}]"
550,1359612,0xce33824e62766840f252073698c851e739b7b1bdd1462a114da3d76cfbb897b9,"[{""trait_type"":""Glasses"",""value"":""Blue Round Glasses""},{""trait_type"":""Mouth"",""value"":""Pink Braces""},{""trait_type"":""Background"",""value"":""Sparkels 2""},{""trait_type"":""Body"",""value"":""Golden Fat""},{""trait_type"":""Outfits"",""value"":""Yellow Tie""},{""trait_type"":""Hairs"",""value"":""Black Messi Hairs""}]"
549,1358532,0x5464747f9d303b201b1041e87a4ab21f0ebafa493bcb380da0db3161a94750e1,"[{""trait_type"":""Glasses"",""value"":""Purple Rectangular Glasses""},{""trait_type"":""Mouth"",""value"":""Big Teeth""},{""trait_type"":""Background"",""value"":""Cloudy""},{""trait_type"":""Body"",""value"":""Fat""},{""trait_type"":""Outfits"",""value"":""Brown Suit ""},{""trait_type"":""Hairs"",""value"":""Ice Cream hat""}]"
548,1358788,0x0c6e9218f3e82a840de7fcdf91ea9c0e41d217359b29ceffdfe133f233cade5e,"[{""trait_type"":""Glasses"",""value"":""Blue Round Glasses""},{""trait_type"":""Mouth"",""value"":""Braces""},{""trait_type"":""Background"",""value"":""Cloudy #2""},{""trait_type"":""Body"",""value"":""Aliien""},{""trait_type"":""Outfits"",""value"":""Orange Suit ""},{""trait_type"":""Hairs"",""value"":""Flower Crown""}]"
547,1358885,0x68ebf95190a3f3f44c2d84d0729d6f77169604118f13a6f0cc41ba5d55a66811,"[{""trait_type"":""Glasses"",""value"":""Yellow 3D Glasses""},{""trait_type"":""Mouth"",""value"":""Big Teeth""},{""trait_type"":""Background"",""value"":""Black with Red Pixels""},{""trait_type"":""Body"",""value"":""Galaxy Fat""},{""trait_type"":""Outfits"",""value"":""Brown Suit  ""},{""trait_type"":""Hairs"",""value"":""Blonde Short Hairs""}]"
546,1360215,0x8f1c12dfc1973fe35de143f9101a413fc3c19167272f1593d56f33c0660a6531,"[{""trait_type"":""Glasses"",""value"":""Purple Rectangular Glasses""},{""trait_type"":""Mouth"",""value"":""Pink Braces""},{""trait_type"":""Background"",""value"":""Cloudy #2""},{""trait_type"":""Body"",""value"":""Galaxy Fat""},{""trait_type"":""Outfits"",""value"":""Brown Suit ""},{""trait_type"":""Hairs"",""value"":""Blonde Hairs""}]"
545,1359742,0x12b88649a84f8b04600526cad33b82fc33a7af2296789a78ef18167898baf65c,"[{""trait_type"":""Glasses"",""value"":""Purple Round Glasses""},{""trait_type"":""Mouth"",""value"":""Sad""},{""trait_type"":""Background"",""value"":""Green with red Pixels""},{""trait_type"":""Body"",""value"":""Fat""},{""trait_type"":""Outfits"",""value"":""Blue Shirt 2""},{""trait_type"":""Hairs"",""value"":""Ice Cream hat""}]"
544,1358711,0xdf8f5ad66a9898d53ea062c296365a3ff47c3b92b6b4259348fdb7cda6e6ad65,"[{""trait_type"":""Glasses"",""value"":""Blue Round Glasses""},{""trait_type"":""Mouth"",""value"":""Fuck ""},{""trait_type"":""Background"",""value"":""Sparkels 2""},{""trait_type"":""Body"",""value"":""Fat Alien""},{""trait_type"":""Outfits"",""value"":""Green Tie""},{""trait_type"":""Hairs"",""value"":""Blonde Messi Hairs""}]"
543,1360258,0x47145d6b84454e7be8d206a48516141dd37b6dc3aa2cbfcaa18d0693d5fb3d48,"[{""trait_type"":""Glasses"",""value"":""Purple Round Glasses""},{""trait_type"":""Mouth"",""value"":""Big Teeth""},{""trait_type"":""Background"",""value"":""Green with Jay Force Symbol""},{""trait_type"":""Body"",""value"":""Zoombie Fat""},{""trait_type"":""Outfits"",""value"":""Orange Suit ""},{""trait_type"":""Hairs"",""value"":""Black Quiff Haircut""}]"
542,1360673,0xb2a6b6f8ad790826b2781d6122865a0b504cc071a21b2f37fb9f02cab184cad3,"[{""trait_type"":""Glasses"",""value"":""Purple Rectangular Glasses""},{""trait_type"":""Mouth"",""value"":""Cigerette""},{""trait_type"":""Background"",""value"":""Cloudy #2""},{""trait_type"":""Body"",""value"":""Skinny""},{""trait_type"":""Outfits"",""value"":""Black Shirt ""},{""trait_type"":""Hairs"",""value"":""Beanie""}]"
541,1358606,0x7803c3cd9641966025ce806a2ba0917bd6ff001bc99c1c68c1d4916e36a7327c,"[{""trait_type"":""Glasses"",""value"":""Sun Glasses""},{""trait_type"":""Mouth"",""value"":""Sad""},{""trait_type"":""Background"",""value"":""Moon""},{""trait_type"":""Body"",""value"":""Fat""},{""trait_type"":""Outfits"",""value"":""Black Suit ""},{""trait_type"":""Hairs"",""value"":""Blonde Quiff Haircut""}]"
540,1360677,0x8c37e456f075d7a7371d72808a2e893bcc5075ad51d91a88cfa907a4da1849cb,"[{""trait_type"":""Glasses"",""value"":""Blue Round Glasses""},{""trait_type"":""Mouth"",""value"":""Cigerette""},{""trait_type"":""Background"",""value"":""Moon""},{""trait_type"":""Body"",""value"":""Golden Fat""},{""trait_type"":""Outfits"",""value"":""Brown Suit  ""},{""trait_type"":""Hairs"",""value"":""Mushroom Hat""}]"
539,1359973,0x04731fb66bfd4d7dcdc8e7f718ea944af312c0d14cf5c886d764c596f8f9c3f9,"[{""trait_type"":""Glasses"",""value"":""Yellow Rectangular Glasses""},{""trait_type"":""Mouth"",""value"":""Fuck ""},{""trait_type"":""Background"",""value"":""Cloudy #2""},{""trait_type"":""Body"",""value"":""Golden""},{""trait_type"":""Outfits"",""value"":""Brown Suit""},{""trait_type"":""Hairs"",""value"":""Blonde Bowl cut""}]"
538,1360578,0x7fe27a5382cd3fc857541bee28098f1a3ae2bbe2033d211549f70b05cdd3fc93,"[{""trait_type"":""Glasses"",""value"":""Gray Rectangular Glasses""},{""trait_type"":""Mouth"",""value"":""Fuck ""},{""trait_type"":""Background"",""value"":""Moon""},{""trait_type"":""Body"",""value"":""Galaxy""},{""trait_type"":""Outfits"",""value"":""Green Shirt 2""},{""trait_type"":""Hairs"",""value"":""Blonde Bowl cut""}]"
537,1360239,0x1a953ff51c4df9c54f862139e2677370becb67918c5512117abfb18fea60e9b9,"[{""trait_type"":""Glasses"",""value"":""Yellow Round Glasses""},{""trait_type"":""Mouth"",""value"":""Fuck ""},{""trait_type"":""Background"",""value"":""Cloudy #2""},{""trait_type"":""Body"",""value"":""Golden Fat""},{""trait_type"":""Outfits"",""value"":""Black Suit""},{""trait_type"":""Hairs"",""value"":""Blonde Hairs""}]"
536,1358774,0x89bb01c6cf48e01765c1f782f75022c05dd4f288252ed99b75bdbf5115190e8f,"[{""trait_type"":""Glasses"",""value"":""Gray Round Glasses""},{""trait_type"":""Mouth"",""value"":""Pink Braces""},{""trait_type"":""Background"",""value"":""Moon""},{""trait_type"":""Body"",""value"":""Fat""},{""trait_type"":""Outfits"",""value"":""Blue Shirt 2""},{""trait_type"":""Hairs"",""value"":""Ice Cream hat""}]"
535,1359826,0x79bd9451e9c73f5d0af01365a79c2d46fba46741e4f47b6ff7c01c3912fbb5ab,"[{""trait_type"":""Glasses"",""value"":""Yellow 3D Glasses""},{""trait_type"":""Mouth"",""value"":""Fuck ""},{""trait_type"":""Background"",""value"":""Black with Red Pixels""},{""trait_type"":""Body"",""value"":""Zoombie Fat""},{""trait_type"":""Outfits"",""value"":""Green Shirt 2""},{""trait_type"":""Hairs"",""value"":""Blonde Bowl cut""}]"
534,1360620,0xbd00fc5dd341689d26a322dd4b515836d3acb5e8bb7a6e7d790940bc77c9e609,"[{""trait_type"":""Glasses"",""value"":""Purple Rectangular Glasses""},{""trait_type"":""Mouth"",""value"":""Big Teeth""},{""trait_type"":""Background"",""value"":""Cloudy #2""},{""trait_type"":""Body"",""value"":""Galaxy Fat""},{""trait_type"":""Outfits"",""value"":""Brown Suit ""},{""trait_type"":""Hairs"",""value"":""Red Messi Hairs""}]"
533,1358778,0xb43a00f9b5cd3f2343e274b5b1d13e2414b5a192f3c67875980291b97246dbb5,"[{""trait_type"":""Glasses"",""value"":""Green Rectangular Glasses""},{""trait_type"":""Mouth"",""value"":""Sad""},{""trait_type"":""Background"",""value"":""Black with Red Pixels""},{""trait_type"":""Body"",""value"":""Galaxy Fat""},{""trait_type"":""Outfits"",""value"":""Black Shirt ""},{""trait_type"":""Hairs"",""value"":""Black Quiff Haircut""}]"
532,1360455,0xb929e8bd611f68f20995bca9c93ec033f836d3ae0a164a13972fb29fb38a311f,"[{""trait_type"":""Glasses"",""value"":""Yellow Rectangular Glasses""},{""trait_type"":""Mouth"",""value"":""Sad""},{""trait_type"":""Background"",""value"":""Green with Jay Force Symbol""},{""trait_type"":""Body"",""value"":""Skinny""},{""trait_type"":""Outfits"",""value"":""Purple Shirt 2""},{""trait_type"":""Hairs"",""value"":""Blonde Quiff Haircut""}]"
531,1358488,0x40cb17583b8174c5c47845194f8b036ea00c7fa35a166468190be4165aa4e0ee,"[{""trait_type"":""Glasses"",""value"":""Black Rectangular Glasses""},{""trait_type"":""Mouth"",""value"":""Sad""},{""trait_type"":""Background"",""value"":""Green with Jay Force Symbol""},{""trait_type"":""Body"",""value"":""Zoombie Fat""},{""trait_type"":""Outfits"",""value"":""Red Shirt 2""},{""trait_type"":""Hairs"",""value"":""Crystal Crown""}]"
530,1360030,0x9d02714a270aecef6aa3e865380ae3f574e3c55d95298775d2f35454d30d533e,"[{""trait_type"":""Glasses"",""value"":""Yellow 3D Glasses""},{""trait_type"":""Mouth"",""value"":""Smile""},{""trait_type"":""Background"",""value"":""Green with Jay Force Symbol""},{""trait_type"":""Body"",""value"":""Robotic Fat""},{""trait_type"":""Outfits"",""value"":""Black Suit""},{""trait_type"":""Hairs"",""value"":""Beanie""}]"
529,1360747,0xc16ad66bf7b3999e55384e600d57bc72a528f58317780258e9f231315a7416e5,"[{""trait_type"":""Glasses"",""value"":""Purple Glasses""},{""trait_type"":""Mouth"",""value"":""Braces""},{""trait_type"":""Background"",""value"":""Cloudy #2""},{""trait_type"":""Body"",""value"":""Zoombie Fat""},{""trait_type"":""Outfits"",""value"":""Brown Suit""},{""trait_type"":""Hairs"",""value"":""Red Bowl cut""}]"
528,1359846,0xeac4d4dbb66b5445b8e2f25cc5cd047e1eac1aa87438d3e73fa5d9c223a9191a,"[{""trait_type"":""Glasses"",""value"":""Multicolored Glasses""},{""trait_type"":""Mouth"",""value"":""Pink Braces""},{""trait_type"":""Background"",""value"":""Sparkles""},{""trait_type"":""Body"",""value"":""Robotic Fat""},{""trait_type"":""Outfits"",""value"":""Black Suit ""},{""trait_type"":""Hairs"",""value"":""Rasta Hat""}]"
527,1359198,0x73e8ef38e248a793a7e2f76fc97d35163d298787af6a225a2a9577c63013eb95,"[{""trait_type"":""Glasses"",""value"":""Regular Glasses""},{""trait_type"":""Mouth"",""value"":""Cigerette""},{""trait_type"":""Background"",""value"":""Sparkles""},{""trait_type"":""Body"",""value"":""Aliien""},{""trait_type"":""Outfits"",""value"":""Green Shirt""},{""trait_type"":""Hairs"",""value"":""Black Short Hairs""}]"
526,1359467,0x2d39991f6d115ae59849aea638b582ae27f96651b96566491a442df825c1b687,"[{""trait_type"":""Glasses"",""value"":""Purple Round Glasses""},{""trait_type"":""Mouth"",""value"":""Cigerette""},{""trait_type"":""Background"",""value"":""Moon""},{""trait_type"":""Body"",""value"":""Skinny""},{""trait_type"":""Outfits"",""value"":""Brown Suit""},{""trait_type"":""Hairs"",""value"":""Red Messi Hairs""}]"
525,1359574,0x5882bb049a2fda95e1ac36e771e0eda4535efc5a0ce4d02af752278bf91feb94,"[{""trait_type"":""Glasses"",""value"":""VR""},{""trait_type"":""Mouth"",""value"":""Cigerette""},{""trait_type"":""Background"",""value"":""Sparkels 2""},{""trait_type"":""Body"",""value"":""Golden Fat""},{""trait_type"":""Outfits"",""value"":""Green Shirt 2""},{""trait_type"":""Hairs"",""value"":""Top Hat""}]"
524,1358540,0x4ad198d3f33c024cd2d41d7ad372b1a58700435c63f11076c24c07f2944c898c,"[{""trait_type"":""Glasses"",""value"":""Blue Rectangular Glasses""},{""trait_type"":""Mouth"",""value"":""Big Teeth""},{""trait_type"":""Background"",""value"":""Night Scene""},{""trait_type"":""Body"",""value"":""Aliien""},{""trait_type"":""Outfits"",""value"":""Yellow Shirt ""},{""trait_type"":""Hairs"",""value"":""Blonde Hairs""}]"
523,1359137,0xc5b17a67b4bd4cdd444c8f8042d6883235b6664c28e6c491efe1fd293860ae06,"[{""trait_type"":""Glasses"",""value"":""Red Rectangular Glasses""},{""trait_type"":""Mouth"",""value"":""Cigerette""},{""trait_type"":""Background"",""value"":""Green with red Pixels""},{""trait_type"":""Body"",""value"":""Golden Fat""},{""trait_type"":""Outfits"",""value"":""Yellow Tie""},{""trait_type"":""Hairs"",""value"":""Red Bowl cut""}]"
522,1360513,0xd7e5306a0a01ac2bf5fe1ddc767245d55f090f891950cbbd2e11fa5bc9ead540,"[{""trait_type"":""Glasses"",""value"":""Circled Glasses""},{""trait_type"":""Mouth"",""value"":""Braces""},{""trait_type"":""Background"",""value"":""Green with red Pixels""},{""trait_type"":""Body"",""value"":""Aliien""},{""trait_type"":""Outfits"",""value"":""Orange Suit ""},{""trait_type"":""Hairs"",""value"":""Black Quiff Haircut""}]"
521,1358641,0x93645eee1288b35307e431965e241ca9d9d460ad23dbc651a603b2bbf54d9a01,"[{""trait_type"":""Glasses"",""value"":""Black VR""},{""trait_type"":""Mouth"",""value"":""Cigerette""},{""trait_type"":""Background"",""value"":""Cloudy""},{""trait_type"":""Body"",""value"":""Fat""},{""trait_type"":""Outfits"",""value"":""Red Tie""},{""trait_type"":""Hairs"",""value"":""Red Messi Hairs""}]"
520,1360624,0xebe7471b7c9ee6c183763874a13760e690f86f94de33c5aec0a55bab7172e8d1,"[{""trait_type"":""Glasses"",""value"":""Gray Round Glasses""},{""trait_type"":""Mouth"",""value"":""Cigerette""},{""trait_type"":""Background"",""value"":""Moon""},{""trait_type"":""Body"",""value"":""Robotic""},{""trait_type"":""Outfits"",""value"":""Purple Shirt 2""},{""trait_type"":""Hairs"",""value"":""Blonde Hairs""}]"
519,1360009,0x0bb14ebbd22b8c88fb9bf14ef1c1592d29548a2f21b337dc8c57c14a2cfbaddf,"[{""trait_type"":""Glasses"",""value"":""Purple Round Glasses""},{""trait_type"":""Mouth"",""value"":""Pink Braces""},{""trait_type"":""Background"",""value"":""Sparkels 2""},{""trait_type"":""Body"",""value"":""Golden""},{""trait_type"":""Outfits"",""value"":""Black Shirt ""},{""trait_type"":""Hairs"",""value"":""Black Short Hairs""}]"
518,1360630,0x8a7585317716695c46091eed13c14999546f22a6c203c508970a17f448cd6f0e,"[{""trait_type"":""Glasses"",""value"":""Based Eyes""},{""trait_type"":""Mouth"",""value"":""Cigerette""},{""trait_type"":""Background"",""value"":""Cloudy""},{""trait_type"":""Body"",""value"":""Robotic Fat""},{""trait_type"":""Outfits"",""value"":""Orange Suit ""},{""trait_type"":""Hairs"",""value"":""Black Bowl cut""}]"
517,1359432,0xa8a4b206a4bc0887c90d1d6acb520b668150a43c01b6d7db583b8ee777cb36fa,"[{""trait_type"":""Glasses"",""value"":""Black VR""},{""trait_type"":""Mouth"",""value"":""Big Teeth""},{""trait_type"":""Background"",""value"":""Night Scene""},{""trait_type"":""Body"",""value"":""Fat""},{""trait_type"":""Outfits"",""value"":""Red Tie""},{""trait_type"":""Hairs"",""value"":""Black Hairs""}]"
516,1359667,0x75aab573b87985c8690da6a00c8ac1be04d58aeb1f2b9fc8e6f38f9281f42eab,"[{""trait_type"":""Glasses"",""value"":""Job Glasses""},{""trait_type"":""Mouth"",""value"":""Fuck ""},{""trait_type"":""Background"",""value"":""Cloudy #2""},{""trait_type"":""Body"",""value"":""Fat Alien""},{""trait_type"":""Outfits"",""value"":""White Shirt""},{""trait_type"":""Hairs"",""value"":""sombrero hat""}]"
515,1359660,0x0ac7d3a8a30b73b23720adbbbf08fccb5909147dbbdfc61fa53b48b475902e8b,"[{""trait_type"":""Glasses"",""value"":""Yellow 3D Glasses""},{""trait_type"":""Mouth"",""value"":""Fuck ""},{""trait_type"":""Background"",""value"":""Cloudy #2""},{""trait_type"":""Body"",""value"":""Skinny""},{""trait_type"":""Outfits"",""value"":""Brown Suit ""},{""trait_type"":""Hairs"",""value"":""Black Quiff Haircut""}]"
514,1360759,0xd72f4be61d8500314ecbba195fa56273ffc08820bfad387c1ed5eee6ac29923e,"[{""trait_type"":""Glasses"",""value"":""Black Round Glasses""},{""trait_type"":""Mouth"",""value"":""Pink Braces""},{""trait_type"":""Background"",""value"":""Green with Jay Force Symbol""},{""trait_type"":""Body"",""value"":""Zoombie""},{""trait_type"":""Outfits"",""value"":""Purple Tie""},{""trait_type"":""Hairs"",""value"":""Black Bowl cut""}]"
513,1358618,0xac42738b0477cd6b8a334156e9c705f9d6108f833d2d7700958a560dbf3b23e0,"[{""trait_type"":""Glasses"",""value"":""Gray Rectangular Glasses""},{""trait_type"":""Mouth"",""value"":""Big Teeth""},{""trait_type"":""Background"",""value"":""Moon""},{""trait_type"":""Body"",""value"":""Golden Fat""},{""trait_type"":""Outfits"",""value"":""Brown Suit  ""},{""trait_type"":""Hairs"",""value"":""Red Short Hairs""}]"
512,1358507,0x7914149c6b87037c24c902a26fa581591c1a01c46baac0d313f823b96d89dc16,"[{""trait_type"":""Glasses"",""value"":""Yellow Rectangular Glasses""},{""trait_type"":""Mouth"",""value"":""Smile""},{""trait_type"":""Background"",""value"":""Night Scene""},{""trait_type"":""Body"",""value"":""Golden Fat""},{""trait_type"":""Outfits"",""value"":""Black Suit ""},{""trait_type"":""Hairs"",""value"":""Mushroom Hat""}]"
511,1358686,0x7885945d6121078dec99c30c56267614583e58b02907303b52b397360960f67d,"[{""trait_type"":""Glasses"",""value"":""Circled Glasses""},{""trait_type"":""Mouth"",""value"":""Big Teeth""},{""trait_type"":""Background"",""value"":""Green with red Pixels""},{""trait_type"":""Body"",""value"":""Robotic""},{""trait_type"":""Outfits"",""value"":""Green Tie""},{""trait_type"":""Hairs"",""value"":""Black Hairs""}]"
510,1360326,0x69ce0efc007f29febff2d498473fdad66f7bf7ff508b48ab2ff2b6a8e1fe6fb0,"[{""trait_type"":""Glasses"",""value"":""Black Rectangular Glasses""},{""trait_type"":""Mouth"",""value"":""Fuck ""},{""trait_type"":""Background"",""value"":""Cloudy""},{""trait_type"":""Body"",""value"":""Zoombie Fat""},{""trait_type"":""Outfits"",""value"":""Space Suit""},{""trait_type"":""Hairs"",""value"":""Red Messi Hairs""}]"
509,1360623,0xf662bdfcac9761f8a5ff1e64eeb52474a5687e6b8470856edaddde3bfeaf94ab,"[{""trait_type"":""Glasses"",""value"":""Red Rectangular Glasses""},{""trait_type"":""Mouth"",""value"":""Big Teeth""},{""trait_type"":""Background"",""value"":""Green with Jay Force Symbol""},{""trait_type"":""Body"",""value"":""Robotic Fat""},{""trait_type"":""Outfits"",""value"":""White Shirt""},{""trait_type"":""Hairs"",""value"":""Red Bowl cut""}]"
508,1359784,0x85adaeb38945fd07dc63279bce2f8aa3cd418cd6dca099e614131bd67b149c34,"[{""trait_type"":""Glasses"",""value"":""Based Eyes""},{""trait_type"":""Mouth"",""value"":""Fuck ""},{""trait_type"":""Background"",""value"":""Green with red Pixels""},{""trait_type"":""Body"",""value"":""Robotic Fat""},{""trait_type"":""Outfits"",""value"":""Yellow Tie""},{""trait_type"":""Hairs"",""value"":""Blonde Quiff Haircut""}]"
507,1359501,0x25a4799a391951912bfba6f4b38fdfb5dba5b34c6f24bf832f69e404b665ccd4,"[{""trait_type"":""Glasses"",""value"":""Purple Glasses""},{""trait_type"":""Mouth"",""value"":""Big Teeth""},{""trait_type"":""Background"",""value"":""Cloudy""},{""trait_type"":""Body"",""value"":""Zoombie""},{""trait_type"":""Outfits"",""value"":""Black Shirt ""},{""trait_type"":""Hairs"",""value"":""Red Messi Hairs""}]"
506,1360037,0x882315053c3a9af5830113d378133dedfb9c115391ee0210211cdb7af965ece2,"[{""trait_type"":""Glasses"",""value"":""Yellow Rectangular Glasses""},{""trait_type"":""Mouth"",""value"":""Fuck ""},{""trait_type"":""Background"",""value"":""Black with Red Pixels""},{""trait_type"":""Body"",""value"":""Robotic Fat""},{""trait_type"":""Outfits"",""value"":""Black Shirt ""},{""trait_type"":""Hairs"",""value"":""Yellow Top Hat""}]"
505,1360437,0xd44bcd069c2167798bb339d649b502656ae6503ab6865bf3091d71237b92524d,"[{""trait_type"":""Glasses"",""value"":""Circled Glasses""},{""trait_type"":""Mouth"",""value"":""Sad""},{""trait_type"":""Background"",""value"":""Night Scene""},{""trait_type"":""Body"",""value"":""Golden Fat""},{""trait_type"":""Outfits"",""value"":""Yellow Tie""},{""trait_type"":""Hairs"",""value"":""Ice Cream hat""}]"
504,1359419,0xd4258c784b13cf8b1a0ee8f70fe7185454972f87d485bd3213f924d82f99e556,"[{""trait_type"":""Glasses"",""value"":""Black VR""},{""trait_type"":""Mouth"",""value"":""Cigerette""},{""trait_type"":""Background"",""value"":""Night Scene""},{""trait_type"":""Body"",""value"":""Golden""},{""trait_type"":""Outfits"",""value"":""White Shirt""},{""trait_type"":""Hairs"",""value"":""Red Quiff Haircut""}]"
503,1359390,0x4b851ee54f4e4710ad421c29326cd90da34c6642d9eb72145d2232c1c9e0e198,"[{""trait_type"":""Glasses"",""value"":""Yellow 3D Glasses""},{""trait_type"":""Mouth"",""value"":""Big Teeth""},{""trait_type"":""Background"",""value"":""Cloudy""},{""trait_type"":""Body"",""value"":""Zoombie""},{""trait_type"":""Outfits"",""value"":""Orange Suit ""},{""trait_type"":""Hairs"",""value"":""Mushroom Hat""}]"
502,1359930,0x0ba16a9b62d00e8b81d054afd3b9be56086f65307be795590a14765cd3b00040,"[{""trait_type"":""Glasses"",""value"":""Based Eyes""},{""trait_type"":""Mouth"",""value"":""Smile""},{""trait_type"":""Background"",""value"":""Sparkels 2""},{""trait_type"":""Body"",""value"":""Robotic""},{""trait_type"":""Outfits"",""value"":""Yellow Shirt ""},{""trait_type"":""Hairs"",""value"":""Black Short Hairs""}]"
501,1359199,0x2244564b73c2ab0683c7db26d892a119593c784aeafd6adae0bb209369f4af33,"[{""trait_type"":""Glasses"",""value"":""Gray Rectangular Glasses""},{""trait_type"":""Mouth"",""value"":""Fuck ""},{""trait_type"":""Background"",""value"":""Sparkels 2""},{""trait_type"":""Body"",""value"":""Galaxy Fat""},{""trait_type"":""Outfits"",""value"":""Space Suit""},{""trait_type"":""Hairs"",""value"":""Blonde Short Hairs""}]"
500,1359498,0x58b12120baf181914be340d824b2bd1e1399998fe844973609193e076e9e457a,"[{""trait_type"":""Glasses"",""value"":""Blue Round Glasses""},{""trait_type"":""Mouth"",""value"":""Smile""},{""trait_type"":""Background"",""value"":""Black with Red Pixels""},{""trait_type"":""Body"",""value"":""Zoombie Fat""},{""trait_type"":""Outfits"",""value"":""Yellow Tie""},{""trait_type"":""Hairs"",""value"":""Rasta Hat""}]"
499,1358690,0xfed83af4fb75f23c1f58fa166a3b0fdf3560a4ff6561e846a7cda14bfcb7910f,"[{""trait_type"":""Glasses"",""value"":""Based Eyes""},{""trait_type"":""Mouth"",""value"":""Sad""},{""trait_type"":""Background"",""value"":""Black with Red Pixels""},{""trait_type"":""Body"",""value"":""Fat""},{""trait_type"":""Outfits"",""value"":""Purple Tie""},{""trait_type"":""Hairs"",""value"":""Afro with Comb""}]"
498,1358601,0xe8ea986bd2b17645c2cdcddf8c9e193cc5082575520e0156ab4f3cd27d79f9bc,"[{""trait_type"":""Glasses"",""value"":""Blue Rectangular Glasses""},{""trait_type"":""Mouth"",""value"":""Fuck ""},{""trait_type"":""Background"",""value"":""Cloudy""},{""trait_type"":""Body"",""value"":""Golden Fat""},{""trait_type"":""Outfits"",""value"":""Black Suit""},{""trait_type"":""Hairs"",""value"":""Blonde Short Hairs""}]"
497,1358941,0xe7a975d114527d9a54abb1f4af2e6155124e4fea79eeba6811d9d16e408abe6d,"[{""trait_type"":""Glasses"",""value"":""3D Glasses""},{""trait_type"":""Mouth"",""value"":""Smile""},{""trait_type"":""Background"",""value"":""Cloudy""},{""trait_type"":""Body"",""value"":""Robotic""},{""trait_type"":""Outfits"",""value"":""Brown Suit ""},{""trait_type"":""Hairs"",""value"":""sombrero hat""}]"
496,1360174,0x743d27e35f9cd68f9bfc62dc07e08d90c5e1deeaaf41609f627966d3a4d38a69,"[{""trait_type"":""Glasses"",""value"":""VR""},{""trait_type"":""Mouth"",""value"":""Pink Braces""},{""trait_type"":""Background"",""value"":""Night Scene""},{""trait_type"":""Body"",""value"":""Robotic Fat""},{""trait_type"":""Outfits"",""value"":""Blue Shirt 2""},{""trait_type"":""Hairs"",""value"":""Ice Cream hat""}]"
495,1358796,0x51692a1940c6fbf6f38bb22d1ce853101d8007c025e78ed177b14923d097a2c9,"[{""trait_type"":""Glasses"",""value"":""Regular Glasses""},{""trait_type"":""Mouth"",""value"":""Fuck ""},{""trait_type"":""Background"",""value"":""Green with red Pixels""},{""trait_type"":""Body"",""value"":""Robotic Fat""},{""trait_type"":""Outfits"",""value"":""Purple Tie""},{""trait_type"":""Hairs"",""value"":""Santa Hat""}]"
494,1358637,0x82b69d42237a7803095aa8bf38290f8ba9faf52e42fe8db277bf164e04f027cb,"[{""trait_type"":""Glasses"",""value"":""Black VR""},{""trait_type"":""Mouth"",""value"":""Big Teeth""},{""trait_type"":""Background"",""value"":""Black with Red Pixels""},{""trait_type"":""Body"",""value"":""Robotic""},{""trait_type"":""Outfits"",""value"":""Black Shirt ""},{""trait_type"":""Hairs"",""value"":""Blonde Bowl cut""}]"
493,1358763,0xd8491bdcee0ad4ddba2a9aeb41ada2c6ee2f5341f8bb5492a99415b0cb71864d,"[{""trait_type"":""Glasses"",""value"":""Purple Glasses""},{""trait_type"":""Mouth"",""value"":""Cigerette""},{""trait_type"":""Background"",""value"":""Green with red Pixels""},{""trait_type"":""Body"",""value"":""Zoombie""},{""trait_type"":""Outfits"",""value"":""Red Shirt 2""},{""trait_type"":""Hairs"",""value"":""Black Quiff Haircut""}]"
492,1359893,0x0bdd1b797cd5d918b052f648c3738e7393e830f2fe8960d318b82794114a4136,"[{""trait_type"":""Glasses"",""value"":""Gray Round Glasses""},{""trait_type"":""Mouth"",""value"":""Big Teeth""},{""trait_type"":""Background"",""value"":""Night Scene""},{""trait_type"":""Body"",""value"":""Skinny""},{""trait_type"":""Outfits"",""value"":""Purple Suit""},{""trait_type"":""Hairs"",""value"":""sombrero hat""}]"
491,1360145,0x52ca04473a2ab85d82997d339966ef92466a5cc32aec74e31c355726e5e7b0e8,"[{""trait_type"":""Glasses"",""value"":""Purple Rectangular Glasses""},{""trait_type"":""Mouth"",""value"":""Cigerette""},{""trait_type"":""Background"",""value"":""Cloudy""},{""trait_type"":""Body"",""value"":""Galaxy""},{""trait_type"":""Outfits"",""value"":""Red Shirt 2""},{""trait_type"":""Hairs"",""value"":""Red Bowl cut""}]"
490,1360502,0xe49ed5f644747223b340e366d1d6381883f1c38d4d053fdbb8c31a00bfe5a693,"[{""trait_type"":""Glasses"",""value"":""Green Round Glasses""},{""trait_type"":""Mouth"",""value"":""Braces""},{""trait_type"":""Background"",""value"":""Moon""},{""trait_type"":""Body"",""value"":""Robotic""},{""trait_type"":""Outfits"",""value"":""Green Shirt 2""},{""trait_type"":""Hairs"",""value"":""Yellow Top Hat""}]"
489,1358460,0x934169984549e6a01c976e4f585434c7d30da338338cc75a32e942dfa520a948,"[{""trait_type"":""Glasses"",""value"":""Black Round Glasses""},{""trait_type"":""Mouth"",""value"":""Smile""},{""trait_type"":""Background"",""value"":""Cloudy""},{""trait_type"":""Body"",""value"":""Robotic""},{""trait_type"":""Outfits"",""value"":""White Shirt""},{""trait_type"":""Hairs"",""value"":""Blonde Hairs""}]"
488,1360729,0xa998f6dd3d0e9b9f1c6ed77415299dedeadbb512937f60f65e3e16e62d4619e4,"[{""trait_type"":""Glasses"",""value"":""Regular Glasses""},{""trait_type"":""Mouth"",""value"":""Sad""},{""trait_type"":""Background"",""value"":""Cloudy""},{""trait_type"":""Body"",""value"":""Galaxy""},{""trait_type"":""Outfits"",""value"":""Green Tie""},{""trait_type"":""Hairs"",""value"":""Top Hat""}]"
487,1358448,0xbb214164c2fe8c7fd62009a9e5af25a90de9226002a5cc582f30b0af40d80a22,"[{""trait_type"":""Glasses"",""value"":""Black Round Glasses""},{""trait_type"":""Mouth"",""value"":""Smile""},{""trait_type"":""Background"",""value"":""Night Scene""},{""trait_type"":""Body"",""value"":""Aliien""},{""trait_type"":""Outfits"",""value"":""Orange Suit ""},{""trait_type"":""Hairs"",""value"":""Black Hairs""}]"
486,1359802,0xdce6ab5f2992653eabc057aa57f9b7a60089f2cf909a5d205cc16eb62d719139,"[{""trait_type"":""Glasses"",""value"":""Circled Glasses""},{""trait_type"":""Mouth"",""value"":""Cigerette""},{""trait_type"":""Background"",""value"":""Moon""},{""trait_type"":""Body"",""value"":""Golden Fat""},{""trait_type"":""Outfits"",""value"":""Black Jacket""},{""trait_type"":""Hairs"",""value"":""Fisherman Hat""}]"
485,1359305,0x23431bc5613be89c1afc2b7fe7f3b5c44904c5dd26f5f98a0be848300d1c5c5e,"[{""trait_type"":""Glasses"",""value"":""Sun Glasses""},{""trait_type"":""Mouth"",""value"":""Sad""},{""trait_type"":""Background"",""value"":""Sparkles""},{""trait_type"":""Body"",""value"":""Zoombie""},{""trait_type"":""Outfits"",""value"":""Orange Suit ""},{""trait_type"":""Hairs"",""value"":""Beanie""}]"
484,1359277,0x681a4fbe76e0e095b1f44e4be6c242ae49fd1ee2a8a3cf98ec64424f6d255412,"[{""trait_type"":""Glasses"",""value"":""3D Glasses ""},{""trait_type"":""Mouth"",""value"":""Big Teeth""},{""trait_type"":""Background"",""value"":""Cloudy""},{""trait_type"":""Body"",""value"":""Golden""},{""trait_type"":""Outfits"",""value"":""Purple Tie""},{""trait_type"":""Hairs"",""value"":""Black Bowl cut""}]"
483,1358893,0x26f80a33cd933c411eafc7e9465e5c0fb7c5f87842f3f9390dab2335cda5f3cf,"[{""trait_type"":""Glasses"",""value"":""Yellow Rectangular Glasses""},{""trait_type"":""Mouth"",""value"":""Cigerette""},{""trait_type"":""Background"",""value"":""Sparkles""},{""trait_type"":""Body"",""value"":""Golden Fat""},{""trait_type"":""Outfits"",""value"":""Green Shirt""},{""trait_type"":""Hairs"",""value"":""Ice Cream hat""}]"
482,1359284,0xd0b2980b1a56a1b57ab41327bc56d905a7779513a46b77c3da2c5281968f3a34,"[{""trait_type"":""Glasses"",""value"":""Gray Rectangular Glasses""},{""trait_type"":""Mouth"",""value"":""Braces""},{""trait_type"":""Background"",""value"":""Sparkles""},{""trait_type"":""Body"",""value"":""Zoombie""},{""trait_type"":""Outfits"",""value"":""Brown Suit""},{""trait_type"":""Hairs"",""value"":""Yellow Top Hat""}]"
481,1360050,0xdd4394b9735434fb717268dca7f3314affb264ce8e6c4e724a83e005cee05462,"[{""trait_type"":""Glasses"",""value"":""Purple Round Glasses""},{""trait_type"":""Mouth"",""value"":""Fuck ""},{""trait_type"":""Background"",""value"":""Sparkels 2""},{""trait_type"":""Body"",""value"":""Skinny""},{""trait_type"":""Outfits"",""value"":""Blue Shirt""},{""trait_type"":""Hairs"",""value"":""Blonde Short Hairs""}]"
480,1360172,0xf16c12911cf3ad05c1a3c8ec006a5b6e8a3373d13cfc7ed428cd9680ba52d319,"[{""trait_type"":""Glasses"",""value"":""3D Glasses ""},{""trait_type"":""Mouth"",""value"":""Smile""},{""trait_type"":""Background"",""value"":""Black with Red Pixels""},{""trait_type"":""Body"",""value"":""Zoombie""},{""trait_type"":""Outfits"",""value"":""Green Shirt""},{""trait_type"":""Hairs"",""value"":""Black Hairs""}]"
479,1359766,0x6ee9f452ed7272423e205146994fbd0db85cec3274563ce80843db019efb9729,"[{""trait_type"":""Glasses"",""value"":""Yellow Round Glasses""},{""trait_type"":""Mouth"",""value"":""Cigerette""},{""trait_type"":""Background"",""value"":""Cloudy""},{""trait_type"":""Body"",""value"":""Robotic Fat""},{""trait_type"":""Outfits"",""value"":""Brown Suit  ""},{""trait_type"":""Hairs"",""value"":""Top Hat""}]"
478,1359636,0x6a0c824a9bae9a6f674a00dcb4d74a38f2ecb7db781be06ca3c7b43bf90368e6,"[{""trait_type"":""Glasses"",""value"":""Purple Round Glasses""},{""trait_type"":""Mouth"",""value"":""Big Teeth""},{""trait_type"":""Background"",""value"":""Cloudy #2""},{""trait_type"":""Body"",""value"":""Fat Alien""},{""trait_type"":""Outfits"",""value"":""Yellow Shirt ""},{""trait_type"":""Hairs"",""value"":""Fisherman Hat""}]"
477,1358732,0xe5788eb958aa9bd00ed62ab6d6d1dc22bc352786ae38627e3452c6bd9da40467,"[{""trait_type"":""Glasses"",""value"":""Purple VR""},{""trait_type"":""Mouth"",""value"":""Big Teeth""},{""trait_type"":""Background"",""value"":""Night Scene""},{""trait_type"":""Body"",""value"":""Robotic Fat""},{""trait_type"":""Outfits"",""value"":""Black Suit""},{""trait_type"":""Hairs"",""value"":""Ice Cream hat""}]"
476,1359920,0x8f1959b09352b4009d41dba3f64680e7bbcb2634ad15bf2e87663fbb7d4adb5c,"[{""trait_type"":""Glasses"",""value"":""Yellow Rectangular Glasses""},{""trait_type"":""Mouth"",""value"":""Sad""},{""trait_type"":""Background"",""value"":""Sparkles""},{""trait_type"":""Body"",""value"":""Robotic Fat""},{""trait_type"":""Outfits"",""value"":""Black Suit ""},{""trait_type"":""Hairs"",""value"":""Flower Crown""}]"
475,1360290,0x0d0ae90fc5d57f0729418101d95ad687c433e0ae63cea772b644ca1f59da1237,"[{""trait_type"":""Glasses"",""value"":""Yellow Rectangular Glasses""},{""trait_type"":""Mouth"",""value"":""Fuck ""},{""trait_type"":""Background"",""value"":""Night Scene""},{""trait_type"":""Body"",""value"":""Zoombie""},{""trait_type"":""Outfits"",""value"":""Green Shirt 2""},{""trait_type"":""Hairs"",""value"":""Flower Crown""}]"
474,1360003,0xe08268ee165e546063f7aebf74978e7d52f23be43e5f607bc8437be7a20e839e,"[{""trait_type"":""Glasses"",""value"":""3D Glasses""},{""trait_type"":""Mouth"",""value"":""Sad""},{""trait_type"":""Background"",""value"":""Green with Jay Force Symbol""},{""trait_type"":""Body"",""value"":""Golden""},{""trait_type"":""Outfits"",""value"":""Purple Shirt 2""},{""trait_type"":""Hairs"",""value"":""Blonde Bowl cut""}]"
473,1359894,0x91981a2b6a608972e4a414e62a7ff0033192be073b7d2a8da2c8d7d360e5039b,"[{""trait_type"":""Glasses"",""value"":""Black Round Glasses""},{""trait_type"":""Mouth"",""value"":""Cigerette""},{""trait_type"":""Background"",""value"":""Black with Red Pixels""},{""trait_type"":""Body"",""value"":""Fat""},{""trait_type"":""Outfits"",""value"":""Red Tie""},{""trait_type"":""Hairs"",""value"":""Red Hairs""}]"
472,1360477,0x41d44a885dca8ee6498dac087b96c478f335130b9b260795c71d4eeb36c49955,"[{""trait_type"":""Glasses"",""value"":""Blue Rectangular Glasses""},{""trait_type"":""Mouth"",""value"":""Big Teeth""},{""trait_type"":""Background"",""value"":""Cloudy""},{""trait_type"":""Body"",""value"":""Zoombie Fat""},{""trait_type"":""Outfits"",""value"":""Black Suit ""},{""trait_type"":""Hairs"",""value"":""Fisherman Hat""}]"
471,1359993,0x3da66e5da0e165a575d672790690764b3b3ca6f3d20df713385a1061511b5ef8,"[{""trait_type"":""Glasses"",""value"":""Black VR""},{""trait_type"":""Mouth"",""value"":""Pink Braces""},{""trait_type"":""Background"",""value"":""Night Scene""},{""trait_type"":""Body"",""value"":""Galaxy""},{""trait_type"":""Outfits"",""value"":""Green Shirt 2""},{""trait_type"":""Hairs"",""value"":""Blonde Bowl cut""}]"
470,1360412,0x1a733ac1fa54412b9aac6c9dee91d740e8b8aa9b017af498ecc1e1c162e1c0e1,"[{""trait_type"":""Glasses"",""value"":""Black VR""},{""trait_type"":""Mouth"",""value"":""Cigerette""},{""trait_type"":""Background"",""value"":""Green with red Pixels""},{""trait_type"":""Body"",""value"":""Zoombie""},{""trait_type"":""Outfits"",""value"":""Orange Suit ""},{""trait_type"":""Hairs"",""value"":""Yellow Top Hat""}]"
469,1360111,0x618903ee3f08e69618bbf14215f47663a08ff3457f8cdaff13e94b30a08fa3e7,"[{""trait_type"":""Glasses"",""value"":""Purple VR""},{""trait_type"":""Mouth"",""value"":""Pink Braces""},{""trait_type"":""Background"",""value"":""Sparkles""},{""trait_type"":""Body"",""value"":""Golden""},{""trait_type"":""Outfits"",""value"":""Brown Suit  ""},{""trait_type"":""Hairs"",""value"":""Red Messi Hairs""}]"
468,1358538,0xd2094f19ec706e1cc68b162ce3f7c8dc4c364d5bd9f4caf1033d657c76c3b5c1,"[{""trait_type"":""Glasses"",""value"":""Purple Glasses""},{""trait_type"":""Mouth"",""value"":""Cigerette""},{""trait_type"":""Background"",""value"":""Cloudy #2""},{""trait_type"":""Body"",""value"":""Fat Alien""},{""trait_type"":""Outfits"",""value"":""Brown Suit  ""},{""trait_type"":""Hairs"",""value"":""Mushroom Hat""}]"
467,1360343,0x93f3e63681311976845eaf632d4fe923fcd1107451b29a0dc70f57f80f2348c7,"[{""trait_type"":""Glasses"",""value"":""Based Eyes""},{""trait_type"":""Mouth"",""value"":""Braces""},{""trait_type"":""Background"",""value"":""Green with Jay Force Symbol""},{""trait_type"":""Body"",""value"":""Golden""},{""trait_type"":""Outfits"",""value"":""Space Suit""},{""trait_type"":""Hairs"",""value"":""Black Messi Hairs""}]"
466,1358536,0xd28d481fd342062a56b49a24fd05dc84ce34c821a5152b91d576f8cf2e8dc2df,"[{""trait_type"":""Glasses"",""value"":""Black VR""},{""trait_type"":""Mouth"",""value"":""Smile""},{""trait_type"":""Background"",""value"":""Cloudy #2""},{""trait_type"":""Body"",""value"":""Galaxy""},{""trait_type"":""Outfits"",""value"":""White Shirt""},{""trait_type"":""Hairs"",""value"":""Black Quiff Haircut""}]"
465,1359857,0x9d8a2d2d234cda6704950f07f8ea39ab11dd6e1d97563036197ad21ffd3facf0,"[{""trait_type"":""Glasses"",""value"":""Purple Glasses""},{""trait_type"":""Mouth"",""value"":""Fuck ""},{""trait_type"":""Background"",""value"":""Sparkels 2""},{""trait_type"":""Body"",""value"":""Galaxy Fat""},{""trait_type"":""Outfits"",""value"":""Brown Suit ""},{""trait_type"":""Hairs"",""value"":""Red Bowl cut""}]"
464,1360304,0x2949f0c6ad3b35c140b9f39c2097968e1590dbef60ead00ab60ff0cc47c589d5,"[{""trait_type"":""Glasses"",""value"":""Black VR""},{""trait_type"":""Mouth"",""value"":""Fuck ""},{""trait_type"":""Background"",""value"":""Sparkels 2""},{""trait_type"":""Body"",""value"":""Aliien""},{""trait_type"":""Outfits"",""value"":""Brown Suit  ""},{""trait_type"":""Hairs"",""value"":""Red Quiff Haircut""}]"
463,1360354,0x5ac3b467f3577e900b1463d869e39abb6bb0b1c199511e3e7a5ece3999498e37,"[{""trait_type"":""Glasses"",""value"":""Multicolored Glasses""},{""trait_type"":""Mouth"",""value"":""Braces""},{""trait_type"":""Background"",""value"":""Green with Jay Force Symbol""},{""trait_type"":""Body"",""value"":""Golden Fat""},{""trait_type"":""Outfits"",""value"":""Green Shirt""},{""trait_type"":""Hairs"",""value"":""Black Quiff Haircut""}]"
462,1360117,0xfa49645c2f3b7d6835a0a6e37a7696e6e76927b9beedd858e90ba55a212db021,"[{""trait_type"":""Glasses"",""value"":""Black Rectangular Glasses""},{""trait_type"":""Mouth"",""value"":""Fuck ""},{""trait_type"":""Background"",""value"":""Sparkels 2""},{""trait_type"":""Body"",""value"":""Galaxy""},{""trait_type"":""Outfits"",""value"":""White Shirt""},{""trait_type"":""Hairs"",""value"":""Rasta Hat""}]"
461,1360488,0x9107b518d86c380eec420727ebf13362c6d13fe2e84cc86d6d14210b8166ea27,"[{""trait_type"":""Glasses"",""value"":""Circled Glasses""},{""trait_type"":""Mouth"",""value"":""Fuck ""},{""trait_type"":""Background"",""value"":""Sparkels 2""},{""trait_type"":""Body"",""value"":""Skinny""},{""trait_type"":""Outfits"",""value"":""Purple Tie""},{""trait_type"":""Hairs"",""value"":""Afro with Comb""}]"
460,1358708,0xa2f68eeb6c0fda1e0e6c1a4fee4f164402146a4ed165d666841f34106e4e2bca,"[{""trait_type"":""Glasses"",""value"":""Regular Glasses""},{""trait_type"":""Mouth"",""value"":""Fuck ""},{""trait_type"":""Background"",""value"":""Cloudy #2""},{""trait_type"":""Body"",""value"":""Skinny""},{""trait_type"":""Outfits"",""value"":""Black Shirt ""},{""trait_type"":""Hairs"",""value"":""Red Messi Hairs""}]"
459,1360514,0x4e7ee29bf60f6d9ea59670cf3b6a087156ce53a5ecd3d8a7f194754a958fa92d,"[{""trait_type"":""Glasses"",""value"":""Yellow Round Glasses""},{""trait_type"":""Mouth"",""value"":""Fuck ""},{""trait_type"":""Background"",""value"":""Sparkels 2""},{""trait_type"":""Body"",""value"":""Golden Fat""},{""trait_type"":""Outfits"",""value"":""Purple Suit""},{""trait_type"":""Hairs"",""value"":""Top Hat""}]"
458,1360327,0x07028683b484a4fc32cb4bf553158a1463a5453b59dcaf4b7a8383f9546c41c6,"[{""trait_type"":""Glasses"",""value"":""VR""},{""trait_type"":""Mouth"",""value"":""Braces""},{""trait_type"":""Background"",""value"":""Moon""},{""trait_type"":""Body"",""value"":""Skinny""},{""trait_type"":""Outfits"",""value"":""Brown Suit""},{""trait_type"":""Hairs"",""value"":""Blonde Hairs""}]"
457,1359248,0x33ed1827adbb5253f183ba8498850acdd054716233e521aa3cddb6a3dbf052fa,"[{""trait_type"":""Glasses"",""value"":""Blue Round Glasses""},{""trait_type"":""Mouth"",""value"":""Fuck ""},{""trait_type"":""Background"",""value"":""Night Scene""},{""trait_type"":""Body"",""value"":""Golden""},{""trait_type"":""Outfits"",""value"":""Brown Suit ""},{""trait_type"":""Hairs"",""value"":""Beanie""}]"
456,1360690,0xc1346ecf42dc3c76de80c65cc3b9b4daf65bec9f5ee7d0a9f0054ef09f2841d1,"[{""trait_type"":""Glasses"",""value"":""Red Round Glasses""},{""trait_type"":""Mouth"",""value"":""Sad""},{""trait_type"":""Background"",""value"":""Black with Red Pixels""},{""trait_type"":""Body"",""value"":""Zoombie""},{""trait_type"":""Outfits"",""value"":""Black Shirt ""},{""trait_type"":""Hairs"",""value"":""Blonde Short Hairs""}]"
455,1358609,0x9cc2e69d32be15834c5e9fe75388d3c7225eb469604f0c852daeb2907f9e3c2e,"[{""trait_type"":""Glasses"",""value"":""Based Eyes""},{""trait_type"":""Mouth"",""value"":""Smile""},{""trait_type"":""Background"",""value"":""Green with Jay Force Symbol""},{""trait_type"":""Body"",""value"":""Galaxy Fat""},{""trait_type"":""Outfits"",""value"":""Green Shirt""},{""trait_type"":""Hairs"",""value"":""Black Short Hairs""}]"
454,1358944,0x34729761ff21250f638ee3f8b303eb356e7fba0befb6c8fa9ac81168b32fce25,"[{""trait_type"":""Glasses"",""value"":""Yellow Round Glasses""},{""trait_type"":""Mouth"",""value"":""Cigerette""},{""trait_type"":""Background"",""value"":""Green with red Pixels""},{""trait_type"":""Body"",""value"":""Skinny""},{""trait_type"":""Outfits"",""value"":""Red Tie""},{""trait_type"":""Hairs"",""value"":""Black Hairs""}]"
453,1358670,0x59a5b76ce5c47122c35e696c66f31948ef70003c07f7de3dfe6c386f63679567,"[{""trait_type"":""Glasses"",""value"":""Purple Rectangular Glasses""},{""trait_type"":""Mouth"",""value"":""Sad""},{""trait_type"":""Background"",""value"":""Sparkels 2""},{""trait_type"":""Body"",""value"":""Golden""},{""trait_type"":""Outfits"",""value"":""Black Shirt ""},{""trait_type"":""Hairs"",""value"":""Santa Hat""}]"
452,1359479,0x4f6ccb0de7b8e215e8717dbacfd0bbac6a691d6c7154a58de9bc599fcf4010f0,"[{""trait_type"":""Glasses"",""value"":""Regular Glasses""},{""trait_type"":""Mouth"",""value"":""Braces""},{""trait_type"":""Background"",""value"":""Black with Red Pixels""},{""trait_type"":""Body"",""value"":""Fat""},{""trait_type"":""Outfits"",""value"":""Purple Shirt 2""},{""trait_type"":""Hairs"",""value"":""Mushroom Hat""}]"
451,1360538,0x43103f5b51b67d207d91d81ae8b8ecb31f72b8e4e5a66659de8e273f443b41cb,"[{""trait_type"":""Glasses"",""value"":""Circled Glasses""},{""trait_type"":""Mouth"",""value"":""Pink Braces""},{""trait_type"":""Background"",""value"":""Green with red Pixels""},{""trait_type"":""Body"",""value"":""Golden""},{""trait_type"":""Outfits"",""value"":""Purple Shirt 2""},{""trait_type"":""Hairs"",""value"":""Flower Crown""}]"
450,1360363,0xa383709c740dfb7b58af00792f14c36776c594f2e68881fa89d90da603e6e79f,"[{""trait_type"":""Glasses"",""value"":""Black Rectangular Glasses""},{""trait_type"":""Mouth"",""value"":""Sad""},{""trait_type"":""Background"",""value"":""Cloudy #2""},{""trait_type"":""Body"",""value"":""Fat Alien""},{""trait_type"":""Outfits"",""value"":""Green Shirt 2""},{""trait_type"":""Hairs"",""value"":""Red Messi Hairs""}]"
449,1360442,0xaa5ad12fc527a81ed7418d1352692e3e5d57f38443992cfa0dcd22881538c13e,"[{""trait_type"":""Glasses"",""value"":""Yellow 3D Glasses""},{""trait_type"":""Mouth"",""value"":""Braces""},{""trait_type"":""Background"",""value"":""Night Scene""},{""trait_type"":""Body"",""value"":""Fat Alien""},{""trait_type"":""Outfits"",""value"":""Red Shirt 2""},{""trait_type"":""Hairs"",""value"":""Flower Crown""}]"
448,1359987,0x4ee842dac298f26abe6c52e3b168d9f1ec7174cc74d6f6ca551e46ae8d8c28d2,"[{""trait_type"":""Glasses"",""value"":""Blue Rectangular Glasses""},{""trait_type"":""Mouth"",""value"":""Smile""},{""trait_type"":""Background"",""value"":""Night Scene""},{""trait_type"":""Body"",""value"":""Fat Alien""},{""trait_type"":""Outfits"",""value"":""Blue Shirt 2""},{""trait_type"":""Hairs"",""value"":""sombrero hat""}]"
447,1359391,0xfae2693529829e68d122ba6c2e26d48ab2d97272ca6aefb14e3485bb147c7f68,"[{""trait_type"":""Glasses"",""value"":""Blue Round Glasses""},{""trait_type"":""Mouth"",""value"":""Braces""},{""trait_type"":""Background"",""value"":""Cloudy #2""},{""trait_type"":""Body"",""value"":""Fat""},{""trait_type"":""Outfits"",""value"":""Brown Suit""},{""trait_type"":""Hairs"",""value"":""Red Quiff Haircut""}]"
446,1359526,0xd2c66df27ca33e00f6d07aa82c6b33c251cd337a6353c686d58e06bec56a756c,"[{""trait_type"":""Glasses"",""value"":""Multicolored Glasses""},{""trait_type"":""Mouth"",""value"":""Braces""},{""trait_type"":""Background"",""value"":""Black with Red Pixels""},{""trait_type"":""Body"",""value"":""Golden Fat""},{""trait_type"":""Outfits"",""value"":""Green Shirt""},{""trait_type"":""Hairs"",""value"":""Crystal Crown""}]"
445,1359538,0xf56b1e6a59e2b9e31a0d77aeeb50753ce6e6b5a6e5b0bddc489e546318bcf213,"[{""trait_type"":""Glasses"",""value"":""Red Rectangular Glasses""},{""trait_type"":""Mouth"",""value"":""Big Teeth""},{""trait_type"":""Background"",""value"":""Moon""},{""trait_type"":""Body"",""value"":""Galaxy Fat""},{""trait_type"":""Outfits"",""value"":""Orange Suit ""},{""trait_type"":""Hairs"",""value"":""Blonde Short Hairs""}]"
444,1360196,0x71d5f05500bfb8dd62461bda3aa0be85b23568e4a773d9e562b987ce69bc0105,"[{""trait_type"":""Glasses"",""value"":""Red Round Glasses""},{""trait_type"":""Mouth"",""value"":""Big Teeth""},{""trait_type"":""Background"",""value"":""Cloudy""},{""trait_type"":""Body"",""value"":""Robotic Fat""},{""trait_type"":""Outfits"",""value"":""Yellow Tie""},{""trait_type"":""Hairs"",""value"":""Black Short Hairs""}]"
443,1358966,0xea07cb5d3f54fc35713631f827c8a5da6743a960020ce12377e55ac068aa37d7,"[{""trait_type"":""Glasses"",""value"":""Green Round Glasses""},{""trait_type"":""Mouth"",""value"":""Cigerette""},{""trait_type"":""Background"",""value"":""Moon""},{""trait_type"":""Body"",""value"":""Robotic Fat""},{""trait_type"":""Outfits"",""value"":""Black Suit""},{""trait_type"":""Hairs"",""value"":""Santa Hat""}]"
442,1360146,0x0f5b305fb06fd80df89458bffea9c488944abbd26a50f78f8b17dbc61a45250a,"[{""trait_type"":""Glasses"",""value"":""Green Rectangular Glasses""},{""trait_type"":""Mouth"",""value"":""Pink Braces""},{""trait_type"":""Background"",""value"":""Black with Red Pixels""},{""trait_type"":""Body"",""value"":""Zoombie""},{""trait_type"":""Outfits"",""value"":""Green Shirt 2""},{""trait_type"":""Hairs"",""value"":""Black Short Hairs""}]"
441,1359399,0x14a08b6e1ecc4c21b7204bc6e0bf8e1a0eb6f7a027f51cccae7d402e14ed7fbc,"[{""trait_type"":""Glasses"",""value"":""Red Round Glasses""},{""trait_type"":""Mouth"",""value"":""Pink Braces""},{""trait_type"":""Background"",""value"":""Cloudy""},{""trait_type"":""Body"",""value"":""Fat""},{""trait_type"":""Outfits"",""value"":""Black Suit ""},{""trait_type"":""Hairs"",""value"":""Blonde Quiff Haircut""}]"
440,1360210,0x1e5a6074019b3d411244bbb6f2e1b7dd204421e091408dc332aa0a48b34f5ad7,"[{""trait_type"":""Glasses"",""value"":""Red Rectangular Glasses""},{""trait_type"":""Mouth"",""value"":""Fuck ""},{""trait_type"":""Background"",""value"":""Sparkels 2""},{""trait_type"":""Body"",""value"":""Robotic Fat""},{""trait_type"":""Outfits"",""value"":""Black Suit ""},{""trait_type"":""Hairs"",""value"":""Black Bowl cut""}]"
439,1358598,0x547adb41144f3989349876abdae4fe96d663473aa6a3722ccdb1ca23770db035,"[{""trait_type"":""Glasses"",""value"":""Multicolored Glasses""},{""trait_type"":""Mouth"",""value"":""Big Teeth""},{""trait_type"":""Background"",""value"":""Moon""},{""trait_type"":""Body"",""value"":""Robotic Fat""},{""trait_type"":""Outfits"",""value"":""Space Suit""},{""trait_type"":""Hairs"",""value"":""Ice Cream hat""}]"
438,1358556,0xfca82bb6aa0ad9d559f7f6c62e6f6dcb1da23a75c1235c423a03d1b0c0013740,"[{""trait_type"":""Glasses"",""value"":""VR""},{""trait_type"":""Mouth"",""value"":""Pink Braces""},{""trait_type"":""Background"",""value"":""Sparkels 2""},{""trait_type"":""Body"",""value"":""Zoombie""},{""trait_type"":""Outfits"",""value"":""Blue Shirt 2""},{""trait_type"":""Hairs"",""value"":""Blonde Quiff Haircut""}]"
437,1358452,0x0ef602295ff626f9e96d4f0222733769d69f706f22e4babff64383d5cf7e6193,"[{""trait_type"":""Glasses"",""value"":""Regular Glasses""},{""trait_type"":""Mouth"",""value"":""Smile""},{""trait_type"":""Background"",""value"":""Black with Red Pixels""},{""trait_type"":""Body"",""value"":""Fat Alien""},{""trait_type"":""Outfits"",""value"":""Green Shirt 2""},{""trait_type"":""Hairs"",""value"":""Brown Bowl cut""}]"
436,1359341,0x7704917d6295b2a27625bd9f5de4bf8a5b3e3684498b7be34d76ca3fe042d579,"[{""trait_type"":""Glasses"",""value"":""3D Glasses ""},{""trait_type"":""Mouth"",""value"":""Braces""},{""trait_type"":""Background"",""value"":""Cloudy""},{""trait_type"":""Body"",""value"":""Robotic""},{""trait_type"":""Outfits"",""value"":""Yellow Tie""},{""trait_type"":""Hairs"",""value"":""Black Bowl cut""}]"
435,1360744,0xc4ef6400815667f5a73f10683598ad40be13602b1e4ed5291d985d568ddf90b5,"[{""trait_type"":""Glasses"",""value"":""Yellow Round Glasses""},{""trait_type"":""Mouth"",""value"":""Sad""},{""trait_type"":""Background"",""value"":""Black with Red Pixels""},{""trait_type"":""Body"",""value"":""Golden""},{""trait_type"":""Outfits"",""value"":""Purple Tie""},{""trait_type"":""Hairs"",""value"":""Beanie""}]"
434,1359837,0x233a0e54b5e0e88a2f6d18022cc2a15da01acd0e2b8c911460ce4c41786f3ca0,"[{""trait_type"":""Glasses"",""value"":""3D Glasses""},{""trait_type"":""Mouth"",""value"":""Braces""},{""trait_type"":""Background"",""value"":""Cloudy #2""},{""trait_type"":""Body"",""value"":""Aliien""},{""trait_type"":""Outfits"",""value"":""Yellow Shirt ""},{""trait_type"":""Hairs"",""value"":""Red Hairs""}]"
433,1359259,0xdc0a02d4337f858d499d489aa50fcbc2b3c84ce8b81e8555db48aebcda1b82cb,"[{""trait_type"":""Glasses"",""value"":""Black Round Glasses""},{""trait_type"":""Mouth"",""value"":""Braces""},{""trait_type"":""Background"",""value"":""Green with red Pixels""},{""trait_type"":""Body"",""value"":""Fat Alien""},{""trait_type"":""Outfits"",""value"":""Blue Shirt 2""},{""trait_type"":""Hairs"",""value"":""Black Messi Hairs""}]"
432,1359761,0x6298a46254e765ae9c5d533cf21723bb8cf1096730a8d9f9688fecba6bcc2094,"[{""trait_type"":""Glasses"",""value"":""Yellow 3D Glasses""},{""trait_type"":""Mouth"",""value"":""Pink Braces""},{""trait_type"":""Background"",""value"":""Cloudy #2""},{""trait_type"":""Body"",""value"":""Skinny""},{""trait_type"":""Outfits"",""value"":""Purple Suit""},{""trait_type"":""Hairs"",""value"":""Santa Hat""}]"
431,1358767,0xc7f1d835a771aaeb88dc1f15ddfe010d5dc7daed973fb4a476f2a36bcf2e561f,"[{""trait_type"":""Glasses"",""value"":""Gray Rectangular Glasses""},{""trait_type"":""Mouth"",""value"":""Sad""},{""trait_type"":""Background"",""value"":""Cloudy #2""},{""trait_type"":""Body"",""value"":""Robotic Fat""},{""trait_type"":""Outfits"",""value"":""Space Suit""},{""trait_type"":""Hairs"",""value"":""Black Short Hairs""}]"
430,1359280,0x9350200ab9a908a26e96c63988f28f3933648136a55a305325a8506cc3629f78,"[{""trait_type"":""Glasses"",""value"":""Job Glasses""},{""trait_type"":""Mouth"",""value"":""Braces""},{""trait_type"":""Background"",""value"":""Green with red Pixels""},{""trait_type"":""Body"",""value"":""Robotic Fat""},{""trait_type"":""Outfits"",""value"":""Purple Shirt 2""},{""trait_type"":""Hairs"",""value"":""Rasta Hat""}]"
429,1359504,0x62522174d737ba8a85ab14ce41c565f4ce0d9e9dd66a9fbfd3e91ca03ea67b9a,"[{""trait_type"":""Glasses"",""value"":""Purple VR""},{""trait_type"":""Mouth"",""value"":""Big Teeth""},{""trait_type"":""Background"",""value"":""Green with Jay Force Symbol""},{""trait_type"":""Body"",""value"":""Golden""},{""trait_type"":""Outfits"",""value"":""Blue Shirt""},{""trait_type"":""Hairs"",""value"":""Yellow Top Hat""}]"
428,1359866,0xa09f95442fd785c9e6f50394d78186b33b4b4d44a19e4d2b83878d17649d126a,"[{""trait_type"":""Glasses"",""value"":""Gray Rectangular Glasses""},{""trait_type"":""Mouth"",""value"":""Big Teeth""},{""trait_type"":""Background"",""value"":""Black with Red Pixels""},{""trait_type"":""Body"",""value"":""Skinny""},{""trait_type"":""Outfits"",""value"":""Orange Suit ""},{""trait_type"":""Hairs"",""value"":""Black Hairs""}]"
427,1360626,0x25ab33c88c69038d8b7208e25e223100f9891b12aef30fe5789756f6d8689088,"[{""trait_type"":""Glasses"",""value"":""3D Glasses ""},{""trait_type"":""Mouth"",""value"":""Cigerette""},{""trait_type"":""Background"",""value"":""Moon""},{""trait_type"":""Body"",""value"":""Zoombie""},{""trait_type"":""Outfits"",""value"":""Purple Suit""},{""trait_type"":""Hairs"",""value"":""Red Bowl cut""}]"
426,1359176,0xd5da590d17193d79ed28b1462aa2b9f8a24d653a96ec41c29256d991d9e7a990,"[{""trait_type"":""Glasses"",""value"":""Blue Round Glasses""},{""trait_type"":""Mouth"",""value"":""Fuck ""},{""trait_type"":""Background"",""value"":""Night Scene""},{""trait_type"":""Body"",""value"":""Zoombie Fat""},{""trait_type"":""Outfits"",""value"":""Black Suit ""},{""trait_type"":""Hairs"",""value"":""Blonde Messi Hairs""}]"
425,1358592,0x61a5c0b30261a54eaef760469febfdcfc308b00e7079df6c4ba06e9630ec0f4c,"[{""trait_type"":""Glasses"",""value"":""3D Glasses""},{""trait_type"":""Mouth"",""value"":""Fuck ""},{""trait_type"":""Background"",""value"":""Cloudy""},{""trait_type"":""Body"",""value"":""Skinny""},{""trait_type"":""Outfits"",""value"":""Orange Suit ""},{""trait_type"":""Hairs"",""value"":""Red Quiff Haircut""}]"
424,1359359,0x1dabf6c90bb0d81cf3ea525b1964e67c382cba3b3768fb1418b0bdcb2c135551,"[{""trait_type"":""Glasses"",""value"":""Purple Glasses""},{""trait_type"":""Mouth"",""value"":""Big Teeth""},{""trait_type"":""Background"",""value"":""Sparkles""},{""trait_type"":""Body"",""value"":""Aliien""},{""trait_type"":""Outfits"",""value"":""Green Shirt""},{""trait_type"":""Hairs"",""value"":""Blonde Messi Hairs""}]"
423,1360314,0x1d1f533f40e5d7d90a105528eaf378898c90c1fe2654342f63c5bfd27cb10264,"[{""trait_type"":""Glasses"",""value"":""Gray Rectangular Glasses""},{""trait_type"":""Mouth"",""value"":""Braces""},{""trait_type"":""Background"",""value"":""Sparkles""},{""trait_type"":""Body"",""value"":""Robotic""},{""trait_type"":""Outfits"",""value"":""Brown Suit ""},{""trait_type"":""Hairs"",""value"":""Black Quiff Haircut""}]"
422,1358773,0x19f70362c9293a3496e43894fbb1062bdf669052b6ff783e9d752a0731193ba2,"[{""trait_type"":""Glasses"",""value"":""Purple VR""},{""trait_type"":""Mouth"",""value"":""Sad""},{""trait_type"":""Background"",""value"":""Sparkles""},{""trait_type"":""Body"",""value"":""Zoombie Fat""},{""trait_type"":""Outfits"",""value"":""Orange Suit ""},{""trait_type"":""Hairs"",""value"":""Red Messi Hairs""}]"
421,1359134,0xa2c21442de12507f2fdd8e6bde528ab7a9263de27f73a380ad2566dde69f5d4c,"[{""trait_type"":""Glasses"",""value"":""3D Glasses ""},{""trait_type"":""Mouth"",""value"":""Fuck ""},{""trait_type"":""Background"",""value"":""Night Scene""},{""trait_type"":""Body"",""value"":""Robotic Fat""},{""trait_type"":""Outfits"",""value"":""Yellow Tie""},{""trait_type"":""Hairs"",""value"":""Blonde Hairs""}]"
420,1360691,0x80dee237f17d39400b0f741853a990ba8a303d796e19ed8138625e361a84ba0b,"[{""trait_type"":""Glasses"",""value"":""Gray Round Glasses""},{""trait_type"":""Mouth"",""value"":""Braces""},{""trait_type"":""Background"",""value"":""Night Scene""},{""trait_type"":""Body"",""value"":""Golden""},{""trait_type"":""Outfits"",""value"":""Black Suit ""},{""trait_type"":""Hairs"",""value"":""Black Quiff Haircut""}]"
419,1359055,0xb26a607e8a1ca460daf0bbd86fd53a904b81c48e39351b0f5aa01d20e12b1367,"[{""trait_type"":""Glasses"",""value"":""Blue Rectangular Glasses""},{""trait_type"":""Mouth"",""value"":""Pink Braces""},{""trait_type"":""Background"",""value"":""Black with Red Pixels""},{""trait_type"":""Body"",""value"":""Aliien""},{""trait_type"":""Outfits"",""value"":""Brown Suit  ""},{""trait_type"":""Hairs"",""value"":""Red Short Hairs""}]"
418,1360521,0x41bc00a3a1591999de3d6f1ef2a92d4bba7fd7693f913f8d144f0c87d1532e45,"[{""trait_type"":""Glasses"",""value"":""Green Round Glasses""},{""trait_type"":""Mouth"",""value"":""Fuck ""},{""trait_type"":""Background"",""value"":""Sparkels 2""},{""trait_type"":""Body"",""value"":""Galaxy""},{""trait_type"":""Outfits"",""value"":""Yellow Shirt ""},{""trait_type"":""Hairs"",""value"":""Top Hat""}]"
417,1358445,0x9b8d0bfd98106aee74765ab9e320b472f8070d3c29e54e2544f068d30900fe71,"[{""trait_type"":""Glasses"",""value"":""3D Glasses""},{""trait_type"":""Mouth"",""value"":""Cigerette""},{""trait_type"":""Background"",""value"":""Sparkels 2""},{""trait_type"":""Body"",""value"":""Skinny""},{""trait_type"":""Outfits"",""value"":""Red Tie""},{""trait_type"":""Hairs"",""value"":""Black Short Hairs""}]"
416,1360335,0x70d2bd0b16bdee1ac1babc6110c3e85e696272f6290386277b7bd6cde1991232,"[{""trait_type"":""Glasses"",""value"":""Regular Glasses""},{""trait_type"":""Mouth"",""value"":""Big Teeth""},{""trait_type"":""Background"",""value"":""Night Scene""},{""trait_type"":""Body"",""value"":""Fat""},{""trait_type"":""Outfits"",""value"":""White Shirt""},{""trait_type"":""Hairs"",""value"":""Fisherman Hat""}]"
415,1360547,0x928070a47e6773b887acee6ae70876e05dcf4045046e8effd2bbe2e9f9e4ad42,"[{""trait_type"":""Glasses"",""value"":""VR""},{""trait_type"":""Mouth"",""value"":""Fuck ""},{""trait_type"":""Background"",""value"":""Black with Red Pixels""},{""trait_type"":""Body"",""value"":""Golden""},{""trait_type"":""Outfits"",""value"":""Red Shirt 2""},{""trait_type"":""Hairs"",""value"":""Beanie""}]"
414,1359536,0x8f6065857cfe662bc34a434bb0b26206b13c0d774bc41d81f92ede5ba1c7b6f9,"[{""trait_type"":""Glasses"",""value"":""Black Rectangular Glasses""},{""trait_type"":""Mouth"",""value"":""Pink Braces""},{""trait_type"":""Background"",""value"":""Sparkels 2""},{""trait_type"":""Body"",""value"":""Robotic""},{""trait_type"":""Outfits"",""value"":""Red Tie""},{""trait_type"":""Hairs"",""value"":""sombrero hat""}]"
413,1359624,0x15d749dc74b909b8b19604994e69d43159a45849da6ab7e856541c1a5129f257,"[{""trait_type"":""Glasses"",""value"":""Circled Glasses""},{""trait_type"":""Mouth"",""value"":""Big Teeth""},{""trait_type"":""Background"",""value"":""Night Scene""},{""trait_type"":""Body"",""value"":""Golden""},{""trait_type"":""Outfits"",""value"":""Brown Suit  ""},{""trait_type"":""Hairs"",""value"":""Red Hairs""}]"
412,1359513,0x420f51e5bfc9859411d4bc0f7affede93d3d5c0f3f3a92dc7f7220075b601ec0,"[{""trait_type"":""Glasses"",""value"":""Purple VR""},{""trait_type"":""Mouth"",""value"":""Big Teeth""},{""trait_type"":""Background"",""value"":""Black with Red Pixels""},{""trait_type"":""Body"",""value"":""Galaxy Fat""},{""trait_type"":""Outfits"",""value"":""Space Suit""},{""trait_type"":""Hairs"",""value"":""Mushroom Hat""}]"
411,1360663,0x3083a272cc1a9f35df574b9c01080da23b92ac40c81b5a94411025f4b11f6ad6,"[{""trait_type"":""Glasses"",""value"":""3D Glasses""},{""trait_type"":""Mouth"",""value"":""Sad""},{""trait_type"":""Background"",""value"":""Moon""},{""trait_type"":""Body"",""value"":""Robotic""},{""trait_type"":""Outfits"",""value"":""Green Tie""},{""trait_type"":""Hairs"",""value"":""Red Messi Hairs""}]"
410,1358544,0xa513a12be57b1f5ca7b9f0774aacf844f60be113e1a5a77ba183e1b4ce1e55af,"[{""trait_type"":""Glasses"",""value"":""Green Rectangular Glasses""},{""trait_type"":""Mouth"",""value"":""Cigerette""},{""trait_type"":""Background"",""value"":""Green with Jay Force Symbol""},{""trait_type"":""Body"",""value"":""Fat Alien""},{""trait_type"":""Outfits"",""value"":""Blue Shirt""},{""trait_type"":""Hairs"",""value"":""Fisherman Hat""}]"
409,1359537,0xeb89738da909f9cff8abf93f8d34f50b0b503b176d8806281d45ad26f652ce77,"[{""trait_type"":""Glasses"",""value"":""Purple Glasses""},{""trait_type"":""Mouth"",""value"":""Smile""},{""trait_type"":""Background"",""value"":""Sparkels 2""},{""trait_type"":""Body"",""value"":""Fat""},{""trait_type"":""Outfits"",""value"":""Black Suit""},{""trait_type"":""Hairs"",""value"":""Black Quiff Haircut""}]"
408,1360154,0x52264ef63a91105a94629134b51b0606b9948ba519e19096600e08744a903a7a,"[{""trait_type"":""Glasses"",""value"":""3D Glasses""},{""trait_type"":""Mouth"",""value"":""Pink Braces""},{""trait_type"":""Background"",""value"":""Night Scene""},{""trait_type"":""Body"",""value"":""Robotic""},{""trait_type"":""Outfits"",""value"":""Black Suit ""},{""trait_type"":""Hairs"",""value"":""Yellow Top Hat""}]"
407,1359185,0xed57a9aebff04608afe367bb56800611a7451c18c15b724d59112b685db476c2,"[{""trait_type"":""Glasses"",""value"":""Black Rectangular Glasses""},{""trait_type"":""Mouth"",""value"":""Braces""},{""trait_type"":""Background"",""value"":""Cloudy #2""},{""trait_type"":""Body"",""value"":""Skinny""},{""trait_type"":""Outfits"",""value"":""Brown Suit ""},{""trait_type"":""Hairs"",""value"":""Ice Cream hat""}]"
406,1359466,0x25d04b12ed13ea0b3fb2a072a54f8537135a2dccf3d4124595bcd3f0a96608de,"[{""trait_type"":""Glasses"",""value"":""Job Glasses""},{""trait_type"":""Mouth"",""value"":""Cigerette""},{""trait_type"":""Background"",""value"":""Cloudy #2""},{""trait_type"":""Body"",""value"":""Golden Fat""},{""trait_type"":""Outfits"",""value"":""Purple Shirt 2""},{""trait_type"":""Hairs"",""value"":""Ice Cream hat""}]"
405,1360208,0x6818ccae330406ccd1c27e867dce87797c54ca7c4d4c870b7f4f9858b31ff70e,"[{""trait_type"":""Glasses"",""value"":""Blue Round Glasses""},{""trait_type"":""Mouth"",""value"":""Cigerette""},{""trait_type"":""Background"",""value"":""Green with red Pixels""},{""trait_type"":""Body"",""value"":""Zoombie""},{""trait_type"":""Outfits"",""value"":""Green Shirt""},{""trait_type"":""Hairs"",""value"":""Santa Hat""}]"
404,1358867,0x02f49e73f847e63d7f2abc657fbf71f5f488bfe5feacb681e7534598841e3ef0,"[{""trait_type"":""Glasses"",""value"":""Job Glasses""},{""trait_type"":""Mouth"",""value"":""Sad""},{""trait_type"":""Background"",""value"":""Green with Jay Force Symbol""},{""trait_type"":""Body"",""value"":""Fat""},{""trait_type"":""Outfits"",""value"":""Purple Tie""},{""trait_type"":""Hairs"",""value"":""Blonde Messi Hairs""}]"
403,1358495,0x5f6e6edaccc364c68e74cee96aa8c49bd9307ec2e4f26180432e9fe2ff581023,"[{""trait_type"":""Glasses"",""value"":""Regular Glasses""},{""trait_type"":""Mouth"",""value"":""Pink Braces""},{""trait_type"":""Background"",""value"":""Sparkels 2""},{""trait_type"":""Body"",""value"":""Zoombie""},{""trait_type"":""Outfits"",""value"":""Black Suit""},{""trait_type"":""Hairs"",""value"":""Black Bowl cut""}]"
402,1359585,0x45666ee0a634ee861442f8268baee3ef7d1b07790aa3359e70515dddcc7961e0,"[{""trait_type"":""Glasses"",""value"":""Green Rectangular Glasses""},{""trait_type"":""Mouth"",""value"":""Sad""},{""trait_type"":""Background"",""value"":""Sparkles""},{""trait_type"":""Body"",""value"":""Golden Fat""},{""trait_type"":""Outfits"",""value"":""Yellow Tie""},{""trait_type"":""Hairs"",""value"":""sombrero hat""}]"
401,1360670,0x5ec7564f5a0445129cf486810fbb26fd9e6e8036589fca2a32901cfbc8fb8c47,"[{""trait_type"":""Glasses"",""value"":""Green Round Glasses""},{""trait_type"":""Mouth"",""value"":""Cigerette""},{""trait_type"":""Background"",""value"":""Sparkles""},{""trait_type"":""Body"",""value"":""Skinny""},{""trait_type"":""Outfits"",""value"":""Black Suit ""},{""trait_type"":""Hairs"",""value"":""Red Bowl cut""}]"
400,1360382,0x16d9f7f7dccd61430dff440bf0933c4f6386016a336f1ffd1cdc9c3fa8c2dbbf,"[{""trait_type"":""Glasses"",""value"":""Circled Glasses""},{""trait_type"":""Mouth"",""value"":""Sad""},{""trait_type"":""Background"",""value"":""Sparkles""},{""trait_type"":""Body"",""value"":""Galaxy Fat""},{""trait_type"":""Outfits"",""value"":""White Shirt""},{""trait_type"":""Hairs"",""value"":""Red Hairs""}]"
399,1359550,0x3fa9fe6ca5cd970d2acf2e786a48474e4b26bdd010b84abeb91fef2b278ea43f,"[{""trait_type"":""Glasses"",""value"":""Purple VR""},{""trait_type"":""Mouth"",""value"":""Fuck ""},{""trait_type"":""Background"",""value"":""Sparkles""},{""trait_type"":""Body"",""value"":""Galaxy Fat""},{""trait_type"":""Outfits"",""value"":""Brown Suit  ""},{""trait_type"":""Hairs"",""value"":""Red Bowl cut""}]"
398,1358588,0xe9aaf3131cc270420f1ec9e3191a8ea48a31fc542b59bda7a1f53d0692119e4b,"[{""trait_type"":""Glasses"",""value"":""Job Glasses""},{""trait_type"":""Mouth"",""value"":""Smile""},{""trait_type"":""Background"",""value"":""Black with Red Pixels""},{""trait_type"":""Body"",""value"":""Zoombie""},{""trait_type"":""Outfits"",""value"":""Black Jacket""},{""trait_type"":""Hairs"",""value"":""Mushroom Hat""}]"
397,1360361,0xfc47b7f8dfc70f628ce91b7ea64ffc187b05ef8862e0a8aa1755dbe95421c25c,"[{""trait_type"":""Glasses"",""value"":""VR""},{""trait_type"":""Mouth"",""value"":""Cigerette""},{""trait_type"":""Background"",""value"":""Moon""},{""trait_type"":""Body"",""value"":""Galaxy""},{""trait_type"":""Outfits"",""value"":""Orange Suit ""},{""trait_type"":""Hairs"",""value"":""Red Messi Hairs""}]"
396,1359158,0xcd9edc45f541954c33264f18d074d55d201671318019e27082b068e49b5796d7,"[{""trait_type"":""Glasses"",""value"":""Gray Round Glasses""},{""trait_type"":""Mouth"",""value"":""Big Teeth""},{""trait_type"":""Background"",""value"":""Green with Jay Force Symbol""},{""trait_type"":""Body"",""value"":""Skinny""},{""trait_type"":""Outfits"",""value"":""White Shirt""},{""trait_type"":""Hairs"",""value"":""Red Messi Hairs""}]"
395,1360652,0x047eb49107df4f1ffd9cfeb984f6a4c78520c39d31f5dfc70af7ab884b76f973,"[{""trait_type"":""Glasses"",""value"":""Red Rectangular Glasses""},{""trait_type"":""Mouth"",""value"":""Smile""},{""trait_type"":""Background"",""value"":""Sparkels 2""},{""trait_type"":""Body"",""value"":""Fat""},{""trait_type"":""Outfits"",""value"":""Green Tie""},{""trait_type"":""Hairs"",""value"":""Blonde Messi Hairs""}]"
394,1359810,0xea4d59db4b373d1d10c34530994582824cf7529054fffc2c3f89de6201ff55ee,"[{""trait_type"":""Glasses"",""value"":""Based Eyes""},{""trait_type"":""Mouth"",""value"":""Pink Braces""},{""trait_type"":""Background"",""value"":""Green with red Pixels""},{""trait_type"":""Body"",""value"":""Aliien""},{""trait_type"":""Outfits"",""value"":""Green Shirt 2""},{""trait_type"":""Hairs"",""value"":""Red Bowl cut""}]"
393,1360061,0x03ecc51cc07a491c418c84088c5529640333e9f0da7aa9a9996e752698775d05,"[{""trait_type"":""Glasses"",""value"":""Green Round Glasses""},{""trait_type"":""Mouth"",""value"":""Fuck ""},{""trait_type"":""Background"",""value"":""Night Scene""},{""trait_type"":""Body"",""value"":""Robotic""},{""trait_type"":""Outfits"",""value"":""Purple Suit""},{""trait_type"":""Hairs"",""value"":""Fisherman Hat""}]"
392,1360064,0xec1ae4bc14e5261e1cc33d6b69c1eebb6effc5eee7c519bbc028364a15e6fa89,"[{""trait_type"":""Glasses"",""value"":""Yellow Round Glasses""},{""trait_type"":""Mouth"",""value"":""Pink Braces""},{""trait_type"":""Background"",""value"":""Cloudy #2""},{""trait_type"":""Body"",""value"":""Golden Fat""},{""trait_type"":""Outfits"",""value"":""Brown Suit""},{""trait_type"":""Hairs"",""value"":""Afro with Comb""}]"
391,1358872,0xfbdcd245e373ddc9186556d14ff5754efa6ca9fdbf934ceec49a789f6e0d9cd4,"[{""trait_type"":""Glasses"",""value"":""Black VR""},{""trait_type"":""Mouth"",""value"":""Braces""},{""trait_type"":""Background"",""value"":""Sparkles""},{""trait_type"":""Body"",""value"":""Galaxy""},{""trait_type"":""Outfits"",""value"":""Purple Tie""},{""trait_type"":""Hairs"",""value"":""Rasta Hat""}]"
390,1360636,0x8f98c04b1bff0bebd468f05a16950eb99fde20f06c91816bd0bb7ec39586e6c7,"[{""trait_type"":""Glasses"",""value"":""Yellow 3D Glasses""},{""trait_type"":""Mouth"",""value"":""Smile""},{""trait_type"":""Background"",""value"":""Green with red Pixels""},{""trait_type"":""Body"",""value"":""Golden""},{""trait_type"":""Outfits"",""value"":""Space Suit""},{""trait_type"":""Hairs"",""value"":""Afro with Comb""}]"
389,1359714,0x0a2444d6403c54d032419844c81afd45d08d75b89ca418336b7a0e9cecd42133,"[{""trait_type"":""Glasses"",""value"":""Purple Round Glasses""},{""trait_type"":""Mouth"",""value"":""Braces""},{""trait_type"":""Background"",""value"":""Night Scene""},{""trait_type"":""Body"",""value"":""Robotic""},{""trait_type"":""Outfits"",""value"":""Black Shirt ""},{""trait_type"":""Hairs"",""value"":""Red Quiff Haircut""}]"
388,1358751,0x476c0d26bfd59f893d12e41dd8e8ba91ea905b3b4241c4140bc078167c35360c,"[{""trait_type"":""Glasses"",""value"":""Blue Rectangular Glasses""},{""trait_type"":""Mouth"",""value"":""Sad""},{""trait_type"":""Background"",""value"":""Sparkels 2""},{""trait_type"":""Body"",""value"":""Zoombie""},{""trait_type"":""Outfits"",""value"":""Brown Suit  ""},{""trait_type"":""Hairs"",""value"":""Top Hat""}]"
387,1360534,0xfce82ab068be7541c52de6c03701220801bef375a00976d3f65b95d58389f3b8,"[{""trait_type"":""Glasses"",""value"":""Gray Rectangular Glasses""},{""trait_type"":""Mouth"",""value"":""Fuck ""},{""trait_type"":""Background"",""value"":""Sparkles""},{""trait_type"":""Body"",""value"":""Galaxy Fat""},{""trait_type"":""Outfits"",""value"":""Black Jacket""},{""trait_type"":""Hairs"",""value"":""Blonde Bowl cut""}]"
386,1358642,0x82f51dc9f528601c0bfb387ab412bde2f4c7d069ee31b3b1da355b21e73c8411,"[{""trait_type"":""Glasses"",""value"":""Blue Round Glasses""},{""trait_type"":""Mouth"",""value"":""Cigerette""},{""trait_type"":""Background"",""value"":""Green with Jay Force Symbol""},{""trait_type"":""Body"",""value"":""Golden""},{""trait_type"":""Outfits"",""value"":""Space Suit""},{""trait_type"":""Hairs"",""value"":""Mushroom Hat""}]"
385,1360268,0xc38808779a76f55c38bb1ad691c0d7e29534d54cd3ea07e594b835c46fad58c7,"[{""trait_type"":""Glasses"",""value"":""Job Glasses""},{""trait_type"":""Mouth"",""value"":""Sad""},{""trait_type"":""Background"",""value"":""Green with Jay Force Symbol""},{""trait_type"":""Body"",""value"":""Zoombie Fat""},{""trait_type"":""Outfits"",""value"":""Yellow Shirt ""},{""trait_type"":""Hairs"",""value"":""Black Bowl cut""}]"
384,1360581,0x069cef5c3f3e19385fc626c2c2858690ce76c4873aeacc5a56ee485540fcd9f3,"[{""trait_type"":""Glasses"",""value"":""Black VR""},{""trait_type"":""Mouth"",""value"":""Smile""},{""trait_type"":""Background"",""value"":""Sparkels 2""},{""trait_type"":""Body"",""value"":""Skinny""},{""trait_type"":""Outfits"",""value"":""Yellow Tie""},{""trait_type"":""Hairs"",""value"":""Ice Cream hat""}]"
383,1359214,0x41f632678f2951b2a20278932337e397046582ff076fcd08f65a2da6f87a02e1,"[{""trait_type"":""Glasses"",""value"":""Purple Round Glasses""},{""trait_type"":""Mouth"",""value"":""Fuck ""},{""trait_type"":""Background"",""value"":""Green with Jay Force Symbol""},{""trait_type"":""Body"",""value"":""Zoombie Fat""},{""trait_type"":""Outfits"",""value"":""Green Tie""},{""trait_type"":""Hairs"",""value"":""Black Messi Hairs""}]"
382,1358607,0x65604a60f18c5e95818cd4e268be7a515588165136c26d8e34b41bb2b49a6d99,"[{""trait_type"":""Glasses"",""value"":""Gray Round Glasses""},{""trait_type"":""Mouth"",""value"":""Cigerette""},{""trait_type"":""Background"",""value"":""Night Scene""},{""trait_type"":""Body"",""value"":""Galaxy Fat""},{""trait_type"":""Outfits"",""value"":""Purple Suit""},{""trait_type"":""Hairs"",""value"":""Blonde Quiff Haircut""}]"
381,1359227,0x22309c64aa391c2d1ac23c0168ae32c68949de10596c7cce61f23ebf22b7f044,"[{""trait_type"":""Glasses"",""value"":""Yellow 3D Glasses""},{""trait_type"":""Mouth"",""value"":""Smile""},{""trait_type"":""Background"",""value"":""Black with Red Pixels""},{""trait_type"":""Body"",""value"":""Skinny""},{""trait_type"":""Outfits"",""value"":""Black Suit ""},{""trait_type"":""Hairs"",""value"":""Red Short Hairs""}]"
380,1358644,0xcf76fdf0863aeba73addd0a249b89e2d9ef78344cd2747f6939d77aa8b410122,"[{""trait_type"":""Glasses"",""value"":""3D Glasses ""},{""trait_type"":""Mouth"",""value"":""Big Teeth""},{""trait_type"":""Background"",""value"":""Sparkles""},{""trait_type"":""Body"",""value"":""Robotic Fat""},{""trait_type"":""Outfits"",""value"":""Green Shirt""},{""trait_type"":""Hairs"",""value"":""Red Bowl cut""}]"
379,1358545,0xf9e0e6bada4d4f89c091a66d565c08013551dcae53f96f000d9d49f018f5ca7e,"[{""trait_type"":""Glasses"",""value"":""Purple Round Glasses""},{""trait_type"":""Mouth"",""value"":""Smile""},{""trait_type"":""Background"",""value"":""Green with Jay Force Symbol""},{""trait_type"":""Body"",""value"":""Galaxy""},{""trait_type"":""Outfits"",""value"":""Black Shirt ""},{""trait_type"":""Hairs"",""value"":""Flower Crown""}]"
378,1359157,0xc8bce75ea6bb9fb7b46d8643ea79fe26e11abd0695622c6e719612a768be17d6,"[{""trait_type"":""Glasses"",""value"":""Yellow 3D Glasses""},{""trait_type"":""Mouth"",""value"":""Braces""},{""trait_type"":""Background"",""value"":""Moon""},{""trait_type"":""Body"",""value"":""Zoombie""},{""trait_type"":""Outfits"",""value"":""White Shirt""},{""trait_type"":""Hairs"",""value"":""Beanie""}]"
377,1358501,0x6a7f288eb0a973a4704dde3207a28b2997ec4c0f8fc28c21eab3ea09f8b60241,"[{""trait_type"":""Glasses"",""value"":""Blue Rectangular Glasses""},{""trait_type"":""Mouth"",""value"":""Pink Braces""},{""trait_type"":""Background"",""value"":""Green with Jay Force Symbol""},{""trait_type"":""Body"",""value"":""Galaxy""},{""trait_type"":""Outfits"",""value"":""Green Shirt""},{""trait_type"":""Hairs"",""value"":""Santa Hat""}]"
376,1360550,0x132c2efadb913d7d1651a9cf74997958dd1e4aae4432867ef519ce1a3397cd48,"[{""trait_type"":""Glasses"",""value"":""3D Glasses ""},{""trait_type"":""Mouth"",""value"":""Pink Braces""},{""trait_type"":""Background"",""value"":""Moon""},{""trait_type"":""Body"",""value"":""Robotic Fat""},{""trait_type"":""Outfits"",""value"":""Brown Suit""},{""trait_type"":""Hairs"",""value"":""Santa Hat""}]"
375,1359661,0xd8fb9441e8ac48cdc2589ca35e939cd520dd985292cfab50e4f41a9181ff9398,"[{""trait_type"":""Glasses"",""value"":""Multicolored Glasses""},{""trait_type"":""Mouth"",""value"":""Braces""},{""trait_type"":""Background"",""value"":""Cloudy #2""},{""trait_type"":""Body"",""value"":""Fat Alien""},{""trait_type"":""Outfits"",""value"":""Purple Tie""},{""trait_type"":""Hairs"",""value"":""Black Bowl cut""}]"
374,1358666,0x92a2a4ad6b9b9fb9d659f64dcde8e7d9fcb735f93ef4c7b705010ee3d68825d8,"[{""trait_type"":""Glasses"",""value"":""3D Glasses ""},{""trait_type"":""Mouth"",""value"":""Braces""},{""trait_type"":""Background"",""value"":""Night Scene""},{""trait_type"":""Body"",""value"":""Galaxy Fat""},{""trait_type"":""Outfits"",""value"":""Orange Suit ""},{""trait_type"":""Hairs"",""value"":""Brown Bowl cut""}]"
373,1360029,0xd7ec2c568e784e51059cc270201ea1f46b126ab3ce503484f2b1e964a3e4130f,"[{""trait_type"":""Glasses"",""value"":""Circled Glasses""},{""trait_type"":""Mouth"",""value"":""Cigerette""},{""trait_type"":""Background"",""value"":""Black with Red Pixels""},{""trait_type"":""Body"",""value"":""Galaxy Fat""},{""trait_type"":""Outfits"",""value"":""White Shirt""},{""trait_type"":""Hairs"",""value"":""Fisherman Hat""}]"
372,1359319,0x90356cb060c946be1d038162b617a525960922b043d015ad11f6b1bacc6af8d3,"[{""trait_type"":""Glasses"",""value"":""Circled Glasses""},{""trait_type"":""Mouth"",""value"":""Pink Braces""},{""trait_type"":""Background"",""value"":""Black with Red Pixels""},{""trait_type"":""Body"",""value"":""Zoombie Fat""},{""trait_type"":""Outfits"",""value"":""Brown Suit ""},{""trait_type"":""Hairs"",""value"":""Top Hat""}]"
371,1360325,0xa7331bb8fd6e45faa44fc871516e5f397ad983a83ced796c37c8c5a751609249,"[{""trait_type"":""Glasses"",""value"":""Green Round Glasses""},{""trait_type"":""Mouth"",""value"":""Pink Braces""},{""trait_type"":""Background"",""value"":""Sparkles""},{""trait_type"":""Body"",""value"":""Robotic Fat""},{""trait_type"":""Outfits"",""value"":""Brown Suit""},{""trait_type"":""Hairs"",""value"":""Blonde Short Hairs""}]"
370,1360103,0x5c683cef6b1c9bc4dcaf38fe9f174b07bf102610b19c4a14cba2bb4b8ec529f2,"[{""trait_type"":""Glasses"",""value"":""Blue Round Glasses""},{""trait_type"":""Mouth"",""value"":""Big Teeth""},{""trait_type"":""Background"",""value"":""Green with Jay Force Symbol""},{""trait_type"":""Body"",""value"":""Robotic Fat""},{""trait_type"":""Outfits"",""value"":""Purple Shirt 2""},{""trait_type"":""Hairs"",""value"":""Mushroom Hat""}]"
369,1359070,0x7c5bcb35454ca25002d70ec751d43b7b9702cc2462cd05d9d8cf5e95638b0eec,"[{""trait_type"":""Glasses"",""value"":""Circled Glasses""},{""trait_type"":""Mouth"",""value"":""Fuck ""},{""trait_type"":""Background"",""value"":""Black with Red Pixels""},{""trait_type"":""Body"",""value"":""Skinny""},{""trait_type"":""Outfits"",""value"":""Purple Shirt 2""},{""trait_type"":""Hairs"",""value"":""Mushroom Hat""}]"
368,1358789,0xf8d947745cbd65349a07f51c34bdde89dab36802834a4fbc2d617094ff240573,"[{""trait_type"":""Glasses"",""value"":""Yellow Round Glasses""},{""trait_type"":""Mouth"",""value"":""Smile""},{""trait_type"":""Background"",""value"":""Sparkels 2""},{""trait_type"":""Body"",""value"":""Skinny""},{""trait_type"":""Outfits"",""value"":""Purple Tie""},{""trait_type"":""Hairs"",""value"":""Top Hat""}]"
367,1360738,0xc84c64dabf15f81e2e47b8fbac01f66615573316474b01c8b423b62c02676d0a,"[{""trait_type"":""Glasses"",""value"":""Purple VR""},{""trait_type"":""Mouth"",""value"":""Pink Braces""},{""trait_type"":""Background"",""value"":""Moon""},{""trait_type"":""Body"",""value"":""Zoombie""},{""trait_type"":""Outfits"",""value"":""Purple Tie""},{""trait_type"":""Hairs"",""value"":""Santa Hat""}]"
366,1360087,0xf54312352cdaef8b4fe6dc83da708fd345fd79db213e432db3dbc33ca3d4e64e,"[{""trait_type"":""Glasses"",""value"":""Job Glasses""},{""trait_type"":""Mouth"",""value"":""Smile""},{""trait_type"":""Background"",""value"":""Green with Jay Force Symbol""},{""trait_type"":""Body"",""value"":""Aliien""},{""trait_type"":""Outfits"",""value"":""Brown Suit""},{""trait_type"":""Hairs"",""value"":""Red Messi Hairs""}]"
365,1359697,0x5459559d00f80165473c44ce6b2cf1411416aa7ef95dee24c337e77256841031,"[{""trait_type"":""Glasses"",""value"":""Yellow Round Glasses""},{""trait_type"":""Mouth"",""value"":""Smile""},{""trait_type"":""Background"",""value"":""Cloudy""},{""trait_type"":""Body"",""value"":""Galaxy Fat""},{""trait_type"":""Outfits"",""value"":""Black Jacket""},{""trait_type"":""Hairs"",""value"":""Red Messi Hairs""}]"
364,1360554,0x92f4fbbfe1b9079701d9550fb72af8936cea735b191f2cae2d6baa267fe25a60,"[{""trait_type"":""Glasses"",""value"":""Yellow Round Glasses""},{""trait_type"":""Mouth"",""value"":""Big Teeth""},{""trait_type"":""Background"",""value"":""Night Scene""},{""trait_type"":""Body"",""value"":""Zoombie""},{""trait_type"":""Outfits"",""value"":""Black Suit""},{""trait_type"":""Hairs"",""value"":""Beanie""}]"
363,1358777,0xfc6a9e0fe1923da8e0a3b833000e2172cbd6c7bea11d0ebf9dfc0063fa468f4f,"[{""trait_type"":""Glasses"",""value"":""Purple Rectangular Glasses""},{""trait_type"":""Mouth"",""value"":""Pink Braces""},{""trait_type"":""Background"",""value"":""Green with Jay Force Symbol""},{""trait_type"":""Body"",""value"":""Aliien""},{""trait_type"":""Outfits"",""value"":""Brown Suit""},{""trait_type"":""Hairs"",""value"":""Red Short Hairs""}]"
362,1360135,0x03a999b4b581f696ac45835a870576af83ac1a2c96b88d58fd44713b93c8e8e1,"[{""trait_type"":""Glasses"",""value"":""Gray Rectangular Glasses""},{""trait_type"":""Mouth"",""value"":""Smile""},{""trait_type"":""Background"",""value"":""Green with Jay Force Symbol""},{""trait_type"":""Body"",""value"":""Galaxy""},{""trait_type"":""Outfits"",""value"":""White Shirt""},{""trait_type"":""Hairs"",""value"":""Black Bowl cut""}]"
361,1360762,0xfd8e9929fac975c3e97926e97f6af092e548a3dd8e2b6d7ca4e775ba43c88b56,"[{""trait_type"":""Glasses"",""value"":""Red Rectangular Glasses""},{""trait_type"":""Mouth"",""value"":""Fuck ""},{""trait_type"":""Background"",""value"":""Cloudy #2""},{""trait_type"":""Body"",""value"":""Robotic""},{""trait_type"":""Outfits"",""value"":""Purple Suit""},{""trait_type"":""Hairs"",""value"":""Blonde Hairs""}]"
360,1359971,0x51c7e075c0baaf12ab18ad05045271ff75c550053b5768892d8cddd7c2d55b2c,"[{""trait_type"":""Glasses"",""value"":""Yellow Rectangular Glasses""},{""trait_type"":""Mouth"",""value"":""Braces""},{""trait_type"":""Background"",""value"":""Green with Jay Force Symbol""},{""trait_type"":""Body"",""value"":""Fat Alien""},{""trait_type"":""Outfits"",""value"":""Brown Suit  ""},{""trait_type"":""Hairs"",""value"":""Black Messi Hairs""}]"
359,1360279,0x5a99391633460927691092c444492966bbc683f96a0c0d175fe7902e98b844c3,"[{""trait_type"":""Glasses"",""value"":""Multicolored Glasses""},{""trait_type"":""Mouth"",""value"":""Sad""},{""trait_type"":""Background"",""value"":""Cloudy""},{""trait_type"":""Body"",""value"":""Robotic""},{""trait_type"":""Outfits"",""value"":""Green Shirt""},{""trait_type"":""Hairs"",""value"":""Red Quiff Haircut""}]"
358,1360658,0x8a5993dbacdcf2464ea6099d276a9c6f5bee7104ec9765b830180789438df4fc,"[{""trait_type"":""Glasses"",""value"":""Purple Round Glasses""},{""trait_type"":""Mouth"",""value"":""Smile""},{""trait_type"":""Background"",""value"":""Cloudy #2""},{""trait_type"":""Body"",""value"":""Robotic""},{""trait_type"":""Outfits"",""value"":""Purple Shirt 2""},{""trait_type"":""Hairs"",""value"":""Black Bowl cut""}]"
357,1360557,0x1c842de9643921ef363a38de14be43b10545a79b25ec24ee6b0df0a5cf35e027,"[{""trait_type"":""Glasses"",""value"":""Sun Glasses""},{""trait_type"":""Mouth"",""value"":""Smile""},{""trait_type"":""Background"",""value"":""Cloudy""},{""trait_type"":""Body"",""value"":""Golden""},{""trait_type"":""Outfits"",""value"":""Black Suit ""},{""trait_type"":""Hairs"",""value"":""Santa Hat""}]"
356,1360042,0xd5ec82bc4a4823d2d988dcb8fd249ec014ba6205c0d3f2ae9897ba508c6754fd,"[{""trait_type"":""Glasses"",""value"":""Circled Glasses""},{""trait_type"":""Mouth"",""value"":""Fuck ""},{""trait_type"":""Background"",""value"":""Moon""},{""trait_type"":""Body"",""value"":""Skinny""},{""trait_type"":""Outfits"",""value"":""Green Tie""},{""trait_type"":""Hairs"",""value"":""Mushroom Hat""}]"
355,1359492,0xe51e074e6100941f77b0ee83cad87ec63c784521947afd0e4fe68b7b51b686a1,"[{""trait_type"":""Glasses"",""value"":""Yellow Rectangular Glasses""},{""trait_type"":""Mouth"",""value"":""Big Teeth""},{""trait_type"":""Background"",""value"":""Sparkles""},{""trait_type"":""Body"",""value"":""Golden Fat""},{""trait_type"":""Outfits"",""value"":""Green Tie""},{""trait_type"":""Hairs"",""value"":""Blonde Quiff Haircut""}]"
354,1359599,0x88fd2b784a2dcf2041d4c55bcd4c2e59a1fcb5009b980d13cfe419053683bd18,"[{""trait_type"":""Glasses"",""value"":""Red Round Glasses""},{""trait_type"":""Mouth"",""value"":""Braces""},{""trait_type"":""Background"",""value"":""Sparkels 2""},{""trait_type"":""Body"",""value"":""Zoombie Fat""},{""trait_type"":""Outfits"",""value"":""Blue Shirt""},{""trait_type"":""Hairs"",""value"":""sombrero hat""}]"
353,1359203,0x2aa3e504cf63fe69fa4c28f941ece8703fd05bdb8ff114d19262d4df0beb29d7,"[{""trait_type"":""Glasses"",""value"":""Yellow 3D Glasses""},{""trait_type"":""Mouth"",""value"":""Braces""},{""trait_type"":""Background"",""value"":""Black with Red Pixels""},{""trait_type"":""Body"",""value"":""Fat Alien""},{""trait_type"":""Outfits"",""value"":""Purple Suit""},{""trait_type"":""Hairs"",""value"":""Black Short Hairs""}]"
352,1360351,0x892f3162b90add28dececd112c4b3fea9934aa2dfd0cf34b616b984305f06b74,"[{""trait_type"":""Glasses"",""value"":""VR""},{""trait_type"":""Mouth"",""value"":""Pink Braces""},{""trait_type"":""Background"",""value"":""Green with Jay Force Symbol""},{""trait_type"":""Body"",""value"":""Robotic Fat""},{""trait_type"":""Outfits"",""value"":""Green Tie""},{""trait_type"":""Hairs"",""value"":""Mushroom Hat""}]"
351,1358699,0x1d5b01caa6a20796fe81899586eb935616fd684e4b4c523527599bd2fbc13a52,"[{""trait_type"":""Glasses"",""value"":""Yellow Round Glasses""},{""trait_type"":""Mouth"",""value"":""Braces""},{""trait_type"":""Background"",""value"":""Green with red Pixels""},{""trait_type"":""Body"",""value"":""Zoombie Fat""},{""trait_type"":""Outfits"",""value"":""Purple Suit""},{""trait_type"":""Hairs"",""value"":""Blonde Quiff Haircut""}]"
350,1359831,0x4559aa3fc8d9ed0c2b29bfebeb52b9696980570e707e121edc952b1b11b82b0a,"[{""trait_type"":""Glasses"",""value"":""Yellow Round Glasses""},{""trait_type"":""Mouth"",""value"":""Cigerette""},{""trait_type"":""Background"",""value"":""Sparkles""},{""trait_type"":""Body"",""value"":""Skinny""},{""trait_type"":""Outfits"",""value"":""Red Shirt 2""},{""trait_type"":""Hairs"",""value"":""Black Messi Hairs""}]"
349,1360147,0x4586ded38521c00dee9e701c71e55b3190f623ce4b6953a08ae4a70630db062f,"[{""trait_type"":""Glasses"",""value"":""Purple Glasses""},{""trait_type"":""Mouth"",""value"":""Sad""},{""trait_type"":""Background"",""value"":""Night Scene""},{""trait_type"":""Body"",""value"":""Zoombie Fat""},{""trait_type"":""Outfits"",""value"":""Green Shirt""},{""trait_type"":""Hairs"",""value"":""Flower Crown""}]"
348,1359752,0xe31b9f65e0b8775c2605731c5bbb152e5588043990b7a400f9638ea0180135ca,"[{""trait_type"":""Glasses"",""value"":""Gray Rectangular Glasses""},{""trait_type"":""Mouth"",""value"":""Cigerette""},{""trait_type"":""Background"",""value"":""Moon""},{""trait_type"":""Body"",""value"":""Galaxy Fat""},{""trait_type"":""Outfits"",""value"":""Brown Suit  ""},{""trait_type"":""Hairs"",""value"":""Afro with Comb""}]"
347,1358785,0xb5844335ac1ec2656f9c7e8f12f42ecd1c9c7c3cded5036906f2b2bfca306fa9,"[{""trait_type"":""Glasses"",""value"":""Yellow 3D Glasses""},{""trait_type"":""Mouth"",""value"":""Sad""},{""trait_type"":""Background"",""value"":""Cloudy""},{""trait_type"":""Body"",""value"":""Galaxy Fat""},{""trait_type"":""Outfits"",""value"":""Yellow Tie""},{""trait_type"":""Hairs"",""value"":""Ice Cream hat""}]"
346,1358622,0x32be4ebc59b2e928b2d3e69ae435664da9e6c856a999829c7e9156fff4252d64,"[{""trait_type"":""Glasses"",""value"":""Purple Glasses""},{""trait_type"":""Mouth"",""value"":""Smile""},{""trait_type"":""Background"",""value"":""Sparkels 2""},{""trait_type"":""Body"",""value"":""Zoombie Fat""},{""trait_type"":""Outfits"",""value"":""Black Suit""},{""trait_type"":""Hairs"",""value"":""Beanie""}]"
345,1360081,0x1ccf29124e9db736cd7c770d444330d9ed67b311e65cdcdacb10e78947b83f95,"[{""trait_type"":""Glasses"",""value"":""Purple Round Glasses""},{""trait_type"":""Mouth"",""value"":""Fuck ""},{""trait_type"":""Background"",""value"":""Cloudy #2""},{""trait_type"":""Body"",""value"":""Galaxy""},{""trait_type"":""Outfits"",""value"":""Yellow Tie""},{""trait_type"":""Hairs"",""value"":""Red Short Hairs""}]"
344,1358931,0x0a7ab43b05f1ec0f52e61c0b6ed646524bec8f986c6b0509fe177236199c743c,"[{""trait_type"":""Glasses"",""value"":""Circled Glasses""},{""trait_type"":""Mouth"",""value"":""Sad""},{""trait_type"":""Background"",""value"":""Moon""},{""trait_type"":""Body"",""value"":""Fat""},{""trait_type"":""Outfits"",""value"":""Black Suit ""},{""trait_type"":""Hairs"",""value"":""Afro with Comb""}]"
343,1358971,0xcc93816d3c616ca6ea8896d24994ff4f8ff3191371861b7ea22c0738f14c5968,"[{""trait_type"":""Glasses"",""value"":""Sun Glasses""},{""trait_type"":""Mouth"",""value"":""Braces""},{""trait_type"":""Background"",""value"":""Moon""},{""trait_type"":""Body"",""value"":""Aliien""},{""trait_type"":""Outfits"",""value"":""Red Tie""},{""trait_type"":""Hairs"",""value"":""Fisherman Hat""}]"
342,1358978,0x30c2ae0a71834b4d9ee992cdbc96638c22eed1ee2a1c7f362bca5f29b3276680,"[{""trait_type"":""Glasses"",""value"":""Black VR""},{""trait_type"":""Mouth"",""value"":""Braces""},{""trait_type"":""Background"",""value"":""Sparkles""},{""trait_type"":""Body"",""value"":""Zoombie Fat""},{""trait_type"":""Outfits"",""value"":""Black Shirt ""},{""trait_type"":""Hairs"",""value"":""Mushroom Hat""}]"
341,1358888,0x2f412fa5c4eca18bae19a8b5c9dbf358f1b7b15e0d57d21affb519a788c8acc1,"[{""trait_type"":""Glasses"",""value"":""Purple VR""},{""trait_type"":""Mouth"",""value"":""Fuck ""},{""trait_type"":""Background"",""value"":""Green with Jay Force Symbol""},{""trait_type"":""Body"",""value"":""Galaxy Fat""},{""trait_type"":""Outfits"",""value"":""Brown Suit""},{""trait_type"":""Hairs"",""value"":""Blonde Hairs""}]"
340,1359138,0xf59097dc35be7f4efc1ee07dab71f7fe9bf72e4b25085e32961cac170658bb91,"[{""trait_type"":""Glasses"",""value"":""Circled Glasses""},{""trait_type"":""Mouth"",""value"":""Braces""},{""trait_type"":""Background"",""value"":""Sparkles""},{""trait_type"":""Body"",""value"":""Fat Alien""},{""trait_type"":""Outfits"",""value"":""Brown Suit ""},{""trait_type"":""Hairs"",""value"":""Santa Hat""}]"
339,1360176,0xd15ed6b100a191a39590428ccde4ee4c81555dd0407289070ebf02e5c9fab9a9,"[{""trait_type"":""Glasses"",""value"":""Multicolored Glasses""},{""trait_type"":""Mouth"",""value"":""Fuck ""},{""trait_type"":""Background"",""value"":""Night Scene""},{""trait_type"":""Body"",""value"":""Robotic""},{""trait_type"":""Outfits"",""value"":""Black Shirt ""},{""trait_type"":""Hairs"",""value"":""Santa Hat""}]"
338,1360084,0x1a8cc8e2ccd2cf601804928f2d7dd240fa13b5e90d367bf4fc3ff2d0f798401c,"[{""trait_type"":""Glasses"",""value"":""Yellow Round Glasses""},{""trait_type"":""Mouth"",""value"":""Braces""},{""trait_type"":""Background"",""value"":""Night Scene""},{""trait_type"":""Body"",""value"":""Golden""},{""trait_type"":""Outfits"",""value"":""Red Shirt 2""},{""trait_type"":""Hairs"",""value"":""Flower Crown""}]"
337,1358674,0x0f9ebebd2e8467635e8c91b092fb4abb373ac787de65aa73299990a36d82055f,"[{""trait_type"":""Glasses"",""value"":""Green Round Glasses""},{""trait_type"":""Mouth"",""value"":""Big Teeth""},{""trait_type"":""Background"",""value"":""Cloudy #2""},{""trait_type"":""Body"",""value"":""Fat Alien""},{""trait_type"":""Outfits"",""value"":""Purple Shirt 2""},{""trait_type"":""Hairs"",""value"":""Crystal Crown""}]"
336,1360647,0xd4f9ea3d1c15277cb743b4dfee315ed8e62a47f7b7a837baf9354297b92440e1,"[{""trait_type"":""Glasses"",""value"":""Black Rectangular Glasses""},{""trait_type"":""Mouth"",""value"":""Smile""},{""trait_type"":""Background"",""value"":""Cloudy""},{""trait_type"":""Body"",""value"":""Zoombie Fat""},{""trait_type"":""Outfits"",""value"":""Yellow Shirt ""},{""trait_type"":""Hairs"",""value"":""Blonde Bowl cut""}]"
335,1359705,0xe05f7e198dc757be0892d72eec6955fa46d46fa7aef35791a1350a44a7d5fce9,"[{""trait_type"":""Glasses"",""value"":""Multicolored Glasses""},{""trait_type"":""Mouth"",""value"":""Pink Braces""},{""trait_type"":""Background"",""value"":""Cloudy #2""},{""trait_type"":""Body"",""value"":""Zoombie""},{""trait_type"":""Outfits"",""value"":""Green Shirt 2""},{""trait_type"":""Hairs"",""value"":""Santa Hat""}]"
334,1358636,0x9d8a4bcfe0fca9cee4edbb546f508c0ce45ffa56d79cda8a91cae44db0b9de11,"[{""trait_type"":""Glasses"",""value"":""Black Rectangular Glasses""},{""trait_type"":""Mouth"",""value"":""Sad""},{""trait_type"":""Background"",""value"":""Cloudy #2""},{""trait_type"":""Body"",""value"":""Aliien""},{""trait_type"":""Outfits"",""value"":""Red Tie""},{""trait_type"":""Hairs"",""value"":""Blonde Messi Hairs""}]"
333,1358471,0xcf1d95007610c549ce2102bc1991e3372923005e56ab97669782b2fe9d7289cb,"[{""trait_type"":""Glasses"",""value"":""Yellow Rectangular Glasses""},{""trait_type"":""Mouth"",""value"":""Smile""},{""trait_type"":""Background"",""value"":""Cloudy #2""},{""trait_type"":""Body"",""value"":""Galaxy Fat""},{""trait_type"":""Outfits"",""value"":""White Shirt""},{""trait_type"":""Hairs"",""value"":""Brown Bowl cut""}]"
332,1359286,0x5477ad42a2218740fc16ede4604a3f32d0dd40a4f216437aabca063cb54917af,"[{""trait_type"":""Glasses"",""value"":""Gray Round Glasses""},{""trait_type"":""Mouth"",""value"":""Pink Braces""},{""trait_type"":""Background"",""value"":""Moon""},{""trait_type"":""Body"",""value"":""Robotic""},{""trait_type"":""Outfits"",""value"":""Red Tie""},{""trait_type"":""Hairs"",""value"":""Blonde Hairs""}]"
331,1360031,0xeaefdb3a60fda0f98262f8798114094b14bb2d397545836a4cbb43c6df714af0,"[{""trait_type"":""Glasses"",""value"":""Purple Rectangular Glasses""},{""trait_type"":""Mouth"",""value"":""Braces""},{""trait_type"":""Background"",""value"":""Sparkels 2""},{""trait_type"":""Body"",""value"":""Robotic""},{""trait_type"":""Outfits"",""value"":""Blue Shirt""},{""trait_type"":""Hairs"",""value"":""Red Hairs""}]"
330,1358650,0xe6736cf456a32660c913fe5b65ea4bbece886b2ec6d34ec921f992cb4911fddc,"[{""trait_type"":""Glasses"",""value"":""Purple Glasses""},{""trait_type"":""Mouth"",""value"":""Big Teeth""},{""trait_type"":""Background"",""value"":""Cloudy #2""},{""trait_type"":""Body"",""value"":""Golden""},{""trait_type"":""Outfits"",""value"":""Black Suit ""},{""trait_type"":""Hairs"",""value"":""Black Quiff Haircut""}]"
329,1358878,0xe81302e092a981b9d6d1e79075548e7e89f65251ce25c4c5b5a8f7ce9a88d11e,"[{""trait_type"":""Glasses"",""value"":""Black VR""},{""trait_type"":""Mouth"",""value"":""Braces""},{""trait_type"":""Background"",""value"":""Night Scene""},{""trait_type"":""Body"",""value"":""Golden""},{""trait_type"":""Outfits"",""value"":""Blue Shirt 2""},{""trait_type"":""Hairs"",""value"":""Rasta Hat""}]"
328,1358744,0x28d19556dd67dfba1d8952154c35003344a6a3e49406dfc06ba97734bc2997fb,"[{""trait_type"":""Glasses"",""value"":""Green Round Glasses""},{""trait_type"":""Mouth"",""value"":""Pink Braces""},{""trait_type"":""Background"",""value"":""Moon""},{""trait_type"":""Body"",""value"":""Aliien""},{""trait_type"":""Outfits"",""value"":""Green Shirt""},{""trait_type"":""Hairs"",""value"":""Black Bowl cut""}]"
327,1360764,0xff97661631cac320df6dfe66a1ca98bdd85c71728c4ffcbee965fe8c60d40a50,"[{""trait_type"":""Glasses"",""value"":""3D Glasses ""},{""trait_type"":""Mouth"",""value"":""Pink Braces""},{""trait_type"":""Background"",""value"":""Moon""},{""trait_type"":""Body"",""value"":""Zoombie""},{""trait_type"":""Outfits"",""value"":""Purple Shirt 2""},{""trait_type"":""Hairs"",""value"":""Rasta Hat""}]"
326,1359676,0x9059fad70bc523f0eeebd2a708eb4c41aec03d4708dbefe80a062d2030171bca,"[{""trait_type"":""Glasses"",""value"":""VR""},{""trait_type"":""Mouth"",""value"":""Pink Braces""},{""trait_type"":""Background"",""value"":""Black with Red Pixels""},{""trait_type"":""Body"",""value"":""Golden""},{""trait_type"":""Outfits"",""value"":""Space Suit""},{""trait_type"":""Hairs"",""value"":""Blonde Messi Hairs""}]"
325,1360213,0x75e40398f5c81c0293a6fe26cb8a85c4df6c20fb1d0bbecf72fefb9f39f16281,"[{""trait_type"":""Glasses"",""value"":""Yellow 3D Glasses""},{""trait_type"":""Mouth"",""value"":""Fuck ""},{""trait_type"":""Background"",""value"":""Green with Jay Force Symbol""},{""trait_type"":""Body"",""value"":""Galaxy""},{""trait_type"":""Outfits"",""value"":""Brown Suit ""},{""trait_type"":""Hairs"",""value"":""Black Bowl cut""}]"
324,1359755,0xaa101b66dda84f5670df782dc45361a72f17d5fdab749eeedb00a17f04f612bd,"[{""trait_type"":""Glasses"",""value"":""3D Glasses""},{""trait_type"":""Mouth"",""value"":""Fuck ""},{""trait_type"":""Background"",""value"":""Moon""},{""trait_type"":""Body"",""value"":""Robotic Fat""},{""trait_type"":""Outfits"",""value"":""Brown Suit  ""},{""trait_type"":""Hairs"",""value"":""Black Bowl cut""}]"
323,1358619,0x535ec1e093a32ecff425fd6480bb5ec8dcac53bc7bfdd8941adef6c885ee0ca3,"[{""trait_type"":""Glasses"",""value"":""Based Eyes""},{""trait_type"":""Mouth"",""value"":""Pink Braces""},{""trait_type"":""Background"",""value"":""Green with red Pixels""},{""trait_type"":""Body"",""value"":""Fat Alien""},{""trait_type"":""Outfits"",""value"":""Orange Suit ""},{""trait_type"":""Hairs"",""value"":""Black Quiff Haircut""}]"
322,1358914,0x3de00ca6bc18a8cbc8addc1afb3ada27f663db454a963e08618741c1f580b871,"[{""trait_type"":""Glasses"",""value"":""Sun Glasses""},{""trait_type"":""Mouth"",""value"":""Pink Braces""},{""trait_type"":""Background"",""value"":""Moon""},{""trait_type"":""Body"",""value"":""Galaxy""},{""trait_type"":""Outfits"",""value"":""Black Jacket""},{""trait_type"":""Hairs"",""value"":""Black Hairs""}]"
321,1359478,0x0ecf15ffa5e77a0407da94923a0abeb7625bfe2be5a2ffe5a363bd89bb99cc69,"[{""trait_type"":""Glasses"",""value"":""Green Round Glasses""},{""trait_type"":""Mouth"",""value"":""Pink Braces""},{""trait_type"":""Background"",""value"":""Cloudy""},{""trait_type"":""Body"",""value"":""Zoombie Fat""},{""trait_type"":""Outfits"",""value"":""White Shirt""},{""trait_type"":""Hairs"",""value"":""Afro with Comb""}]"
320,1360489,0xb45a839c7051e62714af172516e8023a00af394197fdd3cfd019ff76f425fc8d,"[{""trait_type"":""Glasses"",""value"":""Blue Round Glasses""},{""trait_type"":""Mouth"",""value"":""Pink Braces""},{""trait_type"":""Background"",""value"":""Night Scene""},{""trait_type"":""Body"",""value"":""Golden""},{""trait_type"":""Outfits"",""value"":""Space Suit""},{""trait_type"":""Hairs"",""value"":""sombrero hat""}]"
319,1359870,0xf21b158150e61f3290df247032ab72b14826cb21590016982fe71622a3f3e3f5,"[{""trait_type"":""Glasses"",""value"":""Blue Rectangular Glasses""},{""trait_type"":""Mouth"",""value"":""Pink Braces""},{""trait_type"":""Background"",""value"":""Cloudy""},{""trait_type"":""Body"",""value"":""Robotic""},{""trait_type"":""Outfits"",""value"":""Red Tie""},{""trait_type"":""Hairs"",""value"":""Blonde Quiff Haircut""}]"
318,1360293,0xc204a0cb0ce4c5fefc55794e2b50e17798320dcf647784f6dbd3ae2633ac0d10,"[{""trait_type"":""Glasses"",""value"":""Circled Glasses""},{""trait_type"":""Mouth"",""value"":""Smile""},{""trait_type"":""Background"",""value"":""Sparkles""},{""trait_type"":""Body"",""value"":""Zoombie""},{""trait_type"":""Outfits"",""value"":""Yellow Shirt ""},{""trait_type"":""Hairs"",""value"":""Black Bowl cut""}]"
317,1359780,0x37840700ab005c55b01ea65c646e212edf0e50166dbf7bdb0d869f9723b72ffb,"[{""trait_type"":""Glasses"",""value"":""3D Glasses ""},{""trait_type"":""Mouth"",""value"":""Pink Braces""},{""trait_type"":""Background"",""value"":""Moon""},{""trait_type"":""Body"",""value"":""Robotic Fat""},{""trait_type"":""Outfits"",""value"":""Blue Shirt 2""},{""trait_type"":""Hairs"",""value"":""Fisherman Hat""}]"
316,1359278,0xb2c7392a9bcb95ef7c899f818609efa72a5b37926207057c544976e42de7d5e9,"[{""trait_type"":""Glasses"",""value"":""Green Rectangular Glasses""},{""trait_type"":""Mouth"",""value"":""Braces""},{""trait_type"":""Background"",""value"":""Moon""},{""trait_type"":""Body"",""value"":""Fat""},{""trait_type"":""Outfits"",""value"":""Purple Suit""},{""trait_type"":""Hairs"",""value"":""Blonde Hairs""}]"
315,1358710,0x4290ac0cb3bc38c52f95429eacc6405de9f450df4fa227177906dd340f7050ef,"[{""trait_type"":""Glasses"",""value"":""Circled Glasses""},{""trait_type"":""Mouth"",""value"":""Cigerette""},{""trait_type"":""Background"",""value"":""Sparkels 2""},{""trait_type"":""Body"",""value"":""Robotic Fat""},{""trait_type"":""Outfits"",""value"":""Black Shirt ""},{""trait_type"":""Hairs"",""value"":""Black Short Hairs""}]"
314,1360254,0xb4d879ff1caf8a7f73bc5eb3defdb4008b93a57e87c65f572c0bbbe7d7499a80,"[{""trait_type"":""Glasses"",""value"":""Purple Round Glasses""},{""trait_type"":""Mouth"",""value"":""Fuck ""},{""trait_type"":""Background"",""value"":""Black with Red Pixels""},{""trait_type"":""Body"",""value"":""Skinny""},{""trait_type"":""Outfits"",""value"":""Blue Shirt 2""},{""trait_type"":""Hairs"",""value"":""Black Quiff Haircut""}]"
313,1360004,0x3e8de2dbe56e1ae4400cfa6aea78d5591e5362097350393ad68a496d1fae33e9,"[{""trait_type"":""Glasses"",""value"":""Yellow Round Glasses""},{""trait_type"":""Mouth"",""value"":""Sad""},{""trait_type"":""Background"",""value"":""Black with Red Pixels""},{""trait_type"":""Body"",""value"":""Galaxy Fat""},{""trait_type"":""Outfits"",""value"":""Blue Shirt""},{""trait_type"":""Hairs"",""value"":""sombrero hat""}]"
312,1359520,0xc343abb56f36463329c3dcd466822b484789455469c5eeed7cafa3dd317a2d12,"[{""trait_type"":""Glasses"",""value"":""Multicolored Glasses""},{""trait_type"":""Mouth"",""value"":""Big Teeth""},{""trait_type"":""Background"",""value"":""Green with Jay Force Symbol""},{""trait_type"":""Body"",""value"":""Galaxy Fat""},{""trait_type"":""Outfits"",""value"":""Green Tie""},{""trait_type"":""Hairs"",""value"":""Rasta Hat""}]"
311,1359532,0x47a733efa5777d2bdaa6c9e372f802a951c7e79eae6fe5e994296a1d37560b97,"[{""trait_type"":""Glasses"",""value"":""Gray Rectangular Glasses""},{""trait_type"":""Mouth"",""value"":""Pink Braces""},{""trait_type"":""Background"",""value"":""Sparkels 2""},{""trait_type"":""Body"",""value"":""Aliien""},{""trait_type"":""Outfits"",""value"":""Yellow Tie""},{""trait_type"":""Hairs"",""value"":""Yellow Top Hat""}]"
310,1359449,0xde129429d440e0b2ac48e190f7ecb806da91d9b760a61a587c69e53fe21c81d9,"[{""trait_type"":""Glasses"",""value"":""Black VR""},{""trait_type"":""Mouth"",""value"":""Pink Braces""},{""trait_type"":""Background"",""value"":""Moon""},{""trait_type"":""Body"",""value"":""Skinny""},{""trait_type"":""Outfits"",""value"":""Green Shirt""},{""trait_type"":""Hairs"",""value"":""Fisherman Hat""}]"
309,1359511,0xf4d66f84f1cc8b216d275d1c14da80f5adf4d87f63f7ae7cc88eb555bf8ff23f,"[{""trait_type"":""Glasses"",""value"":""Gray Rectangular Glasses""},{""trait_type"":""Mouth"",""value"":""Braces""},{""trait_type"":""Background"",""value"":""Moon""},{""trait_type"":""Body"",""value"":""Aliien""},{""trait_type"":""Outfits"",""value"":""Brown Suit ""},{""trait_type"":""Hairs"",""value"":""Red Short Hairs""}]"
308,1359994,0x90abe6502ddfd5e7c6d3f26591c8673952428c06916da5f7fc87bf03c620a835,"[{""trait_type"":""Glasses"",""value"":""Purple Rectangular Glasses""},{""trait_type"":""Mouth"",""value"":""Fuck ""},{""trait_type"":""Background"",""value"":""Sparkels 2""},{""trait_type"":""Body"",""value"":""Robotic""},{""trait_type"":""Outfits"",""value"":""Red Shirt 2""},{""trait_type"":""Hairs"",""value"":""Ice Cream hat""}]"
307,1359542,0xfbe38e4a3889e59350f82b316b5f55b840ea9c779ec0f9756e4a610f9cf494ee,"[{""trait_type"":""Glasses"",""value"":""Multicolored Glasses""},{""trait_type"":""Mouth"",""value"":""Braces""},{""trait_type"":""Background"",""value"":""Sparkles""},{""trait_type"":""Body"",""value"":""Robotic""},{""trait_type"":""Outfits"",""value"":""Purple Tie""},{""trait_type"":""Hairs"",""value"":""Rasta Hat""}]"
306,1359254,0x5c62cd8cfaa25c5b10c4627fc6ade469699a1195d455cebc60390e358a102169,"[{""trait_type"":""Glasses"",""value"":""3D Glasses ""},{""trait_type"":""Mouth"",""value"":""Cigerette""},{""trait_type"":""Background"",""value"":""Cloudy""},{""trait_type"":""Body"",""value"":""Robotic Fat""},{""trait_type"":""Outfits"",""value"":""White Shirt""},{""trait_type"":""Hairs"",""value"":""Crystal Crown""}]"
305,1359037,0xfa479289dafbbb02bbc987a52d4a64188920d481407970b872ad483a202288f8,"[{""trait_type"":""Glasses"",""value"":""Purple Rectangular Glasses""},{""trait_type"":""Mouth"",""value"":""Fuck ""},{""trait_type"":""Background"",""value"":""Sparkels 2""},{""trait_type"":""Body"",""value"":""Galaxy""},{""trait_type"":""Outfits"",""value"":""Orange Suit ""},{""trait_type"":""Hairs"",""value"":""Blonde Messi Hairs""}]"
304,1358541,0x5f39fda7c5735b593896907374701d3b5d5c34e4a0560fd4550cfb19ed70d4b3,"[{""trait_type"":""Glasses"",""value"":""VR""},{""trait_type"":""Mouth"",""value"":""Braces""},{""trait_type"":""Background"",""value"":""Green with red Pixels""},{""trait_type"":""Body"",""value"":""Galaxy""},{""trait_type"":""Outfits"",""value"":""Brown Suit""},{""trait_type"":""Hairs"",""value"":""Black Bowl cut""}]"
303,1360558,0xa2904d14c3acaa490dc7ffd18ab1e132ecbdb1aefb80fbd9b3782ea39d84a807,"[{""trait_type"":""Glasses"",""value"":""Based Eyes""},{""trait_type"":""Mouth"",""value"":""Braces""},{""trait_type"":""Background"",""value"":""Green with Jay Force Symbol""},{""trait_type"":""Body"",""value"":""Zoombie Fat""},{""trait_type"":""Outfits"",""value"":""Black Suit ""},{""trait_type"":""Hairs"",""value"":""Red Short Hairs""}]"
302,1360572,0x03bccfcb9571aae46c83c50bcd28af9323f9cf36c8a9cef3cb3ec136bd31de23,"[{""trait_type"":""Glasses"",""value"":""Blue Rectangular Glasses""},{""trait_type"":""Mouth"",""value"":""Braces""},{""trait_type"":""Background"",""value"":""Cloudy #2""},{""trait_type"":""Body"",""value"":""Zoombie Fat""},{""trait_type"":""Outfits"",""value"":""White Shirt""},{""trait_type"":""Hairs"",""value"":""Red Hairs""}]"
301,1359527,0x2a560590bb330ea3bc925aa946e05ca13ea0873b470b2b6e12e6a6f000afd6fc,"[{""trait_type"":""Glasses"",""value"":""Sun Glasses""},{""trait_type"":""Mouth"",""value"":""Cigerette""},{""trait_type"":""Background"",""value"":""Sparkels 2""},{""trait_type"":""Body"",""value"":""Zoombie Fat""},{""trait_type"":""Outfits"",""value"":""Brown Suit ""},{""trait_type"":""Hairs"",""value"":""Blonde Quiff Haircut""}]"
300,1359531,0xf2a2a8e55b0d039586d2be946ecc59311e48411db2e53498833df556ac1a391a,"[{""trait_type"":""Glasses"",""value"":""Purple Rectangular Glasses""},{""trait_type"":""Mouth"",""value"":""Braces""},{""trait_type"":""Background"",""value"":""Sparkels 2""},{""trait_type"":""Body"",""value"":""Fat Alien""},{""trait_type"":""Outfits"",""value"":""Red Shirt 2""},{""trait_type"":""Hairs"",""value"":""Beanie""}]"
299,1360319,0x40d8317180435189576a71154ffe19959d5b7a9ea15e30d495f1e65ee344f310,"[{""trait_type"":""Glasses"",""value"":""3D Glasses""},{""trait_type"":""Mouth"",""value"":""Big Teeth""},{""trait_type"":""Background"",""value"":""Night Scene""},{""trait_type"":""Body"",""value"":""Zoombie Fat""},{""trait_type"":""Outfits"",""value"":""Black Shirt ""},{""trait_type"":""Hairs"",""value"":""Black Hairs""}]"
298,1359241,0xc1474c1eb95bd7461aeb6eb67099e30c02ef70a72f4f2a0da61a75494f9f1af2,"[{""trait_type"":""Glasses"",""value"":""Black Rectangular Glasses""},{""trait_type"":""Mouth"",""value"":""Sad""},{""trait_type"":""Background"",""value"":""Moon""},{""trait_type"":""Body"",""value"":""Galaxy Fat""},{""trait_type"":""Outfits"",""value"":""Purple Tie""},{""trait_type"":""Hairs"",""value"":""Blonde Quiff Haircut""}]"
297,1359249,0xb8916b2be165a6cc429a7f050b11030f1841dfcbf0079d2922b9e70d606509c4,"[{""trait_type"":""Glasses"",""value"":""Black Round Glasses""},{""trait_type"":""Mouth"",""value"":""Big Teeth""},{""trait_type"":""Background"",""value"":""Sparkles""},{""trait_type"":""Body"",""value"":""Zoombie Fat""},{""trait_type"":""Outfits"",""value"":""Red Tie""},{""trait_type"":""Hairs"",""value"":""Black Short Hairs""}]"
296,1360162,0xf7474f1758405fcf831149c234ead96beea78af4d34ecaea5c511af3a1fdc966,"[{""trait_type"":""Glasses"",""value"":""Green Rectangular Glasses""},{""trait_type"":""Mouth"",""value"":""Smile""},{""trait_type"":""Background"",""value"":""Green with Jay Force Symbol""},{""trait_type"":""Body"",""value"":""Robotic Fat""},{""trait_type"":""Outfits"",""value"":""Green Tie""},{""trait_type"":""Hairs"",""value"":""Blonde Hairs""}]"
295,1359643,0x5dd5790c025254cdb55253bc02a5c5b57ebf7b37a373568382b8c4f8cbf67a7d,"[{""trait_type"":""Glasses"",""value"":""Green Round Glasses""},{""trait_type"":""Mouth"",""value"":""Pink Braces""},{""trait_type"":""Background"",""value"":""Green with Jay Force Symbol""},{""trait_type"":""Body"",""value"":""Galaxy""},{""trait_type"":""Outfits"",""value"":""Brown Suit""},{""trait_type"":""Hairs"",""value"":""Flower Crown""}]"
294,1359235,0x6282ccc2fdc0a739e592d4c59e411c63b9f2ff5127c368cee1f67a2ebebefe7f,"[{""trait_type"":""Glasses"",""value"":""Multicolored Glasses""},{""trait_type"":""Mouth"",""value"":""Big Teeth""},{""trait_type"":""Background"",""value"":""Sparkles""},{""trait_type"":""Body"",""value"":""Golden Fat""},{""trait_type"":""Outfits"",""value"":""Brown Suit  ""},{""trait_type"":""Hairs"",""value"":""Black Hairs""}]"
293,1360522,0x616d9b2c36e04c6ce1bd3ebb3fccf472509ed011fdc236813b78c74775eee707,"[{""trait_type"":""Glasses"",""value"":""Purple Glasses""},{""trait_type"":""Mouth"",""value"":""Cigerette""},{""trait_type"":""Background"",""value"":""Cloudy #2""},{""trait_type"":""Body"",""value"":""Skinny""},{""trait_type"":""Outfits"",""value"":""Purple Shirt 2""},{""trait_type"":""Hairs"",""value"":""Flower Crown""}]"
292,1358727,0x2fb92a05de81151434cee53844f4cdfec080e7191f52f79dc1dab5b2fba1c97b,"[{""trait_type"":""Glasses"",""value"":""Black Round Glasses""},{""trait_type"":""Mouth"",""value"":""Big Teeth""},{""trait_type"":""Background"",""value"":""Green with Jay Force Symbol""},{""trait_type"":""Body"",""value"":""Fat Alien""},{""trait_type"":""Outfits"",""value"":""Purple Shirt 2""},{""trait_type"":""Hairs"",""value"":""Blonde Messi Hairs""}]"
291,1358683,0xca1c1307f658987ffa6a970e991e5b5d30e7e5f23ce50ca7354cc4060589fe56,"[{""trait_type"":""Glasses"",""value"":""Yellow Rectangular Glasses""},{""trait_type"":""Mouth"",""value"":""Big Teeth""},{""trait_type"":""Background"",""value"":""Cloudy #2""},{""trait_type"":""Body"",""value"":""Zoombie""},{""trait_type"":""Outfits"",""value"":""Green Shirt 2""},{""trait_type"":""Hairs"",""value"":""Ice Cream hat""}]"
290,1359799,0x4b5a5a45920447d911ce62b2aa370561328a3f8806bad0727b79784f88633d10,"[{""trait_type"":""Glasses"",""value"":""Black Round Glasses""},{""trait_type"":""Mouth"",""value"":""Smile""},{""trait_type"":""Background"",""value"":""Black with Red Pixels""},{""trait_type"":""Body"",""value"":""Zoombie""},{""trait_type"":""Outfits"",""value"":""White Shirt""},{""trait_type"":""Hairs"",""value"":""Afro with Comb""}]"
289,1360086,0x06dce25859c60bb2f5b3ad9ba66fa53879c4a41f4533b06b80ec802edd9cd7e4,"[{""trait_type"":""Glasses"",""value"":""Yellow 3D Glasses""},{""trait_type"":""Mouth"",""value"":""Cigerette""},{""trait_type"":""Background"",""value"":""Sparkels 2""},{""trait_type"":""Body"",""value"":""Galaxy Fat""},{""trait_type"":""Outfits"",""value"":""Black Shirt ""},{""trait_type"":""Hairs"",""value"":""Crystal Crown""}]"
288,1358781,0xf6f8816b3e099e6628417d7c7efff782750ad036a53d8a4a3a3264426e202cba,"[{""trait_type"":""Glasses"",""value"":""Blue Round Glasses""},{""trait_type"":""Mouth"",""value"":""Cigerette""},{""trait_type"":""Background"",""value"":""Night Scene""},{""trait_type"":""Body"",""value"":""Aliien""},{""trait_type"":""Outfits"",""value"":""Blue Shirt 2""},{""trait_type"":""Hairs"",""value"":""Brown Bowl cut""}]"
287,1360238,0xbcb627210caae2d4b746059cb34c886f65cbc971b3adb011fc091f28c480ae29,"[{""trait_type"":""Glasses"",""value"":""Green Rectangular Glasses""},{""trait_type"":""Mouth"",""value"":""Sad""},{""trait_type"":""Background"",""value"":""Cloudy #2""},{""trait_type"":""Body"",""value"":""Galaxy""},{""trait_type"":""Outfits"",""value"":""Black Shirt ""},{""trait_type"":""Hairs"",""value"":""Black Hairs""}]"
286,1359986,0x66012fe4e2f222a0cc23995f4ffdb09ca7892833b9f42adf68e335b07649dc1d,"[{""trait_type"":""Glasses"",""value"":""Purple VR""},{""trait_type"":""Mouth"",""value"":""Fuck ""},{""trait_type"":""Background"",""value"":""Black with Red Pixels""},{""trait_type"":""Body"",""value"":""Zoombie Fat""},{""trait_type"":""Outfits"",""value"":""Orange Suit ""},{""trait_type"":""Hairs"",""value"":""Flower Crown""}]"
285,1360740,0xc3ce671d32ca4c28b4253ac1adfb8dd59e61e3d2eb7d0a51462f71478b4df4d0,"[{""trait_type"":""Glasses"",""value"":""Red Rectangular Glasses""},{""trait_type"":""Mouth"",""value"":""Braces""},{""trait_type"":""Background"",""value"":""Sparkels 2""},{""trait_type"":""Body"",""value"":""Aliien""},{""trait_type"":""Outfits"",""value"":""Space Suit""},{""trait_type"":""Hairs"",""value"":""Red Hairs""}]"
284,1360303,0x20bab1e1fe792884e302ed4af010b5c68b991622b40628d8381e1f466003672c,"[{""trait_type"":""Glasses"",""value"":""Based Eyes""},{""trait_type"":""Mouth"",""value"":""Smile""},{""trait_type"":""Background"",""value"":""Black with Red Pixels""},{""trait_type"":""Body"",""value"":""Skinny""},{""trait_type"":""Outfits"",""value"":""Green Shirt 2""},{""trait_type"":""Hairs"",""value"":""Beanie""}]"
283,1358681,0xc07f767c26d92157bf29dddfa47295d68cfdda5a830864c9653147bd380d3ad7,"[{""trait_type"":""Glasses"",""value"":""Blue Round Glasses""},{""trait_type"":""Mouth"",""value"":""Sad""},{""trait_type"":""Background"",""value"":""Green with Jay Force Symbol""},{""trait_type"":""Body"",""value"":""Zoombie""},{""trait_type"":""Outfits"",""value"":""White Shirt""},{""trait_type"":""Hairs"",""value"":""Santa Hat""}]"
282,1359333,0x757204e39002b5456fb25a8ce89885c3a44cbae190d98e891ff35af42bbb5f78,"[{""trait_type"":""Glasses"",""value"":""Blue Round Glasses""},{""trait_type"":""Mouth"",""value"":""Smile""},{""trait_type"":""Background"",""value"":""Cloudy #2""},{""trait_type"":""Body"",""value"":""Skinny""},{""trait_type"":""Outfits"",""value"":""Purple Shirt 2""},{""trait_type"":""Hairs"",""value"":""Red Messi Hairs""}]"
281,1358640,0x27f517ba96ba01192d25f93aa20e30d239cd5ef182f46c48c7ffd72a2a4595f2,"[{""trait_type"":""Glasses"",""value"":""Gray Rectangular Glasses""},{""trait_type"":""Mouth"",""value"":""Fuck ""},{""trait_type"":""Background"",""value"":""Sparkles""},{""trait_type"":""Body"",""value"":""Fat Alien""},{""trait_type"":""Outfits"",""value"":""Red Tie""},{""trait_type"":""Hairs"",""value"":""Red Quiff Haircut""}]"
280,1360643,0x7ce2ad846231b17fef2fffa4e79a948a22ea0bbf033c446e8722a9abd2dee216,"[{""trait_type"":""Glasses"",""value"":""VR""},{""trait_type"":""Mouth"",""value"":""Fuck ""},{""trait_type"":""Background"",""value"":""Cloudy #2""},{""trait_type"":""Body"",""value"":""Skinny""},{""trait_type"":""Outfits"",""value"":""Black Suit ""},{""trait_type"":""Hairs"",""value"":""Red Bowl cut""}]"
279,1358569,0x83a8d1e5f7edc1c167dc2fe49a7929b4d5304969941b8a17b133bd5d9344714b,"[{""trait_type"":""Glasses"",""value"":""Regular Glasses""},{""trait_type"":""Mouth"",""value"":""Braces""},{""trait_type"":""Background"",""value"":""Green with red Pixels""},{""trait_type"":""Body"",""value"":""Fat Alien""},{""trait_type"":""Outfits"",""value"":""Black Jacket""},{""trait_type"":""Hairs"",""value"":""Brown Bowl cut""}]"
278,1360419,0x89b72c5684d7a8d9c310e49dd79483e536d7acba495191d2e6fd791b5f1d6936,"[{""trait_type"":""Glasses"",""value"":""Circled Glasses""},{""trait_type"":""Mouth"",""value"":""Smile""},{""trait_type"":""Background"",""value"":""Night Scene""},{""trait_type"":""Body"",""value"":""Golden Fat""},{""trait_type"":""Outfits"",""value"":""Green Shirt""},{""trait_type"":""Hairs"",""value"":""Crystal Crown""}]"
277,1359871,0xb10de3f8365151b5440d1e9281d8b22299ced6e5184309476402d0ca241b40af,"[{""trait_type"":""Glasses"",""value"":""Circled Glasses""},{""trait_type"":""Mouth"",""value"":""Cigerette""},{""trait_type"":""Background"",""value"":""Cloudy #2""},{""trait_type"":""Body"",""value"":""Golden""},{""trait_type"":""Outfits"",""value"":""Green Shirt 2""},{""trait_type"":""Hairs"",""value"":""Red Short Hairs""}]"
276,1359961,0xd30e75de2b7b377e9fcc9b6d9aeb1a00837781fd66e5a43a111f2646302642f5,"[{""trait_type"":""Glasses"",""value"":""Purple Rectangular Glasses""},{""trait_type"":""Mouth"",""value"":""Cigerette""},{""trait_type"":""Background"",""value"":""Green with red Pixels""},{""trait_type"":""Body"",""value"":""Fat""},{""trait_type"":""Outfits"",""value"":""Purple Suit""},{""trait_type"":""Hairs"",""value"":""Black Quiff Haircut""}]"
275,1360714,0x878154b7eb0ac8702b85dc9f510460dbd62e042fe265391989a49d1415417816,"[{""trait_type"":""Glasses"",""value"":""Sun Glasses""},{""trait_type"":""Mouth"",""value"":""Cigerette""},{""trait_type"":""Background"",""value"":""Green with red Pixels""},{""trait_type"":""Body"",""value"":""Fat""},{""trait_type"":""Outfits"",""value"":""Black Jacket""},{""trait_type"":""Hairs"",""value"":""Santa Hat""}]"
274,1359209,0x50b7089b6644fb7f883cadfa87ed20224e7f64f7d3bf8138f46537a49ac846f9,"[{""trait_type"":""Glasses"",""value"":""Based Eyes""},{""trait_type"":""Mouth"",""value"":""Cigerette""},{""trait_type"":""Background"",""value"":""Sparkles""},{""trait_type"":""Body"",""value"":""Galaxy Fat""},{""trait_type"":""Outfits"",""value"":""Purple Suit""},{""trait_type"":""Hairs"",""value"":""Blonde Quiff Haircut""}]"
273,1360331,0x6ac89707667b68d87f3c14c477c14742b5bac92c22273e1e63867254cf101f97,"[{""trait_type"":""Glasses"",""value"":""Purple Glasses""},{""trait_type"":""Mouth"",""value"":""Fuck ""},{""trait_type"":""Background"",""value"":""Sparkels 2""},{""trait_type"":""Body"",""value"":""Golden""},{""trait_type"":""Outfits"",""value"":""Purple Shirt 2""},{""trait_type"":""Hairs"",""value"":""Afro with Comb""}]"
272,1358948,0x72d4972dcff80d49f2da111049ce7d74b1c655b648568df703941f2a7b6d6ac4,"[{""trait_type"":""Glasses"",""value"":""Regular Glasses""},{""trait_type"":""Mouth"",""value"":""Pink Braces""},{""trait_type"":""Background"",""value"":""Moon""},{""trait_type"":""Body"",""value"":""Zoombie Fat""},{""trait_type"":""Outfits"",""value"":""Brown Suit""},{""trait_type"":""Hairs"",""value"":""Blonde Bowl cut""}]"
271,1358769,0xe167ff99a9aea5e46f99f63414e1c4acdaabf4d35dedd33224e891863491fda9,"[{""trait_type"":""Glasses"",""value"":""Blue Round Glasses""},{""trait_type"":""Mouth"",""value"":""Sad""},{""trait_type"":""Background"",""value"":""Green with red Pixels""},{""trait_type"":""Body"",""value"":""Zoombie Fat""},{""trait_type"":""Outfits"",""value"":""Orange Suit ""},{""trait_type"":""Hairs"",""value"":""Blonde Messi Hairs""}]"
270,1358901,0xd1647bdac4896cf719f0b7171b58f71f267342b048758478fc2a254f67b35cd9,"[{""trait_type"":""Glasses"",""value"":""Green Rectangular Glasses""},{""trait_type"":""Mouth"",""value"":""Fuck ""},{""trait_type"":""Background"",""value"":""Sparkels 2""},{""trait_type"":""Body"",""value"":""Fat""},{""trait_type"":""Outfits"",""value"":""Purple Tie""},{""trait_type"":""Hairs"",""value"":""Beanie""}]"
269,1359264,0xa5195e708053b11ec2c6b0d66cd8a9376648f383790edb8586a6335c40f436b5,"[{""trait_type"":""Glasses"",""value"":""Red Round Glasses""},{""trait_type"":""Mouth"",""value"":""Big Teeth""},{""trait_type"":""Background"",""value"":""Sparkels 2""},{""trait_type"":""Body"",""value"":""Aliien""},{""trait_type"":""Outfits"",""value"":""Green Shirt""},{""trait_type"":""Hairs"",""value"":""Blonde Bowl cut""}]"
268,1359285,0xd3b9fc7ff252d030ba019c92b3af6bcd4550ad75b1e2f93bda828e00183f460d,"[{""trait_type"":""Glasses"",""value"":""Blue Round Glasses""},{""trait_type"":""Mouth"",""value"":""Fuck ""},{""trait_type"":""Background"",""value"":""Green with red Pixels""},{""trait_type"":""Body"",""value"":""Galaxy Fat""},{""trait_type"":""Outfits"",""value"":""Purple Tie""},{""trait_type"":""Hairs"",""value"":""Santa Hat""}]"
267,1359947,0x76db56671cbd9d4bcb86938047664563f45586ef528dcfcc5addc9b5ae443a32,"[{""trait_type"":""Glasses"",""value"":""3D Glasses ""},{""trait_type"":""Mouth"",""value"":""Pink Braces""},{""trait_type"":""Background"",""value"":""Sparkles""},{""trait_type"":""Body"",""value"":""Galaxy""},{""trait_type"":""Outfits"",""value"":""Black Suit ""},{""trait_type"":""Hairs"",""value"":""Yellow Top Hat""}]"
266,1359787,0x537cda05cf9987c57443860f50b4a66f3cc863d6880d4af2aa5c3868e4da68b7,"[{""trait_type"":""Glasses"",""value"":""Black VR""},{""trait_type"":""Mouth"",""value"":""Fuck ""},{""trait_type"":""Background"",""value"":""Green with red Pixels""},{""trait_type"":""Body"",""value"":""Golden Fat""},{""trait_type"":""Outfits"",""value"":""Brown Suit""},{""trait_type"":""Hairs"",""value"":""Blonde Short Hairs""}]"
265,1360246,0x537a26ea11f1085f2e5991424065233906463cd80fca5e7a45c0d1b6c3bac10c,"[{""trait_type"":""Glasses"",""value"":""Gray Round Glasses""},{""trait_type"":""Mouth"",""value"":""Cigerette""},{""trait_type"":""Background"",""value"":""Black with Red Pixels""},{""trait_type"":""Body"",""value"":""Zoombie""},{""trait_type"":""Outfits"",""value"":""Orange Suit ""},{""trait_type"":""Hairs"",""value"":""Fisherman Hat""}]"
264,1359819,0x60edeb91388f5c74df72fa564b51695d32bb626c49c3297f0710eb1d33b7fd30,"[{""trait_type"":""Glasses"",""value"":""Red Rectangular Glasses""},{""trait_type"":""Mouth"",""value"":""Braces""},{""trait_type"":""Background"",""value"":""Green with red Pixels""},{""trait_type"":""Body"",""value"":""Fat Alien""},{""trait_type"":""Outfits"",""value"":""Brown Suit""},{""trait_type"":""Hairs"",""value"":""Red Messi Hairs""}]"
263,1359365,0x1c5dd621fc11b994e1b21fa49396aa5e21e00a12c258278bf076fc059e026a26,"[{""trait_type"":""Glasses"",""value"":""Purple VR""},{""trait_type"":""Mouth"",""value"":""Braces""},{""trait_type"":""Background"",""value"":""Green with red Pixels""},{""trait_type"":""Body"",""value"":""Robotic""},{""trait_type"":""Outfits"",""value"":""Black Suit ""},{""trait_type"":""Hairs"",""value"":""Afro with Comb""}]"
262,1360463,0xc6c0460a0e0c227579fc3f1594e80557a0d5ed300e3b1d30b9d5a1565e668e6e,"[{""trait_type"":""Glasses"",""value"":""Circled Glasses""},{""trait_type"":""Mouth"",""value"":""Braces""},{""trait_type"":""Background"",""value"":""Cloudy""},{""trait_type"":""Body"",""value"":""Galaxy""},{""trait_type"":""Outfits"",""value"":""Black Jacket""},{""trait_type"":""Hairs"",""value"":""Red Short Hairs""}]"
261,1358946,0xc3cb62ce19c9f46e38dd5b25563a49652233cfd0bfdf38b852d1246f0866c508,"[{""trait_type"":""Glasses"",""value"":""Purple Glasses""},{""trait_type"":""Mouth"",""value"":""Braces""},{""trait_type"":""Background"",""value"":""Cloudy""},{""trait_type"":""Body"",""value"":""Golden""},{""trait_type"":""Outfits"",""value"":""Red Shirt 2""},{""trait_type"":""Hairs"",""value"":""Red Bowl cut""}]"
260,1359964,0xf0d8d19e1801197bd3fafca78dd827e21c71089b9ac7e66c201e11442c215aba,"[{""trait_type"":""Glasses"",""value"":""Black Round Glasses""},{""trait_type"":""Mouth"",""value"":""Big Teeth""},{""trait_type"":""Background"",""value"":""Cloudy""},{""trait_type"":""Body"",""value"":""Fat Alien""},{""trait_type"":""Outfits"",""value"":""Green Shirt 2""},{""trait_type"":""Hairs"",""value"":""Black Hairs""}]"
259,1358735,0x7fc78318fbfe05e2861413ce63aeb2cc226f752ba9cfde7d2df6d9bc79131fc9,"[{""trait_type"":""Glasses"",""value"":""Red Rectangular Glasses""},{""trait_type"":""Mouth"",""value"":""Cigerette""},{""trait_type"":""Background"",""value"":""Cloudy #2""},{""trait_type"":""Body"",""value"":""Galaxy Fat""},{""trait_type"":""Outfits"",""value"":""Yellow Tie""},{""trait_type"":""Hairs"",""value"":""Mushroom Hat""}]"
258,1360022,0x5a43e13437afd27f2dac5073c38b6b26c2ef34f275d743c3e8efb8b094fcc86c,"[{""trait_type"":""Glasses"",""value"":""Faceless 1.png""},{""trait_type"":""Mouth"",""value"":""Braces""},{""trait_type"":""Background"",""value"":""Black with Red Pixels""},{""trait_type"":""Body"",""value"":""Robotic Fat""},{""trait_type"":""Outfits"",""value"":""Red Shirt 2""},{""trait_type"":""Hairs"",""value"":""Black Hairs""}]"
257,1358574,0x88cfb9194350b7ccfdb9f6e8d856c4bb07c8a18845d0a01d44634e3f6b393860,"[{""trait_type"":""Glasses"",""value"":""Based Eyes""},{""trait_type"":""Mouth"",""value"":""Cigerette""},{""trait_type"":""Background"",""value"":""Green with Jay Force Symbol""},{""trait_type"":""Body"",""value"":""Golden""},{""trait_type"":""Outfits"",""value"":""Blue Shirt""},{""trait_type"":""Hairs"",""value"":""sombrero hat""}]"
256,1358676,0x88baf0a20f17381ae4d7b891b0617cb2a78490814b2255dc5b6aa038c45e3d32,"[{""trait_type"":""Glasses"",""value"":""Based Eyes""},{""trait_type"":""Mouth"",""value"":""Cigerette""},{""trait_type"":""Background"",""value"":""Cloudy""},{""trait_type"":""Body"",""value"":""Zoombie""},{""trait_type"":""Outfits"",""value"":""Black Shirt ""},{""trait_type"":""Hairs"",""value"":""Blonde Quiff Haircut""}]"
255,1360320,0xd596436b2a7ef76382109f0a496ed9fdc33e87efa683ab0949d62a740572e471,"[{""trait_type"":""Glasses"",""value"":""VR""},{""trait_type"":""Mouth"",""value"":""Smile""},{""trait_type"":""Background"",""value"":""Black with Red Pixels""},{""trait_type"":""Body"",""value"":""Invisible Man  1.png""},{""trait_type"":""Outfits"",""value"":""White Shirt""},{""trait_type"":""Hairs"",""value"":""sombrero hat""}]"
254,1360229,0xb5757064ca0932c2a6c4f5ba5d35a7b6946f9a95436b50b4109a2e3b574ba7e5,"[{""trait_type"":""Glasses"",""value"":""3D Glasses ""},{""trait_type"":""Mouth"",""value"":""Pink Braces""},{""trait_type"":""Background"",""value"":""Green with red Pixels""},{""trait_type"":""Body"",""value"":""Galaxy Fat""},{""trait_type"":""Outfits"",""value"":""Red Shirt 2""},{""trait_type"":""Hairs"",""value"":""Black Hairs""}]"
253,1358939,0x91617bc53aa0c1a5433b7ea04b5a064becbc30b298a576699528174df018d92d,"[{""trait_type"":""Glasses"",""value"":""Job Glasses""},{""trait_type"":""Mouth"",""value"":""Fuck ""},{""trait_type"":""Background"",""value"":""Green with red Pixels""},{""trait_type"":""Body"",""value"":""Robotic""},{""trait_type"":""Outfits"",""value"":""Yellow Shirt ""},{""trait_type"":""Hairs"",""value"":""Beanie""}]"
252,1359244,0x56dbcda885bb4f7278b2994b7e46c7d3c1d5ff448015c99997f3b60c6af33b91,"[{""trait_type"":""Glasses"",""value"":""Purple Rectangular Glasses""},{""trait_type"":""Mouth"",""value"":""Cigerette""},{""trait_type"":""Background"",""value"":""Sparkles""},{""trait_type"":""Body"",""value"":""Zoombie Fat""},{""trait_type"":""Outfits"",""value"":""Blue Shirt""},{""trait_type"":""Hairs"",""value"":""Black Short Hairs""}]"
251,1360713,0x1b84f51a1798dbfa8a9e99c99c485a5ed0fe250aa5964cab36deff641fd2a73c,"[{""trait_type"":""Glasses"",""value"":""Gray Rectangular Glasses""},{""trait_type"":""Mouth"",""value"":""Pink Braces""},{""trait_type"":""Background"",""value"":""Sparkles""},{""trait_type"":""Body"",""value"":""Zoombie""},{""trait_type"":""Outfits"",""value"":""Brown Suit""},{""trait_type"":""Hairs"",""value"":""Flower Crown""}]"
250,1360746,0xb7b6f37e76f3520067eb81f1b17252916f0fefa7c18f62e624360557e6dd5043,"[{""trait_type"":""Glasses"",""value"":""Red Rectangular Glasses""},{""trait_type"":""Mouth"",""value"":""Cigerette""},{""trait_type"":""Background"",""value"":""Green with Jay Force Symbol""},{""trait_type"":""Body"",""value"":""Robotic""},{""trait_type"":""Outfits"",""value"":""Purple Suit""},{""trait_type"":""Hairs"",""value"":""Yellow Top Hat""}]"
249,1360165,0xff37699a68959e983b865c38508062a766ae4b6a6ffc3ef93514b5c6136a9b29,"[{""trait_type"":""Glasses"",""value"":""Purple Glasses""},{""trait_type"":""Mouth"",""value"":""Big Teeth""},{""trait_type"":""Background"",""value"":""Sparkels 2""},{""trait_type"":""Body"",""value"":""Golden""},{""trait_type"":""Outfits"",""value"":""Purple Suit""},{""trait_type"":""Hairs"",""value"":""Blonde Quiff Haircut""}]"
248,1358729,0x38b64c1094cdb99e1f2283460fdc0b07ba8ca034c261819439aa7327c48a349a,"[{""trait_type"":""Glasses"",""value"":""Black VR""},{""trait_type"":""Mouth"",""value"":""Sad""},{""trait_type"":""Background"",""value"":""Cloudy #2""},{""trait_type"":""Body"",""value"":""Fat""},{""trait_type"":""Outfits"",""value"":""Red Shirt 2""},{""trait_type"":""Hairs"",""value"":""Black Hairs""}]"
247,1360097,0xb7ed21fa6d0db186a621cfbe42c61ad0bb4295e5c3367ad2eda827b41ccbdfc9,"[{""trait_type"":""Glasses"",""value"":""Job Glasses""},{""trait_type"":""Mouth"",""value"":""Cigerette""},{""trait_type"":""Background"",""value"":""Night Scene""},{""trait_type"":""Body"",""value"":""Galaxy""},{""trait_type"":""Outfits"",""value"":""Orange Suit ""},{""trait_type"":""Hairs"",""value"":""Black Hairs""}]"
246,1359562,0xd271978292a59d3af20b19fa1a4bfac88e7727901a1b6c309313e8fd1620bbdb,"[{""trait_type"":""Glasses"",""value"":""Green Rectangular Glasses""},{""trait_type"":""Mouth"",""value"":""Cigerette""},{""trait_type"":""Background"",""value"":""Green with red Pixels""},{""trait_type"":""Body"",""value"":""Aliien""},{""trait_type"":""Outfits"",""value"":""Orange Suit ""},{""trait_type"":""Hairs"",""value"":""Black Hairs""}]"
245,1358568,0x09784919faf40f1ea3b4f7319e2c3c93fc9c155da5249ee57fd6ce011456c53f,"[{""trait_type"":""Glasses"",""value"":""Yellow 3D Glasses""},{""trait_type"":""Mouth"",""value"":""Fuck ""},{""trait_type"":""Background"",""value"":""Sparkels 2""},{""trait_type"":""Body"",""value"":""Fat""},{""trait_type"":""Outfits"",""value"":""Brown Suit  ""},{""trait_type"":""Hairs"",""value"":""Blonde Short Hairs""}]"
244,1360142,0x36c7d6952ea2fd1141c92e770578bbff88eb1d64651ae175cb02333994c79df9,"[{""trait_type"":""Glasses"",""value"":""Purple Glasses""},{""trait_type"":""Mouth"",""value"":""Pink Braces""},{""trait_type"":""Background"",""value"":""Black with Red Pixels""},{""trait_type"":""Body"",""value"":""Zoombie""},{""trait_type"":""Outfits"",""value"":""Brown Suit""},{""trait_type"":""Hairs"",""value"":""Afro with Comb""}]"
243,1359641,0xa2559215e5d5f84530234692cfea8e20663ff7ded76502c72f253bb27417b252,"[{""trait_type"":""Glasses"",""value"":""Based Eyes""},{""trait_type"":""Mouth"",""value"":""Cigerette""},{""trait_type"":""Background"",""value"":""Green with Jay Force Symbol""},{""trait_type"":""Body"",""value"":""Skinny""},{""trait_type"":""Outfits"",""value"":""Black Suit ""},{""trait_type"":""Hairs"",""value"":""Rasta Hat""}]"
242,1359690,0x7960c45fe87cf02185f59ab04df70b337f9da7342bc86319d73f30fd8b093293,"[{""trait_type"":""Glasses"",""value"":""Blue Rectangular Glasses""},{""trait_type"":""Mouth"",""value"":""Big Teeth""},{""trait_type"":""Background"",""value"":""Sparkels 2""},{""trait_type"":""Body"",""value"":""Skinny""},{""trait_type"":""Outfits"",""value"":""Space Suit""},{""trait_type"":""Hairs"",""value"":""Blonde Hairs""}]"
241,1359265,0x1b668bf1b4648d72b8a99f2a10ba57bdb9e594c27df05b9ca63f80894c6dafea,"[{""trait_type"":""Glasses"",""value"":""Circled Glasses""},{""trait_type"":""Mouth"",""value"":""Cigerette""},{""trait_type"":""Background"",""value"":""Cloudy #2""},{""trait_type"":""Body"",""value"":""Golden""},{""trait_type"":""Outfits"",""value"":""Brown Suit ""},{""trait_type"":""Hairs"",""value"":""Blonde Bowl cut""}]"
240,1359715,0xa5ccc114c8877c29a8104cee9a0108213bc73492730f4ffb9545fd0333b7a68c,"[{""trait_type"":""Glasses"",""value"":""Purple Glasses""},{""trait_type"":""Mouth"",""value"":""Cigerette""},{""trait_type"":""Background"",""value"":""Moon""},{""trait_type"":""Body"",""value"":""Galaxy""},{""trait_type"":""Outfits"",""value"":""Space Suit""},{""trait_type"":""Hairs"",""value"":""Brown Bowl cut""}]"
239,1360722,0x4e1cdfe2ad799e30b0769252a5f7a0cd63d20eda42631f025c90abbdff011f39,"[{""trait_type"":""Glasses"",""value"":""3D Glasses ""},{""trait_type"":""Mouth"",""value"":""Fuck ""},{""trait_type"":""Background"",""value"":""Green with red Pixels""},{""trait_type"":""Body"",""value"":""Aliien""},{""trait_type"":""Outfits"",""value"":""Green Shirt 2""},{""trait_type"":""Hairs"",""value"":""Red Quiff Haircut""}]"
238,1359488,0x54008a2110d6dcd440b1ce405f6e134a02c95d044fa0791bca115bf20cdab45f,"[{""trait_type"":""Glasses"",""value"":""Yellow Round Glasses""},{""trait_type"":""Mouth"",""value"":""Pink Braces""},{""trait_type"":""Background"",""value"":""Black with Red Pixels""},{""trait_type"":""Body"",""value"":""Robotic Fat""},{""trait_type"":""Outfits"",""value"":""Yellow Shirt ""},{""trait_type"":""Hairs"",""value"":""Santa Hat""}]"
237,1358581,0x4532e00d3cfce66b8e25afab07470bae1374f26cb0407f19407a39bdf2b0b293,"[{""trait_type"":""Glasses"",""value"":""Blue Round Glasses""},{""trait_type"":""Mouth"",""value"":""Smile""},{""trait_type"":""Background"",""value"":""Sparkles""},{""trait_type"":""Body"",""value"":""Fat Alien""},{""trait_type"":""Outfits"",""value"":""Black Jacket""},{""trait_type"":""Hairs"",""value"":""Blonde Short Hairs""}]"
236,1359020,0x29f1f84d3ef29c4c7352c648f9614061a86490aee5e607e8f0146b8b9862e8b2,"[{""trait_type"":""Glasses"",""value"":""Purple Glasses""},{""trait_type"":""Mouth"",""value"":""Sad""},{""trait_type"":""Background"",""value"":""Night Scene""},{""trait_type"":""Body"",""value"":""Skinny""},{""trait_type"":""Outfits"",""value"":""Brown Suit  ""},{""trait_type"":""Hairs"",""value"":""Black Messi Hairs""}]"
235,1359261,0x77c9bd4458719207759557802bcfb0a42582717f8e20c90f243f7c508a30543f,"[{""trait_type"":""Glasses"",""value"":""Yellow Round Glasses""},{""trait_type"":""Mouth"",""value"":""Cigerette""},{""trait_type"":""Background"",""value"":""Moon""},{""trait_type"":""Body"",""value"":""Zoombie""},{""trait_type"":""Outfits"",""value"":""Black Suit""},{""trait_type"":""Hairs"",""value"":""Mushroom Hat""}]"
234,1358917,0xe7e28ba8471b3ccdbc118ea76c3f0559ff87fbecc7dfc8051c6789d3e63239c3,"[{""trait_type"":""Glasses"",""value"":""Purple VR""},{""trait_type"":""Mouth"",""value"":""Cigerette""},{""trait_type"":""Background"",""value"":""Moon""},{""trait_type"":""Body"",""value"":""Aliien""},{""trait_type"":""Outfits"",""value"":""Orange Suit ""},{""trait_type"":""Hairs"",""value"":""Blonde Bowl cut""}]"
233,1359291,0x646f3f018ef24e284ec73dfca502ce047afbe5397fc5a4e49ad27c6200cd786b,"[{""trait_type"":""Glasses"",""value"":""Circled Glasses""},{""trait_type"":""Mouth"",""value"":""Sad""},{""trait_type"":""Background"",""value"":""Sparkels 2""},{""trait_type"":""Body"",""value"":""Zoombie Fat""},{""trait_type"":""Outfits"",""value"":""Orange Suit ""},{""trait_type"":""Hairs"",""value"":""Black Messi Hairs""}]"
232,1360653,0x7b7ba3b298b8cb4288e4618be64320e564ff564d5570553e247e5e8671705e8d,"[{""trait_type"":""Glasses"",""value"":""Sun Glasses""},{""trait_type"":""Mouth"",""value"":""Sad""},{""trait_type"":""Background"",""value"":""Night Scene""},{""trait_type"":""Body"",""value"":""Zoombie Fat""},{""trait_type"":""Outfits"",""value"":""Black Suit ""},{""trait_type"":""Hairs"",""value"":""Black Bowl cut""}]"
231,1360072,0xfb9b65ffe526d1158d92bdef21c9d219cf61c5062e483ba3240035b863595fa7,"[{""trait_type"":""Glasses"",""value"":""Black Rectangular Glasses""},{""trait_type"":""Mouth"",""value"":""Smile""},{""trait_type"":""Background"",""value"":""Green with red Pixels""},{""trait_type"":""Body"",""value"":""Galaxy Fat""},{""trait_type"":""Outfits"",""value"":""Brown Suit""},{""trait_type"":""Hairs"",""value"":""Red Short Hairs""}]"
230,1359803,0x73ce00afb8c16e778101aa98198c7798659e0f1c76b5c034d0621fdc51969342,"[{""trait_type"":""Glasses"",""value"":""Gray Round Glasses""},{""trait_type"":""Mouth"",""value"":""Big Teeth""},{""trait_type"":""Background"",""value"":""Sparkles""},{""trait_type"":""Body"",""value"":""Aliien""},{""trait_type"":""Outfits"",""value"":""Red Tie""},{""trait_type"":""Hairs"",""value"":""Blonde Messi Hairs""}]"
229,1360411,0xc16ba6fbdffd7b811ac82b5540fb4ea0478bdee7dc7c2265e03d10f13c40211b,"[{""trait_type"":""Glasses"",""value"":""Blue Round Glasses""},{""trait_type"":""Mouth"",""value"":""Big Teeth""},{""trait_type"":""Background"",""value"":""Black with Red Pixels""},{""trait_type"":""Body"",""value"":""Golden""},{""trait_type"":""Outfits"",""value"":""Red Tie""},{""trait_type"":""Hairs"",""value"":""Top Hat""}]"
228,1360593,0xa250ebe131c6bdc524f37177200a20a39f8d846127997c1913aa347eb4b7d849,"[{""trait_type"":""Glasses"",""value"":""Purple Round Glasses""},{""trait_type"":""Mouth"",""value"":""Big Teeth""},{""trait_type"":""Background"",""value"":""Black with Red Pixels""},{""trait_type"":""Body"",""value"":""Aliien""},{""trait_type"":""Outfits"",""value"":""White Shirt""},{""trait_type"":""Hairs"",""value"":""Blonde Quiff Haircut""}]"
227,1360108,0xedf0e0979cd64f8080b562cccd676ade17f5b33956d4ab879877595b3f1942cf,"[{""trait_type"":""Glasses"",""value"":""Yellow Round Glasses""},{""trait_type"":""Mouth"",""value"":""Braces""},{""trait_type"":""Background"",""value"":""Green with Jay Force Symbol""},{""trait_type"":""Body"",""value"":""Aliien""},{""trait_type"":""Outfits"",""value"":""White Shirt""},{""trait_type"":""Hairs"",""value"":""Crystal Crown""}]"
226,1358719,0x2b3b7ddcb361c5e1a50e6789bcc1c386eea8dc1d356c1788eccc5b98ffecc47a,"[{""trait_type"":""Glasses"",""value"":""Purple Glasses""},{""trait_type"":""Mouth"",""value"":""Fuck ""},{""trait_type"":""Background"",""value"":""Cloudy #2""},{""trait_type"":""Body"",""value"":""Robotic""},{""trait_type"":""Outfits"",""value"":""Black Shirt ""},{""trait_type"":""Hairs"",""value"":""Top Hat""}]"
225,1360143,0xed01750075eeb2fbc26609768f5252a3730a38e9cd0aca244d880e8056255d12,"[{""trait_type"":""Glasses"",""value"":""Based Eyes""},{""trait_type"":""Mouth"",""value"":""Smile""},{""trait_type"":""Background"",""value"":""Black with Red Pixels""},{""trait_type"":""Body"",""value"":""Galaxy""},{""trait_type"":""Outfits"",""value"":""Yellow Shirt ""},{""trait_type"":""Hairs"",""value"":""Rasta Hat""}]"
224,1359792,0x19c4cf38e0dd492818f967aaf122b16ccdff2b3b13191058e3438f9164b1c0ba,"[{""trait_type"":""Glasses"",""value"":""Green Rectangular Glasses""},{""trait_type"":""Mouth"",""value"":""Cigerette""},{""trait_type"":""Background"",""value"":""Sparkles""},{""trait_type"":""Body"",""value"":""Aliien""},{""trait_type"":""Outfits"",""value"":""Blue Shirt 2""},{""trait_type"":""Hairs"",""value"":""Ice Cream hat""}]"
223,1359884,0x3539f584a470871661fa272a5bfb24692516606431e616550e922eb7975b8cd9,"[{""trait_type"":""Glasses"",""value"":""Yellow 3D Glasses""},{""trait_type"":""Mouth"",""value"":""Braces""},{""trait_type"":""Background"",""value"":""Cloudy""},{""trait_type"":""Body"",""value"":""Skinny""},{""trait_type"":""Outfits"",""value"":""Black Shirt ""},{""trait_type"":""Hairs"",""value"":""Afro with Comb""}]"
222,1358772,0xc377845c8f8bd8777dc60d642b705d2963c777981134de24440cdb3b56115ce3,"[{""trait_type"":""Glasses"",""value"":""VR""},{""trait_type"":""Mouth"",""value"":""Big Teeth""},{""trait_type"":""Background"",""value"":""Black with Red Pixels""},{""trait_type"":""Body"",""value"":""Skinny""},{""trait_type"":""Outfits"",""value"":""White Shirt""},{""trait_type"":""Hairs"",""value"":""Santa Hat""}]"
221,1359099,0x2f2ed9c0d0289ac19249f4a2952824b898e753d11f5eca597b9ef5b2e4d0d96f,"[{""trait_type"":""Glasses"",""value"":""Green Round Glasses""},{""trait_type"":""Mouth"",""value"":""Smile""},{""trait_type"":""Background"",""value"":""Cloudy""},{""trait_type"":""Body"",""value"":""Aliien""},{""trait_type"":""Outfits"",""value"":""Green Shirt 2""},{""trait_type"":""Hairs"",""value"":""sombrero hat""}]"
220,1359586,0x09e7e251163bbf85686bbda3f56039f7e66fb6738807770e3fd2db75b54ccfc4,"[{""trait_type"":""Glasses"",""value"":""Black VR""},{""trait_type"":""Mouth"",""value"":""Smile""},{""trait_type"":""Background"",""value"":""Sparkles""},{""trait_type"":""Body"",""value"":""Robotic Fat""},{""trait_type"":""Outfits"",""value"":""Blue Shirt""},{""trait_type"":""Hairs"",""value"":""Red Quiff Haircut""}]"
219,1359506,0x64b94c2a0c3803f1db4ddcc53819bde3ecf24d921ab6d0bf85843c9862c960d6,"[{""trait_type"":""Glasses"",""value"":""Black Round Glasses""},{""trait_type"":""Mouth"",""value"":""Sad""},{""trait_type"":""Background"",""value"":""Sparkels 2""},{""trait_type"":""Body"",""value"":""Fat""},{""trait_type"":""Outfits"",""value"":""Black Suit""},{""trait_type"":""Hairs"",""value"":""Fisherman Hat""}]"
218,1358524,0x15f761fbf2c7f6929897a6ec2bcb5e054fbd0ae61fd771650f5e671cff93e217,"[{""trait_type"":""Glasses"",""value"":""Yellow Rectangular Glasses""},{""trait_type"":""Mouth"",""value"":""Smile""},{""trait_type"":""Background"",""value"":""Black with Red Pixels""},{""trait_type"":""Body"",""value"":""Zoombie""},{""trait_type"":""Outfits"",""value"":""Orange Suit ""},{""trait_type"":""Hairs"",""value"":""sombrero hat""}]"
217,1358792,0x06fac078c6f67b251ae523bc5115fb02c14e4223ae8aff8989d108fb3843140d,"[{""trait_type"":""Glasses"",""value"":""Yellow 3D Glasses""},{""trait_type"":""Mouth"",""value"":""Braces""},{""trait_type"":""Background"",""value"":""Moon""},{""trait_type"":""Body"",""value"":""Galaxy Fat""},{""trait_type"":""Outfits"",""value"":""Blue Shirt 2""},{""trait_type"":""Hairs"",""value"":""Black Messi Hairs""}]"
216,1360316,0x9f664f1936d3c287047ceef43257c632e5b4172896235ebe0b964ceefaaccd30,"[{""trait_type"":""Glasses"",""value"":""3D Glasses""},{""trait_type"":""Mouth"",""value"":""Sad""},{""trait_type"":""Background"",""value"":""Sparkles""},{""trait_type"":""Body"",""value"":""Skinny""},{""trait_type"":""Outfits"",""value"":""Black Shirt ""},{""trait_type"":""Hairs"",""value"":""Red Messi Hairs""}]"
215,1360751,0xb3098426fc191aa472baa77553af86ca6355019485a2c0591230024b0953f695,"[{""trait_type"":""Glasses"",""value"":""Red Round Glasses""},{""trait_type"":""Mouth"",""value"":""Big Teeth""},{""trait_type"":""Background"",""value"":""Sparkles""},{""trait_type"":""Body"",""value"":""Golden""},{""trait_type"":""Outfits"",""value"":""Red Shirt 2""},{""trait_type"":""Hairs"",""value"":""Beanie""}]"
214,1358649,0x8393a1950c26c930cfd535c81f44640e8e4940c2cffd0be68026f072c10688d7,"[{""trait_type"":""Glasses"",""value"":""Based Eyes""},{""trait_type"":""Mouth"",""value"":""Smile""},{""trait_type"":""Background"",""value"":""Green with red Pixels""},{""trait_type"":""Body"",""value"":""Fat""},{""trait_type"":""Outfits"",""value"":""Purple Shirt 2""},{""trait_type"":""Hairs"",""value"":""Red Short Hairs""}]"
213,1358469,0x88e647f742a74dc49be4a8efda88bef952244018d0ba6994268bd3d8f9ef6dec,"[{""trait_type"":""Glasses"",""value"":""Purple VR""},{""trait_type"":""Mouth"",""value"":""Big Teeth""},{""trait_type"":""Background"",""value"":""Cloudy #2""},{""trait_type"":""Body"",""value"":""Fat Alien""},{""trait_type"":""Outfits"",""value"":""Yellow Tie""},{""trait_type"":""Hairs"",""value"":""Ice Cream hat""}]"
212,1359295,0x669e8376fa211cbc9e141a434d10d17158fe5d1e52b3cfc68d59a3a4dbb23909,"[{""trait_type"":""Glasses"",""value"":""Black Round Glasses""},{""trait_type"":""Mouth"",""value"":""Braces""},{""trait_type"":""Background"",""value"":""Black with Red Pixels""},{""trait_type"":""Body"",""value"":""Robotic Fat""},{""trait_type"":""Outfits"",""value"":""Red Tie""},{""trait_type"":""Hairs"",""value"":""Afro with Comb""}]"
211,1360048,0x586d418b17fb4df3c464bd19f934645fb2f892c81436b180760e6e1ee40e65a7,"[{""trait_type"":""Glasses"",""value"":""Black Rectangular Glasses""},{""trait_type"":""Mouth"",""value"":""Big Teeth""},{""trait_type"":""Background"",""value"":""Night Scene""},{""trait_type"":""Body"",""value"":""Aliien""},{""trait_type"":""Outfits"",""value"":""Green Tie""},{""trait_type"":""Hairs"",""value"":""Blonde Bowl cut""}]"
210,1360123,0x844515c6db41bcb92e53c707cf6f19fdf2972e688212946e9380ac90378767d0,"[{""trait_type"":""Glasses"",""value"":""Purple VR""},{""trait_type"":""Mouth"",""value"":""Smile""},{""trait_type"":""Background"",""value"":""Cloudy #2""},{""trait_type"":""Body"",""value"":""Fat""},{""trait_type"":""Outfits"",""value"":""Purple Suit""},{""trait_type"":""Hairs"",""value"":""Brown Bowl cut""}]"
209,1360046,0xb2e22752f88f5af80f4b5ce6be72525856f3f93a8b938207e1a52782f4f17d23,"[{""trait_type"":""Glasses"",""value"":""Blue Round Glasses""},{""trait_type"":""Mouth"",""value"":""Braces""},{""trait_type"":""Background"",""value"":""Green with Jay Force Symbol""},{""trait_type"":""Body"",""value"":""Fat Alien""},{""trait_type"":""Outfits"",""value"":""Black Suit ""},{""trait_type"":""Hairs"",""value"":""Red Short Hairs""}]"
208,1359181,0xfcea3b9b6f99e995a107ce02ac2eded54a50001e44a392fadb68ad238f5f4d89,"[{""trait_type"":""Glasses"",""value"":""Purple Glasses""},{""trait_type"":""Mouth"",""value"":""Braces""},{""trait_type"":""Background"",""value"":""Black with Red Pixels""},{""trait_type"":""Body"",""value"":""Galaxy Fat""},{""trait_type"":""Outfits"",""value"":""Brown Suit  ""},{""trait_type"":""Hairs"",""value"":""Blonde Short Hairs""}]"
207,1359783,0x37389606a8d5c9e7f8d12d27800c75a8ad1254e19be9688fe1a1d3844bf1ec60,"[{""trait_type"":""Glasses"",""value"":""Yellow Rectangular Glasses""},{""trait_type"":""Mouth"",""value"":""Cigerette""},{""trait_type"":""Background"",""value"":""Cloudy #2""},{""trait_type"":""Body"",""value"":""Aliien""},{""trait_type"":""Outfits"",""value"":""Black Jacket""},{""trait_type"":""Hairs"",""value"":""sombrero hat""}]"
206,1359380,0x65998783c5bf33c7847b1709a07fe3224de79fb362e4fb248260e3c64832cf38,"[{""trait_type"":""Glasses"",""value"":""Multicolored Glasses""},{""trait_type"":""Mouth"",""value"":""Braces""},{""trait_type"":""Background"",""value"":""Black with Red Pixels""},{""trait_type"":""Body"",""value"":""Robotic Fat""},{""trait_type"":""Outfits"",""value"":""Blue Shirt 2""},{""trait_type"":""Hairs"",""value"":""Black Messi Hairs""}]"
205,1358657,0xd6d4a5b3d6837181692222965e0c198ac9c958d8a317639e5b3aef0a856af4ac,"[{""trait_type"":""Glasses"",""value"":""Green Rectangular Glasses""},{""trait_type"":""Mouth"",""value"":""Sad""},{""trait_type"":""Background"",""value"":""Sparkels 2""},{""trait_type"":""Body"",""value"":""Golden""},{""trait_type"":""Outfits"",""value"":""Green Shirt 2""},{""trait_type"":""Hairs"",""value"":""Fisherman Hat""}]"
204,1360194,0xf598ef64c171a6d10b7a0d077a2c93167253948f26fc40e2ed4294c81a6d8612,"[{""trait_type"":""Glasses"",""value"":""3D Glasses ""},{""trait_type"":""Mouth"",""value"":""Pink Braces""},{""trait_type"":""Background"",""value"":""Cloudy #2""},{""trait_type"":""Body"",""value"":""Skinny""},{""trait_type"":""Outfits"",""value"":""Red Tie""},{""trait_type"":""Hairs"",""value"":""Black Bowl cut""}]"
203,1359210,0x66333506be41c500d311055b6b226e91cb294573f47081518f336d4b4790e10e,"[{""trait_type"":""Glasses"",""value"":""3D Glasses ""},{""trait_type"":""Mouth"",""value"":""Pink Braces""},{""trait_type"":""Background"",""value"":""Green with red Pixels""},{""trait_type"":""Body"",""value"":""Golden Fat""},{""trait_type"":""Outfits"",""value"":""Black Shirt ""},{""trait_type"":""Hairs"",""value"":""Top Hat""}]"
202,1360512,0x9becd5251b6114aa08a654df4076838babd783ff71f74c0f0c4f1db86353fa49,"[{""trait_type"":""Glasses"",""value"":""Green Rectangular Glasses""},{""trait_type"":""Mouth"",""value"":""Cigerette""},{""trait_type"":""Background"",""value"":""Black with Red Pixels""},{""trait_type"":""Body"",""value"":""Robotic""},{""trait_type"":""Outfits"",""value"":""Black Jacket""},{""trait_type"":""Hairs"",""value"":""Flower Crown""}]"
201,1359593,0xda8147f88e9c3418ecedeb90a3930795920d039711b20d2e66f469cd7c00ac80,"[{""trait_type"":""Glasses"",""value"":""Purple Glasses""},{""trait_type"":""Mouth"",""value"":""Pink Braces""},{""trait_type"":""Background"",""value"":""Night Scene""},{""trait_type"":""Body"",""value"":""Robotic Fat""},{""trait_type"":""Outfits"",""value"":""Green Tie""},{""trait_type"":""Hairs"",""value"":""Blonde Bowl cut""}]"
200,1360054,0x306f410a0f347c2a1e6daf60e56b7d688c61112b6dc0e559afec4495bf4ae7b0,"[{""trait_type"":""Glasses"",""value"":""Regular Glasses""},{""trait_type"":""Mouth"",""value"":""Big Teeth""},{""trait_type"":""Background"",""value"":""Green with red Pixels""},{""trait_type"":""Body"",""value"":""Golden""},{""trait_type"":""Outfits"",""value"":""Black Shirt ""},{""trait_type"":""Hairs"",""value"":""Black Quiff Haircut""}]"
199,1360195,0xf7e675d10fbe65f8703d2b5ceadd399c6a9cd9f9c53584d821652bfedaa4ffc9,"[{""trait_type"":""Glasses"",""value"":""Job Glasses""},{""trait_type"":""Mouth"",""value"":""Pink Braces""},{""trait_type"":""Background"",""value"":""Green with Jay Force Symbol""},{""trait_type"":""Body"",""value"":""Fat""},{""trait_type"":""Outfits"",""value"":""Space Suit""},{""trait_type"":""Hairs"",""value"":""Blonde Short Hairs""}]"
198,1360410,0x802820af0df960837da89c3ab9742d3a9ec3298689155a1f7374610dcba49940,"[{""trait_type"":""Glasses"",""value"":""Purple Glasses""},{""trait_type"":""Mouth"",""value"":""Fuck ""},{""trait_type"":""Background"",""value"":""Black with Red Pixels""},{""trait_type"":""Body"",""value"":""Golden""},{""trait_type"":""Outfits"",""value"":""Yellow Tie""},{""trait_type"":""Hairs"",""value"":""sombrero hat""}]"
197,1358694,0xe67e904c1617acd8aa783d8d2fbdbcccc1eb2f20685688b7917aaacda7bfa534,"[{""trait_type"":""Glasses"",""value"":""Purple Rectangular Glasses""},{""trait_type"":""Mouth"",""value"":""Braces""},{""trait_type"":""Background"",""value"":""Cloudy #2""},{""trait_type"":""Body"",""value"":""Skinny""},{""trait_type"":""Outfits"",""value"":""Brown Suit  ""},{""trait_type"":""Hairs"",""value"":""Black Short Hairs""}]"
196,1360069,0x26e6c437393c9914909fe2ef9fdf0c8d810037fa0dce93bc9878f4e6a8a64cea,"[{""trait_type"":""Glasses"",""value"":""Black Rectangular Glasses""},{""trait_type"":""Mouth"",""value"":""Pink Braces""},{""trait_type"":""Background"",""value"":""Cloudy #2""},{""trait_type"":""Body"",""value"":""Robotic""},{""trait_type"":""Outfits"",""value"":""Black Suit""},{""trait_type"":""Hairs"",""value"":""Blonde Messi Hairs""}]"
195,1360036,0xf17c9784a28efb8aca5549f04aa300c75ed8d82b1a14714ccc725aaa562132b0,"[{""trait_type"":""Glasses"",""value"":""Yellow Rectangular Glasses""},{""trait_type"":""Mouth"",""value"":""Sad""},{""trait_type"":""Background"",""value"":""Cloudy""},{""trait_type"":""Body"",""value"":""Galaxy Fat""},{""trait_type"":""Outfits"",""value"":""Purple Suit""},{""trait_type"":""Hairs"",""value"":""Red Messi Hairs""}]"
194,1360682,0x442944b24c6b161467c0c648f77173b319b8a3abe5df1b8fe6653cff108d0fb4,"[{""trait_type"":""Glasses"",""value"":""Gray Round Glasses""},{""trait_type"":""Mouth"",""value"":""Sad""},{""trait_type"":""Background"",""value"":""Green with Jay Force Symbol""},{""trait_type"":""Body"",""value"":""Robotic""},{""trait_type"":""Outfits"",""value"":""Blue Shirt""},{""trait_type"":""Hairs"",""value"":""sombrero hat""}]"
193,1359418,0x7a979b8d11b57ebd112a0ce9f8744fa724b8532cf9d81d5114e524b9667a217c,"[{""trait_type"":""Glasses"",""value"":""VR""},{""trait_type"":""Mouth"",""value"":""Big Teeth""},{""trait_type"":""Background"",""value"":""Moon""},{""trait_type"":""Body"",""value"":""Zoombie Fat""},{""trait_type"":""Outfits"",""value"":""Space Suit""},{""trait_type"":""Hairs"",""value"":""Blonde Messi Hairs""}]"
192,1359907,0x5f8f9a76a5b072752a5e1a4c5edb1f34757c320d2739e65365932a84150f3e6c,"[{""trait_type"":""Glasses"",""value"":""Yellow Rectangular Glasses""},{""trait_type"":""Mouth"",""value"":""Smile""},{""trait_type"":""Background"",""value"":""Black with Red Pixels""},{""trait_type"":""Body"",""value"":""Fat Alien""},{""trait_type"":""Outfits"",""value"":""Brown Suit  ""},{""trait_type"":""Hairs"",""value"":""Blonde Short Hairs""}]"
191,1360520,0x6980421ea565047c0e4441f41b31e1b8331386ed4f42c508a67e292170a91ee9,"[{""trait_type"":""Glasses"",""value"":""Sun Glasses""},{""trait_type"":""Mouth"",""value"":""Smile""},{""trait_type"":""Background"",""value"":""Night Scene""},{""trait_type"":""Body"",""value"":""Galaxy""},{""trait_type"":""Outfits"",""value"":""Brown Suit ""},{""trait_type"":""Hairs"",""value"":""sombrero hat""}]"
190,1359635,0x4d5e99a487cacb7ab245faa57e281e03900ef77177197c55972d9ca8eb7af0a1,"[{""trait_type"":""Glasses"",""value"":""Regular Glasses""},{""trait_type"":""Mouth"",""value"":""Sad""},{""trait_type"":""Background"",""value"":""Green with red Pixels""},{""trait_type"":""Body"",""value"":""Robotic Fat""},{""trait_type"":""Outfits"",""value"":""Brown Suit ""},{""trait_type"":""Hairs"",""value"":""Red Quiff Haircut""}]"
189,1360482,0x27e6ba9ba91a7621b77d80a43f949dc34d7308f1012476bb49e234d05c47776d,"[{""trait_type"":""Glasses"",""value"":""Yellow 3D Glasses""},{""trait_type"":""Mouth"",""value"":""Pink Braces""},{""trait_type"":""Background"",""value"":""Moon""},{""trait_type"":""Body"",""value"":""Golden Fat""},{""trait_type"":""Outfits"",""value"":""Green Shirt""},{""trait_type"":""Hairs"",""value"":""Fisherman Hat""}]"
188,1358578,0x3b56dc38bba0d3939233649f8b0358fae39ee482f2f5245c32e6bb6aae61751c,"[{""trait_type"":""Glasses"",""value"":""3D Glasses""},{""trait_type"":""Mouth"",""value"":""Fuck ""},{""trait_type"":""Background"",""value"":""Night Scene""},{""trait_type"":""Body"",""value"":""Zoombie""},{""trait_type"":""Outfits"",""value"":""Green Shirt 2""},{""trait_type"":""Hairs"",""value"":""Blonde Quiff Haircut""}]"
187,1359999,0x23193c926d5ba2e20a4796536e343f2982434ef2266d4ab083dd69174abbf6f8,"[{""trait_type"":""Glasses"",""value"":""Sun Glasses""},{""trait_type"":""Mouth"",""value"":""Smile""},{""trait_type"":""Background"",""value"":""Green with red Pixels""},{""trait_type"":""Body"",""value"":""Galaxy""},{""trait_type"":""Outfits"",""value"":""Purple Suit""},{""trait_type"":""Hairs"",""value"":""Blonde Quiff Haircut""}]"
186,1359243,0xeb04fa275b57fa0c6fbdf3aaeaf9800632fe45e0364493cedcf2f3a10f9ef851,"[{""trait_type"":""Glasses"",""value"":""VR""},{""trait_type"":""Mouth"",""value"":""Fuck ""},{""trait_type"":""Background"",""value"":""Sparkels 2""},{""trait_type"":""Body"",""value"":""Fat Alien""},{""trait_type"":""Outfits"",""value"":""Brown Suit""},{""trait_type"":""Hairs"",""value"":""Crystal Crown""}]"
185,1358505,0x53b2e7bc87e6cf2895f6fc16124b3e3a078154c61f9b253603fdfa8b8a3f9f8e,"[{""trait_type"":""Glasses"",""value"":""Circled Glasses""},{""trait_type"":""Mouth"",""value"":""Sad""},{""trait_type"":""Background"",""value"":""Cloudy""},{""trait_type"":""Body"",""value"":""Fat Alien""},{""trait_type"":""Outfits"",""value"":""Orange Suit ""},{""trait_type"":""Hairs"",""value"":""Blonde Quiff Haircut""}]"
184,1360563,0xb0b30d22fe9282e20f1fc3915e71be39ed357906668f1facb1040498353b76bb,"[{""trait_type"":""Glasses"",""value"":""Purple Rectangular Glasses""},{""trait_type"":""Mouth"",""value"":""Cigerette""},{""trait_type"":""Background"",""value"":""Sparkles""},{""trait_type"":""Body"",""value"":""Robotic""},{""trait_type"":""Outfits"",""value"":""Brown Suit ""},{""trait_type"":""Hairs"",""value"":""Black Messi Hairs""}]"
183,1359745,0xbea212e31a6cd952fea4f2477d8d446e335cb768cf547a1228120a93b3c4072e,"[{""trait_type"":""Glasses"",""value"":""Red Rectangular Glasses""},{""trait_type"":""Mouth"",""value"":""Smile""},{""trait_type"":""Background"",""value"":""Green with Jay Force Symbol""},{""trait_type"":""Body"",""value"":""Aliien""},{""trait_type"":""Outfits"",""value"":""Black Jacket""},{""trait_type"":""Hairs"",""value"":""Crystal Crown""}]"
182,1358631,0x9c5e5203248a9d5df3aaa3f90e452c540be99f7e2f747a12594a90b9d4d47345,"[{""trait_type"":""Glasses"",""value"":""VR""},{""trait_type"":""Mouth"",""value"":""Pink Braces""},{""trait_type"":""Background"",""value"":""Black with Red Pixels""},{""trait_type"":""Body"",""value"":""Skinny""},{""trait_type"":""Outfits"",""value"":""Space Suit""},{""trait_type"":""Hairs"",""value"":""Mushroom Hat""}]"
181,1359489,0xad626470a1f88d442d2f4393e8f5acd6ec0a6f4e666430f48dee6dadf7a3c4e4,"[{""trait_type"":""Glasses"",""value"":""Purple Rectangular Glasses""},{""trait_type"":""Mouth"",""value"":""Braces""},{""trait_type"":""Background"",""value"":""Black with Red Pixels""},{""trait_type"":""Body"",""value"":""Robotic Fat""},{""trait_type"":""Outfits"",""value"":""Black Shirt ""},{""trait_type"":""Hairs"",""value"":""Black Messi Hairs""}]"
180,1360727,0x66915b9fbca3d3863407e56a225966245dea52985e0c8f96d700240611636438,"[{""trait_type"":""Glasses"",""value"":""3D Glasses ""},{""trait_type"":""Mouth"",""value"":""Fuck ""},{""trait_type"":""Background"",""value"":""Sparkels 2""},{""trait_type"":""Body"",""value"":""Golden""},{""trait_type"":""Outfits"",""value"":""White Shirt""},{""trait_type"":""Hairs"",""value"":""Red Messi Hairs""}]"
179,1359927,0xc7995ec12fe73f5ae16bd3c7112b8c0515d85d14ad9659ce17b8dada037afa8a,"[{""trait_type"":""Glasses"",""value"":""Blue Rectangular Glasses""},{""trait_type"":""Mouth"",""value"":""Big Teeth""},{""trait_type"":""Background"",""value"":""Sparkels 2""},{""trait_type"":""Body"",""value"":""Golden""},{""trait_type"":""Outfits"",""value"":""Brown Suit ""},{""trait_type"":""Hairs"",""value"":""Black Messi Hairs""}]"
178,1360408,0x749790407657db8829b38fe80b7390b5ed06e7f1770b204cea167b44461a86eb,"[{""trait_type"":""Glasses"",""value"":""Green Rectangular Glasses""},{""trait_type"":""Mouth"",""value"":""Smile""},{""trait_type"":""Background"",""value"":""Black with Red Pixels""},{""trait_type"":""Body"",""value"":""Galaxy""},{""trait_type"":""Outfits"",""value"":""Red Shirt 2""},{""trait_type"":""Hairs"",""value"":""Black Hairs""}]"
177,1360112,0x76a948dee5f5f26a632c5689ac3be387102d0678cf39c3c4aa1a77cbfc17adee,"[{""trait_type"":""Glasses"",""value"":""Red Round Glasses""},{""trait_type"":""Mouth"",""value"":""Sad""},{""trait_type"":""Background"",""value"":""Moon""},{""trait_type"":""Body"",""value"":""Fat Alien""},{""trait_type"":""Outfits"",""value"":""Blue Shirt 2""},{""trait_type"":""Hairs"",""value"":""Blonde Short Hairs""}]"
176,1360703,0xedd6825ae10f956773d6db8a11dc54ef2db13cfd5ed8ade406acbfb83d865c59,"[{""trait_type"":""Glasses"",""value"":""Purple VR""},{""trait_type"":""Mouth"",""value"":""Sad""},{""trait_type"":""Background"",""value"":""Night Scene""},{""trait_type"":""Body"",""value"":""Galaxy Fat""},{""trait_type"":""Outfits"",""value"":""Black Suit""},{""trait_type"":""Hairs"",""value"":""Yellow Top Hat""}]"
175,1359571,0x60ec3921cdb52e82e3c8621007aa79785145427bfb8fa44d475fc0ba97118d12,"[{""trait_type"":""Glasses"",""value"":""Gray Round Glasses""},{""trait_type"":""Mouth"",""value"":""Cigerette""},{""trait_type"":""Background"",""value"":""Cloudy #2""},{""trait_type"":""Body"",""value"":""Golden""},{""trait_type"":""Outfits"",""value"":""Black Suit ""},{""trait_type"":""Hairs"",""value"":""Flower Crown""}]"
174,1359433,0xb0da6107a5d283bf1b0e17abf85d0a70831709e8e5c5d77bde8b104493318e02,"[{""trait_type"":""Glasses"",""value"":""Black Rectangular Glasses""},{""trait_type"":""Mouth"",""value"":""Smile""},{""trait_type"":""Background"",""value"":""Cloudy""},{""trait_type"":""Body"",""value"":""Fat""},{""trait_type"":""Outfits"",""value"":""Red Tie""},{""trait_type"":""Hairs"",""value"":""Yellow Top Hat""}]"
173,1359856,0xbcff282a90fac6dbfc058d40a6ce8d0b133641abd4bc4fcac6a8e802ec74fd66,"[{""trait_type"":""Glasses"",""value"":""Black VR""},{""trait_type"":""Mouth"",""value"":""Smile""},{""trait_type"":""Background"",""value"":""Cloudy""},{""trait_type"":""Body"",""value"":""Galaxy Fat""},{""trait_type"":""Outfits"",""value"":""Red Tie""},{""trait_type"":""Hairs"",""value"":""Blonde Short Hairs""}]"
172,1359434,0xbfe5b100aea36207e0daef8b5d5ff76256e881b611382611adf4889ee9faf7c1,"[{""trait_type"":""Glasses"",""value"":""Green Round Glasses""},{""trait_type"":""Mouth"",""value"":""Sad""},{""trait_type"":""Background"",""value"":""Moon""},{""trait_type"":""Body"",""value"":""Zoombie""},{""trait_type"":""Outfits"",""value"":""Brown Suit  ""},{""trait_type"":""Hairs"",""value"":""Red Quiff Haircut""}]"
171,1358548,0x9465fce5809484fc13c20bb9d27a1fa1268de2a221bd9ff44a5fb369b4b7947d,"[{""trait_type"":""Glasses"",""value"":""Black VR""},{""trait_type"":""Mouth"",""value"":""Fuck ""},{""trait_type"":""Background"",""value"":""Sparkles""},{""trait_type"":""Body"",""value"":""Robotic Fat""},{""trait_type"":""Outfits"",""value"":""Black Shirt ""},{""trait_type"":""Hairs"",""value"":""Black Quiff Haircut""}]"
170,1358982,0x6b28570b4b3d189326ff280d2190e6a2ca6570b64b9cf853abd630ea39a4425b,"[{""trait_type"":""Glasses"",""value"":""Gray Round Glasses""},{""trait_type"":""Mouth"",""value"":""Sad""},{""trait_type"":""Background"",""value"":""Sparkels 2""},{""trait_type"":""Body"",""value"":""Golden Fat""},{""trait_type"":""Outfits"",""value"":""Blue Shirt 2""},{""trait_type"":""Hairs"",""value"":""Black Quiff Haircut""}]"
169,1360144,0x1ce6639ac06207e8df68884352ebd5ba4e9b0c93ebda0fa20e26672d7126edb3,"[{""trait_type"":""Glasses"",""value"":""Blue Rectangular Glasses""},{""trait_type"":""Mouth"",""value"":""Smile""},{""trait_type"":""Background"",""value"":""Green with red Pixels""},{""trait_type"":""Body"",""value"":""Skinny""},{""trait_type"":""Outfits"",""value"":""Blue Shirt""},{""trait_type"":""Hairs"",""value"":""Beanie""}]"
168,1358799,0xe88cf19fc88e95ca94f7dee2e68bdd3165284e6c2042f1691cadb59996b06393,"[{""trait_type"":""Glasses"",""value"":""Purple Round Glasses""},{""trait_type"":""Mouth"",""value"":""Fuck ""},{""trait_type"":""Background"",""value"":""Cloudy #2""},{""trait_type"":""Body"",""value"":""Skinny""},{""trait_type"":""Outfits"",""value"":""Brown Suit""},{""trait_type"":""Hairs"",""value"":""Black Messi Hairs""}]"
167,1359127,0x03fda37889ee5f13aef48edc842e149fbebb988b85d26eea2a4d627c6876c923,"[{""trait_type"":""Glasses"",""value"":""Yellow Round Glasses""},{""trait_type"":""Mouth"",""value"":""Smile""},{""trait_type"":""Background"",""value"":""Moon""},{""trait_type"":""Body"",""value"":""Golden Fat""},{""trait_type"":""Outfits"",""value"":""Green Shirt 2""},{""trait_type"":""Hairs"",""value"":""Black Quiff Haircut""}]"
166,1358450,0xf6978e185607331f48ba8e477ed284aa9c3485c3146bfabf576ebef34ed6f22e,"[{""trait_type"":""Glasses"",""value"":""Green Rectangular Glasses""},{""trait_type"":""Mouth"",""value"":""Sad""},{""trait_type"":""Background"",""value"":""Green with red Pixels""},{""trait_type"":""Body"",""value"":""Golden""},{""trait_type"":""Outfits"",""value"":""Blue Shirt""},{""trait_type"":""Hairs"",""value"":""Blonde Hairs""}]"
165,1359539,0x92ad149d0220458b6997cc0ed8de66c0921fea15b8e8d56506c4a74f8cde07a7,"[{""trait_type"":""Glasses"",""value"":""Sun Glasses""},{""trait_type"":""Mouth"",""value"":""Smile""},{""trait_type"":""Background"",""value"":""Cloudy""},{""trait_type"":""Body"",""value"":""Fat""},{""trait_type"":""Outfits"",""value"":""Brown Suit""},{""trait_type"":""Hairs"",""value"":""Fisherman Hat""}]"
164,1359622,0x2c4fa90649086e9308a801163ca2c93f19b94862a65c0bf7feb69c2dd6643bd9,"[{""trait_type"":""Glasses"",""value"":""VR""},{""trait_type"":""Mouth"",""value"":""Sad""},{""trait_type"":""Background"",""value"":""Black with Red Pixels""},{""trait_type"":""Body"",""value"":""Robotic Fat""},{""trait_type"":""Outfits"",""value"":""Space Suit""},{""trait_type"":""Hairs"",""value"":""Blonde Messi Hairs""}]"
163,1359472,0x34a9749b28fcc503e3aea7ac961a44bb301d78f29eef0e152ff76bfdb9c61665,"[{""trait_type"":""Glasses"",""value"":""Gray Round Glasses""},{""trait_type"":""Mouth"",""value"":""Big Teeth""},{""trait_type"":""Background"",""value"":""Moon""},{""trait_type"":""Body"",""value"":""Aliien""},{""trait_type"":""Outfits"",""value"":""Purple Shirt 2""},{""trait_type"":""Hairs"",""value"":""Red Short Hairs""}]"
162,1359598,0x9b4c806633ba4d4f924b00682a17df753b2adcecd40614cccdf9ae363649f2bb,"[{""trait_type"":""Glasses"",""value"":""Green Rectangular Glasses""},{""trait_type"":""Mouth"",""value"":""Fuck ""},{""trait_type"":""Background"",""value"":""Moon""},{""trait_type"":""Body"",""value"":""Skinny""},{""trait_type"":""Outfits"",""value"":""Purple Shirt 2""},{""trait_type"":""Hairs"",""value"":""Rasta Hat""}]"
161,1360660,0xe24abf26139f7b3b0f27e3dc14c7e205f18715b6c2e5cc95c0638d643b8e2c88,"[{""trait_type"":""Glasses"",""value"":""Red Round Glasses""},{""trait_type"":""Mouth"",""value"":""Braces""},{""trait_type"":""Background"",""value"":""Cloudy""},{""trait_type"":""Body"",""value"":""Zoombie Fat""},{""trait_type"":""Outfits"",""value"":""Red Tie""},{""trait_type"":""Hairs"",""value"":""Fisherman Hat""}]"
160,1358925,0x2e4faab71f5b829a108acb9d4c5f328c1f2e5a183bcaa2dfab2c71bf4d4f2887,"[{""trait_type"":""Glasses"",""value"":""Yellow 3D Glasses""},{""trait_type"":""Mouth"",""value"":""Sad""},{""trait_type"":""Background"",""value"":""Night Scene""},{""trait_type"":""Body"",""value"":""Galaxy Fat""},{""trait_type"":""Outfits"",""value"":""Purple Shirt 2""},{""trait_type"":""Hairs"",""value"":""Santa Hat""}]"
159,1359193,0x83a441bf6f55b70b570374ad5e44734bbe4f91cbc052da3632801ffabc149c7f,"[{""trait_type"":""Glasses"",""value"":""3D Glasses ""},{""trait_type"":""Mouth"",""value"":""Pink Braces""},{""trait_type"":""Background"",""value"":""Sparkels 2""},{""trait_type"":""Body"",""value"":""Golden""},{""trait_type"":""Outfits"",""value"":""Blue Shirt 2""},{""trait_type"":""Hairs"",""value"":""Red Short Hairs""}]"
158,1360517,0x244f4cc8c804f5c21673320f90428887dca16488ae88fd390d4d0155806f7afe,"[{""trait_type"":""Glasses"",""value"":""Regular Glasses""},{""trait_type"":""Mouth"",""value"":""Braces""},{""trait_type"":""Background"",""value"":""Cloudy #2""},{""trait_type"":""Body"",""value"":""Zoombie""},{""trait_type"":""Outfits"",""value"":""Space Suit""},{""trait_type"":""Hairs"",""value"":""Santa Hat""}]"
157,1360616,0xf6892d1f279f71970086073c48b6a2bfd2ee0006817f671a20c45c4f31424241,"[{""trait_type"":""Glasses"",""value"":""VR""},{""trait_type"":""Mouth"",""value"":""Pink Braces""},{""trait_type"":""Background"",""value"":""Night Scene""},{""trait_type"":""Body"",""value"":""Skinny""},{""trait_type"":""Outfits"",""value"":""Brown Suit  ""},{""trait_type"":""Hairs"",""value"":""Blonde Messi Hairs""}]"
156,1358675,0x372537a985d15402142ac2b6673dc193e46119995dfc17ea33d7a4115bd1b120,"[{""trait_type"":""Glasses"",""value"":""Purple VR""},{""trait_type"":""Mouth"",""value"":""Cigerette""},{""trait_type"":""Background"",""value"":""Cloudy""},{""trait_type"":""Body"",""value"":""Galaxy Fat""},{""trait_type"":""Outfits"",""value"":""Purple Shirt 2""},{""trait_type"":""Hairs"",""value"":""Fisherman Hat""}]"
155,1360371,0x8ea3a2fa62be10dce1233964da49e3cee5a873e2ebb837fcd6dd8cc006edd77d,"[{""trait_type"":""Glasses"",""value"":""Blue Round Glasses""},{""trait_type"":""Mouth"",""value"":""Cigerette""},{""trait_type"":""Background"",""value"":""Moon""},{""trait_type"":""Body"",""value"":""Golden Fat""},{""trait_type"":""Outfits"",""value"":""Yellow Shirt ""},{""trait_type"":""Hairs"",""value"":""Red Bowl cut""}]"
154,1358791,0xc2587989dcd7ad6d7564602c5f48764a1301d1131700686101f9bb9e6853c328,"[{""trait_type"":""Glasses"",""value"":""Gray Round Glasses""},{""trait_type"":""Mouth"",""value"":""Sad""},{""trait_type"":""Background"",""value"":""Green with Jay Force Symbol""},{""trait_type"":""Body"",""value"":""Fat Alien""},{""trait_type"":""Outfits"",""value"":""Green Shirt""},{""trait_type"":""Hairs"",""value"":""Black Hairs""}]"
153,1358747,0x5e41a3ee582cc3b5e4eaf278d419e3c1489a56516289a3db940a20fe736eed4f,"[{""trait_type"":""Glasses"",""value"":""3D Glasses ""},{""trait_type"":""Mouth"",""value"":""Sad""},{""trait_type"":""Background"",""value"":""Cloudy""},{""trait_type"":""Body"",""value"":""Galaxy Fat""},{""trait_type"":""Outfits"",""value"":""Green Tie""},{""trait_type"":""Hairs"",""value"":""sombrero hat""}]"
152,1359847,0xb8b9201f40e15bd7da8ad48f95fd741f664202626a90e02dd7e083db7b3c8c8e,"[{""trait_type"":""Glasses"",""value"":""Job Glasses""},{""trait_type"":""Mouth"",""value"":""Cigerette""},{""trait_type"":""Background"",""value"":""Cloudy #2""},{""trait_type"":""Body"",""value"":""Zoombie Fat""},{""trait_type"":""Outfits"",""value"":""Brown Suit  ""},{""trait_type"":""Hairs"",""value"":""Blonde Messi Hairs""}]"
151,1359557,0x87bec250c02d79feaf485f01667927c68968886ed36f8f80cb11aa263f09b2d2,"[{""trait_type"":""Glasses"",""value"":""VR""},{""trait_type"":""Mouth"",""value"":""Pink Braces""},{""trait_type"":""Background"",""value"":""Moon""},{""trait_type"":""Body"",""value"":""Galaxy Fat""},{""trait_type"":""Outfits"",""value"":""Space Suit""},{""trait_type"":""Hairs"",""value"":""Beanie""}]"
150,1359985,0xa6a567b575499bfbe734cc9f8b0813b0435bcb9779455790c755fd1dd1543ee2,"[{""trait_type"":""Glasses"",""value"":""Black Rectangular Glasses""},{""trait_type"":""Mouth"",""value"":""Smile""},{""trait_type"":""Background"",""value"":""Black with Red Pixels""},{""trait_type"":""Body"",""value"":""Skinny""},{""trait_type"":""Outfits"",""value"":""Green Tie""},{""trait_type"":""Hairs"",""value"":""Black Hairs""}]"
149,1359497,0x78987a5411f33c83f7142b41beafab91640c65fec59487c630f976cbf7bcf71c,"[{""trait_type"":""Glasses"",""value"":""Purple Rectangular Glasses""},{""trait_type"":""Mouth"",""value"":""Pink Braces""},{""trait_type"":""Background"",""value"":""Green with Jay Force Symbol""},{""trait_type"":""Body"",""value"":""Zoombie""},{""trait_type"":""Outfits"",""value"":""Blue Shirt""},{""trait_type"":""Hairs"",""value"":""Yellow Top Hat""}]"
148,1359597,0xc6b048d3284adfaa6ad3397a9ef6a5fa7e3c2d8a235865684424960331b9a930,"[{""trait_type"":""Glasses"",""value"":""Black Round Glasses""},{""trait_type"":""Mouth"",""value"":""Braces""},{""trait_type"":""Background"",""value"":""Night Scene""},{""trait_type"":""Body"",""value"":""Skinny""},{""trait_type"":""Outfits"",""value"":""Red Shirt 2""},{""trait_type"":""Hairs"",""value"":""Red Bowl cut""}]"
147,1359834,0x5ebd585383b1fcf431a25af23d54eab0c633e34a34f1d72a6615207c73f20c09,"[{""trait_type"":""Glasses"",""value"":""Black Rectangular Glasses""},{""trait_type"":""Mouth"",""value"":""Braces""},{""trait_type"":""Background"",""value"":""Green with Jay Force Symbol""},{""trait_type"":""Body"",""value"":""Golden""},{""trait_type"":""Outfits"",""value"":""Purple Suit""},{""trait_type"":""Hairs"",""value"":""Mushroom Hat""}]"
146,1359331,0xbd4afc7986adc16fae934fa69275adec588cad59f22b2554951de7ab51ddcabf,"[{""trait_type"":""Glasses"",""value"":""Faceless 1.png""},{""trait_type"":""Mouth"",""value"":""Smile""},{""trait_type"":""Background"",""value"":""Cloudy""},{""trait_type"":""Body"",""value"":""Galaxy""},{""trait_type"":""Outfits"",""value"":""Blue Shirt 2""},{""trait_type"":""Hairs"",""value"":""Red Bowl cut""}]"
145,1358555,0x2530d3a3a31e92398bf4f00e6d1658fe410d44d11577384fc3c99bee35f7323e,"[{""trait_type"":""Glasses"",""value"":""Yellow Rectangular Glasses""},{""trait_type"":""Mouth"",""value"":""Fuck ""},{""trait_type"":""Background"",""value"":""Moon""},{""trait_type"":""Body"",""value"":""Fat Alien""},{""trait_type"":""Outfits"",""value"":""Black Suit""},{""trait_type"":""Hairs"",""value"":""Black Hairs""}]"
144,1360372,0x55d62aa61d3108a1213a484102a1d0ab06cb324b2115e90c896341ee71a0369a,"[{""trait_type"":""Glasses"",""value"":""Multicolored Glasses""},{""trait_type"":""Mouth"",""value"":""Big Teeth""},{""trait_type"":""Background"",""value"":""Sparkles""},{""trait_type"":""Body"",""value"":""Fat""},{""trait_type"":""Outfits"",""value"":""Black Jacket""},{""trait_type"":""Hairs"",""value"":""Blonde Quiff Haircut""}]"
143,1359679,0xb62e4d5669e8b156c04ba42dfa18b2b00668cb692e4dc8cb7200a075b8b68dc3,"[{""trait_type"":""Glasses"",""value"":""Circled Glasses""},{""trait_type"":""Mouth"",""value"":""Sad""},{""trait_type"":""Background"",""value"":""Sparkels 2""},{""trait_type"":""Body"",""value"":""Fat""},{""trait_type"":""Outfits"",""value"":""White Shirt""},{""trait_type"":""Hairs"",""value"":""Rasta Hat""}]"
142,1360541,0x65c85158db1fa328bb61b21be96270ab5ed70a85cb66e154fe08f4fab8096152,"[{""trait_type"":""Glasses"",""value"":""Purple VR""},{""trait_type"":""Mouth"",""value"":""Pink Braces""},{""trait_type"":""Background"",""value"":""Green with Jay Force Symbol""},{""trait_type"":""Body"",""value"":""Robotic Fat""},{""trait_type"":""Outfits"",""value"":""Purple Shirt 2""},{""trait_type"":""Hairs"",""value"":""Red Messi Hairs""}]"
141,1360188,0x53e0fdeb4e5021fe8ce119b95600fcc8089a9b0738452f7ae8a7021697cb488e,"[{""trait_type"":""Glasses"",""value"":""3D Glasses ""},{""trait_type"":""Mouth"",""value"":""Cigerette""},{""trait_type"":""Background"",""value"":""Cloudy""},{""trait_type"":""Body"",""value"":""Skinny""},{""trait_type"":""Outfits"",""value"":""Black Suit""},{""trait_type"":""Hairs"",""value"":""Top Hat""}]"
140,1358673,0xf3da234955829f44a3b38d847cdee050f50e8208b596eac74c89aec456b61c4c,"[{""trait_type"":""Glasses"",""value"":""Black VR""},{""trait_type"":""Mouth"",""value"":""Sad""},{""trait_type"":""Background"",""value"":""Night Scene""},{""trait_type"":""Body"",""value"":""Galaxy""},{""trait_type"":""Outfits"",""value"":""Red Shirt 2""},{""trait_type"":""Hairs"",""value"":""Fisherman Hat""}]"
139,1359368,0x72d85b699a565ad76bb4fcaea6b1fafb44e8a14b779cd6688075337344e72b7d,"[{""trait_type"":""Glasses"",""value"":""Black VR""},{""trait_type"":""Mouth"",""value"":""Smile""},{""trait_type"":""Background"",""value"":""Night Scene""},{""trait_type"":""Body"",""value"":""Skinny""},{""trait_type"":""Outfits"",""value"":""Brown Suit""},{""trait_type"":""Hairs"",""value"":""Blonde Hairs""}]"
138,1360527,0x3b8ed7842bcbf3b7f83fba2a51d2151abb5ed9549fa13a501bb8f3c9c68ea75d,"[{""trait_type"":""Glasses"",""value"":""Gray Round Glasses""},{""trait_type"":""Mouth"",""value"":""Big Teeth""},{""trait_type"":""Background"",""value"":""Cloudy""},{""trait_type"":""Body"",""value"":""Aliien""},{""trait_type"":""Outfits"",""value"":""Black Suit""},{""trait_type"":""Hairs"",""value"":""Blonde Bowl cut""}]"
137,1359409,0xd15b0f564a766e41dce07ba120415fe80b4f1a8c9d2f99e6cb090b1f19ad4494,"[{""trait_type"":""Glasses"",""value"":""Black VR""},{""trait_type"":""Mouth"",""value"":""Braces""},{""trait_type"":""Background"",""value"":""Moon""},{""trait_type"":""Body"",""value"":""Galaxy""},{""trait_type"":""Outfits"",""value"":""Green Shirt 2""},{""trait_type"":""Hairs"",""value"":""Beanie""}]"
136,1359147,0xc63513974cdad4990652b603c1d850c4a4f2b0b6686018986b24dbc5ed72eb38,"[{""trait_type"":""Glasses"",""value"":""Green Rectangular Glasses""},{""trait_type"":""Mouth"",""value"":""Pink Braces""},{""trait_type"":""Background"",""value"":""Sparkels 2""},{""trait_type"":""Body"",""value"":""Skinny""},{""trait_type"":""Outfits"",""value"":""Green Shirt 2""},{""trait_type"":""Hairs"",""value"":""Santa Hat""}]"
135,1358910,0x9f883ae95024187c75c6e0719bccfbc7ae9f3419581b7cbed636d48f43c2a79a,"[{""trait_type"":""Glasses"",""value"":""3D Glasses ""},{""trait_type"":""Mouth"",""value"":""Braces""},{""trait_type"":""Background"",""value"":""Cloudy #2""},{""trait_type"":""Body"",""value"":""Galaxy""},{""trait_type"":""Outfits"",""value"":""Space Suit""},{""trait_type"":""Hairs"",""value"":""Beanie""}]"
134,1359588,0x02ab2ba9a604c0d39e76a216aee96464fe33f5e4f00805b5cac8ee8018dffd05,"[{""trait_type"":""Glasses"",""value"":""Purple VR""},{""trait_type"":""Mouth"",""value"":""Fuck ""},{""trait_type"":""Background"",""value"":""Green with red Pixels""},{""trait_type"":""Body"",""value"":""Galaxy""},{""trait_type"":""Outfits"",""value"":""Green Shirt 2""},{""trait_type"":""Hairs"",""value"":""Red Messi Hairs""}]"
133,1360497,0x2e765c2c1d9ceab03a551cc7cda6a982e037c8847f80d89472c231e6fc2e9752,"[{""trait_type"":""Glasses"",""value"":""Sun Glasses""},{""trait_type"":""Mouth"",""value"":""Braces""},{""trait_type"":""Background"",""value"":""Cloudy""},{""trait_type"":""Body"",""value"":""Skinny""},{""trait_type"":""Outfits"",""value"":""Blue Shirt 2""},{""trait_type"":""Hairs"",""value"":""Red Hairs""}]"
132,1360020,0xf0971417ea122ccf37a6e8ad353ce05016c6c08e56e719440943678acd2e27fc,"[{""trait_type"":""Glasses"",""value"":""Yellow 3D Glasses""},{""trait_type"":""Mouth"",""value"":""Sad""},{""trait_type"":""Background"",""value"":""Moon""},{""trait_type"":""Body"",""value"":""Zoombie""},{""trait_type"":""Outfits"",""value"":""Green Tie""},{""trait_type"":""Hairs"",""value"":""Blonde Short Hairs""}]"
131,1358752,0x41a83afab10a5aa727e584d9f8102c42a8c9fc5cc6c6338f3244743176409cb1,"[{""trait_type"":""Glasses"",""value"":""VR""},{""trait_type"":""Mouth"",""value"":""Sad""},{""trait_type"":""Background"",""value"":""Sparkles""},{""trait_type"":""Body"",""value"":""Fat""},{""trait_type"":""Outfits"",""value"":""Blue Shirt""},{""trait_type"":""Hairs"",""value"":""Mushroom Hat""}]"
130,1358900,0x2752b5efda3571c92fc5992235c05d3b8ea19f499909935a24fb3a7fdef24067,"[{""trait_type"":""Glasses"",""value"":""Green Round Glasses""},{""trait_type"":""Mouth"",""value"":""Smile""},{""trait_type"":""Background"",""value"":""Night Scene""},{""trait_type"":""Body"",""value"":""Golden""},{""trait_type"":""Outfits"",""value"":""Purple Tie""},{""trait_type"":""Hairs"",""value"":""Black Hairs""}]"
129,1358696,0x03980a4bd02082eaf0d8cc4dae4a349bd67a3fc0455531e7120dc70880f9d43a,"[{""trait_type"":""Glasses"",""value"":""Red Round Glasses""},{""trait_type"":""Mouth"",""value"":""Fuck ""},{""trait_type"":""Background"",""value"":""Green with red Pixels""},{""trait_type"":""Body"",""value"":""Fat""},{""trait_type"":""Outfits"",""value"":""Purple Shirt 2""},{""trait_type"":""Hairs"",""value"":""Black Messi Hairs""}]"
128,1359458,0xdd2ae5096edfcfc7f0a58abce9a6cbaea072654e83b61b0b0373ffeb64f7d05a,"[{""trait_type"":""Glasses"",""value"":""Red Round Glasses""},{""trait_type"":""Mouth"",""value"":""Fuck ""},{""trait_type"":""Background"",""value"":""Night Scene""},{""trait_type"":""Body"",""value"":""Robotic Fat""},{""trait_type"":""Outfits"",""value"":""Green Shirt 2""},{""trait_type"":""Hairs"",""value"":""Crystal Crown""}]"
127,1358924,0x5950eec0d796c5c3c4fe8caefe460c37d9324cded7613e60e397f1d632c67154,"[{""trait_type"":""Glasses"",""value"":""3D Glasses ""},{""trait_type"":""Mouth"",""value"":""Cigerette""},{""trait_type"":""Background"",""value"":""Moon""},{""trait_type"":""Body"",""value"":""Skinny""},{""trait_type"":""Outfits"",""value"":""Green Tie""},{""trait_type"":""Hairs"",""value"":""Blonde Bowl cut""}]"
126,1359382,0x6db166a74531e999b61e4bf9fe01b303a47b55ce5e20f92e5957820b9c9a590f,"[{""trait_type"":""Glasses"",""value"":""Multicolored Glasses""},{""trait_type"":""Mouth"",""value"":""Fuck ""},{""trait_type"":""Background"",""value"":""Night Scene""},{""trait_type"":""Body"",""value"":""Robotic""},{""trait_type"":""Outfits"",""value"":""Green Shirt 2""},{""trait_type"":""Hairs"",""value"":""Red Messi Hairs""}]"
125,1359978,0xc26960a8f8f50d5e785860570b004ba9ff6645f1df566b63b1cb856c0ee3f482,"[{""trait_type"":""Glasses"",""value"":""Regular Glasses""},{""trait_type"":""Mouth"",""value"":""Big Teeth""},{""trait_type"":""Background"",""value"":""Cloudy""},{""trait_type"":""Body"",""value"":""Fat""},{""trait_type"":""Outfits"",""value"":""Purple Shirt 2""},{""trait_type"":""Hairs"",""value"":""Blonde Hairs""}]"
124,1360133,0x30d04cd2ebdf439f2d24eb6cf9d0e7fce51690c96015991ee6f44e371669b413,"[{""trait_type"":""Glasses"",""value"":""Yellow Rectangular Glasses""},{""trait_type"":""Mouth"",""value"":""Fuck ""},{""trait_type"":""Background"",""value"":""Cloudy""},{""trait_type"":""Body"",""value"":""Golden""},{""trait_type"":""Outfits"",""value"":""Red Shirt 2""},{""trait_type"":""Hairs"",""value"":""Black Hairs""}]"
123,1360536,0x6edc9861fc2e38e9156d701b378a938bd4843a018f52fd9bd1c263d5bc2d51d1,"[{""trait_type"":""Glasses"",""value"":""Red Round Glasses""},{""trait_type"":""Mouth"",""value"":""Smile""},{""trait_type"":""Background"",""value"":""Moon""},{""trait_type"":""Body"",""value"":""Robotic""},{""trait_type"":""Outfits"",""value"":""Green Shirt""},{""trait_type"":""Hairs"",""value"":""Blonde Hairs""}]"
122,1359006,0x0671820a117cec01045470523ba063a9e6a97129f985d86ec492861bd9065dd1,"[{""trait_type"":""Glasses"",""value"":""Gray Round Glasses""},{""trait_type"":""Mouth"",""value"":""Smile""},{""trait_type"":""Background"",""value"":""Night Scene""},{""trait_type"":""Body"",""value"":""Zoombie Fat""},{""trait_type"":""Outfits"",""value"":""Green Shirt 2""},{""trait_type"":""Hairs"",""value"":""Blonde Quiff Haircut""}]"
121,1359672,0xb494359c471215d7e6459b96c2e3e3395aca7991e55b40165a5c197dfe49731c,"[{""trait_type"":""Glasses"",""value"":""Blue Rectangular Glasses""},{""trait_type"":""Mouth"",""value"":""Fuck ""},{""trait_type"":""Background"",""value"":""Moon""},{""trait_type"":""Body"",""value"":""Galaxy""},{""trait_type"":""Outfits"",""value"":""Blue Shirt""},{""trait_type"":""Hairs"",""value"":""Brown Bowl cut""}]"
120,1358458,0x1949ea7780b46342f215b3f0f4e6e0c3e8c8018be99cb7cc82dced3a367dc6cf,"[{""trait_type"":""Glasses"",""value"":""Regular Glasses""},{""trait_type"":""Mouth"",""value"":""Pink Braces""},{""trait_type"":""Background"",""value"":""Black with Red Pixels""},{""trait_type"":""Body"",""value"":""Golden""},{""trait_type"":""Outfits"",""value"":""Red Tie""},{""trait_type"":""Hairs"",""value"":""Black Short Hairs""}]"
119,1360339,0xeaa15073e986adc91592a5ede9ee414c381878aaf6671c7848322f5dfda4053d,"[{""trait_type"":""Glasses"",""value"":""Blue Rectangular Glasses""},{""trait_type"":""Mouth"",""value"":""Big Teeth""},{""trait_type"":""Background"",""value"":""Cloudy #2""},{""trait_type"":""Body"",""value"":""Fat""},{""trait_type"":""Outfits"",""value"":""Yellow Shirt ""},{""trait_type"":""Hairs"",""value"":""Rasta Hat""}]"
118,1359148,0x96a5a2eee16fb4cffbd2771a3ff2b921245405f8a341d7936eda0bbafddaa5b6,"[{""trait_type"":""Glasses"",""value"":""Circled Glasses""},{""trait_type"":""Mouth"",""value"":""Fuck ""},{""trait_type"":""Background"",""value"":""Green with Jay Force Symbol""},{""trait_type"":""Body"",""value"":""Fat""},{""trait_type"":""Outfits"",""value"":""Space Suit""},{""trait_type"":""Hairs"",""value"":""Red Messi Hairs""}]"
117,1359031,0x5abe43d399721767b155581e71229962513f7ecd0bcccb06863e836ecefe13a2,"[{""trait_type"":""Glasses"",""value"":""Green Rectangular Glasses""},{""trait_type"":""Mouth"",""value"":""Braces""},{""trait_type"":""Background"",""value"":""Moon""},{""trait_type"":""Body"",""value"":""Skinny""},{""trait_type"":""Outfits"",""value"":""Green Shirt 2""},{""trait_type"":""Hairs"",""value"":""Black Bowl cut""}]"
116,1360458,0xc202b59383c653a7a98bb0979e1e0c21304d7351c4941fe364e5e8f3a4b8d84c,"[{""trait_type"":""Glasses"",""value"":""Sun Glasses""},{""trait_type"":""Mouth"",""value"":""Braces""},{""trait_type"":""Background"",""value"":""Moon""},{""trait_type"":""Body"",""value"":""Robotic""},{""trait_type"":""Outfits"",""value"":""Blue Shirt 2""},{""trait_type"":""Hairs"",""value"":""Santa Hat""}]"
115,1360025,0x96ee381d4bfe433e47d883893c0d1d1cffab49c17a80bac4a8554cecf7387776,"[{""trait_type"":""Glasses"",""value"":""Regular Glasses""},{""trait_type"":""Mouth"",""value"":""Sad""},{""trait_type"":""Background"",""value"":""Green with red Pixels""},{""trait_type"":""Body"",""value"":""Skinny""},{""trait_type"":""Outfits"",""value"":""Purple Suit""},{""trait_type"":""Hairs"",""value"":""Fisherman Hat""}]"
114,1360715,0xd74fbf48e78afda9a57528e1e218d2666c08828ca0babc287728b8f0d40558b5,"[{""trait_type"":""Glasses"",""value"":""3D Glasses""},{""trait_type"":""Mouth"",""value"":""Sad""},{""trait_type"":""Background"",""value"":""Green with red Pixels""},{""trait_type"":""Body"",""value"":""Galaxy""},{""trait_type"":""Outfits"",""value"":""Brown Suit""},{""trait_type"":""Hairs"",""value"":""Red Messi Hairs""}]"
113,1359270,0x203a8294ef9ff636d7fe53533f7dbb0cab679df299dd061b37fbcf03d4e8fad7,"[{""trait_type"":""Glasses"",""value"":""Purple Glasses""},{""trait_type"":""Mouth"",""value"":""Pink Braces""},{""trait_type"":""Background"",""value"":""Moon""},{""trait_type"":""Body"",""value"":""Fat""},{""trait_type"":""Outfits"",""value"":""Black Shirt ""},{""trait_type"":""Hairs"",""value"":""Fisherman Hat""}]"
112,1358757,0xb1e722bfb5b459b422b2b88e78cf8ad801ad75e610efa70a5ac55c0e7be6d39f,"[{""trait_type"":""Glasses"",""value"":""Purple Rectangular Glasses""},{""trait_type"":""Mouth"",""value"":""Cigerette""},{""trait_type"":""Background"",""value"":""Cloudy #2""},{""trait_type"":""Body"",""value"":""Zoombie""},{""trait_type"":""Outfits"",""value"":""Red Shirt 2""},{""trait_type"":""Hairs"",""value"":""Santa Hat""}]"
111,1358597,0x89caaa44ba9791e466b7486f2f35eae772ec4db21680d954d98883d839023c17,"[{""trait_type"":""Glasses"",""value"":""Regular Glasses""},{""trait_type"":""Mouth"",""value"":""Cigerette""},{""trait_type"":""Background"",""value"":""Sparkels 2""},{""trait_type"":""Body"",""value"":""Golden Fat""},{""trait_type"":""Outfits"",""value"":""Yellow Shirt ""},{""trait_type"":""Hairs"",""value"":""Flower Crown""}]"
110,1360555,0x6adca0ec5336730a49eed33892f2a9d246fed2bc85eb7886ccef3bc665a1ad9d,"[{""trait_type"":""Glasses"",""value"":""Based Eyes""},{""trait_type"":""Mouth"",""value"":""Sad""},{""trait_type"":""Background"",""value"":""Green with red Pixels""},{""trait_type"":""Body"",""value"":""Galaxy""},{""trait_type"":""Outfits"",""value"":""Green Shirt 2""},{""trait_type"":""Hairs"",""value"":""Brown Bowl cut""}]"
109,1359623,0x8beca1886bbdec79b1aec8e91d38f3b9b30e75434952d2648509dd28588ff328,"[{""trait_type"":""Glasses"",""value"":""VR""},{""trait_type"":""Mouth"",""value"":""Braces""},{""trait_type"":""Background"",""value"":""Cloudy #2""},{""trait_type"":""Body"",""value"":""Golden Fat""},{""trait_type"":""Outfits"",""value"":""Black Shirt ""},{""trait_type"":""Hairs"",""value"":""Top Hat""}]"
108,1359827,0x58f8b9b9710db38c783a49f98cbaf4480bbdec6b1ae7f56145d7390b11ef1fa0,"[{""trait_type"":""Glasses"",""value"":""Purple Round Glasses""},{""trait_type"":""Mouth"",""value"":""Sad""},{""trait_type"":""Background"",""value"":""Green with Jay Force Symbol""},{""trait_type"":""Body"",""value"":""Golden Fat""},{""trait_type"":""Outfits"",""value"":""Space Suit""},{""trait_type"":""Hairs"",""value"":""Blonde Messi Hairs""}]"
107,1360629,0x0348c263d8c058382e828093a625cc52a004595115ef8c734ad559e76a374747,"[{""trait_type"":""Glasses"",""value"":""Black Round Glasses""},{""trait_type"":""Mouth"",""value"":""Cigerette""},{""trait_type"":""Background"",""value"":""Cloudy #2""},{""trait_type"":""Body"",""value"":""Fat""},{""trait_type"":""Outfits"",""value"":""Space Suit""},{""trait_type"":""Hairs"",""value"":""Top Hat""}]"
106,1359221,0x4004cb71bfa2f7a2d1726d30fde45dfa34f212ba457f9785a222b0e58278f624,"[{""trait_type"":""Glasses"",""value"":""Purple Glasses""},{""trait_type"":""Mouth"",""value"":""Fuck ""},{""trait_type"":""Background"",""value"":""Cloudy #2""},{""trait_type"":""Body"",""value"":""Zoombie""},{""trait_type"":""Outfits"",""value"":""Brown Suit ""},{""trait_type"":""Hairs"",""value"":""Blonde Messi Hairs""}]"
105,1358497,0x87b975405996a0b533c27e78abbc2cc28a53cae359d40659b71698e75520d408,"[{""trait_type"":""Glasses"",""value"":""VR""},{""trait_type"":""Mouth"",""value"":""Smile""},{""trait_type"":""Background"",""value"":""Cloudy""},{""trait_type"":""Body"",""value"":""Fat Alien""},{""trait_type"":""Outfits"",""value"":""Blue Shirt""},{""trait_type"":""Hairs"",""value"":""Ice Cream hat""}]"
104,1360570,0x3eb3d0af251b4aa38721f0b1f670baa3f1ce6d47ea9e3178ff22dca7759d85e8,"[{""trait_type"":""Glasses"",""value"":""Purple Glasses""},{""trait_type"":""Mouth"",""value"":""Cigerette""},{""trait_type"":""Background"",""value"":""Sparkels 2""},{""trait_type"":""Body"",""value"":""Galaxy""},{""trait_type"":""Outfits"",""value"":""Black Jacket""},{""trait_type"":""Hairs"",""value"":""Red Hairs""}]"
103,1359713,0x11712406563611aa2ed43df55e722bf2ca258d25807f48433a7bbac5fc73250b,"[{""trait_type"":""Glasses"",""value"":""Black Round Glasses""},{""trait_type"":""Mouth"",""value"":""Cigerette""},{""trait_type"":""Background"",""value"":""Black with Red Pixels""},{""trait_type"":""Body"",""value"":""Aliien""},{""trait_type"":""Outfits"",""value"":""Black Jacket""},{""trait_type"":""Hairs"",""value"":""Top Hat""}]"
102,1360122,0xf489d6ddd1df3d3e1a75875a906daa55b379f0d0d58824d5c3f4d38163f50dbc,"[{""trait_type"":""Glasses"",""value"":""Red Round Glasses""},{""trait_type"":""Mouth"",""value"":""Smile""},{""trait_type"":""Background"",""value"":""Sparkles""},{""trait_type"":""Body"",""value"":""Zoombie Fat""},{""trait_type"":""Outfits"",""value"":""Brown Suit ""},{""trait_type"":""Hairs"",""value"":""Crystal Crown""}]"
101,1360127,0xdd316e8d608586313423492a4eeca73035a04196f56d0aefcea808f3b948959d,"[{""trait_type"":""Glasses"",""value"":""Blue Rectangular Glasses""},{""trait_type"":""Mouth"",""value"":""Big Teeth""},{""trait_type"":""Background"",""value"":""Cloudy""},{""trait_type"":""Body"",""value"":""Fat""},{""trait_type"":""Outfits"",""value"":""Yellow Shirt ""},{""trait_type"":""Hairs"",""value"":""Brown Bowl cut""}]"
100,1358522,0xd8e8c881bcd322ce7414363eee8b5b3ee99b4b3d27fc82a16d692278ccd4fb7e,"[{""trait_type"":""Glasses"",""value"":""Purple Round Glasses""},{""trait_type"":""Mouth"",""value"":""Pink Braces""},{""trait_type"":""Background"",""value"":""Cloudy""},{""trait_type"":""Body"",""value"":""Aliien""},{""trait_type"":""Outfits"",""value"":""Yellow Shirt ""},{""trait_type"":""Hairs"",""value"":""Red Bowl cut""}]"
99,1360460,0x298b02341e46b5aa97c3728649bc49d5392ecc0fa699f1e9dcac1348a9dd5a36,"[{""trait_type"":""Glasses"",""value"":""Black VR""},{""trait_type"":""Mouth"",""value"":""Big Teeth""},{""trait_type"":""Background"",""value"":""Green with red Pixels""},{""trait_type"":""Body"",""value"":""Galaxy""},{""trait_type"":""Outfits"",""value"":""Black Suit ""},{""trait_type"":""Hairs"",""value"":""Red Bowl cut""}]"
98,1359638,0x8ade5cd6a4a8af8e3c1b20cb4030703722bdd693581c236df2197415070bc117,"[{""trait_type"":""Glasses"",""value"":""Regular Glasses""},{""trait_type"":""Mouth"",""value"":""Braces""},{""trait_type"":""Background"",""value"":""Night Scene""},{""trait_type"":""Body"",""value"":""Zoombie Fat""},{""trait_type"":""Outfits"",""value"":""Green Shirt 2""},{""trait_type"":""Hairs"",""value"":""Red Short Hairs""}]"
97,1360544,0x3d6824b9f8c96a317508299670b044cf3d8dde9caa108273c85197a1b34ba602,"[{""trait_type"":""Glasses"",""value"":""Blue Round Glasses""},{""trait_type"":""Mouth"",""value"":""Cigerette""},{""trait_type"":""Background"",""value"":""Sparkles""},{""trait_type"":""Body"",""value"":""Skinny""},{""trait_type"":""Outfits"",""value"":""Black Suit ""},{""trait_type"":""Hairs"",""value"":""sombrero hat""}]"
96,1359937,0x7bb962179b6c78e07dcd8167b6afc1db9458db92269ea99801446d9cdf93fe11,"[{""trait_type"":""Glasses"",""value"":""Purple VR""},{""trait_type"":""Mouth"",""value"":""Smile""},{""trait_type"":""Background"",""value"":""Green with red Pixels""},{""trait_type"":""Body"",""value"":""Galaxy""},{""trait_type"":""Outfits"",""value"":""Black Shirt ""},{""trait_type"":""Hairs"",""value"":""Yellow Top Hat""}]"
95,1358560,0x072a4f1719f86788d4c1bdc2f091a46d1269c53fcdeb742401fd0efa50d4649e,"[{""trait_type"":""Glasses"",""value"":""Multicolored Glasses""},{""trait_type"":""Mouth"",""value"":""Cigerette""},{""trait_type"":""Background"",""value"":""Cloudy""},{""trait_type"":""Body"",""value"":""Robotic Fat""},{""trait_type"":""Outfits"",""value"":""Black Jacket""},{""trait_type"":""Hairs"",""value"":""Red Hairs""}]"
94,1360529,0xd23b862b8e617cc3ae3b3e843bc975fb311535b0ec0d00b097a8cf59e9c260d3,"[{""trait_type"":""Glasses"",""value"":""Gray Rectangular Glasses""},{""trait_type"":""Mouth"",""value"":""Pink Braces""},{""trait_type"":""Background"",""value"":""Cloudy #2""},{""trait_type"":""Body"",""value"":""Robotic Fat""},{""trait_type"":""Outfits"",""value"":""Orange Suit ""},{""trait_type"":""Hairs"",""value"":""Blonde Short Hairs""}]"
93,1360212,0x4562bdfae66b06de184b6b6a476b736d4b02ace8ace0cc94a697e0d5d076f774,"[{""trait_type"":""Glasses"",""value"":""Black VR""},{""trait_type"":""Mouth"",""value"":""Sad""},{""trait_type"":""Background"",""value"":""Green with red Pixels""},{""trait_type"":""Body"",""value"":""Galaxy""},{""trait_type"":""Outfits"",""value"":""Blue Shirt""},{""trait_type"":""Hairs"",""value"":""Afro with Comb""}]"
92,1360021,0x49f9e36ceac6b32bd9c85eaeb27b806fc040c7d54861779664d80946d70ff2ee,"[{""trait_type"":""Glasses"",""value"":""Sun Glasses""},{""trait_type"":""Mouth"",""value"":""Pink Braces""},{""trait_type"":""Background"",""value"":""Sparkles""},{""trait_type"":""Body"",""value"":""Robotic Fat""},{""trait_type"":""Outfits"",""value"":""Brown Suit  ""},{""trait_type"":""Hairs"",""value"":""Blonde Quiff Haircut""}]"
91,1360608,0xdde911236ce0699ec7b3fb64df05f1cb0c739b359552da044c2fddca8b87a5c4,"[{""trait_type"":""Glasses"",""value"":""Green Rectangular Glasses""},{""trait_type"":""Mouth"",""value"":""Smile""},{""trait_type"":""Background"",""value"":""Sparkles""},{""trait_type"":""Body"",""value"":""Robotic""},{""trait_type"":""Outfits"",""value"":""Black Suit ""},{""trait_type"":""Hairs"",""value"":""Red Short Hairs""}]"
90,1360594,0xb5bdda63d61ed2e62e19bbe94ba5522639402fa9c7d939208c2e1097c37578fc,"[{""trait_type"":""Glasses"",""value"":""Purple VR""},{""trait_type"":""Mouth"",""value"":""Smile""},{""trait_type"":""Background"",""value"":""Night Scene""},{""trait_type"":""Body"",""value"":""Fat""},{""trait_type"":""Outfits"",""value"":""Orange Suit ""},{""trait_type"":""Hairs"",""value"":""Beanie""}]"
89,1360380,0x9cce624221ad2d4d1a29c5cc3a0d0c5770f9abc862d9451200dabb6ae1e1f961,"[{""trait_type"":""Glasses"",""value"":""Circled Glasses""},{""trait_type"":""Mouth"",""value"":""Braces""},{""trait_type"":""Background"",""value"":""Moon""},{""trait_type"":""Body"",""value"":""Robotic""},{""trait_type"":""Outfits"",""value"":""Green Tie""},{""trait_type"":""Hairs"",""value"":""Crystal Crown""}]"
88,1358680,0x32df590b095e7886cf9ad961298c620052140003992e70703218d518551dcc6c,"[{""trait_type"":""Glasses"",""value"":""Based Eyes""},{""trait_type"":""Mouth"",""value"":""Braces""},{""trait_type"":""Background"",""value"":""Cloudy""},{""trait_type"":""Body"",""value"":""Skinny""},{""trait_type"":""Outfits"",""value"":""Black Suit""},{""trait_type"":""Hairs"",""value"":""Beanie""}]"
87,1359977,0x70828a5caaf32820bdef5aeb6ff4bdf31a3bbceb8eddabe71a3c44f4a1cba204,"[{""trait_type"":""Glasses"",""value"":""Based Eyes""},{""trait_type"":""Mouth"",""value"":""Fuck ""},{""trait_type"":""Background"",""value"":""Night Scene""},{""trait_type"":""Body"",""value"":""Golden""},{""trait_type"":""Outfits"",""value"":""Green Shirt""},{""trait_type"":""Hairs"",""value"":""Brown Bowl cut""}]"
86,1358554,0x077d5a9a958c6d099b170fc209b9146b676a57ecd7f6277123971bfc15a93ec9,"[{""trait_type"":""Glasses"",""value"":""Job Glasses""},{""trait_type"":""Mouth"",""value"":""Fuck ""},{""trait_type"":""Background"",""value"":""Sparkles""},{""trait_type"":""Body"",""value"":""Golden""},{""trait_type"":""Outfits"",""value"":""Black Jacket""},{""trait_type"":""Hairs"",""value"":""Red Short Hairs""}]"
85,1360699,0x2fad99e5191acfdb3811092b3ce28567d6e3f2e8324b98c72f0657217669ed85,"[{""trait_type"":""Glasses"",""value"":""Purple Rectangular Glasses""},{""trait_type"":""Mouth"",""value"":""Smile""},{""trait_type"":""Background"",""value"":""Green with Jay Force Symbol""},{""trait_type"":""Body"",""value"":""Aliien""},{""trait_type"":""Outfits"",""value"":""Brown Suit""},{""trait_type"":""Hairs"",""value"":""Blonde Bowl cut""}]"
84,1360462,0x9e5de32c750e80325a49d67ce470ea14e92b27ce617fdc4c4648379f9329840a,"[{""trait_type"":""Glasses"",""value"":""Yellow 3D Glasses""},{""trait_type"":""Mouth"",""value"":""Fuck ""},{""trait_type"":""Background"",""value"":""Black with Red Pixels""},{""trait_type"":""Body"",""value"":""Aliien""},{""trait_type"":""Outfits"",""value"":""Green Shirt""},{""trait_type"":""Hairs"",""value"":""sombrero hat""}]"
83,1360244,0x908905c4caa1af271c300789e101d3396bc236c55128c844647627bbddd59f16,"[{""trait_type"":""Glasses"",""value"":""Gray Rectangular Glasses""},{""trait_type"":""Mouth"",""value"":""Cigerette""},{""trait_type"":""Background"",""value"":""Green with Jay Force Symbol""},{""trait_type"":""Body"",""value"":""Fat Alien""},{""trait_type"":""Outfits"",""value"":""Blue Shirt 2""},{""trait_type"":""Hairs"",""value"":""Blonde Hairs""}]"
82,1359798,0x24fa6bae2de607eb22cd9dbd2cd26526edcee554c0eae7c5df0138f829f5ce1e,"[{""trait_type"":""Glasses"",""value"":""VR""},{""trait_type"":""Mouth"",""value"":""Cigerette""},{""trait_type"":""Background"",""value"":""Moon""},{""trait_type"":""Body"",""value"":""Galaxy Fat""},{""trait_type"":""Outfits"",""value"":""Black Suit ""},{""trait_type"":""Hairs"",""value"":""Brown Bowl cut""}]"
81,1359566,0xe74c36064aa79b81188adab0dd7991498151897a61ef4c4b469ecf6782c7e15e,"[{""trait_type"":""Glasses"",""value"":""Faceless 1.png""},{""trait_type"":""Mouth"",""value"":""Smile""},{""trait_type"":""Background"",""value"":""Cloudy #2""},{""trait_type"":""Body"",""value"":""Galaxy""},{""trait_type"":""Outfits"",""value"":""Orange Suit ""},{""trait_type"":""Hairs"",""value"":""Blonde Bowl cut""}]"
80,1359035,0x4e5d13d2f0dca30026dccfc728d0913b7246e822fa526697ed6abb4b1fb203f9,"[{""trait_type"":""Glasses"",""value"":""Purple VR""},{""trait_type"":""Mouth"",""value"":""Sad""},{""trait_type"":""Background"",""value"":""Cloudy #2""},{""trait_type"":""Body"",""value"":""Fat""},{""trait_type"":""Outfits"",""value"":""Brown Suit""},{""trait_type"":""Hairs"",""value"":""Black Messi Hairs""}]"
79,1358479,0xaea7e4564c856d74ae21a55fd41712b2fedcb86f1cb8ef388dccb66c13cc980b,"[{""trait_type"":""Glasses"",""value"":""Regular Glasses""},{""trait_type"":""Mouth"",""value"":""Big Teeth""},{""trait_type"":""Background"",""value"":""Cloudy""},{""trait_type"":""Body"",""value"":""Robotic Fat""},{""trait_type"":""Outfits"",""value"":""Yellow Shirt ""},{""trait_type"":""Hairs"",""value"":""Red Quiff Haircut""}]"
78,1359765,0xd92781d2bdbdb25e1cffc59386e12b7fb286c06cdd885d9f6c73fc3157f25231,"[{""trait_type"":""Glasses"",""value"":""Black Rectangular Glasses""},{""trait_type"":""Mouth"",""value"":""Braces""},{""trait_type"":""Background"",""value"":""Sparkels 2""},{""trait_type"":""Body"",""value"":""Aliien""},{""trait_type"":""Outfits"",""value"":""Yellow Tie""},{""trait_type"":""Hairs"",""value"":""Brown Bowl cut""}]"
77,1359475,0x2718245d5e88d4d8ce4011122f894424e749494ee56a8a0519803716e0e4b7c9,"[{""trait_type"":""Glasses"",""value"":""Blue Round Glasses""},{""trait_type"":""Mouth"",""value"":""Smile""},{""trait_type"":""Background"",""value"":""Green with red Pixels""},{""trait_type"":""Body"",""value"":""Robotic""},{""trait_type"":""Outfits"",""value"":""Yellow Shirt ""},{""trait_type"":""Hairs"",""value"":""Brown Bowl cut""}]"
76,1359555,0xe80f359ef794704087f111f51b51982344b0fac5ee4d1a72fe57019cfcccf605,"[{""trait_type"":""Glasses"",""value"":""Regular Glasses""},{""trait_type"":""Mouth"",""value"":""Fuck ""},{""trait_type"":""Background"",""value"":""Cloudy""},{""trait_type"":""Body"",""value"":""Fat Alien""},{""trait_type"":""Outfits"",""value"":""Purple Suit""},{""trait_type"":""Hairs"",""value"":""Red Messi Hairs""}]"
75,1360470,0x76d4ec249c91ff022b3b767093a5d938dfa981e360c0211334ca3724604d8f73,"[{""trait_type"":""Glasses"",""value"":""Based Eyes""},{""trait_type"":""Mouth"",""value"":""Big Teeth""},{""trait_type"":""Background"",""value"":""Sparkles""},{""trait_type"":""Body"",""value"":""Aliien""},{""trait_type"":""Outfits"",""value"":""Green Shirt""},{""trait_type"":""Hairs"",""value"":""Santa Hat""}]"
74,1359878,0x19f4ed73727f01bd99598d1daa1fa0cb25f4e2d57cef420c02bdc94f6faa7c73,"[{""trait_type"":""Glasses"",""value"":""Purple VR""},{""trait_type"":""Mouth"",""value"":""Fuck ""},{""trait_type"":""Background"",""value"":""Sparkles""},{""trait_type"":""Body"",""value"":""Robotic""},{""trait_type"":""Outfits"",""value"":""Green Shirt""},{""trait_type"":""Hairs"",""value"":""Afro with Comb""}]"
73,1359289,0xc5b82495b53ec8cf61a23974ebf186bbccfdde52688bc99763f446e2d4e581c2,"[{""trait_type"":""Glasses"",""value"":""VR""},{""trait_type"":""Mouth"",""value"":""Big Teeth""},{""trait_type"":""Background"",""value"":""Black with Red Pixels""},{""trait_type"":""Body"",""value"":""Skinny""},{""trait_type"":""Outfits"",""value"":""Black Suit ""},{""trait_type"":""Hairs"",""value"":""Blonde Short Hairs""}]"
72,1359174,0x114e6f710767755b4523613f8a66d7ca9bd1e099d387b681b86c4f63ed94896e,"[{""trait_type"":""Glasses"",""value"":""Red Rectangular Glasses""},{""trait_type"":""Mouth"",""value"":""Cigerette""},{""trait_type"":""Background"",""value"":""Green with Jay Force Symbol""},{""trait_type"":""Body"",""value"":""Robotic""},{""trait_type"":""Outfits"",""value"":""Black Suit""},{""trait_type"":""Hairs"",""value"":""Black Short Hairs""}]"
71,1360269,0xadaa3af35bf632f1f4948a8351eb8ce8e0c8774b83d5c2d8c60f1e210ae9e72d,"[{""trait_type"":""Glasses"",""value"":""Based Eyes""},{""trait_type"":""Mouth"",""value"":""Cigerette""},{""trait_type"":""Background"",""value"":""Cloudy #2""},{""trait_type"":""Body"",""value"":""Galaxy Fat""},{""trait_type"":""Outfits"",""value"":""White Shirt""},{""trait_type"":""Hairs"",""value"":""Rasta Hat""}]"
70,1360128,0xc8e1b689bf9d3a88a85c60315eb86527611a9e7cab2827e557ac0aa8441b8651,"[{""trait_type"":""Glasses"",""value"":""Gray Rectangular Glasses""},{""trait_type"":""Mouth"",""value"":""Braces""},{""trait_type"":""Background"",""value"":""Black with Red Pixels""},{""trait_type"":""Body"",""value"":""Robotic""},{""trait_type"":""Outfits"",""value"":""Green Shirt 2""},{""trait_type"":""Hairs"",""value"":""Blonde Quiff Haircut""}]"
69,1359468,0x38f2917ae5cdd6dcfa2962abc25f1a47d58ac4400c44480775bcbcb418cfacb6,"[{""trait_type"":""Glasses"",""value"":""Green Round Glasses""},{""trait_type"":""Mouth"",""value"":""Big Teeth""},{""trait_type"":""Background"",""value"":""Sparkels 2""},{""trait_type"":""Body"",""value"":""Zoombie""},{""trait_type"":""Outfits"",""value"":""Red Shirt 2""},{""trait_type"":""Hairs"",""value"":""Afro with Comb""}]"
68,1358936,0xd6042f5da2c02e0d69184195803ace70addb9ffe70385b9abe39e2c4e3cb6754,"[{""trait_type"":""Glasses"",""value"":""Green Round Glasses""},{""trait_type"":""Mouth"",""value"":""Sad""},{""trait_type"":""Background"",""value"":""Sparkels 2""},{""trait_type"":""Body"",""value"":""Aliien""},{""trait_type"":""Outfits"",""value"":""White Shirt""},{""trait_type"":""Hairs"",""value"":""Red Messi Hairs""}]"
67,1360317,0xdfb63c938e4a5bada29ea8fcc7ddc12bc95d653dce1d224ba5f61c6468bb3e8a,"[{""trait_type"":""Glasses"",""value"":""Blue Rectangular Glasses""},{""trait_type"":""Mouth"",""value"":""Pink Braces""},{""trait_type"":""Background"",""value"":""Green with Jay Force Symbol""},{""trait_type"":""Body"",""value"":""Golden Fat""},{""trait_type"":""Outfits"",""value"":""Yellow Tie""},{""trait_type"":""Hairs"",""value"":""Black Messi Hairs""}]"
66,1360092,0xea1dbb87b2ed8b821fb2886cc09f95d285de8a877f1bc2765806cf83f9ccdd99,"[{""trait_type"":""Glasses"",""value"":""Circled Glasses""},{""trait_type"":""Mouth"",""value"":""Pink Braces""},{""trait_type"":""Background"",""value"":""Night Scene""},{""trait_type"":""Body"",""value"":""Golden Fat""},{""trait_type"":""Outfits"",""value"":""Purple Suit""},{""trait_type"":""Hairs"",""value"":""Afro with Comb""}]"
65,1359414,0x9a9afee6f901b9ac0d24101b4dcc0f07c7f32031228e6e80cfd76b860c64bc45,"[{""trait_type"":""Glasses"",""value"":""Purple Rectangular Glasses""},{""trait_type"":""Mouth"",""value"":""Braces""},{""trait_type"":""Background"",""value"":""Sparkels 2""},{""trait_type"":""Body"",""value"":""Zoombie""},{""trait_type"":""Outfits"",""value"":""Green Tie""},{""trait_type"":""Hairs"",""value"":""Blonde Bowl cut""}]"
64,1359379,0x5cbc7ba03b4f744e02a1f2f2c3910a76b0f930c20cf8d6dd1473a11097c6ef13,"[{""trait_type"":""Glasses"",""value"":""Circled Glasses""},{""trait_type"":""Mouth"",""value"":""Braces""},{""trait_type"":""Background"",""value"":""Green with red Pixels""},{""trait_type"":""Body"",""value"":""Zoombie Fat""},{""trait_type"":""Outfits"",""value"":""Red Tie""},{""trait_type"":""Hairs"",""value"":""Blonde Short Hairs""}]"
63,1360313,0x24a820adc98b4bc16ae803319905773f384b4b9f8d3b2970f5153bdd552e3011,"[{""trait_type"":""Glasses"",""value"":""Regular Glasses""},{""trait_type"":""Mouth"",""value"":""Big Teeth""},{""trait_type"":""Background"",""value"":""Black with Red Pixels""},{""trait_type"":""Body"",""value"":""Fat Alien""},{""trait_type"":""Outfits"",""value"":""White Shirt""},{""trait_type"":""Hairs"",""value"":""Rasta Hat""}]"
62,1360130,0xfa71f1a7202ed7c70acfd21e77fb68c03c6d3d38c3654be58d6567fa51568b9b,"[{""trait_type"":""Glasses"",""value"":""Gray Round Glasses""},{""trait_type"":""Mouth"",""value"":""Sad""},{""trait_type"":""Background"",""value"":""Cloudy #2""},{""trait_type"":""Body"",""value"":""Aliien""},{""trait_type"":""Outfits"",""value"":""Green Shirt""},{""trait_type"":""Hairs"",""value"":""Yellow Top Hat""}]"
61,1359955,0xee9b3df6f463893b2c568b41b1392dc4583e3fcad7f38ad087622b27149105fb,"[{""trait_type"":""Glasses"",""value"":""Blue Rectangular Glasses""},{""trait_type"":""Mouth"",""value"":""Sad""},{""trait_type"":""Background"",""value"":""Moon""},{""trait_type"":""Body"",""value"":""Golden""},{""trait_type"":""Outfits"",""value"":""Red Tie""},{""trait_type"":""Hairs"",""value"":""Red Quiff Haircut""}]"
60,1359465,0x765c8d7bcd214fbc403701a40d8fbadbb086a83d10d16b6bb2a774b4ccfd5eb5,"[{""trait_type"":""Glasses"",""value"":""Purple VR""},{""trait_type"":""Mouth"",""value"":""Sad""},{""trait_type"":""Background"",""value"":""Night Scene""},{""trait_type"":""Body"",""value"":""Golden""},{""trait_type"":""Outfits"",""value"":""Blue Shirt 2""},{""trait_type"":""Hairs"",""value"":""Blonde Messi Hairs""}]"
59,1359572,0xa5b4bee8c581db8ac2772c180378d7efd7a89943940e5806ad63f08f6a458005,"[{""trait_type"":""Glasses"",""value"":""Job Glasses""},{""trait_type"":""Mouth"",""value"":""Braces""},{""trait_type"":""Background"",""value"":""Green with Jay Force Symbol""},{""trait_type"":""Body"",""value"":""Golden Fat""},{""trait_type"":""Outfits"",""value"":""Yellow Tie""},{""trait_type"":""Hairs"",""value"":""Blonde Short Hairs""}]"
58,1360617,0xc2bd9305a02b6a657a5f45d63599a76f94bf35eab322fcd14df6e98f99b66e05,"[{""trait_type"":""Glasses"",""value"":""Purple Round Glasses""},{""trait_type"":""Mouth"",""value"":""Braces""},{""trait_type"":""Background"",""value"":""Cloudy #2""},{""trait_type"":""Body"",""value"":""Robotic Fat""},{""trait_type"":""Outfits"",""value"":""Red Tie""},{""trait_type"":""Hairs"",""value"":""Blonde Quiff Haircut""}]"
57,1360707,0x7aaedab34454c919a7d68c75c8270ed604123df70ae2877dfc240dafe9b03c6c,"[{""trait_type"":""Glasses"",""value"":""Purple Rectangular Glasses""},{""trait_type"":""Mouth"",""value"":""Pink Braces""},{""trait_type"":""Background"",""value"":""Sparkels 2""},{""trait_type"":""Body"",""value"":""Skinny""},{""trait_type"":""Outfits"",""value"":""Purple Suit""},{""trait_type"":""Hairs"",""value"":""Blonde Hairs""}]"
56,1360756,0x3020d1d27952f4472f30b172ddc1dc25af737ff4d9642b7ce0d764eb59e30e6a,"[{""trait_type"":""Glasses"",""value"":""Yellow 3D Glasses""},{""trait_type"":""Mouth"",""value"":""Big Teeth""},{""trait_type"":""Background"",""value"":""Sparkles""},{""trait_type"":""Body"",""value"":""Robotic""},{""trait_type"":""Outfits"",""value"":""Purple Shirt 2""},{""trait_type"":""Hairs"",""value"":""Fisherman Hat""}]"
55,1360706,0x6212d17bc07aac67edaa17e31c0961a1f0cd42ef5cd87d91ebd676300296acaf,"[{""trait_type"":""Glasses"",""value"":""Red Rectangular Glasses""},{""trait_type"":""Mouth"",""value"":""Cigerette""},{""trait_type"":""Background"",""value"":""Sparkels 2""},{""trait_type"":""Body"",""value"":""Golden""},{""trait_type"":""Outfits"",""value"":""Brown Suit  ""},{""trait_type"":""Hairs"",""value"":""Blonde Bowl cut""}]"
54,1358579,0x1cef1679f529e32ac491cae34ac04433d79b695d6a128738870e77c325f63223,"[{""trait_type"":""Glasses"",""value"":""Regular Glasses""},{""trait_type"":""Mouth"",""value"":""Cigerette""},{""trait_type"":""Background"",""value"":""Sparkles""},{""trait_type"":""Body"",""value"":""Fat""},{""trait_type"":""Outfits"",""value"":""Brown Suit ""},{""trait_type"":""Hairs"",""value"":""Top Hat""}]"
53,1360075,0x738f8829224f7db60b072c7d2d260fea988d314a3e7fb90be86ea94c5a4fb055,"[{""trait_type"":""Glasses"",""value"":""Gray Round Glasses""},{""trait_type"":""Mouth"",""value"":""Sad""},{""trait_type"":""Background"",""value"":""Cloudy""},{""trait_type"":""Body"",""value"":""Fat Alien""},{""trait_type"":""Outfits"",""value"":""Purple Tie""},{""trait_type"":""Hairs"",""value"":""Yellow Top Hat""}]"
52,1359517,0x89e792b337b3e81682b838200f2abc1e42239674648cd2ac15f56b2a39446c63,"[{""trait_type"":""Glasses"",""value"":""VR""},{""trait_type"":""Mouth"",""value"":""Fuck ""},{""trait_type"":""Background"",""value"":""Green with red Pixels""},{""trait_type"":""Body"",""value"":""Golden Fat""},{""trait_type"":""Outfits"",""value"":""Purple Suit""},{""trait_type"":""Hairs"",""value"":""Red Short Hairs""}]"
51,1358596,0x4f9f04aefd3c1211f792f9e46232c4522304c93acb2cb01cad7ab56577ef112f,"[{""trait_type"":""Glasses"",""value"":""Blue Round Glasses""},{""trait_type"":""Mouth"",""value"":""Braces""},{""trait_type"":""Background"",""value"":""Sparkles""},{""trait_type"":""Body"",""value"":""Golden Fat""},{""trait_type"":""Outfits"",""value"":""Red Shirt 2""},{""trait_type"":""Hairs"",""value"":""Black Quiff Haircut""}]"
50,1359683,0x51076a5e13f344c03a8df899b2a9adbbc7151e400bfc8c6caf924cdec8e1b622,"[{""trait_type"":""Glasses"",""value"":""Black VR""},{""trait_type"":""Mouth"",""value"":""Big Teeth""},{""trait_type"":""Background"",""value"":""Night Scene""},{""trait_type"":""Body"",""value"":""Fat""},{""trait_type"":""Outfits"",""value"":""White Shirt""},{""trait_type"":""Hairs"",""value"":""Blonde Messi Hairs""}]"
49,1359699,0xe36ad15fcc81dd06afcdf6e1a78ef1c37768301b5419dd561ad5d0e01b9d3c29,"[{""trait_type"":""Glasses"",""value"":""Yellow Round Glasses""},{""trait_type"":""Mouth"",""value"":""Sad""},{""trait_type"":""Background"",""value"":""Sparkles""},{""trait_type"":""Body"",""value"":""Golden Fat""},{""trait_type"":""Outfits"",""value"":""Blue Shirt 2""},{""trait_type"":""Hairs"",""value"":""Red Hairs""}]"
48,1360170,0x56e1b00e8bd3fdd85d2f21d6fec3c35f6ad59c428d17a4626fb93ee8334dd56b,"[{""trait_type"":""Glasses"",""value"":""3D Glasses""},{""trait_type"":""Mouth"",""value"":""Braces""},{""trait_type"":""Background"",""value"":""Cloudy #2""},{""trait_type"":""Body"",""value"":""Fat""},{""trait_type"":""Outfits"",""value"":""Red Shirt 2""},{""trait_type"":""Hairs"",""value"":""Black Short Hairs""}]"
47,1360614,0xe986747e4f04d96d1df41eae2796c555e4fc75fba761a9be690c05a7ecc3416a,"[{""trait_type"":""Glasses"",""value"":""Blue Rectangular Glasses""},{""trait_type"":""Mouth"",""value"":""Smile""},{""trait_type"":""Background"",""value"":""Sparkels 2""},{""trait_type"":""Body"",""value"":""Galaxy""},{""trait_type"":""Outfits"",""value"":""Yellow Tie""},{""trait_type"":""Hairs"",""value"":""Black Bowl cut""}]"
46,1359882,0xa3654f3ea83ee6ca1cacc921c60ec3ebc773bf7deeb571e1a77ae514d7de5098,"[{""trait_type"":""Glasses"",""value"":""Purple Round Glasses""},{""trait_type"":""Mouth"",""value"":""Big Teeth""},{""trait_type"":""Background"",""value"":""Green with Jay Force Symbol""},{""trait_type"":""Body"",""value"":""Skinny""},{""trait_type"":""Outfits"",""value"":""Yellow Tie""},{""trait_type"":""Hairs"",""value"":""Black Short Hairs""}]"
45,1360612,0x0f5f3013d834119657cc2e88a4f042767b7ce9f51b4ceb6dea5571faf2b89557,"[{""trait_type"":""Glasses"",""value"":""Purple Glasses""},{""trait_type"":""Mouth"",""value"":""Big Teeth""},{""trait_type"":""Background"",""value"":""Cloudy #2""},{""trait_type"":""Body"",""value"":""Golden Fat""},{""trait_type"":""Outfits"",""value"":""Purple Shirt 2""},{""trait_type"":""Hairs"",""value"":""sombrero hat""}]"
44,1358692,0x26332372558fc63c7ca5495eeec3709bab01684636ffd0664e3718f56092c977,"[{""trait_type"":""Glasses"",""value"":""Green Round Glasses""},{""trait_type"":""Mouth"",""value"":""Sad""},{""trait_type"":""Background"",""value"":""Cloudy #2""},{""trait_type"":""Body"",""value"":""Aliien""},{""trait_type"":""Outfits"",""value"":""Green Shirt""},{""trait_type"":""Hairs"",""value"":""Red Hairs""}]"
43,1360675,0x9f11b793d8a8aca64c0b877095d1768b9baad85e08fe77f6f983dd72229b5eab,"[{""trait_type"":""Glasses"",""value"":""Yellow Rectangular Glasses""},{""trait_type"":""Mouth"",""value"":""Braces""},{""trait_type"":""Background"",""value"":""Green with Jay Force Symbol""},{""trait_type"":""Body"",""value"":""Fat Alien""},{""trait_type"":""Outfits"",""value"":""White Shirt""},{""trait_type"":""Hairs"",""value"":""Blonde Short Hairs""}]"
42,1360409,0x42e50ee403e632bae20b6bb2b0b2fcced0bf109ac5c8e1da0ae582e805045d35,"[{""trait_type"":""Glasses"",""value"":""Purple Round Glasses""},{""trait_type"":""Mouth"",""value"":""Big Teeth""},{""trait_type"":""Background"",""value"":""Cloudy""},{""trait_type"":""Body"",""value"":""Golden Fat""},{""trait_type"":""Outfits"",""value"":""Space Suit""},{""trait_type"":""Hairs"",""value"":""Rasta Hat""}]"
41,1359471,0x705122f3521ff6fb53542f9c1baa6ed631e46a9003eaa51a34b6cf0d0244199a,"[{""trait_type"":""Glasses"",""value"":""Yellow 3D Glasses""},{""trait_type"":""Mouth"",""value"":""Fuck ""},{""trait_type"":""Background"",""value"":""Green with red Pixels""},{""trait_type"":""Body"",""value"":""Fat""},{""trait_type"":""Outfits"",""value"":""Green Shirt""},{""trait_type"":""Hairs"",""value"":""Red Messi Hairs""}]"
40,1360478,0x9a0c25225d47f252e9e06e459754a0692b4d29cb59b3201f1d48c4f0e0e30ab3,"[{""trait_type"":""Glasses"",""value"":""Based Eyes""},{""trait_type"":""Mouth"",""value"":""Fuck ""},{""trait_type"":""Background"",""value"":""Night Scene""},{""trait_type"":""Body"",""value"":""Zoombie Fat""},{""trait_type"":""Outfits"",""value"":""Purple Tie""},{""trait_type"":""Hairs"",""value"":""Blonde Bowl cut""}]"
39,1359490,0xb9a56f59ef37da9bb7e4cc6fb94aa608b9d7aecda4dd2303455448f2d1239f68,"[{""trait_type"":""Glasses"",""value"":""3D Glasses ""},{""trait_type"":""Mouth"",""value"":""Big Teeth""},{""trait_type"":""Background"",""value"":""Black with Red Pixels""},{""trait_type"":""Body"",""value"":""Fat""},{""trait_type"":""Outfits"",""value"":""Green Shirt 2""},{""trait_type"":""Hairs"",""value"":""Santa Hat""}]"
38,1359363,0x77a9800bdca6818eb662bdc36dd2a3a29604b4aaa0cfbe4d6a2ba8fd5956da11,"[{""trait_type"":""Glasses"",""value"":""Purple Rectangular Glasses""},{""trait_type"":""Mouth"",""value"":""Big Teeth""},{""trait_type"":""Background"",""value"":""Moon""},{""trait_type"":""Body"",""value"":""Robotic""},{""trait_type"":""Outfits"",""value"":""Orange Suit ""},{""trait_type"":""Hairs"",""value"":""Black Messi Hairs""}]"
37,1359703,0x63a09daff4846be318083d2d372ee899e87102cb1652569fe6107efb56f46fdb,"[{""trait_type"":""Glasses"",""value"":""Sun Glasses""},{""trait_type"":""Mouth"",""value"":""Fuck ""},{""trait_type"":""Background"",""value"":""Green with Jay Force Symbol""},{""trait_type"":""Body"",""value"":""Robotic""},{""trait_type"":""Outfits"",""value"":""Black Jacket""},{""trait_type"":""Hairs"",""value"":""Blonde Messi Hairs""}]"
36,1359695,0x74cb6cb5460c7549991711fd9a3ecebbe505bd1f1d9797bb1140011af167cc47,"[{""trait_type"":""Glasses"",""value"":""Yellow 3D Glasses""},{""trait_type"":""Mouth"",""value"":""Big Teeth""},{""trait_type"":""Background"",""value"":""Sparkels 2""},{""trait_type"":""Body"",""value"":""Fat""},{""trait_type"":""Outfits"",""value"":""Green Tie""},{""trait_type"":""Hairs"",""value"":""Red Bowl cut""}]"
35,1360447,0x6ebbbed78433fa5ed9cfe8001a81024a1236952522569b22ace8659fe6d35ad5,"[{""trait_type"":""Glasses"",""value"":""3D Glasses""},{""trait_type"":""Mouth"",""value"":""Sad""},{""trait_type"":""Background"",""value"":""Black with Red Pixels""},{""trait_type"":""Body"",""value"":""Golden""},{""trait_type"":""Outfits"",""value"":""Green Tie""},{""trait_type"":""Hairs"",""value"":""Fisherman Hat""}]"
34,1360278,0x12028aca663055df88dca7005ba1ef223cb2e24199788183f85bbe51d3c628af,"[{""trait_type"":""Glasses"",""value"":""Based Eyes""},{""trait_type"":""Mouth"",""value"":""Big Teeth""},{""trait_type"":""Background"",""value"":""Cloudy""},{""trait_type"":""Body"",""value"":""Galaxy Fat""},{""trait_type"":""Outfits"",""value"":""Brown Suit ""},{""trait_type"":""Hairs"",""value"":""Top Hat""}]"
33,1359496,0x2979a3f862f37b29f6d016cae7632340517cb45e285b356f52adfa309d6fde66,"[{""trait_type"":""Glasses"",""value"":""Based Eyes""},{""trait_type"":""Mouth"",""value"":""Braces""},{""trait_type"":""Background"",""value"":""Moon""},{""trait_type"":""Body"",""value"":""Fat""},{""trait_type"":""Outfits"",""value"":""Purple Tie""},{""trait_type"":""Hairs"",""value"":""Black Short Hairs""}]"
32,1359512,0xb4a7f2ddfc654c1a10d81c9a08181cf242895b15e4f74cfcca3e6aace4120fb6,"[{""trait_type"":""Glasses"",""value"":""Purple Rectangular Glasses""},{""trait_type"":""Mouth"",""value"":""Big Teeth""},{""trait_type"":""Background"",""value"":""Sparkles""},{""trait_type"":""Body"",""value"":""Galaxy""},{""trait_type"":""Outfits"",""value"":""Green Shirt 2""},{""trait_type"":""Hairs"",""value"":""Beanie""}]"
31,1358869,0x58e3695cf85fa30d6d4146788c037ecf90c888bd66396d56cef9202661487930,"[{""trait_type"":""Glasses"",""value"":""Purple VR""},{""trait_type"":""Mouth"",""value"":""Pink Braces""},{""trait_type"":""Background"",""value"":""Cloudy""},{""trait_type"":""Body"",""value"":""Skinny""},{""trait_type"":""Outfits"",""value"":""Black Shirt ""},{""trait_type"":""Hairs"",""value"":""Red Quiff Haircut""}]"
30,1358443,0xb03f01f90d5e0091acf54ae199efb8ef85ea511de663f91afde7cfc3d23b677e,"[{""trait_type"":""Glasses"",""value"":""Black Rectangular Glasses""},{""trait_type"":""Mouth"",""value"":""Cigerette""},{""trait_type"":""Background"",""value"":""Black with Red Pixels""},{""trait_type"":""Body"",""value"":""Zoombie Fat""},{""trait_type"":""Outfits"",""value"":""Orange Suit ""},{""trait_type"":""Hairs"",""value"":""Yellow Top Hat""}]"
29,1359778,0x1f346d6814028e335fbf4bf735cf5f9877803b7246786517d9e1b5c65aba03e6,"[{""trait_type"":""Glasses"",""value"":""3D Glasses""},{""trait_type"":""Mouth"",""value"":""Big Teeth""},{""trait_type"":""Background"",""value"":""Cloudy""},{""trait_type"":""Body"",""value"":""Robotic""},{""trait_type"":""Outfits"",""value"":""Green Tie""},{""trait_type"":""Hairs"",""value"":""Blonde Quiff Haircut""}]"
28,1360140,0x8e8e45b9ab2853d0409c62337bcf7b745e03aa1657b9c589d5ce7665417cb85e,"[{""trait_type"":""Glasses"",""value"":""Black Rectangular Glasses""},{""trait_type"":""Mouth"",""value"":""Cigerette""},{""trait_type"":""Background"",""value"":""Sparkles""},{""trait_type"":""Body"",""value"":""Skinny""},{""trait_type"":""Outfits"",""value"":""Yellow Tie""},{""trait_type"":""Hairs"",""value"":""Crystal Crown""}]"
27,1358880,0xf148d9b2200f878c9969ec1107d5a93dd0180c06565642f0a67e283c970eb4c9,"[{""trait_type"":""Glasses"",""value"":""Purple Rectangular Glasses""},{""trait_type"":""Mouth"",""value"":""Fuck ""},{""trait_type"":""Background"",""value"":""Moon""},{""trait_type"":""Body"",""value"":""Fat""},{""trait_type"":""Outfits"",""value"":""Orange Suit ""},{""trait_type"":""Hairs"",""value"":""Yellow Top Hat""}]"
26,1360696,0x6ef64361cb4b5e4b5e64f928980e6ded53600527d7801daabfea38c9773321a4,"[{""trait_type"":""Glasses"",""value"":""Yellow Rectangular Glasses""},{""trait_type"":""Mouth"",""value"":""Braces""},{""trait_type"":""Background"",""value"":""Cloudy #2""},{""trait_type"":""Body"",""value"":""Golden Fat""},{""trait_type"":""Outfits"",""value"":""Yellow Shirt ""},{""trait_type"":""Hairs"",""value"":""Santa Hat""}]"
25,1358566,0x7576a5ee4cd9c8dbfb1248795e6d95259c4816ce1bbc84a26e33be6aafa20dda,"[{""trait_type"":""Glasses"",""value"":""Black Round Glasses""},{""trait_type"":""Mouth"",""value"":""Fuck ""},{""trait_type"":""Background"",""value"":""Moon""},{""trait_type"":""Body"",""value"":""Aliien""},{""trait_type"":""Outfits"",""value"":""Red Tie""},{""trait_type"":""Hairs"",""value"":""Santa Hat""}]"
24,1358713,0xbdd19bba6ca04ce79557490742e46845863c6dd700a2ff6bd83c8a9b9e01f6b6,"[{""trait_type"":""Glasses"",""value"":""Purple VR""},{""trait_type"":""Mouth"",""value"":""Fuck ""},{""trait_type"":""Background"",""value"":""Cloudy #2""},{""trait_type"":""Body"",""value"":""Robotic Fat""},{""trait_type"":""Outfits"",""value"":""Black Jacket""},{""trait_type"":""Hairs"",""value"":""Flower Crown""}]"
23,1359992,0x638d26d08e44c5a58cf368616a8cc48ce6013a4d1d9115128249f1609b8991f8,"[{""trait_type"":""Glasses"",""value"":""Blue Round Glasses""},{""trait_type"":""Mouth"",""value"":""Big Teeth""},{""trait_type"":""Background"",""value"":""Night Scene""},{""trait_type"":""Body"",""value"":""Zoombie""},{""trait_type"":""Outfits"",""value"":""Purple Tie""},{""trait_type"":""Hairs"",""value"":""Ice Cream hat""}]"
22,1358702,0x078a6b9b266751c75926e8b5106d0bd95b99e0d091a024e7f627683e89c65d3b,"[{""trait_type"":""Glasses"",""value"":""Black Rectangular Glasses""},{""trait_type"":""Mouth"",""value"":""Braces""},{""trait_type"":""Background"",""value"":""Sparkels 2""},{""trait_type"":""Body"",""value"":""Robotic Fat""},{""trait_type"":""Outfits"",""value"":""Orange Suit ""},{""trait_type"":""Hairs"",""value"":""Black Messi Hairs""}]"
21,1360387,0x9c9a7b7b06fd0829ff6e039c8963407087d9d20adfcf34c9398635e2fa708de0,"[{""trait_type"":""Glasses"",""value"":""Job Glasses""},{""trait_type"":""Mouth"",""value"":""Pink Braces""},{""trait_type"":""Background"",""value"":""Sparkels 2""},{""trait_type"":""Body"",""value"":""Golden Fat""},{""trait_type"":""Outfits"",""value"":""Blue Shirt""},{""trait_type"":""Hairs"",""value"":""Red Short Hairs""}]"
20,1358890,0x2fb41a1dbc44060fa46ccad36f65b211beb4afe58966d893a11203a01813d4f3,"[{""trait_type"":""Glasses"",""value"":""Blue Rectangular Glasses""},{""trait_type"":""Mouth"",""value"":""Braces""},{""trait_type"":""Background"",""value"":""Cloudy #2""},{""trait_type"":""Body"",""value"":""Zoombie""},{""trait_type"":""Outfits"",""value"":""Black Jacket""},{""trait_type"":""Hairs"",""value"":""Black Hairs""}]"
19,1360093,0xef4667036bc9e1831df277b4510136f329c989cdb8baabbbb1c8977c79ea451a,"[{""trait_type"":""Glasses"",""value"":""3D Glasses ""},{""trait_type"":""Mouth"",""value"":""Cigerette""},{""trait_type"":""Background"",""value"":""Moon""},{""trait_type"":""Body"",""value"":""Golden""},{""trait_type"":""Outfits"",""value"":""Space Suit""},{""trait_type"":""Hairs"",""value"":""Black Hairs""}]"
18,1359740,0x37df6d4e745f38b5235fc34687fcf52ca722299a5bfbcae08d4b36d27f9022cc,"[{""trait_type"":""Glasses"",""value"":""Black Round Glasses""},{""trait_type"":""Mouth"",""value"":""Smile""},{""trait_type"":""Background"",""value"":""Sparkels 2""},{""trait_type"":""Body"",""value"":""Galaxy""},{""trait_type"":""Outfits"",""value"":""Orange Suit ""},{""trait_type"":""Hairs"",""value"":""Beanie""}]"
17,1360596,0x3fec6ae3ff204bd795655855bb966f5edc06f44a9a96bd684b8e21aadb92979b,"[{""trait_type"":""Glasses"",""value"":""Black Round Glasses""},{""trait_type"":""Mouth"",""value"":""Fuck ""},{""trait_type"":""Background"",""value"":""Sparkels 2""},{""trait_type"":""Body"",""value"":""Galaxy""},{""trait_type"":""Outfits"",""value"":""Brown Suit""},{""trait_type"":""Hairs"",""value"":""Santa Hat""}]"
16,1359044,0x7de08f94dfdc8375ef70eea457b26fdacf2334c5deba1215731e71c8ee5546c1,"[{""trait_type"":""Glasses"",""value"":""Gray Round Glasses""},{""trait_type"":""Mouth"",""value"":""Sad""},{""trait_type"":""Background"",""value"":""Black with Red Pixels""},{""trait_type"":""Body"",""value"":""Zoombie Fat""},{""trait_type"":""Outfits"",""value"":""Red Tie""},{""trait_type"":""Hairs"",""value"":""Crystal Crown""}]"
15,1358894,0x75b6c4de5f9e6dffabc67547c2aa5eb2ca452f17c80f7960a5724e30e0095bdb,"[{""trait_type"":""Glasses"",""value"":""Purple Rectangular Glasses""},{""trait_type"":""Mouth"",""value"":""Pink Braces""},{""trait_type"":""Background"",""value"":""Green with Jay Force Symbol""},{""trait_type"":""Body"",""value"":""Golden Fat""},{""trait_type"":""Outfits"",""value"":""Red Shirt 2""},{""trait_type"":""Hairs"",""value"":""Santa Hat""}]"
14,1358518,0x87d88defafee23dd3c6216a6e413a475e24e88fe51cb1812565bf6a23f2a9f88,"[{""trait_type"":""Glasses"",""value"":""Black Round Glasses""},{""trait_type"":""Mouth"",""value"":""Cigerette""},{""trait_type"":""Background"",""value"":""Sparkles""},{""trait_type"":""Body"",""value"":""Zoombie Fat""},{""trait_type"":""Outfits"",""value"":""Black Suit ""},{""trait_type"":""Hairs"",""value"":""Top Hat""}]"
13,1360646,0x4d4db1d0e4ffddccc6092571006b0bfc214b1564b06305bc6488327a97838845,"[{""trait_type"":""Glasses"",""value"":""Yellow Round Glasses""},{""trait_type"":""Mouth"",""value"":""Cigerette""},{""trait_type"":""Background"",""value"":""Green with Jay Force Symbol""},{""trait_type"":""Body"",""value"":""Aliien""},{""trait_type"":""Outfits"",""value"":""Black Suit""},{""trait_type"":""Hairs"",""value"":""sombrero hat""}]"
12,1360187,0x2a6b85be79dfffb554d86f399ca6c928d07087610d40893a1b9c6efaed28fdcc,"[{""trait_type"":""Glasses"",""value"":""Green Rectangular Glasses""},{""trait_type"":""Mouth"",""value"":""Fuck ""},{""trait_type"":""Background"",""value"":""Black with Red Pixels""},{""trait_type"":""Body"",""value"":""Robotic""},{""trait_type"":""Outfits"",""value"":""Red Tie""},{""trait_type"":""Hairs"",""value"":""Blonde Quiff Haircut""}]"
11,1359016,0x99db6d98bfc130757d0024b5237907b49c493c7338593cc7156f787b7aada1f4,"[{""trait_type"":""Glasses"",""value"":""Regular Glasses""},{""trait_type"":""Mouth"",""value"":""Pink Braces""},{""trait_type"":""Background"",""value"":""Cloudy #2""},{""trait_type"":""Body"",""value"":""Zoombie""},{""trait_type"":""Outfits"",""value"":""White Shirt""},{""trait_type"":""Hairs"",""value"":""Blonde Messi Hairs""}]"
10,1359804,0x0a5d61964858f34fc862a1f3ecb24550b8d68f7ced4ba82a99e2dceafb2259b6,"[{""trait_type"":""Glasses"",""value"":""Multicolored Glasses""},{""trait_type"":""Mouth"",""value"":""Fuck ""},{""trait_type"":""Background"",""value"":""Cloudy""},{""trait_type"":""Body"",""value"":""Galaxy""},{""trait_type"":""Outfits"",""value"":""Blue Shirt 2""},{""trait_type"":""Hairs"",""value"":""Black Messi Hairs""}]"
9,1359725,0xf528296842cfaf68308b381171600f0125d4b57c9f1f767c1f0f02c24805d0bb,"[{""trait_type"":""Glasses"",""value"":""VR""},{""trait_type"":""Mouth"",""value"":""Smile""},{""trait_type"":""Background"",""value"":""Sparkels 2""},{""trait_type"":""Body"",""value"":""Skinny""},{""trait_type"":""Outfits"",""value"":""Orange Suit ""},{""trait_type"":""Hairs"",""value"":""Red Quiff Haircut""}]"
8,1359673,0x5545e5ca12bd3161613008dc7d5395ed4486d202b0f1c5445322e9faf0b6e540,"[{""trait_type"":""Glasses"",""value"":""Green Round Glasses""},{""trait_type"":""Mouth"",""value"":""Big Teeth""},{""trait_type"":""Background"",""value"":""Black with Red Pixels""},{""trait_type"":""Body"",""value"":""Fat""},{""trait_type"":""Outfits"",""value"":""Yellow Tie""},{""trait_type"":""Hairs"",""value"":""Crystal Crown""}]"
7,1360018,0x09c80ca1805d3ee639ea1d883201998a84b0513f89d604ddd2412a4bb6e5bd3e,"[{""trait_type"":""Glasses"",""value"":""3D Glasses""},{""trait_type"":""Mouth"",""value"":""Cigerette""},{""trait_type"":""Background"",""value"":""Green with Jay Force Symbol""},{""trait_type"":""Body"",""value"":""Golden""},{""trait_type"":""Outfits"",""value"":""Blue Shirt""},{""trait_type"":""Hairs"",""value"":""Red Messi Hairs""}]"
6,1360609,0x20c5dcbc8258f777d83f0da794e39d5761de97b3f336e3bac6258f0f27ea0eac,"[{""trait_type"":""Glasses"",""value"":""Circled Glasses""},{""trait_type"":""Mouth"",""value"":""Smile""},{""trait_type"":""Background"",""value"":""Night Scene""},{""trait_type"":""Body"",""value"":""Aliien""},{""trait_type"":""Outfits"",""value"":""Black Suit ""},{""trait_type"":""Hairs"",""value"":""Yellow Top Hat""}]"
5,1359743,0xc9c38e6e3ac29511ab9f843ced29b2938d23d53ceaed57d9ddbc790fc992e346,"[{""trait_type"":""Glasses"",""value"":""Purple Round Glasses""},{""trait_type"":""Mouth"",""value"":""Fuck ""},{""trait_type"":""Background"",""value"":""Moon""},{""trait_type"":""Body"",""value"":""Golden Fat""},{""trait_type"":""Outfits"",""value"":""Black Shirt ""},{""trait_type"":""Hairs"",""value"":""Blonde Hairs""}]"
4,1359611,0xd195057237f987ad146ee61058e7231a0878d359c9e16f31c01fbdbde25beff3,"[{""trait_type"":""Glasses"",""value"":""Black Round Glasses""},{""trait_type"":""Mouth"",""value"":""Fuck ""},{""trait_type"":""Background"",""value"":""Moon""},{""trait_type"":""Body"",""value"":""Golden""},{""trait_type"":""Outfits"",""value"":""Green Shirt 2""},{""trait_type"":""Hairs"",""value"":""Ice Cream hat""}]"
3,1359734,0xe1a9f393f15b5a429850392b80dccd0006c85a591c1733c68b0ca9315a32d107,"[{""trait_type"":""Glasses"",""value"":""Circled Glasses""},{""trait_type"":""Mouth"",""value"":""Sad""},{""trait_type"":""Background"",""value"":""Night Scene""},{""trait_type"":""Body"",""value"":""Robotic Fat""},{""trait_type"":""Outfits"",""value"":""Brown Suit""},{""trait_type"":""Hairs"",""value"":""Rasta Hat""}]"
2,1360589,0xf7f63cb4b4a4a347c13111c58527394fa365aa08a6fbeaf492c1cf3006dd0092,"[{""trait_type"":""Glasses"",""value"":""Gray Round Glasses""},{""trait_type"":""Mouth"",""value"":""Braces""},{""trait_type"":""Background"",""value"":""Night Scene""},{""trait_type"":""Body"",""value"":""Robotic""},{""trait_type"":""Outfits"",""value"":""Purple Suit""},{""trait_type"":""Hairs"",""value"":""Blonde Hairs""}]"
1,1358896,0x6e97ac03046c3610f0d29bc7be2e65a4b7d3286fb19d006012045ead5a0266b7,"[{""trait_type"":""Glasses"",""value"":""Yellow Round Glasses""},{""trait_type"":""Mouth"",""value"":""Fuck ""},{""trait_type"":""Background"",""value"":""Green with Jay Force Symbol""},{""trait_type"":""Body"",""value"":""Golden""},{""trait_type"":""Outfits"",""value"":""Red Shirt 2""},{""trait_type"":""Hairs"",""value"":""Ice Cream hat""}]"
0,1359228,0x6b0a889e7c0f6633e16092a3f60de6bf3921dea689a208a0d2619600a888bf1c,"[{""trait_type"":""Glasses"",""value"":""Black Round Glasses""},{""trait_type"":""Mouth"",""value"":""Fuck ""},{""trait_type"":""Background"",""value"":""Night Scene""},{""trait_type"":""Body"",""value"":""Golden""},{""trait_type"":""Outfits"",""value"":""Red Tie""},{""trait_type"":""Hairs"",""value"":""Blonde Short Hairs""}]"
