token_id,ethscription_number,ethscription_id,attributes
279,4104043,0xa563765c3e1756e15271d7028d4a1118618e74b0e705720e5cab3ad86f035c0c,"[{""trait_type"":""Background"",""value"":""Teal""},{""trait_type"":""Hat"",""value"":""Black & Red Snapback""},{""trait_type"":""Eyes"",""value"":""Welding Goggles""},{""trait_type"":""Mouth"",""value"":""Knife""},{""trait_type"":""Necklace"",""value"":""Mala""},{""trait_type"":""Facial Hair"",""value"":""Pencil Stache""},{""trait_type"":""Accessory"",""value"":""Cannabis Plant""},{""trait_type"":""Weapon"",""value"":""Wizard Staff""},{""trait_type"":""Class"",""value"":""Rare""},{""trait_type"":""Clothing"",""value"":""Black Hoodie""},{""trait_type"":""Wings"",""value"":""Demon Wings""}]"
278,4102865,0x1c7cc1ea7b904b391f1b1efefaa702abb49a6e4eb9c7cd1372ee6d79a06be98c,"[{""trait_type"":""Background"",""value"":""Purple""},{""trait_type"":""Hair"",""value"":""Long Magenta Mohawk""},{""trait_type"":""Eyes"",""value"":""Angry Eyes""},{""trait_type"":""Mouth"",""value"":""Kissy Face""},{""trait_type"":""Accessory"",""value"":""FUCK OFF!""},{""trait_type"":""Weapon"",""value"":""Sawed-Off Shotgun""},{""trait_type"":""Class"",""value"":""Uncommon""},{""trait_type"":""Clothing"",""value"":""Heart T-Shirt""}]"
277,4102861,0xaa06ed2901efc0a0d5808590f263ef0d492ecfc5dfb8a76837661c4314ca1433,"[{""trait_type"":""Background"",""value"":""Teal""},{""trait_type"":""Hair"",""value"":""Long Black Curly""},{""trait_type"":""Eyes"",""value"":""Round Glasses""},{""trait_type"":""Mouth"",""value"":""Silly Tongue""},{""trait_type"":""Necklace"",""value"":""Lady Gold Crucifix""},{""trait_type"":""Accessory"",""value"":""Joint""},{""trait_type"":""Weapon"",""value"":""Fist w/ Watch""},{""trait_type"":""Class"",""value"":""Rare""},{""trait_type"":""Clothing"",""value"":""#TitsOutForPepe""},{""trait_type"":""Wings"",""value"":""Demon Wings""}]"
276,4102858,0x079fe836f75c6f47bf5956f7a42307ac5dae2be9f7fc16085a9773a202fcc011,"[{""trait_type"":""Background"",""value"":""Breaking-the-Matrix""},{""trait_type"":""Hat"",""value"":""Airbender Symbol""},{""trait_type"":""Eyes"",""value"":""Pirate Eyepatch""},{""trait_type"":""Mouth"",""value"":""Blunt w/ Lipstick""},{""trait_type"":""Necklace"",""value"":""Mala""},{""trait_type"":""Accessory"",""value"":""Platypus""},{""trait_type"":""Weapon"",""value"":""Bowie Knife""},{""trait_type"":""Class"",""value"":""Uncommon""},{""trait_type"":""Clothing"",""value"":""Little Black Dress""}]"
275,4102205,0x7b47c854670bd2de883285c6643d10208af77a5a5d25f0b10146f9922ad17490,"[{""trait_type"":""Background"",""value"":""Yellow""},{""trait_type"":""Hair"",""value"":""Red-Pigtails""},{""trait_type"":""Eyes"",""value"":""Pit Vipers""},{""trait_type"":""Mouth"",""value"":""Kissy Face""},{""trait_type"":""Necklace"",""value"":""Diamond Necklace""},{""trait_type"":""Accessory"",""value"":""Mickey Mouse""},{""trait_type"":""Weapon"",""value"":""FUCK OFF!!""},{""trait_type"":""Class"",""value"":""Uncommon""},{""trait_type"":""Clothing"",""value"":""Monk Robe""}]"
274,4102201,0x8aa4d7a79f603cb523f29abb7a973172c841b4f685b296e6e38047a46c90ee8d,"[{""trait_type"":""Background"",""value"":""Light Grey""},{""trait_type"":""Hair"",""value"":""Black Pigtails""},{""trait_type"":""Eyes"",""value"":""Nouns Noggles""},{""trait_type"":""Mouth"",""value"":""Toothy Grin""},{""trait_type"":""Necklace"",""value"":""Diamond Necklace""},{""trait_type"":""Accessory"",""value"":""Grey Cat""},{""trait_type"":""Weapon"",""value"":""Magic""},{""trait_type"":""Class"",""value"":""Rare""},{""trait_type"":""Clothing"",""value"":""#TitsOutForPepe""},{""trait_type"":""Wings"",""value"":""Angel Wings""}]"
273,4102196,0xaf4f9f8173a7b4b5e69969a61287029de8e3b8d8ae23537fc5d4ff10e013413b,"[{""trait_type"":""Background"",""value"":""Cotton Candy Gradient""},{""trait_type"":""Hair"",""value"":""Long Black Curly""},{""trait_type"":""Eyes"",""value"":""Night Vision Goggles""},{""trait_type"":""Mouth"",""value"":""Confused""},{""trait_type"":""Facial Hair"",""value"":""Soul Patch""},{""trait_type"":""Accessory"",""value"":""Puzzle Piece""},{""trait_type"":""Weapon"",""value"":""Uzi""},{""trait_type"":""Class"",""value"":""Uncommon""},{""trait_type"":""Clothing"",""value"":""Bomber Jacket""}]"
272,4102190,0xdd6de8f86b28bacf3f5138979aa1887f7f0ecd3a9db283426e7aa96ae1ad6ac1,"[{""trait_type"":""Background"",""value"":""Lime Green""},{""trait_type"":""Hat"",""value"":""Piggy Banksy Ears""},{""trait_type"":""Eyes"",""value"":""Pink Eyeshadow""},{""trait_type"":""Mouth"",""value"":""Tongue Out""},{""trait_type"":""Accessory"",""value"":""Frog""},{""trait_type"":""Weapon"",""value"":""Dynamite Sticks w: Wristbands""},{""trait_type"":""Class"",""value"":""Rare""},{""trait_type"":""Clothing"",""value"":""Lady Naked Pepe""},{""trait_type"":""Wings"",""value"":""Demon Wings""}]"
271,4102189,0xa684cf4a17a08f218b59df110b65b2d3ac158f37eee2383d16d941ce4b4f94a3,"[{""trait_type"":""Background"",""value"":""Outer Space""},{""trait_type"":""Hair"",""value"":""Long Brown Wavy""},{""trait_type"":""Eyes"",""value"":""Sleepy Eyes""},{""trait_type"":""Mouth"",""value"":""Cannabis Leaf""},{""trait_type"":""Necklace"",""value"":""Lady Gold Crucifix""},{""trait_type"":""Accessory"",""value"":""Cigarette""},{""trait_type"":""Weapon"",""value"":""Fist w/ Watch""},{""trait_type"":""Class"",""value"":""Rare""},{""trait_type"":""Clothing"",""value"":""#TitsOutForPepe""},{""trait_type"":""Wings"",""value"":""Demon Wings""}]"
270,4102188,0xde52cb1584734637ec2923008abbe70e4cb3f824b268e19e544b9fe0e3ce0c16,"[{""trait_type"":""Background"",""value"":""Grey""},{""trait_type"":""Hat"",""value"":""Golden Headphones""},{""trait_type"":""Eyes"",""value"":""Nouns Noggles""},{""trait_type"":""Mouth"",""value"":""Silly Tongue""},{""trait_type"":""Necklace"",""value"":""Gold Crucifix""},{""trait_type"":""Accessory"",""value"":""Ethereum""},{""trait_type"":""Weapon"",""value"":""Magic""},{""trait_type"":""Class"",""value"":""Uncommon""},{""trait_type"":""Clothing"",""value"":""Lady Pirate Outfit""}]"
269,4102167,0xd803680ddf29d3997b9f6faa70389d80a325124e9c8b13b478421c2f0a2b28a2,"[{""trait_type"":""Background"",""value"":""Ethscriptions Green""},{""trait_type"":""Hair"",""value"":""Long Black Curly""},{""trait_type"":""Eyes"",""value"":""Pink Eyeshadow""},{""trait_type"":""Mouth"",""value"":""Kissy Face""},{""trait_type"":""Necklace"",""value"":""Barbed ""},{""trait_type"":""Accessory"",""value"":""White Rabbit""},{""trait_type"":""Weapon"",""value"":""Lucille""},{""trait_type"":""Class"",""value"":""Rare""},{""trait_type"":""Clothing"",""value"":""Blue Hoodie""},{""trait_type"":""Wings"",""value"":""Angel Wings""}]"
268,4102165,0x98d15a7e3600beba4e20575756ebcd7cfb57e2a7d8fee0ba6c50fb9fd1438dcf,"[{""trait_type"":""Background"",""value"":""Sunset Gradient""},{""trait_type"":""Hair"",""value"":""Red-Pigtails""},{""trait_type"":""Eyes"",""value"":""Cat Eyes""},{""trait_type"":""Mouth"",""value"":""Kissy Face""},{""trait_type"":""Necklace"",""value"":""Crystal Necklace""},{""trait_type"":""Accessory"",""value"":""Gold Bricks""},{""trait_type"":""Weapon"",""value"":""Sword in the Stone""},{""trait_type"":""Class"",""value"":""Uncommon""},{""trait_type"":""Clothing"",""value"":""Lady Pirate Outfit""}]"
267,4102162,0x3a35903156bf40220a17d7492e4b050aed6887ef4342deb604641c4c693c97f4,"[{""trait_type"":""Background"",""value"":""Ethscriptions Green""},{""trait_type"":""Hat"",""value"":""Piggy Banksy Ears""},{""trait_type"":""Eyes"",""value"":""Eyes Closed""},{""trait_type"":""Mouth"",""value"":""Blunt w/ Lipstick""},{""trait_type"":""Accessory"",""value"":""Taco Bell""},{""trait_type"":""Weapon"",""value"":""Wizard Staff""},{""trait_type"":""Class"",""value"":""Rare""},{""trait_type"":""Clothing"",""value"":""#TitsOutForPepe""},{""trait_type"":""Face"",""value"":""Face""},{""trait_type"":""Wings"",""value"":""Angel Wings""}]"
266,4102158,0xc8e63f7266fbec153ce0588b9cc2aa5a04eace4125e33c9f6607bfdae20bf39a,"[{""trait_type"":""Background"",""value"":""Outer Space""},{""trait_type"":""Hat"",""value"":""Bobby Zoo Tophat""},{""trait_type"":""Eyes"",""value"":""Pirate Eyepatch""},{""trait_type"":""Mouth"",""value"":""Hanging Cigarette""},{""trait_type"":""Necklace"",""value"":""Straight Tie""},{""trait_type"":""Facial Hair"",""value"":""Soul Patch""},{""trait_type"":""Accessory"",""value"":""Film Camera""},{""trait_type"":""Weapon"",""value"":""Buster Sword""},{""trait_type"":""Class"",""value"":""Uncommon""},{""trait_type"":""Clothing"",""value"":""Walt Disney's Suit""}]"
265,4102136,0xc0cd74fba90aa75ea047addf2a62901eccf2a98ae2490653543f494b1a1e6ae0,"[{""trait_type"":""Background"",""value"":""Orange""},{""trait_type"":""Hair"",""value"":""Brown Guido""},{""trait_type"":""Eyes"",""value"":""Hacker Glasses""},{""trait_type"":""Mouth"",""value"":""Cigarette Left""},{""trait_type"":""Necklace"",""value"":""Gold Crucifix""},{""trait_type"":""Facial Hair"",""value"":""Grey Full Beard""},{""trait_type"":""Accessory"",""value"":""Mushroom""},{""trait_type"":""Weapon"",""value"":""FUCK OFF!!""},{""trait_type"":""Class"",""value"":""Uncommon""},{""trait_type"":""Clothing"",""value"":""Pirate Outfit""}]"
264,4102073,0x261201b8238e9bc03d44f166a16382fd058e8c7743192996919a3bab1f0fecb8,"[{""trait_type"":""Background"",""value"":""Grey""},{""trait_type"":""Hair"",""value"":""Long Brown Wavy""},{""trait_type"":""Eyes"",""value"":""Stoned""},{""trait_type"":""Mouth"",""value"":""Joint""},{""trait_type"":""Necklace"",""value"":""Lady Gold Crucifix""},{""trait_type"":""Accessory"",""value"":""Money Bag""},{""trait_type"":""Weapon"",""value"":""Dynamite Sticks""},{""trait_type"":""Class"",""value"":""Uncommon""},{""trait_type"":""Clothing"",""value"":""Little Black Dress""}]"
263,4102071,0x8ab1b43cd1d9453be9093236070915558abd6bdd0b8bb85bbcff55e96ac529c7,"[{""trait_type"":""Background"",""value"":""White""},{""trait_type"":""Hat"",""value"":""Ninja Mask""},{""trait_type"":""Eyes"",""value"":""Pirate Eyepatch""},{""trait_type"":""Mouth"",""value"":""Bored""},{""trait_type"":""Necklace"",""value"":""Lady Gold Crucifix""},{""trait_type"":""Accessory"",""value"":""Bitcoin""},{""trait_type"":""Weapon"",""value"":""Cutlass""},{""trait_type"":""Class"",""value"":""Rare""},{""trait_type"":""Clothing"",""value"":""Lady Pirate Outfit""},{""trait_type"":""Wings"",""value"":""Demon Wings""}]"
262,4102035,0xc18c392c656fe6b71e82f8891c8c5f96f2fb09e6cd4dceb65d7c2deec42b77af,"[{""trait_type"":""Background"",""value"":""Countryside""},{""trait_type"":""Hat"",""value"":""Pirate Hat w: Orange Bandana""},{""trait_type"":""Eyes"",""value"":""Stoned""},{""trait_type"":""Mouth"",""value"":""Bored""},{""trait_type"":""Necklace"",""value"":""Crystal Necklace""},{""trait_type"":""Accessory"",""value"":""Bitcoin""},{""trait_type"":""Weapon"",""value"":""FUCK OFF!!""},{""trait_type"":""Class"",""value"":""Rare""},{""trait_type"":""Clothing"",""value"":""Little Black Dress""},{""trait_type"":""Wings"",""value"":""Demon Wings""}]"
261,4102011,0x124d1c779bf8b399d72ee9ded7c8c754af111195c6dfc43cc1a95313814b9475,"[{""trait_type"":""Background"",""value"":""Outer Space""},{""trait_type"":""Hair"",""value"":""Pink-Pigtails""},{""trait_type"":""Eyes"",""value"":""Pink Eyeshadow""},{""trait_type"":""Mouth"",""value"":""Blunt w/ Lipstick""},{""trait_type"":""Necklace"",""value"":""Lady Gold Crucifix""},{""trait_type"":""Accessory"",""value"":""FUCK OFF!""},{""trait_type"":""Weapon"",""value"":""Hacker Laptop""},{""trait_type"":""Class"",""value"":""Uncommon""},{""trait_type"":""Clothing"",""value"":""Little Black Dress""}]"
260,4102009,0x91c306fa8432b58132ca4cb8b0a91e6fc65f26ecc3f315ca525c7a482cbee27c,"[{""trait_type"":""Background"",""value"":""The Clouds Parted""},{""trait_type"":""Hat"",""value"":""Pirate Hat w: Orange Bandana""},{""trait_type"":""Eyes"",""value"":""X-Ray Glasses""},{""trait_type"":""Mouth"",""value"":""Excited""},{""trait_type"":""Necklace"",""value"":""Barbed ""},{""trait_type"":""Facial Hair"",""value"":""Coke Mustache""},{""trait_type"":""Accessory"",""value"":""Drumsticks w/ wristband""},{""trait_type"":""Weapon"",""value"":""Wolverine Claws""},{""trait_type"":""Class"",""value"":""Uncommon""},{""trait_type"":""Clothing"",""value"":""Suit & Tie""}]"
259,4101975,0xb59cf5a1a1d97d3ce539a93e49a11964103d93298359fb677dcaa0cbe5a2a364,"[{""trait_type"":""Background"",""value"":""Desert Landscape""},{""trait_type"":""Hair"",""value"":""Long Black Wavy""},{""trait_type"":""Eyes"",""value"":""Laser Eyes""},{""trait_type"":""Mouth"",""value"":""Serious""},{""trait_type"":""Accessory"",""value"":""Parrot""},{""trait_type"":""Weapon"",""value"":""Brick""},{""trait_type"":""Class"",""value"":""Rare""},{""trait_type"":""Clothing"",""value"":""#TitsOutForPepe""},{""trait_type"":""Wings"",""value"":""Demon Wings""}]"
258,4101974,0x2d5efd63dd5e0e5f6a3dbb6537feebf4242a2c1cee5334e613dec379258509c2,"[{""trait_type"":""Background"",""value"":""Head in the Clouds""},{""trait_type"":""Hair"",""value"":""Pink-Pigtails""},{""trait_type"":""Eyes"",""value"":""Pink Eyeshadow""},{""trait_type"":""Mouth"",""value"":""Toothy Grin""},{""trait_type"":""Necklace"",""value"":""Bowtie""},{""trait_type"":""Accessory"",""value"":""Mushroom""},{""trait_type"":""Weapon"",""value"":""Electric Energy""},{""trait_type"":""Class"",""value"":""Uncommon""},{""trait_type"":""Clothing"",""value"":""Little Black Dress""}]"
257,4101964,0x476014ba6be5609577adbe880638350ee9d3d66218c2fda85d71e86ab7ad5542,"[{""trait_type"":""Background"",""value"":""Desert Landscape""},{""trait_type"":""Hat"",""value"":""Devil Horns""},{""trait_type"":""Eyes"",""value"":""Third Eye""},{""trait_type"":""Mouth"",""value"":""Knife""},{""trait_type"":""Necklace"",""value"":""Platinum Chain""},{""trait_type"":""Accessory"",""value"":""Money Bag""},{""trait_type"":""Weapon"",""value"":""Liquid Metal Blade""},{""trait_type"":""Class"",""value"":""Rare""},{""trait_type"":""Clothing"",""value"":""Naked Pepe""},{""trait_type"":""Face"",""value"":""Face""},{""trait_type"":""Wings"",""value"":""Demon Wings""}]"
256,4101962,0xf3dfa077b5896500f10be732a77e400c3a5066058c99e4eb43e8e7d802e9fa98,"[{""trait_type"":""Background"",""value"":""Lime Green""},{""trait_type"":""Hair"",""value"":""Blue-Pigtails""},{""trait_type"":""Eyes"",""value"":""$ Eyes""},{""trait_type"":""Mouth"",""value"":""Bored""},{""trait_type"":""Necklace"",""value"":""Lady Gold Crucifix""},{""trait_type"":""Accessory"",""value"":""Frog""},{""trait_type"":""Weapon"",""value"":""Flamethrower""},{""trait_type"":""Class"",""value"":""Uncommon""},{""trait_type"":""Clothing"",""value"":""Little Black Dress""}]"
255,4101951,0x031381970f5f5253b224b930f1857df507968c0cc3341cf1a98e414827e45d31,"[{""trait_type"":""Background"",""value"":""Violet""},{""trait_type"":""Hat"",""value"":""Blue Snapback""},{""trait_type"":""Eyes"",""value"":""X Eyes""},{""trait_type"":""Mouth"",""value"":""Blunt w/ Lipstick""},{""trait_type"":""Necklace"",""value"":""Mala""},{""trait_type"":""Accessory"",""value"":""Diamond Hands""},{""trait_type"":""Weapon"",""value"":""Wizard Staff""},{""trait_type"":""Class"",""value"":""Uncommon""},{""trait_type"":""Clothing"",""value"":""Little Black Dress""}]"
254,4101948,0xf00ebbe310921925ee490b8703e0d183959ef8a0991ae1d73bd4320422808eff,"[{""trait_type"":""Background"",""value"":""Purple""},{""trait_type"":""Hair"",""value"":""Long Neon Cyan Mohawk""},{""trait_type"":""Eyes"",""value"":""Cat Eyes""},{""trait_type"":""Mouth"",""value"":""Pipe""},{""trait_type"":""Accessory"",""value"":""Beer Bottle""},{""trait_type"":""Weapon"",""value"":""Jedi Light Saber""},{""trait_type"":""Class"",""value"":""Uncommon""},{""trait_type"":""Clothing"",""value"":""#TitsOutForPepe""}]"
253,4101947,0x91e7b09c30ae8cf01eff4d4a6adc12e25151c482d6739327316242db9ce67419,"[{""trait_type"":""Background"",""value"":""Advice Dog Rainbow""},{""trait_type"":""Hair"",""value"":""Long White Wavy""},{""trait_type"":""Eyes"",""value"":""Terminator Eye""},{""trait_type"":""Mouth"",""value"":""Excited""},{""trait_type"":""Necklace"",""value"":""Gold Crucifix""},{""trait_type"":""Facial Hair"",""value"":""Brown Full Beard""},{""trait_type"":""Accessory"",""value"":""Black Cat""},{""trait_type"":""Weapon"",""value"":""Uzi""},{""trait_type"":""Class"",""value"":""Uncommon""},{""trait_type"":""Clothing"",""value"":""Suit w: Blue Tie""}]"
252,4101945,0x71ff196a2c28386f4c433f146ba8cac621f73a96691fabba62514b321cf0b277,"[{""trait_type"":""Background"",""value"":""Ja Rule Rastafari""},{""trait_type"":""Hair"",""value"":""Christiano Hair""},{""trait_type"":""Eyes"",""value"":""Stoned""},{""trait_type"":""Mouth"",""value"":""Silly Tongue""},{""trait_type"":""Facial Hair"",""value"":""Brown Goatee""},{""trait_type"":""Accessory"",""value"":""Mushroom""},{""trait_type"":""Weapon"",""value"":""Blue Pill""},{""trait_type"":""Class"",""value"":""Uncommon""},{""trait_type"":""Clothing"",""value"":""Guinea Tee""}]"
251,4101944,0x37a47dfaa684382310932165cff1ab0de5a2f88a8bfa40502d43ee698ef98db9,"[{""trait_type"":""Background"",""value"":""City Landscape""},{""trait_type"":""Hat"",""value"":""Sombrero""},{""trait_type"":""Eyes"",""value"":""Blindfolded""},{""trait_type"":""Mouth"",""value"":""Vampire Fangs""},{""trait_type"":""Necklace"",""value"":""Bowtie""},{""trait_type"":""Accessory"",""value"":""Pickaxe""},{""trait_type"":""Weapon"",""value"":""Mace Windu Lightsaber""},{""trait_type"":""Class"",""value"":""Uncommon""},{""trait_type"":""Clothing"",""value"":""Lady Pirate Outfit""}]"
250,4101912,0x51917fdfb59371f0d75f137df22f28c573386c2b9c76335a4e8a37c1f1f74a6e,"[{""trait_type"":""Background"",""value"":""Yellow""},{""trait_type"":""Hair"",""value"":""Long Black Wavy""},{""trait_type"":""Eyes"",""value"":""Night Vision Goggles""},{""trait_type"":""Mouth"",""value"":""Talking""},{""trait_type"":""Facial Hair"",""value"":""Soul Patch""},{""trait_type"":""Accessory"",""value"":""MFpurr""},{""trait_type"":""Weapon"",""value"":""Baseball Bat""},{""trait_type"":""Class"",""value"":""Uncommon""},{""trait_type"":""Clothing"",""value"":""Cannabis Leaf T-Shirt""}]"
249,4081352,0x22b1e35e014d88aba258dc5a68ac9bbeaea817ded07777769ed5fcf2dd6ca64c,"[{""trait_type"":""Background"",""value"":""Ethscriptions Green""},{""trait_type"":""Hat"",""value"":""Halo""},{""trait_type"":""Eyes"",""value"":""Snake Eyes""},{""trait_type"":""Mouth"",""value"":""Cigarette Right""},{""trait_type"":""Necklace"",""value"":""Gold Chain""},{""trait_type"":""Facial Hair"",""value"":""Coke Mustache""},{""trait_type"":""Accessory"",""value"":""Mickey Mouse""},{""trait_type"":""Weapon"",""value"":""Wisdom""},{""trait_type"":""Class"",""value"":""Uncommon""},{""trait_type"":""Clothing"",""value"":""Monk Robe""}]"
248,4081341,0xdcd1d204f1b8e618ece65077de511dee47d00c8567ead8a69d191dc1952f6aff,"[{""trait_type"":""Background"",""value"":""Grey""},{""trait_type"":""Hair"",""value"":""Brunette-Pigtails""},{""trait_type"":""Eyes"",""value"":""Pit Vipers""},{""trait_type"":""Mouth"",""value"":""Vampire Fangs""},{""trait_type"":""Necklace"",""value"":""Tight Gold Chain""},{""trait_type"":""Accessory"",""value"":""Ethererum""},{""trait_type"":""Weapon"",""value"":""Magic""},{""trait_type"":""Class"",""value"":""Rare""},{""trait_type"":""Clothing"",""value"":""Pirate Outfit""},{""trait_type"":""Wings"",""value"":""Demon Wings""}]"
247,4081328,0x286babe24d51267e0a4bdcf98b83eac0fe7824400b4aa9c6d83cc25298309841,"[{""trait_type"":""Background"",""value"":""Muschroom Kingdom""},{""trait_type"":""Eyes"",""value"":""Christiano Eyes""},{""trait_type"":""Mouth"",""value"":""Cigar""},{""trait_type"":""Necklace"",""value"":""Gold Crucifix""},{""trait_type"":""Facial Hair"",""value"":""Coke Mustache""},{""trait_type"":""Accessory"",""value"":""Pizza""},{""trait_type"":""Weapon"",""value"":""Hatchet""},{""trait_type"":""Class"",""value"":""Rare""},{""trait_type"":""Clothing"",""value"":""Guinea Tee""},{""trait_type"":""Wings"",""value"":""Angel Wings""}]"
246,4081279,0x5b2540c65c86014a1c5e8fa243d8bf2c87720a887b23b78fdc162b850f39ca6a,"[{""trait_type"":""Background"",""value"":""Orange""},{""trait_type"":""Hat"",""value"":""Blue Flipped Brim Hat""},{""trait_type"":""Eyes"",""value"":""Diamond Eyes""},{""trait_type"":""Mouth"",""value"":""Big Rainbow Grill""},{""trait_type"":""Facial Hair"",""value"":""Soul Patch""},{""trait_type"":""Accessory"",""value"":""Gold Bricks""},{""trait_type"":""Weapon"",""value"":""Air Energy""},{""trait_type"":""Class"",""value"":""Uncommon""},{""trait_type"":""Clothing"",""value"":""Orange Deep-V Shirt""}]"
245,4081276,0x64e0d684334009752c71e4651963bc5a4bad222e1bd5bea5f6e8dbcc7f4f7527,"[{""trait_type"":""Background"",""value"":""Here Be Dragons!""},{""trait_type"":""Hair"",""value"":""Purple Pigtails""},{""trait_type"":""Eyes"",""value"":""Stoned""},{""trait_type"":""Mouth"",""value"":""Joint""},{""trait_type"":""Necklace"",""value"":""Crystal Necklace""},{""trait_type"":""Accessory"",""value"":""Gold Bricks""},{""trait_type"":""Weapon"",""value"":""Wisdom""},{""trait_type"":""Class"",""value"":""Uncommon""},{""trait_type"":""Clothing"",""value"":""Naked Pepe""}]"
244,4081274,0x7e9fe4264abafe239d433bbed87d1b1df7cfecb062eef9a89090d97cb29d9dcd,"[{""trait_type"":""Background"",""value"":""Light Grey""},{""trait_type"":""Hat"",""value"":""Biker Helmet""},{""trait_type"":""Eyes"",""value"":""Aviators""},{""trait_type"":""Mouth"",""value"":""Excited w/ Joint""},{""trait_type"":""Necklace"",""value"":""Barbed ""},{""trait_type"":""Facial Hair"",""value"":""Porn Stache""},{""trait_type"":""Accessory"",""value"":""FUCK OFF!""},{""trait_type"":""Weapon"",""value"":""Lucille""},{""trait_type"":""Class"",""value"":""Rare""},{""trait_type"":""Clothing"",""value"":""Guinea Tee""},{""trait_type"":""Face"",""value"":""Face""},{""trait_type"":""Wings"",""value"":""Demon Wings""}]"
243,4081266,0x1fb7c4fc927bb271cfcbc06707f1d94e3ac1c5b69ac9d01a72c7073323dd20a2,"[{""trait_type"":""Background"",""value"":""In the Booth""},{""trait_type"":""Hat"",""value"":""Laurel Leaves""},{""trait_type"":""Eyes"",""value"":""Laser Eyes""},{""trait_type"":""Mouth"",""value"":""Happy""},{""trait_type"":""Necklace"",""value"":""$Pepe Ledger""},{""trait_type"":""Facial Hair"",""value"":""Fu Manchu""},{""trait_type"":""Accessory"",""value"":""Platypus""},{""trait_type"":""Weapon"",""value"":""Brass Knuckles""},{""trait_type"":""Class"",""value"":""Uncommon""},{""trait_type"":""Clothing"",""value"":""Sensei Hakama""}]"
242,4081259,0x5c1520c0d2cce3b0f4d07b3313964159a0597af6ac8b4c52f05aebd262bd743c,"[{""trait_type"":""Background"",""value"":""Blue & Red Gradient""},{""trait_type"":""Eyes"",""value"":""X-Ray Glasses""},{""trait_type"":""Mouth"",""value"":""Puking Rainbows""},{""trait_type"":""Necklace"",""value"":""Gold Crucifix""},{""trait_type"":""Facial Hair"",""value"":""Porn Stache""},{""trait_type"":""Accessory"",""value"":""Pickaxe""},{""trait_type"":""Weapon"",""value"":""Hacker Laptop""},{""trait_type"":""Class"",""value"":""Uncommon""},{""trait_type"":""Clothing"",""value"":""Naked Pepe""}]"
241,4081126,0x35a0bdd302ab5138299b721359bced1d2d96cca04feff1eb6edb3e98df806d4f,"[{""trait_type"":""Background"",""value"":""Head in the Clouds""},{""trait_type"":""Hair"",""value"":""Long Red Mohawk""},{""trait_type"":""Eyes"",""value"":""Hacker Glasses""},{""trait_type"":""Mouth"",""value"":""Knife""},{""trait_type"":""Necklace"",""value"":""Barbed ""},{""trait_type"":""Facial Hair"",""value"":""Pirate Beard""},{""trait_type"":""Accessory"",""value"":""Whiskey Bottle""},{""trait_type"":""Weapon"",""value"":""Fist w/ Watch""},{""trait_type"":""Class"",""value"":""Uncommon""},{""trait_type"":""Clothing"",""value"":""Deadpool Outfit""}]"
240,4080485,0xf810d5fdb7e58a8ac80a7cc48fcd29fa4b4d16c755d3bf0691b435c94707ac24,"[{""trait_type"":""Background"",""value"":""The Matrix Code""},{""trait_type"":""Hair"",""value"":""Long Neon Green Mohawk""},{""trait_type"":""Eyes"",""value"":""Christiano Eyes""},{""trait_type"":""Mouth"",""value"":""Excited""},{""trait_type"":""Facial Hair"",""value"":""Brown Goatee""},{""trait_type"":""Accessory"",""value"":""Grey Cat""},{""trait_type"":""Weapon"",""value"":""Wizard Staff""},{""trait_type"":""Class"",""value"":""Rare""},{""trait_type"":""Clothing"",""value"":""Blue Hoodie""},{""trait_type"":""Wings"",""value"":""Angel Wings""}]"
239,4078809,0x5f79f9719285e5c170b849c10acb4b5a8518b4e6ad0f8ac0e17d6964270a4b57,"[{""trait_type"":""Background"",""value"":""Here Be Dragons!""},{""trait_type"":""Hair"",""value"":""Cornrows""},{""trait_type"":""Eyes"",""value"":""Pirate Eyepatch""},{""trait_type"":""Mouth"",""value"":""Tongue Out""},{""trait_type"":""Necklace"",""value"":""Mala""},{""trait_type"":""Facial Hair"",""value"":""Pirate Beard""},{""trait_type"":""Accessory"",""value"":""Frog""},{""trait_type"":""Weapon"",""value"":""Cutlass""},{""trait_type"":""Class"",""value"":""Rare""},{""trait_type"":""Clothing"",""value"":""Pirate Outfit""},{""trait_type"":""Face"",""value"":""Face""},{""trait_type"":""Wings"",""value"":""Demon Wings""}]"
238,4078784,0x0506453b1e495c77acb62825f05563dd74e87281b14f17c874be26611ad528b6,"[{""trait_type"":""Background"",""value"":""The Matrix Code""},{""trait_type"":""Hat"",""value"":""Biker Helmet""},{""trait_type"":""Eyes"",""value"":""Bugged out""},{""trait_type"":""Mouth"",""value"":""Tongue Out""},{""trait_type"":""Facial Hair"",""value"":""Brown Goatee""},{""trait_type"":""Accessory"",""value"":""Wrench""},{""trait_type"":""Weapon"",""value"":""Spectral Energy""},{""trait_type"":""Class"",""value"":""Uncommon""},{""trait_type"":""Clothing"",""value"":""Naked Pepe""}]"
237,4078767,0xe9b70f1a170111abdc0daff8452b98420032bedb575d9b7bdbf09658ba70e912,"[{""trait_type"":""Background"",""value"":""Purple""},{""trait_type"":""Hair"",""value"":""Blue-Pigtails""},{""trait_type"":""Eyes"",""value"":""Pink Eyeshadow""},{""trait_type"":""Mouth"",""value"":""Hanging Cigarette""},{""trait_type"":""Necklace"",""value"":""$Pepe Ledger""},{""trait_type"":""Accessory"",""value"":""Mickey Mouse""},{""trait_type"":""Weapon"",""value"":""Baseball Bat""},{""trait_type"":""Class"",""value"":""Uncommon""},{""trait_type"":""Clothing"",""value"":""Tie-Dye T-Shirt""}]"
236,4078747,0xc542ffcf442592f7f75b48eec41b56d4a6c644817ecdba8d05e68595c8714dad,"[{""trait_type"":""Background"",""value"":""Cannabis Farm""},{""trait_type"":""Hair"",""value"":""Brunette-Pigtails""},{""trait_type"":""Eyes"",""value"":""Pink Eyeshadow""},{""trait_type"":""Mouth"",""value"":""Kissy Face""},{""trait_type"":""Necklace"",""value"":""The Amulet of Pepe""},{""trait_type"":""Accessory"",""value"":""Pickaxe""},{""trait_type"":""Weapon"",""value"":""Uzi""},{""trait_type"":""Class"",""value"":""Uncommon""},{""trait_type"":""Clothing"",""value"":""Little Black Dress""}]"
235,4078736,0x25beb50c3b057e9a66228b35ade97ba49368c42b93d9e568830960bebd5d086a,"[{""trait_type"":""Background"",""value"":""Ja Rule Rastafari""},{""trait_type"":""Hat"",""value"":""Musroom Head""},{""trait_type"":""Eyes"",""value"":""Cyclops""},{""trait_type"":""Mouth"",""value"":""Joint""},{""trait_type"":""Necklace"",""value"":""Lady Gold Crucifix""},{""trait_type"":""Accessory"",""value"":""Peace""},{""trait_type"":""Weapon"",""value"":""Megaman Cannon""},{""trait_type"":""Class"",""value"":""Uncommon""},{""trait_type"":""Clothing"",""value"":""#TitsOutForPepe""}]"
234,4078725,0x5f84c75d79cf9848a7f8d2f4410f157826a45b842a6981f2b3819b94ebefc9eb,"[{""trait_type"":""Background"",""value"":""Teal""},{""trait_type"":""Hat"",""value"":""Pirate Hat w: Orange Bandana""},{""trait_type"":""Eyes"",""value"":""Cat Eyes""},{""trait_type"":""Mouth"",""value"":""Happy""},{""trait_type"":""Facial Hair"",""value"":""Wizard Beard""},{""trait_type"":""Accessory"",""value"":""Pizza""},{""trait_type"":""Weapon"",""value"":""Peace""},{""trait_type"":""Class"",""value"":""Uncommon""},{""trait_type"":""Clothing"",""value"":""Guinea Tee""}]"
233,4078718,0x88a5d1723e1415e32b4fdec9ed01ad6463a4c2e37e691ac491162b21d3055087,"[{""trait_type"":""Background"",""value"":""Head in the Clouds""},{""trait_type"":""Hat"",""value"":""Beret""},{""trait_type"":""Eyes"",""value"":""Night Vision Goggles""},{""trait_type"":""Mouth"",""value"":""Kissy Face""},{""trait_type"":""Necklace"",""value"":""Platinum Chain""},{""trait_type"":""Accessory"",""value"":""Cigarette""},{""trait_type"":""Weapon"",""value"":""Flamethrower""},{""trait_type"":""Class"",""value"":""Uncommon""},{""trait_type"":""Clothing"",""value"":""Lady Naked Pepe""},{""trait_type"":""Face"",""value"":""Face""}]"
232,4078704,0x4a4c49e56b39a8164b88c446b4d4462978f48a6662482fdd90489f912063f2dd,"[{""trait_type"":""Background"",""value"":""The Matrix Code""},{""trait_type"":""Hat"",""value"":""Devil Horns on Hair""},{""trait_type"":""Hair"",""value"":""Long White Wavy""},{""trait_type"":""Eyes"",""value"":""Demon Eyes""},{""trait_type"":""Mouth"",""value"":""Vampire Fangs""},{""trait_type"":""Necklace"",""value"":""Barbed ""},{""trait_type"":""Accessory"",""value"":""FUCK OFF!""},{""trait_type"":""Weapon"",""value"":""Spectral Energy""},{""trait_type"":""Class"",""value"":""Rare""},{""trait_type"":""Clothing"",""value"":""#TitsOutForPepe""},{""trait_type"":""Face"",""value"":""Face""},{""trait_type"":""Wings"",""value"":""Demon Wings""}]"
231,4078683,0x69c8396eb76d9621dc1e27d98a7e6e53b550f3158e75607dd7394a88a7ecd23e,"[{""trait_type"":""Background"",""value"":""Sunset Gradient""},{""trait_type"":""Hat"",""value"":""Airbender Symbol""},{""trait_type"":""Eyes"",""value"":""VR Headset""},{""trait_type"":""Mouth"",""value"":""Kissy Face""},{""trait_type"":""Necklace"",""value"":""Platinum Chain""},{""trait_type"":""Accessory"",""value"":""Ethererum""},{""trait_type"":""Weapon"",""value"":""Uzi""},{""trait_type"":""Class"",""value"":""Uncommon""},{""trait_type"":""Clothing"",""value"":""#TitsOutForPepe""}]"
230,4078677,0x3991ee722640b810a1f8e9d09ee6dd12ea8511af154c95a7f9557e69d3b508e3,"[{""trait_type"":""Background"",""value"":""Rainbow Colors""},{""trait_type"":""Hair"",""value"":""Long White Wavy""},{""trait_type"":""Eyes"",""value"":""Ziggy Stardust""},{""trait_type"":""Mouth"",""value"":""Toothy Grin""},{""trait_type"":""Necklace"",""value"":""Lady Gold Crucifix""},{""trait_type"":""Accessory"",""value"":""White Rabbit""},{""trait_type"":""Weapon"",""value"":""Earth Energy""},{""trait_type"":""Class"",""value"":""Uncommon""},{""trait_type"":""Clothing"",""value"":""#TitsOutForPepe""}]"
229,4078666,0x175ffba74afbb0a1568f5361373687f6d49e24c8ee57a9a6aa2825ccb324a621,"[{""trait_type"":""Background"",""value"":""The Clouds Parted""},{""trait_type"":""Hair"",""value"":""Purple Pigtails""},{""trait_type"":""Eyes"",""value"":""Blindfolded""},{""trait_type"":""Mouth"",""value"":""Blunt""},{""trait_type"":""Necklace"",""value"":""Lady Gold Crucifix""},{""trait_type"":""Accessory"",""value"":""Bloody Hitlist""},{""trait_type"":""Weapon"",""value"":""Jedi Light Saber""},{""trait_type"":""Class"",""value"":""Uncommon""},{""trait_type"":""Clothing"",""value"":""#TitsOutForPepe""}]"
228,4078631,0xbfedb8f6ec16834502fcad19d0286d2217d985407e4ba94975fddc66bc8029c2,"[{""trait_type"":""Background"",""value"":""Red""},{""trait_type"":""Hat"",""value"":""Space Suit""},{""trait_type"":""Eyes"",""value"":""Bugged out""},{""trait_type"":""Mouth"",""value"":""Knife""},{""trait_type"":""Facial Hair"",""value"":""Coke Mustache""},{""trait_type"":""Accessory"",""value"":""Frog""},{""trait_type"":""Weapon"",""value"":""FUCK OFF!!""},{""trait_type"":""Class"",""value"":""Uncommon""},{""trait_type"":""Clothing"",""value"":""Navy T-Shirt""},{""trait_type"":""Face"",""value"":""Face""}]"
227,4078606,0xa7b7a5a31dd184a2a300db0a077d9fdb8c26c051c01c7005e429082c8fa983ed,"[{""trait_type"":""Background"",""value"":""Sunset Gradient""},{""trait_type"":""Hat"",""value"":""Black & Red Snapback""},{""trait_type"":""Eyes"",""value"":""Lone Ranger""},{""trait_type"":""Mouth"",""value"":""Happy""},{""trait_type"":""Necklace"",""value"":""Lady Gold Crucifix""},{""trait_type"":""Accessory"",""value"":""Taco Bell""},{""trait_type"":""Weapon"",""value"":""Dynamite Sticks""},{""trait_type"":""Class"",""value"":""Uncommon""},{""trait_type"":""Clothing"",""value"":""Little Black Dress""}]"
226,4078589,0x3bb70eebaf4ffa545d086397ffbaa2125352d62e02dadcc8ca77e42197d16d9b,"[{""trait_type"":""Background"",""value"":""Light Grey""},{""trait_type"":""Hat"",""value"":""Crown""},{""trait_type"":""Eyes"",""value"":""Stoned""},{""trait_type"":""Mouth"",""value"":""Blunt""},{""trait_type"":""Necklace"",""value"":""Barbed ""},{""trait_type"":""Accessory"",""value"":""Ethererum""},{""trait_type"":""Weapon"",""value"":""Brick""},{""trait_type"":""Class"",""value"":""Uncommon""},{""trait_type"":""Clothing"",""value"":""Bomber Jacket""}]"
225,4078299,0x178dc54ee5773a24686dad956fa5d580771866b2cfb606f9df6d310d65f36fe1,"[{""trait_type"":""Background"",""value"":""Sunset Gradient""},{""trait_type"":""Hair"",""value"":""Green-Pigtails""},{""trait_type"":""Eyes"",""value"":""Aviators""},{""trait_type"":""Mouth"",""value"":""Blunt""},{""trait_type"":""Necklace"",""value"":""$Pepe Ledger""},{""trait_type"":""Accessory"",""value"":""Drumsticks""},{""trait_type"":""Weapon"",""value"":""Baseball Bat""},{""trait_type"":""Class"",""value"":""Uncommon""},{""trait_type"":""Clothing"",""value"":""Little Black Dress""}]"
224,4078205,0x82f814fa48f5c1c9ef4e92ce42a150896aae6ac315b82fb4e9e4d67cc3aa6e10,"[{""trait_type"":""Background"",""value"":""Cotton Candy Gradient""},{""trait_type"":""Hat"",""value"":""Crown""},{""trait_type"":""Eyes"",""value"":""Eyes Closed""},{""trait_type"":""Mouth"",""value"":""Blunt""},{""trait_type"":""Necklace"",""value"":""Barbed ""},{""trait_type"":""Facial Hair"",""value"":""Bloody Nose""},{""trait_type"":""Accessory"",""value"":""FUCK OFF!""},{""trait_type"":""Weapon"",""value"":""Air Energy""},{""trait_type"":""Class"",""value"":""Rare""},{""trait_type"":""Clothing"",""value"":""Teal Deep-V Shirt""},{""trait_type"":""Wings"",""value"":""Demon Wings""}]"
223,4078054,0xc74d0618e769ca32e7acb9c6e7f5e5e15099738171ad654da8cba57e91a11e2a,"[{""trait_type"":""Background"",""value"":""In the Booth""},{""trait_type"":""Hair"",""value"":""Brunette-Pigtails""},{""trait_type"":""Eyes"",""value"":""Blue Eyes""},{""trait_type"":""Mouth"",""value"":""Hanging Cigarette""},{""trait_type"":""Accessory"",""value"":""Mickey Mouse""},{""trait_type"":""Weapon"",""value"":""Mace Windu Lightsaber""},{""trait_type"":""Class"",""value"":""Uncommon""},{""trait_type"":""Clothing"",""value"":""Black Hoodie""}]"
222,4078025,0x7835ee708e802a8f68bbb87e77cbba35dedd2b5fec7e44ecf82fc1f26b400c1d,"[{""trait_type"":""Background"",""value"":""Blue & Red Gradient""},{""trait_type"":""Hair"",""value"":""Blonde Pigtails""},{""trait_type"":""Eyes"",""value"":""Bugged out""},{""trait_type"":""Mouth"",""value"":""Cigar""},{""trait_type"":""Necklace"",""value"":""Mala""},{""trait_type"":""Accessory"",""value"":""Money Bag""},{""trait_type"":""Weapon"",""value"":""Wisdom""},{""trait_type"":""Class"",""value"":""Uncommon""},{""trait_type"":""Clothing"",""value"":""Navy T-Shirt""}]"
221,4077988,0x3f1d7f1a84050760204cbd95257c9de8f6711575dc7bcd0509289fb20c56437b,"[{""trait_type"":""Background"",""value"":""Burn this City Down!""},{""trait_type"":""Hair"",""value"":""Long Red Mohawk""},{""trait_type"":""Eyes"",""value"":""Demon Eyes""},{""trait_type"":""Mouth"",""value"":""Joker Laugh""},{""trait_type"":""Necklace"",""value"":""Barbed ""},{""trait_type"":""Accessory"",""value"":""Frog""},{""trait_type"":""Weapon"",""value"":""Fire Energy""},{""trait_type"":""Class"",""value"":""Rare""},{""trait_type"":""Clothing"",""value"":""Naked Pepe""},{""trait_type"":""Face"",""value"":""Face""},{""trait_type"":""Wings"",""value"":""Demon Wings""}]"
220,4077966,0x3b769e54203f2ed7446657af34c8a8af64dacd8252fe038c386926c217649dcb,"[{""trait_type"":""Background"",""value"":""Light Grey""},{""trait_type"":""Hat"",""value"":""Bunny Ears""},{""trait_type"":""Eyes"",""value"":""Rolled Back""},{""trait_type"":""Mouth"",""value"":""Excited w/ Joint""},{""trait_type"":""Facial Hair"",""value"":""Wizard Beard""},{""trait_type"":""Accessory"",""value"":""Joint""},{""trait_type"":""Weapon"",""value"":""Brass Knuckles""},{""trait_type"":""Class"",""value"":""Uncommon""},{""trait_type"":""Clothing"",""value"":""Orange Deep-V Shirt""}]"
219,4077952,0x63b76aeaf0243914e35a86c905d333c8bb9e880cc77a0fd7652dac929ad6ceac,"[{""trait_type"":""Background"",""value"":""City Landscape""},{""trait_type"":""Hair"",""value"":""Long Pink Mohawk""},{""trait_type"":""Eyes"",""value"":""Aviators""},{""trait_type"":""Mouth"",""value"":""Rainbow Grill""},{""trait_type"":""Necklace"",""value"":""Mala""},{""trait_type"":""Facial Hair"",""value"":""Fu Manchu""},{""trait_type"":""Accessory"",""value"":""Ethererum""},{""trait_type"":""Weapon"",""value"":""FUCK OFF!!""},{""trait_type"":""Class"",""value"":""Uncommon""},{""trait_type"":""Clothing"",""value"":""Blue Hoodie""}]"
218,4077924,0x260272b98cd1be65d513f6c468bee8a8d9599831bd7643809c112378657f6a0e,"[{""trait_type"":""Background"",""value"":""Head in the Clouds""},{""trait_type"":""Hat"",""value"":""Crown""},{""trait_type"":""Eyes"",""value"":""Rolled Back""},{""trait_type"":""Mouth"",""value"":""Cigarette Left""},{""trait_type"":""Necklace"",""value"":""Lady Gold Crucifix""},{""trait_type"":""Accessory"",""value"":""Beer Bottle""},{""trait_type"":""Weapon"",""value"":""Brass Knuckles""},{""trait_type"":""Class"",""value"":""Rare""},{""trait_type"":""Clothing"",""value"":""#TitsOutForPepe""},{""trait_type"":""Wings"",""value"":""Demon Wings""}]"
217,4077752,0xd4dec22ec4f000f70c2122d7b512ba82050bb2999719ced0798a2babda587891,"[{""trait_type"":""Background"",""value"":""Grey""},{""trait_type"":""Hat"",""value"":""Sombrero""},{""trait_type"":""Eyes"",""value"":""Eyes Closed""},{""trait_type"":""Mouth"",""value"":""Silly Tongue""},{""trait_type"":""Necklace"",""value"":""Dice Necklace""},{""trait_type"":""Facial Hair"",""value"":""Coke Mustache""},{""trait_type"":""Accessory"",""value"":""Platypus""},{""trait_type"":""Weapon"",""value"":""Peace""},{""trait_type"":""Class"",""value"":""Uncommon""},{""trait_type"":""Clothing"",""value"":""Heart T-Shirt""}]"
216,4077636,0x071e56e509dbf214e50101614dfc1b72669b3158d98cc1dfe6a50f5f3f0fb0b7,"[{""trait_type"":""Background"",""value"":""Grey""},{""trait_type"":""Hat"",""value"":""Purple Beanie""},{""trait_type"":""Eyes"",""value"":""Stoned""},{""trait_type"":""Mouth"",""value"":""Big Rainbow Grill""},{""trait_type"":""Necklace"",""value"":""Barbed ""},{""trait_type"":""Facial Hair"",""value"":""Bloody Nose""},{""trait_type"":""Accessory"",""value"":""Pizza""},{""trait_type"":""Weapon"",""value"":""Fist w/ Watch""},{""trait_type"":""Class"",""value"":""Uncommon""},{""trait_type"":""Clothing"",""value"":""Guinea Tee""}]"
215,4077606,0xeb4f4b6ea1822cd6606d44a7f04d94d8a68471c79509cb0596cb7f2d80ffa5dd,"[{""trait_type"":""Background"",""value"":""City Landscape""},{""trait_type"":""Hair"",""value"":""Blue-Pigtails""},{""trait_type"":""Eyes"",""value"":""Gold Lennon Glasses""},{""trait_type"":""Mouth"",""value"":""Kissy Face""},{""trait_type"":""Necklace"",""value"":""Lady Gold Crucifix""},{""trait_type"":""Accessory"",""value"":""Pigeon""},{""trait_type"":""Weapon"",""value"":""Blunderbuss""},{""trait_type"":""Class"",""value"":""Uncommon""},{""trait_type"":""Clothing"",""value"":""Lady Naked Pepe""},{""trait_type"":""Face"",""value"":""Face""}]"
214,4077552,0x8e0a5417ce333b642af0df472f2f8f6fa873c4d89989742fb78e3286ebf85c33,"[{""trait_type"":""Background"",""value"":""Purple""},{""trait_type"":""Hair"",""value"":""Long White Wavy""},{""trait_type"":""Eyes"",""value"":""Sleepy Eyes""},{""trait_type"":""Mouth"",""value"":""Green Blunt""},{""trait_type"":""Necklace"",""value"":""The Amulet of Pepe""},{""trait_type"":""Facial Hair"",""value"":""Wizard Beard""},{""trait_type"":""Accessory"",""value"":""Glowing Vial""},{""trait_type"":""Weapon"",""value"":""Pistol w: Supressor""},{""trait_type"":""Class"",""value"":""Uncommon""},{""trait_type"":""Clothing"",""value"":""Orange Deep-V Shirt""},{""trait_type"":""Face"",""value"":""Face""}]"
213,4077521,0x80eb93a55f4cf1d09d682d8ecfb0edd61527d6b39974ff73ef4b62b2910ff32b,"[{""trait_type"":""Background"",""value"":""Ja Rule Rastafari""},{""trait_type"":""Hat"",""value"":""Cowboy Hat""},{""trait_type"":""Eyes"",""value"":""Pirate Eyepatch""},{""trait_type"":""Mouth"",""value"":""Vampire Fangs""},{""trait_type"":""Facial Hair"",""value"":""Brown Goatee""},{""trait_type"":""Accessory"",""value"":""Grey Bunny""},{""trait_type"":""Weapon"",""value"":""Megaman Cannon""},{""trait_type"":""Class"",""value"":""Rare""},{""trait_type"":""Clothing"",""value"":""Tie-Dye T-Shirt""},{""trait_type"":""Wings"",""value"":""Demon Wings""}]"
212,4077377,0xd252e61dc1aef5e770b9fd30cf7043b554b5e10d14e1582be32cd874bfc66071,"[{""trait_type"":""Background"",""value"":""City Landscape""},{""trait_type"":""Hair"",""value"":""Long Light Blue Mohawk""},{""trait_type"":""Eyes"",""value"":""Aviators""},{""trait_type"":""Mouth"",""value"":""Kissy Face""},{""trait_type"":""Accessory"",""value"":""Peace""},{""trait_type"":""Weapon"",""value"":""Pistol w: Supressor""},{""trait_type"":""Class"",""value"":""Rare""},{""trait_type"":""Clothing"",""value"":""#TitsOutForPepe""},{""trait_type"":""Face"",""value"":""Face""},{""trait_type"":""Wings"",""value"":""Demon Wings""}]"
211,4077353,0x6fcca2e1c7a04ec91e8360f40aed201543bf6386963d8bcb8c545ecfada717a4,"[{""trait_type"":""Background"",""value"":""Cotton Candy Gradient""},{""trait_type"":""Hair"",""value"":""Brown Guido""},{""trait_type"":""Eyes"",""value"":""Anime Eyes""},{""trait_type"":""Mouth"",""value"":""Knife""},{""trait_type"":""Accessory"",""value"":""Grey Cat""},{""trait_type"":""Weapon"",""value"":""Blunderbuss""},{""trait_type"":""Class"",""value"":""Uncommon""},{""trait_type"":""Clothing"",""value"":""Little Black Dress""}]"
210,4077336,0x983d3cba0e537da5ce004709a31db3903ad92a6fd264c694f9bc31c6fd7d4eea,"[{""trait_type"":""Background"",""value"":""Violet""},{""trait_type"":""Hair"",""value"":""Long White Wavy""},{""trait_type"":""Eyes"",""value"":""Bugged out""},{""trait_type"":""Mouth"",""value"":""Blunt""},{""trait_type"":""Necklace"",""value"":""Stethoscope""},{""trait_type"":""Facial Hair"",""value"":""Brown Goatee""},{""trait_type"":""Accessory"",""value"":""Red Pill""},{""trait_type"":""Weapon"",""value"":""Fist w/ Watch""},{""trait_type"":""Class"",""value"":""Rare""},{""trait_type"":""Clothing"",""value"":""Guinea Tee""},{""trait_type"":""Wings"",""value"":""Demon Wings""}]"
209,4077026,0x36ae11542c1555b21daf7615c168b61166dedb498a0e23621160fa877cc7c6df,"[{""trait_type"":""Background"",""value"":""Red""},{""trait_type"":""Hair"",""value"":""Long Yellow Mohawk""},{""trait_type"":""Eyes"",""value"":""Angry Eyes""},{""trait_type"":""Mouth"",""value"":""Excited""},{""trait_type"":""Accessory"",""value"":""Taco Bell""},{""trait_type"":""Weapon"",""value"":""Magic""},{""trait_type"":""Class"",""value"":""Uncommon""},{""trait_type"":""Clothing"",""value"":""Trump Suit""},{""trait_type"":""Face"",""value"":""Face""}]"
208,4076864,0xb54fd57c3a192624f4be8bb9e01e7d38ffc7557b1469a4aad700b0bf086a5a46,"[{""trait_type"":""Background"",""value"":""Copper""},{""trait_type"":""Hat"",""value"":""Biker Helmet""},{""trait_type"":""Eyes"",""value"":""Terminator Eye""},{""trait_type"":""Mouth"",""value"":""Rainbow Grill""},{""trait_type"":""Necklace"",""value"":""Tight Gold Chain""},{""trait_type"":""Facial Hair"",""value"":""Black Full Beard""},{""trait_type"":""Accessory"",""value"":""Pizza""},{""trait_type"":""Weapon"",""value"":""Sawed-Off Shotgun""},{""trait_type"":""Class"",""value"":""Rare""},{""trait_type"":""Clothing"",""value"":""Suit & Tie""},{""trait_type"":""Wings"",""value"":""Angel Wings""}]"
207,4076825,0xc962c4e12e2bc58cb1f0e4db20b5f4c1bd5cdeb2214a970e58a6a56a5d9bc4a7,"[{""trait_type"":""Background"",""value"":""Sunset Gradient""},{""trait_type"":""Hat"",""value"":""Piggy Banksy Ears""},{""trait_type"":""Eyes"",""value"":""Pit Vipers""},{""trait_type"":""Mouth"",""value"":""Duct Tape""},{""trait_type"":""Facial Hair"",""value"":""Soul Patch""},{""trait_type"":""Accessory"",""value"":""Mickey Mouse""},{""trait_type"":""Weapon"",""value"":""Cattle Prod""},{""trait_type"":""Class"",""value"":""Uncommon""},{""trait_type"":""Clothing"",""value"":""Guinea Tee""}]"
206,4076814,0x7436eb19c274926cbb6315952653be05e157becd6b970c809c5f4ad277fe63e5,"[{""trait_type"":""Background"",""value"":""Sunset Gradient""},{""trait_type"":""Hair"",""value"":""Green-Pigtails""},{""trait_type"":""Eyes"",""value"":""Stoned""},{""trait_type"":""Mouth"",""value"":""Blunt w/ Lipstick""},{""trait_type"":""Necklace"",""value"":""Barbed ""},{""trait_type"":""Accessory"",""value"":""Daisy""},{""trait_type"":""Weapon"",""value"":""Love Wins""},{""trait_type"":""Class"",""value"":""Uncommon""},{""trait_type"":""Clothing"",""value"":""Suit & Tie""}]"
205,4076752,0xb21144ccfdb0622faa09157093dd0c6001d245728f42cd93fbbcb85d24f5c6e6,"[{""trait_type"":""Background"",""value"":""Grey""},{""trait_type"":""Hat"",""value"":""Cowboy Hat""},{""trait_type"":""Eyes"",""value"":""Stoned""},{""trait_type"":""Mouth"",""value"":""Kissy Face""},{""trait_type"":""Necklace"",""value"":""Crystal Necklace""},{""trait_type"":""Accessory"",""value"":""Cell Phone""},{""trait_type"":""Weapon"",""value"":""Blue Pill""},{""trait_type"":""Class"",""value"":""Uncommon""},{""trait_type"":""Clothing"",""value"":""Lady Naked Pepe""}]"
204,4076727,0xba7619a3e384326ddfa9cca87bcda2b1de305fe6dd0976f4a7f7d41f52256806,"[{""trait_type"":""Background"",""value"":""Blue & Red Gradient""},{""trait_type"":""Hair"",""value"":""Red-Pigtails""},{""trait_type"":""Eyes"",""value"":""Welding Goggles""},{""trait_type"":""Mouth"",""value"":""Happy""},{""trait_type"":""Necklace"",""value"":""Lady Gold Crucifix""},{""trait_type"":""Accessory"",""value"":""Ethereum""},{""trait_type"":""Weapon"",""value"":""AK-47""},{""trait_type"":""Class"",""value"":""Uncommon""},{""trait_type"":""Clothing"",""value"":""Little Black Dress""}]"
203,4076529,0x7412983b83112b82e32b4ff12fdd87ec59dc2c166f2c8502d41d778234cf5ae5,"[{""trait_type"":""Background"",""value"":""Grey""},{""trait_type"":""Hat"",""value"":""Musroom Head""},{""trait_type"":""Eyes"",""value"":""Heart Glasses""},{""trait_type"":""Mouth"",""value"":""Excited""},{""trait_type"":""Facial Hair"",""value"":""Pirate Beard""},{""trait_type"":""Accessory"",""value"":""Cigar""},{""trait_type"":""Weapon"",""value"":""Hatchet""},{""trait_type"":""Class"",""value"":""Uncommon""},{""trait_type"":""Clothing"",""value"":""Sensei Hakama""}]"
202,4076499,0x63957dd670620da69346a9fb4e064380bb1b03bf120e40254194c316e9048eb8,"[{""trait_type"":""Background"",""value"":""Lime Green""},{""trait_type"":""Hair"",""value"":""Clark Kent""},{""trait_type"":""Eyes"",""value"":""Eyes Closed""},{""trait_type"":""Mouth"",""value"":""Talking""},{""trait_type"":""Necklace"",""value"":""Mala""},{""trait_type"":""Facial Hair"",""value"":""Grey Full Beard""},{""trait_type"":""Accessory"",""value"":""Pizza""},{""trait_type"":""Weapon"",""value"":""Jedi Light Saber""},{""trait_type"":""Class"",""value"":""Rare""},{""trait_type"":""Clothing"",""value"":""Tie-Dye T-Shirt""},{""trait_type"":""Wings"",""value"":""Angel Wings""}]"
201,4076481,0x4f8087118d2fca441a2ce21f4c61c75bb5164ff729eaf36a870a8b77df6a347a,"[{""trait_type"":""Background"",""value"":""Magic Kingdom""},{""trait_type"":""Hat"",""value"":""Black & Red Snapback""},{""trait_type"":""Eyes"",""value"":""Nerd Glasses""},{""trait_type"":""Mouth"",""value"":""Excited w/ Joint""},{""trait_type"":""Necklace"",""value"":""$Pepe Ledger""},{""trait_type"":""Facial Hair"",""value"":""Wizard Beard""},{""trait_type"":""Accessory"",""value"":""Acoustic Guitar""},{""trait_type"":""Weapon"",""value"":""Spectral Energy""},{""trait_type"":""Class"",""value"":""Uncommon""},{""trait_type"":""Clothing"",""value"":""Captain's Pirate Outfit""}]"
200,4075741,0x201b115c37c3f9e882939d7002eec2529b4da7ff839d3b418df4244b8c36c896,"[{""trait_type"":""Background"",""value"":""Blue""},{""trait_type"":""Hat"",""value"":""Fedora""},{""trait_type"":""Eyes"",""value"":""Green Eyes""},{""trait_type"":""Mouth"",""value"":""Pipe""},{""trait_type"":""Facial Hair"",""value"":""Coke Mustache""},{""trait_type"":""Accessory"",""value"":""Black Cat""},{""trait_type"":""Weapon"",""value"":""Mini-Nuke""},{""trait_type"":""Class"",""value"":""Uncommon""},{""trait_type"":""Clothing"",""value"":""Bomber Jacket""}]"
199,4075097,0x52314dacd0d0e78eb57f29f712fe14cd771851a01630f0ff4cd78c5cf4a7310a,"[{""trait_type"":""Background"",""value"":""Sunset Gradient""},{""trait_type"":""Hair"",""value"":""Long Red Mohawk""},{""trait_type"":""Eyes"",""value"":""Eye Scar""},{""trait_type"":""Mouth"",""value"":""Excited w/ Joint""},{""trait_type"":""Necklace"",""value"":""Gold Crucifix""},{""trait_type"":""Facial Hair"",""value"":""Fu Manchu""},{""trait_type"":""Accessory"",""value"":""Drumsticks""},{""trait_type"":""Weapon"",""value"":""Love Wins""},{""trait_type"":""Class"",""value"":""Uncommon""},{""trait_type"":""Clothing"",""value"":""Formal Suit""}]"
198,4074973,0x7103ed0d65e4bdfdd780e8ff7a903e31cb063b2a7f93c2133e054dacd08a7c8c,"[{""trait_type"":""Background"",""value"":""Teal""},{""trait_type"":""Hair"",""value"":""Purple Pigtails""},{""trait_type"":""Eyes"",""value"":""Angry Eyes""},{""trait_type"":""Mouth"",""value"":""Blunt w/ Lipstick""},{""trait_type"":""Accessory"",""value"":""Glowing Vial""},{""trait_type"":""Weapon"",""value"":""Hatchet""},{""trait_type"":""Class"",""value"":""Uncommon""},{""trait_type"":""Clothing"",""value"":""Little Black Dress""},{""trait_type"":""Face"",""value"":""Face""}]"
197,4074838,0x1bc2e87db43bf4d1a20a7eb04aa26301be9c0d1bff95204d0618c033a2de5919,"[{""trait_type"":""Background"",""value"":""Red""},{""trait_type"":""Hat"",""value"":""Punks Hoodie""},{""trait_type"":""Eyes"",""value"":""Glam Glasses""},{""trait_type"":""Mouth"",""value"":""Cigarette Right""},{""trait_type"":""Accessory"",""value"":""MFpurr""},{""trait_type"":""Weapon"",""value"":""Bowie Knife""},{""trait_type"":""Class"",""value"":""Uncommon""},{""trait_type"":""Clothing"",""value"":""Little Black Dress""},{""trait_type"":""Face"",""value"":""Face""}]"
196,4074722,0x34f853459d3ed6b51d79ad1145fb99c53537cb0c8b9b46c1b633e2e8d9a80ab4,"[{""trait_type"":""Background"",""value"":""The Clouds Parted""},{""trait_type"":""Hair"",""value"":""Short Brown Mohawk w: Praying Mantis""},{""trait_type"":""Eyes"",""value"":""Gold Lennon Glasses""},{""trait_type"":""Mouth"",""value"":""Tongue Out""},{""trait_type"":""Necklace"",""value"":""$Pepe Ledger""},{""trait_type"":""Accessory"",""value"":""Peace""},{""trait_type"":""Weapon"",""value"":""Peace""},{""trait_type"":""Class"",""value"":""Epic""},{""trait_type"":""Clothing"",""value"":""Tie-Dye T-Shirt""},{""trait_type"":""Face"",""value"":""Face""},{""trait_type"":""Wings"",""value"":""Golden Wings""}]"
195,4074674,0x470ee2e00fb7fcf899259e0cd66412b722db819d43040b819739df695bbb5202,"[{""trait_type"":""Background"",""value"":""Yellow""},{""trait_type"":""Hair"",""value"":""Orange-Pigtails""},{""trait_type"":""Eyes"",""value"":""8-Ball Eyes""},{""trait_type"":""Mouth"",""value"":""Excited w/ Joint""},{""trait_type"":""Necklace"",""value"":""Lady Gold Crucifix""},{""trait_type"":""Accessory"",""value"":""Bowie's Acoustic Guitar""},{""trait_type"":""Weapon"",""value"":""Wisdom""},{""trait_type"":""Class"",""value"":""Uncommon""},{""trait_type"":""Clothing"",""value"":""Lady Naked Pepe""}]"
194,4074631,0xba26b37cacf2c4fc5fca902cf3d23f5adc227c70ded0586d1232730823eecbb1,"[{""trait_type"":""Background"",""value"":""Purple""},{""trait_type"":""Hair"",""value"":""Clark Kent""},{""trait_type"":""Eyes"",""value"":""Stoned""},{""trait_type"":""Mouth"",""value"":""Cigarette Left""},{""trait_type"":""Facial Hair"",""value"":""Coke Mustache""},{""trait_type"":""Accessory"",""value"":""Ethererum""},{""trait_type"":""Weapon"",""value"":""FUCK OFF!!""},{""trait_type"":""Class"",""value"":""Uncommon""},{""trait_type"":""Clothing"",""value"":""Orange Deep-V Shirt""},{""trait_type"":""Face"",""value"":""Face""}]"
193,4074417,0xfb281012c7910230e7a1124ebeafdc007147fd11e371af504352d97c8056a279,"[{""trait_type"":""Background"",""value"":""Sunset Gradient""},{""trait_type"":""Hair"",""value"":""Long Light Blue Mohawk""},{""trait_type"":""Eyes"",""value"":""Hacker Glasses""},{""trait_type"":""Mouth"",""value"":""Hanging Cigarette""},{""trait_type"":""Necklace"",""value"":""Bowtie""},{""trait_type"":""Facial Hair"",""value"":""Black Full Beard""},{""trait_type"":""Accessory"",""value"":""Cigarette""},{""trait_type"":""Weapon"",""value"":""Electric Energy""},{""trait_type"":""Class"",""value"":""Uncommon""},{""trait_type"":""Clothing"",""value"":""Suit w/ Blue Tie""}]"
192,4074408,0x12ace734f6cfa8d409b81991a8a9e58602d09daf37abea0697bd2c9c0c948f92,"[{""trait_type"":""Background"",""value"":""Red""},{""trait_type"":""Hat"",""value"":""Airbender Symbol""},{""trait_type"":""Eyes"",""value"":""Hacker Glasses""},{""trait_type"":""Mouth"",""value"":""Blunt w/ Lipstick""},{""trait_type"":""Accessory"",""value"":""Ethereum""},{""trait_type"":""Weapon"",""value"":""Sawed-Off Shotgun""},{""trait_type"":""Class"",""value"":""Rare""},{""trait_type"":""Clothing"",""value"":""Little Black Dress""},{""trait_type"":""Wings"",""value"":""Angel Wings""}]"
191,4074403,0x77631d7023bbffd72f42e1be981e1a26398c4ccd65449a7ea1eb85e0751b616e,"[{""trait_type"":""Background"",""value"":""Cotton Candy Gradient""},{""trait_type"":""Hair"",""value"":""Long Magenta Mohawk""},{""trait_type"":""Eyes"",""value"":""X-Ray Glasses""},{""trait_type"":""Mouth"",""value"":""Vampire Fangs""},{""trait_type"":""Necklace"",""value"":""Crystal Necklace""},{""trait_type"":""Accessory"",""value"":""Bloody Hitlist""},{""trait_type"":""Weapon"",""value"":""Fire Energy""},{""trait_type"":""Class"",""value"":""Rare""},{""trait_type"":""Clothing"",""value"":""#TitsOutForPepe""},{""trait_type"":""Wings"",""value"":""Demon Wings""}]"
190,4074365,0x21f23659492204ce4929034f391000170a526e41231960ff46bd266bfaa803c5,"[{""trait_type"":""Background"",""value"":""Ja Rule Rastafari""},{""trait_type"":""Hair"",""value"":""Long Blonde Wavy""},{""trait_type"":""Eyes"",""value"":""Stoned""},{""trait_type"":""Mouth"",""value"":""Tongue Out""},{""trait_type"":""Accessory"",""value"":""Frog""},{""trait_type"":""Weapon"",""value"":""Fire Energy""},{""trait_type"":""Class"",""value"":""Uncommon""},{""trait_type"":""Clothing"",""value"":""Black Hoodie""}]"
189,4074306,0x5ad69f5a3e4c23b0c660f9b10afe63e6b58c68973b6316c56849f921c5d0b84c,"[{""trait_type"":""Background"",""value"":""Teal""},{""trait_type"":""Hat"",""value"":""Blue Snapback""},{""trait_type"":""Eyes"",""value"":""Pink Eyeshadow""},{""trait_type"":""Mouth"",""value"":""Tongue Out""},{""trait_type"":""Necklace"",""value"":""Mala""},{""trait_type"":""Accessory"",""value"":""Taco Bell""},{""trait_type"":""Weapon"",""value"":""Peace""},{""trait_type"":""Class"",""value"":""Uncommon""},{""trait_type"":""Clothing"",""value"":""Little Black Dress""}]"
188,4073970,0x204dde25da02bda476f2cf3773d1b6abba2ea00fc2fe6e8391c9e1a972c34585,"[{""trait_type"":""Background"",""value"":""Grey""},{""trait_type"":""Hair"",""value"":""Long Blue Mohawk""},{""trait_type"":""Eyes"",""value"":""VR Headset""},{""trait_type"":""Mouth"",""value"":""Joint""},{""trait_type"":""Accessory"",""value"":""Pickaxe""},{""trait_type"":""Weapon"",""value"":""Brick""},{""trait_type"":""Class"",""value"":""Uncommon""},{""trait_type"":""Clothing"",""value"":""Denim Jacket""}]"
187,4073943,0xd0e35f02b0b285eaf9de94b5a29ca45754464203c2ed007440e6b0177d80b31e,"[{""trait_type"":""Background"",""value"":""Sunset Gradient""},{""trait_type"":""Hair"",""value"":""Blue-Pigtails""},{""trait_type"":""Eyes"",""value"":""Laser Eyes""},{""trait_type"":""Mouth"",""value"":""Big Gold Grill""},{""trait_type"":""Necklace"",""value"":""Gold Crucifix""},{""trait_type"":""Accessory"",""value"":""Black Cat""},{""trait_type"":""Weapon"",""value"":""Air Energy""},{""trait_type"":""Class"",""value"":""Rare""},{""trait_type"":""Clothing"",""value"":""Little Black Dress""},{""trait_type"":""Wings"",""value"":""Angel Wings""}]"
186,3055565,0x96709813d5f30d012e9020c39c48b358cd5982e649f6e01a9925fb7e9e703db3,"[{""trait_type"":""Background"",""value"":""White""},{""trait_type"":""Hat"",""value"":""Golden Headphones""},{""trait_type"":""Eyes"",""value"":""Pit Vipers""},{""trait_type"":""Mouth"",""value"":""Blunt""},{""trait_type"":""Necklace"",""value"":""Mala""},{""trait_type"":""Facial Hair"",""value"":""Brown Full Beard""},{""trait_type"":""Accessory"",""value"":""Peace""},{""trait_type"":""Weapon"",""value"":""Wizard Staff""},{""trait_type"":""Class"",""value"":""Uncommon""},{""trait_type"":""Clothing"",""value"":""Bomber Jacket""}]"
185,3055047,0x561a56192d72257024f68d656aded7b0b1ff394d9f3b5e8b380b983d8849b33d,"[{""trait_type"":""Background"",""value"":""Rainbow Colors""},{""trait_type"":""Hair"",""value"":""Black Pigtails""},{""trait_type"":""Eyes"",""value"":""$ Eyes""},{""trait_type"":""Mouth"",""value"":""Bored""},{""trait_type"":""Necklace"",""value"":""Dice Necklace""},{""trait_type"":""Accessory"",""value"":""Frog""},{""trait_type"":""Weapon"",""value"":""Peace""},{""trait_type"":""Class"",""value"":""Uncommon""},{""trait_type"":""Clothing"",""value"":""Walt Disney's Suit""},{""trait_type"":""Wings"",""value"":""Angel Wings""}]"
184,3054719,0xa064ecb82ba5f31bc124e2b9c722818e1d185939f64a4c0587d9a161e1df23d2,"[{""trait_type"":""Background"",""value"":""Black""},{""trait_type"":""Hat"",""value"":""Piggy Banksy Ears""},{""trait_type"":""Eyes"",""value"":""Anime Eyes""},{""trait_type"":""Mouth"",""value"":""Blunt w/ Lipstick""},{""trait_type"":""Accessory"",""value"":""Cactus""},{""trait_type"":""Weapon"",""value"":""Brass Knuckles""},{""trait_type"":""Class"",""value"":""Rare""},{""trait_type"":""Clothing"",""value"":""Suit & Tie""},{""trait_type"":""Wings"",""value"":""Angel Wings""}]"
183,3054642,0xf2e4b7d557019bc259d085b2a5ea843c2891bc087918d9292f37c9e3dd057784,"[{""trait_type"":""Background"",""value"":""White""},{""trait_type"":""Hair"",""value"":""Pink-Pigtails""},{""trait_type"":""Eyes"",""value"":""Aviators""},{""trait_type"":""Mouth"",""value"":""Happy""},{""trait_type"":""Necklace"",""value"":""Barbed ""},{""trait_type"":""Accessory"",""value"":""Money Bag""},{""trait_type"":""Weapon"",""value"":""Wizard Staff""},{""trait_type"":""Class"",""value"":""Uncommon""},{""trait_type"":""Clothing"",""value"":""Lab Coat""}]"
182,3053378,0x437418c06c1821dfd9e335c4189833af3a29ab66dcde4d031f5e49ace39c7067,"[{""trait_type"":""Background"",""value"":""Blue & Red Gradient""},{""trait_type"":""Hair"",""value"":""Long Blonde Wavy""},{""trait_type"":""Eyes"",""value"":""VR Headset""},{""trait_type"":""Mouth"",""value"":""Kissy Face""},{""trait_type"":""Accessory"",""value"":""White Rabbit""},{""trait_type"":""Weapon"",""value"":""Hacker Laptop""},{""trait_type"":""Clothing"",""value"":""Monk Robe""},{""trait_type"":""Wings"",""value"":""Demon Wings""}]"
181,3053112,0x052197e8e7fe2cc630021281b929dc61ef8dae2352382311890d59a2f41b5951,"[{""trait_type"":""Background"",""value"":""Somewhere Under the Rainbow""},{""trait_type"":""Hair"",""value"":""Long Blue Mohawk""},{""trait_type"":""Eyes"",""value"":""Incognito""},{""trait_type"":""Mouth"",""value"":""Knife""},{""trait_type"":""Necklace"",""value"":""Gold Chain""},{""trait_type"":""Facial Hair"",""value"":""Fu Manchu""},{""trait_type"":""Accessory"",""value"":""Frog""},{""trait_type"":""Weapon"",""value"":""Hacker Laptop""},{""trait_type"":""Class"",""value"":""Uncommon""},{""trait_type"":""Clothing"",""value"":""Cannabis Leaf T-Shirt""}]"
180,3053012,0x0389167cc6a35528c9b8c7eaab9a1a1ccd67538e0508f4c4df346710eb69aae9,"[{""trait_type"":""Background"",""value"":""Lime Green""},{""trait_type"":""Hair"",""value"":""Blue-Pigtails""},{""trait_type"":""Eyes"",""value"":""Aviators""},{""trait_type"":""Mouth"",""value"":""Kissy Face""},{""trait_type"":""Necklace"",""value"":""Lady Gold Crucifix""},{""trait_type"":""Accessory"",""value"":""Pickaxe""},{""trait_type"":""Weapon"",""value"":""Magic""},{""trait_type"":""Class"",""value"":""Rare""},{""trait_type"":""Clothing"",""value"":""Little Black Dress""},{""trait_type"":""Wings"",""value"":""Demon Wings""}]"
179,3043146,0x4067b2264710b01e3e3aa1e6ed8b771bc204b9a49f50218d9ef661b664742d14,"[{""trait_type"":""Background"",""value"":""Black""},{""trait_type"":""Hat"",""value"":""Pirate Hat w/ Orange Bandana""},{""trait_type"":""Eyes"",""value"":""Aviators""},{""trait_type"":""Mouth"",""value"":""Pipe""},{""trait_type"":""Accessory"",""value"":""Cactus""},{""trait_type"":""Weapon"",""value"":""Electric Energy""},{""trait_type"":""Class"",""value"":""Uncommon""},{""trait_type"":""Clothing"",""value"":""Little Black Dress""}]"
178,3043123,0xc00b57a7fc7bedd8dece7afdc1aed4ff923afc7f8ca2dd85a27cee4ef1c015da,"[{""trait_type"":""Background"",""value"":""Violet""},{""trait_type"":""Hat"",""value"":""Biker Helmet""},{""trait_type"":""Eyes"",""value"":""Green Eyes""},{""trait_type"":""Mouth"",""value"":""Green Blunt""},{""trait_type"":""Necklace"",""value"":""$Pepe Ledger""},{""trait_type"":""Facial Hair"",""value"":""Bloody Nose""},{""trait_type"":""Accessory"",""value"":""Daisy""},{""trait_type"":""Weapon"",""value"":""Brass Knuckles""},{""trait_type"":""Class"",""value"":""Uncommon""},{""trait_type"":""Clothing"",""value"":""Guinea Tee""}]"
177,3043099,0xc85dd6751a141038babec841114e1ef2d3b1c2215f42c13608308d8582dbb9ce,"[{""trait_type"":""Background"",""value"":""Red""},{""trait_type"":""Hair"",""value"":""Brunette-Pigtails""},{""trait_type"":""Eyes"",""value"":""Robot Eyes""},{""trait_type"":""Mouth"",""value"":""Knife""},{""trait_type"":""Necklace"",""value"":""Gold Crucifix""},{""trait_type"":""Accessory"",""value"":""Cell Phone""},{""trait_type"":""Weapon"",""value"":""Gambit Card""},{""trait_type"":""Class"",""value"":""Uncommon""},{""trait_type"":""Clothing"",""value"":""#TitsOutForPepe""}]"
176,3042537,0xc3b48f3929f9fbc57891268200f83e48e41c6c921a69accdeda1f6b44d50fd5e,"[{""trait_type"":""Background"",""value"":""Ethscriptions Green""},{""trait_type"":""Hair"",""value"":""Christiano Hair""},{""trait_type"":""Eyes"",""value"":""Pink Eyeshadow""},{""trait_type"":""Mouth"",""value"":""Happy""},{""trait_type"":""Necklace"",""value"":""Lady Gold Crucifix""},{""trait_type"":""Accessory"",""value"":""Cigarette""},{""trait_type"":""Weapon"",""value"":""Dynamite Sticks w/ Wristbands""},{""trait_type"":""Class"",""value"":""Rare""},{""trait_type"":""Clothing"",""value"":""Lady Pirate Outfit""},{""trait_type"":""Wings"",""value"":""Demon Wings""}]"
175,3042435,0x4c8daa69a201a35ae4fa87a959e633b612c9ec943782b1b8caab4d3179fd89f9,"[{""trait_type"":""Background"",""value"":""Cotton Candy Gradient""},{""trait_type"":""Eyes"",""value"":""Round Glasses""},{""trait_type"":""Mouth"",""value"":""Knife""},{""trait_type"":""Necklace"",""value"":""Straight Tie""},{""trait_type"":""Accessory"",""value"":""Money Bag""},{""trait_type"":""Weapon"",""value"":""Brick""},{""trait_type"":""Class"",""value"":""Uncommon""},{""trait_type"":""Clothing"",""value"":""#TitsOutForPepe""}]"
174,3042389,0x381dd6f1fe8d6304d98bb311e6e7a0f6745bd800a0a728e7e2f36576743866b8,"[{""trait_type"":""Background"",""value"":""Muschroom Kingdom""},{""trait_type"":""Hair"",""value"":""Blonde Pigtails""},{""trait_type"":""Eyes"",""value"":""Laser Eyes""},{""trait_type"":""Mouth"",""value"":""Kissy Face""},{""trait_type"":""Necklace"",""value"":""Barbed ""},{""trait_type"":""Accessory"",""value"":""Film Camera""},{""trait_type"":""Weapon"",""value"":""Hacker Laptop""},{""trait_type"":""Class"",""value"":""Uncommon""},{""trait_type"":""Clothing"",""value"":""Lady Pirate Outfit""}]"
173,3042338,0x21bc4d782e0bd5a18c9a772000600a99faa99d1d86d07242905ce3677e877842,"[{""trait_type"":""Background"",""value"":""Cannabis Farm""},{""trait_type"":""Hair"",""value"":""Black Pigtails""},{""trait_type"":""Eyes"",""value"":""Mike Tyson Face Tattoo""},{""trait_type"":""Mouth"",""value"":""Braces""},{""trait_type"":""Necklace"",""value"":""Barbed ""},{""trait_type"":""Accessory"",""value"":""Beer Bottle""},{""trait_type"":""Weapon"",""value"":""Cutlass""},{""trait_type"":""Clothing"",""value"":""Cannabis Leaf T-Shirt""}]"
172,3042274,0x57f687bb03b6325b278f31f07c180296abf7610bc771996b336989d870091e37,"[{""trait_type"":""Background"",""value"":""Yellow""},{""trait_type"":""Hair"",""value"":""Red-Pigtails""},{""trait_type"":""Eyes"",""value"":""Aviators""},{""trait_type"":""Mouth"",""value"":""Excited w/ Joint""},{""trait_type"":""Necklace"",""value"":""Lady Gold Crucifix""},{""trait_type"":""Accessory"",""value"":""Joint""},{""trait_type"":""Weapon"",""value"":""Chainsaw""},{""trait_type"":""Clothing"",""value"":""#TitsOutForPepe""}]"
171,3042159,0x173372911b22ae8fed4ccde4e5321a4b269ba68eb88e7c2cddd45b88fac1fb6e,"[{""trait_type"":""Background"",""value"":""Countryside""},{""trait_type"":""Hair"",""value"":""Black Pigtails""},{""trait_type"":""Eyes"",""value"":""Pink Eyeshadow""},{""trait_type"":""Mouth"",""value"":""Kissy Face""},{""trait_type"":""Accessory"",""value"":""White Rabbit""},{""trait_type"":""Weapon"",""value"":""Sawed-Off Shotgun""},{""trait_type"":""Clothing"",""value"":""Little Black Dress""}]"
170,3042074,0x2ee2a7d974452d51e235327d4119446972b50711b87f09e6fd4dd2d5343cd7c9,"[{""trait_type"":""Background"",""value"":""Blue""},{""trait_type"":""Hair"",""value"":""Long Brown Wavy""},{""trait_type"":""Eyes"",""value"":""$ Eyes""},{""trait_type"":""Mouth"",""value"":""Cannabis Leaf""},{""trait_type"":""Necklace"",""value"":""Lady Gold Crucifix""},{""trait_type"":""Accessory"",""value"":""Electric Guitar""},{""trait_type"":""Weapon"",""value"":""Wizard Staff""},{""trait_type"":""Class"",""value"":""Uncommon""},{""trait_type"":""Clothing"",""value"":""Lady Naked Pepe""}]"
169,3041935,0x7c620b825e3d28d5db7dadb6bf3a25ae843e0d2a5a189431fff3c8eb572c267b,"[{""trait_type"":""Background"",""value"":""Red""},{""trait_type"":""Hat"",""value"":""Yellow Snapback""},{""trait_type"":""Eyes"",""value"":""Laser Eyes""},{""trait_type"":""Mouth"",""value"":""Singing""},{""trait_type"":""Necklace"",""value"":""$Pepe Ledger""},{""trait_type"":""Facial Hair"",""value"":""Brown Goatee""},{""trait_type"":""Accessory"",""value"":""Pickaxe""},{""trait_type"":""Weapon"",""value"":""Hatchet""},{""trait_type"":""Class"",""value"":""Rare""},{""trait_type"":""Clothing"",""value"":""Trump Suit""},{""trait_type"":""Wings"",""value"":""Demon Wings""}]"
168,3041806,0x70bdf010b8e9d900afcca9f37d9cea1564786b90d837b20724465acf935fd009,"[{""trait_type"":""Background"",""value"":""In the Booth""},{""trait_type"":""Hair"",""value"":""Long Brown Wavy""},{""trait_type"":""Eyes"",""value"":""Third Eye""},{""trait_type"":""Mouth"",""value"":""Puking Rainbows""},{""trait_type"":""Necklace"",""value"":""Bowtie""},{""trait_type"":""Facial Hair"",""value"":""Brown Neckbeard""},{""trait_type"":""Accessory"",""value"":""Acoustic Guitar""},{""trait_type"":""Weapon"",""value"":""Dynamite Sticks""},{""trait_type"":""Class"",""value"":""Uncommon""},{""trait_type"":""Clothing"",""value"":""Lab Coat""}]"
167,3041745,0x226bd7fe9dc096d195558ad776ebe70d70a023f1902f3fb3379be27f0d24cb93,"[{""trait_type"":""Background"",""value"":""Ja Rule Rastafari""},{""trait_type"":""Hair"",""value"":""Blue-Pigtails""},{""trait_type"":""Eyes"",""value"":""Sleepy Eyes""},{""trait_type"":""Mouth"",""value"":""Cigarette Right""},{""trait_type"":""Necklace"",""value"":""Lady Gold Crucifix""},{""trait_type"":""Accessory"",""value"":""Platypus""},{""trait_type"":""Weapon"",""value"":""Blunderbuss""},{""trait_type"":""Class"",""value"":""Uncommon""},{""trait_type"":""Clothing"",""value"":""Lady Pirate Outfit""}]"
166,3041665,0xbc2eb5ee9a8aad1e74f204e70c53c5ec893993b6fd4890ac1aecf70d44c2d52a,"[{""trait_type"":""Background"",""value"":""Lime Green""},{""trait_type"":""Hat"",""value"":""Make Memes Great Again Hat""},{""trait_type"":""Eyes"",""value"":""Pirate Eyepatch""},{""trait_type"":""Mouth"",""value"":""Happy""},{""trait_type"":""Necklace"",""value"":""Lady Gold Crucifix""},{""trait_type"":""Accessory"",""value"":""Ethereum""},{""trait_type"":""Weapon"",""value"":""Cutlass""},{""trait_type"":""Class"",""value"":""Uncommon""},{""trait_type"":""Clothing"",""value"":""Little Black Dress""}]"
165,3041598,0x5ccf6095cc32f5068619b32a094eda5a7110ddede47cc071157702092211a060,"[{""trait_type"":""Background"",""value"":""Ja Rule Rastafari""},{""trait_type"":""Hat"",""value"":""Headphones""},{""trait_type"":""Eyes"",""value"":""Stoned""},{""trait_type"":""Mouth"",""value"":""Cigar""},{""trait_type"":""Accessory"",""value"":""Keytar""},{""trait_type"":""Weapon"",""value"":""Love Wins""},{""trait_type"":""Class"",""value"":""Uncommon""},{""trait_type"":""Clothing"",""value"":""Lady Naked Pepe""}]"
164,3041570,0x4ff7892b26e08b13df07cac30e882a3c48ed583ee04b7ffdf01d45902aeb8ca1,"[{""trait_type"":""Background"",""value"":""Blue""},{""trait_type"":""Hair"",""value"":""Long Black Wavy""},{""trait_type"":""Eyes"",""value"":""Aviators""},{""trait_type"":""Mouth"",""value"":""Diamond Grill""},{""trait_type"":""Necklace"",""value"":""$Pepe Ledger""},{""trait_type"":""Facial Hair"",""value"":""Brown Full Beard""},{""trait_type"":""Accessory"",""value"":""Money Bag""},{""trait_type"":""Weapon"",""value"":""Sawed-Off Shotgun""},{""trait_type"":""Class"",""value"":""Uncommon""},{""trait_type"":""Clothing"",""value"":""Guinea Tee""}]"
163,3041541,0xb756c2e863776631574ed05bf741e3ca21594f8c2c3392b07bb40ef069d615cd,"[{""trait_type"":""Background"",""value"":""Grey""},{""trait_type"":""Hat"",""value"":""Punks Hoodie""},{""trait_type"":""Eyes"",""value"":""Christiano Eyes""},{""trait_type"":""Mouth"",""value"":""Duct Tape""},{""trait_type"":""Necklace"",""value"":""Lady Gold Crucifix""},{""trait_type"":""Accessory"",""value"":""Pizza""},{""trait_type"":""Weapon"",""value"":""AK-47""},{""trait_type"":""Class"",""value"":""Uncommon""},{""trait_type"":""Clothing"",""value"":""Little Black Dress""}]"
162,3041492,0x5d02c56f35f03e569cc6f6e9b8260250762c83991ba5aa024579d52632d28a1d,"[{""trait_type"":""Background"",""value"":""Red""},{""trait_type"":""Hair"",""value"":""Blue-Pigtails""},{""trait_type"":""Eyes"",""value"":""X-Ray Glasses""},{""trait_type"":""Mouth"",""value"":""Blunt w/ Lipstick""},{""trait_type"":""Necklace"",""value"":""Gold Crucifix""},{""trait_type"":""Accessory"",""value"":""Peace""},{""trait_type"":""Weapon"",""value"":""Lucille""},{""trait_type"":""Class"",""value"":""Uncommon""},{""trait_type"":""Clothing"",""value"":""Heart T-Shirt""}]"
161,3041306,0x25f8d06df39e8e6695c3c1db44f965da22d137a6a538a47bfb74aa09b2cd9bdf,"[{""trait_type"":""Background"",""value"":""Teal""},{""trait_type"":""Hair"",""value"":""Long Black Wavy""},{""trait_type"":""Eyes"",""value"":""3D Glasses""},{""trait_type"":""Mouth"",""value"":""Green Blunt""},{""trait_type"":""Facial Hair"",""value"":""Coke Mustache""},{""trait_type"":""Accessory"",""value"":""Money Bag""},{""trait_type"":""Weapon"",""value"":""FUCK OFF!!""},{""trait_type"":""Class"",""value"":""Rare""},{""trait_type"":""Clothing"",""value"":""Guinea Tee""},{""trait_type"":""Wings"",""value"":""Angel Wings""}]"
160,3041238,0xb431495ca012ff53019197997d7a0ef64cf8b5298e1069d0f5152450d0d1df7f,"[{""trait_type"":""Background"",""value"":""Teal""},{""trait_type"":""Hat"",""value"":""Miner Helmet""},{""trait_type"":""Eyes"",""value"":""Hacker Glasses""},{""trait_type"":""Mouth"",""value"":""Excited""},{""trait_type"":""Necklace"",""value"":""Gold Crucifix""},{""trait_type"":""Accessory"",""value"":""Pickaxe""},{""trait_type"":""Weapon"",""value"":""Brass Knuckles""},{""trait_type"":""Class"",""value"":""Uncommon""},{""trait_type"":""Clothing"",""value"":""Pirate Captain's Outfit""}]"
159,3041209,0x27c551874741aa0c6665feb2523d8b8e3f83cd500c022e5f27e99e0ad94c8d0a,"[{""trait_type"":""Background"",""value"":""Ethscriptions Green""},{""trait_type"":""Eyes"",""value"":""Monacle""},{""trait_type"":""Mouth"",""value"":""Hanging Cigarette""},{""trait_type"":""Necklace"",""value"":""Lady Gold Crucifix""},{""trait_type"":""Accessory"",""value"":""Pickaxe""},{""trait_type"":""Weapon"",""value"":""Earth Energy""},{""trait_type"":""Class"",""value"":""Uncommon""},{""trait_type"":""Clothing"",""value"":""Little Black Dress""}]"
158,3041178,0x677bb4a51016f4532e1c2d6f84af25c3696f0a9b859975279c2092557a02a012,"[{""trait_type"":""Background"",""value"":""Burn this City Down!""},{""trait_type"":""Hat"",""value"":""Bunny Ears""},{""trait_type"":""Eyes"",""value"":""Diamond Eyes""},{""trait_type"":""Mouth"",""value"":""Knife""},{""trait_type"":""Facial Hair"",""value"":""Grey Full Beard""},{""trait_type"":""Accessory"",""value"":""Bitcoin""},{""trait_type"":""Weapon"",""value"":""Wisdom""},{""trait_type"":""Class"",""value"":""Uncommon""},{""trait_type"":""Clothing"",""value"":""Black Hoodie""}]"
157,3040987,0x2646baa5bd3ff3f593b26dd28116a5986827135b4344052a6e27e9510693462f,"[{""trait_type"":""Background"",""value"":""Light Grey""},{""trait_type"":""Hat"",""value"":""Crown""},{""trait_type"":""Eyes"",""value"":""Stoned""},{""trait_type"":""Mouth"",""value"":""Blunt""},{""trait_type"":""Necklace"",""value"":""Barbed ""},{""trait_type"":""Accessory"",""value"":""Ethererum""},{""trait_type"":""Weapon"",""value"":""Brick""},{""trait_type"":""Class"",""value"":""Uncommon""},{""trait_type"":""Clothing"",""value"":""Bomber Jacket""}]"
156,3040953,0x09d5e82e9daf6a670b73c71fceaf8b0beb85ccad2edaea52e8b58e5acd77078c,"[{""trait_type"":""Background"",""value"":""Cotton Candy Gradient""},{""trait_type"":""Hat"",""value"":""Skimask""},{""trait_type"":""Eyes"",""value"":""Hacker Glasses""},{""trait_type"":""Mouth"",""value"":""Excited w/ Joint""},{""trait_type"":""Necklace"",""value"":""Platinum Chain""},{""trait_type"":""Facial Hair"",""value"":""X Soulpatch""},{""trait_type"":""Accessory"",""value"":""Ethereum""},{""trait_type"":""Weapon"",""value"":""Brass Knuckles""},{""trait_type"":""Class"",""value"":""Uncommon""},{""trait_type"":""Clothing"",""value"":""Wizard Robe""}]"
155,3040799,0xecd4c9966acb5e8b45fa201041db1d14538b7c80fc7d414058eefc2b34c9aa08,"[{""trait_type"":""Background"",""value"":""Copper""},{""trait_type"":""Hair"",""value"":""Orange-Pigtails""},{""trait_type"":""Eyes"",""value"":""Eye Scar""},{""trait_type"":""Mouth"",""value"":""Happy""},{""trait_type"":""Accessory"",""value"":""White Rabbit""},{""trait_type"":""Weapon"",""value"":""Baseball Bat""},{""trait_type"":""Class"",""value"":""Rare""},{""trait_type"":""Clothing"",""value"":""Guinea Tee""},{""trait_type"":""Wings"",""value"":""Demon Wings""}]"
154,3040472,0x6f76b29623c6fba4fde627503947ba4583acef017c122ba24070525fffcbcc53,"[{""trait_type"":""Background"",""value"":""The Clouds Parted""},{""trait_type"":""Hair"",""value"":""Purple Pigtails""},{""trait_type"":""Eyes"",""value"":""Blindfolded""},{""trait_type"":""Mouth"",""value"":""Blunt""},{""trait_type"":""Accessory"",""value"":""Bloody Hitlist""},{""trait_type"":""Weapon"",""value"":""Jedi Light Saber""},{""trait_type"":""Class"",""value"":""Uncommon""},{""trait_type"":""Clothing"",""value"":""#TitsOutForPepe""}]"
153,3040057,0x788993d4f8c8b673a6b6a554b308d63f6a385f6e3959a159fcfceb8d96a19209,"[{""trait_type"":""Background"",""value"":""Ethscriptions Green""},{""trait_type"":""Hair"",""value"":""Long Royal Blue Mohawk""},{""trait_type"":""Eyes"",""value"":""Bugged out""},{""trait_type"":""Mouth"",""value"":""Tongue Out""},{""trait_type"":""Accessory"",""value"":""Diamond Hands""},{""trait_type"":""Weapon"",""value"":""Earth Energy""},{""trait_type"":""Class"",""value"":""Uncommon""},{""trait_type"":""Clothing"",""value"":""Lady Pirate Outfit""}]"
152,3040024,0x65137d0a37352b224552e3a26c8d5146f64398850743badf064184e334ead139,"[{""trait_type"":""Background"",""value"":""Ja Rule Rastafari""},{""trait_type"":""Hair"",""value"":""Afro""},{""trait_type"":""Eyes"",""value"":""Angry Eyes""},{""trait_type"":""Mouth"",""value"":""Blunt w/ Lipstick""},{""trait_type"":""Necklace"",""value"":""Lady Gold Crucifix""},{""trait_type"":""Accessory"",""value"":""Book""},{""trait_type"":""Weapon"",""value"":""AK-47""},{""trait_type"":""Class"",""value"":""Rare""},{""trait_type"":""Clothing"",""value"":""Lady Naked Pepe""},{""trait_type"":""Wings"",""value"":""Angel Wings""}]"
151,3039760,0x32f4a8bd7f63ef13517a021f796750e2d1b2bb1541cc369bf8d7cb184ea37182,"[{""trait_type"":""Background"",""value"":""Somewhere Under the Rainbow""},{""trait_type"":""Hat"",""value"":""Cowboy Hat""},{""trait_type"":""Eyes"",""value"":""Eye Scar""},{""trait_type"":""Mouth"",""value"":""Big Rainbow Grill""},{""trait_type"":""Necklace"",""value"":""Platinum Chain""},{""trait_type"":""Facial Hair"",""value"":""Soul Patch""},{""trait_type"":""Accessory"",""value"":""Film Camera""},{""trait_type"":""Weapon"",""value"":""Dynamite Sticks""},{""trait_type"":""Class"",""value"":""Uncommon""},{""trait_type"":""Clothing"",""value"":""Guinea Tee""}]"
150,3039489,0x17854ca33757eb3002b4e653f04c30daedb96eac24c1cfa0091a692e4651b59e,"[{""trait_type"":""Background"",""value"":""Blue""},{""trait_type"":""Hair"",""value"":""Long Green Mohawk""},{""trait_type"":""Eyes"",""value"":""Banker Glasses""},{""trait_type"":""Mouth"",""value"":""Silly Tongue""},{""trait_type"":""Necklace"",""value"":""Tight Gold Chain""},{""trait_type"":""Facial Hair"",""value"":""Black Neckbeard""},{""trait_type"":""Accessory"",""value"":""Guy Fawkes Mask""},{""trait_type"":""Weapon"",""value"":""FUCK OFF!!""},{""trait_type"":""Class"",""value"":""Uncommon""},{""trait_type"":""Clothing"",""value"":""Tie-Dye T-Shirt""}]"
149,3039447,0x434ef99930c387394f9a1426b96165ecba5f4995a2bf9baf648e3ddbd5e98822,"[{""trait_type"":""Background"",""value"":""Sunset Gradient""},{""trait_type"":""Hat"",""value"":""Miner Helmet""},{""trait_type"":""Eyes"",""value"":""Pink Eyeshadow""},{""trait_type"":""Mouth"",""value"":""Blunt w/ Lipstick""},{""trait_type"":""Necklace"",""value"":""Gold Crucifix""},{""trait_type"":""Accessory"",""value"":""Gold Bricks""},{""trait_type"":""Weapon"",""value"":""Bowie Knife""},{""trait_type"":""Class"",""value"":""Uncommon""},{""trait_type"":""Clothing"",""value"":""Little Black Dress""}]"
148,3039246,0x6164955c206b2bbe9530507a24440a8091ad26a7ef8040ca3910ad2738c4a56f,"[{""trait_type"":""Background"",""value"":""Grey""},{""trait_type"":""Hat"",""value"":""Purple Snapback""},{""trait_type"":""Eyes"",""value"":""X-Ray Glasses""},{""trait_type"":""Mouth"",""value"":""Hanging Cigarette""},{""trait_type"":""Necklace"",""value"":""Tight Gold Chain""},{""trait_type"":""Facial Hair"",""value"":""Brown Full Beard""},{""trait_type"":""Accessory"",""value"":""Ethereum""},{""trait_type"":""Weapon"",""value"":""Air Energy""},{""trait_type"":""Class"",""value"":""Epic""},{""trait_type"":""Clothing"",""value"":""Overalls""},{""trait_type"":""Wings"",""value"":""Golden Wings""}]"
147,3039185,0x51c8009f05b5dc2cdaef70d3c65ab69d42bbe78571fb597af35ea2b677dca907,"[{""trait_type"":""Background"",""value"":""White""},{""trait_type"":""Hair"",""value"":""Long Neon Yellow Mohawk""},{""trait_type"":""Eyes"",""value"":""Blue Eyes""},{""trait_type"":""Mouth"",""value"":""Focused""},{""trait_type"":""Accessory"",""value"":""Cigarette""},{""trait_type"":""Weapon"",""value"":""Jedi Light Saber""},{""trait_type"":""Class"",""value"":""Uncommon""},{""trait_type"":""Clothing"",""value"":""Lady Naked Pepe""}]"
146,3039154,0x24f2dcd9c651b424db4c853e2fa9f73c112ed55111974faf2e41ad0e6ac273be,"[{""trait_type"":""Background"",""value"":""Somewhere Under the Rainbow""},{""trait_type"":""Hair"",""value"":""Blonde Pigtails""},{""trait_type"":""Eyes"",""value"":""Robot Eyes""},{""trait_type"":""Mouth"",""value"":""Toothy Grin""},{""trait_type"":""Necklace"",""value"":""Platinum Chain""},{""trait_type"":""Accessory"",""value"":""Bitcoin""},{""trait_type"":""Weapon"",""value"":""Wisdom""},{""trait_type"":""Class"",""value"":""Uncommon""},{""trait_type"":""Clothing"",""value"":""Little Black Dress""}]"
145,3039067,0xaa59beb2342f33f7bba59c617d79ac8ba25364854798b84a327bcb3afcb128fd,"[{""trait_type"":""Background"",""value"":""Ja Rule Rastafari""},{""trait_type"":""Hair"",""value"":""Blue-Pigtails""},{""trait_type"":""Eyes"",""value"":""X-Ray Glasses""},{""trait_type"":""Mouth"",""value"":""Blunt w/ Lipstick""},{""trait_type"":""Necklace"",""value"":""Platinum Chain""},{""trait_type"":""Accessory"",""value"":""Ethereum""},{""trait_type"":""Weapon"",""value"":""Brass Knuckles""},{""trait_type"":""Class"",""value"":""Uncommon""},{""trait_type"":""Clothing"",""value"":""Lady Naked Pepe""}]"
144,3039037,0xf54de74ed2f890faa74f8c4dbabb0f603810ecf9219f4e1355d23b7bedd01387,"[{""trait_type"":""Background"",""value"":""Ethscriptions Green""},{""trait_type"":""Hair"",""value"":""Long Red Mohawk""},{""trait_type"":""Eyes"",""value"":""Mike Tyson Face Tattoo""},{""trait_type"":""Mouth"",""value"":""Silly Tongue""},{""trait_type"":""Accessory"",""value"":""Mushroom""},{""trait_type"":""Weapon"",""value"":""AK-47""},{""trait_type"":""Class"",""value"":""Uncommon""},{""trait_type"":""Clothing"",""value"":""Suit w/ Blue Tie""}]"
143,3025183,0x5a5eb11d3cc59f0f78902f0f1a1962b07210d8b9322e05e84de98390a281a788,"[{""trait_type"":""Background"",""value"":""Light Grey""},{""trait_type"":""Hair"",""value"":""Red-Pigtails""},{""trait_type"":""Eyes"",""value"":""Robot Eyes""},{""trait_type"":""Mouth"",""value"":""Cannabis Leaf""},{""trait_type"":""Accessory"",""value"":""Acoustic Guitar""},{""trait_type"":""Weapon"",""value"":""Baseball Bat""},{""trait_type"":""Class"",""value"":""Uncommon""},{""trait_type"":""Clothing"",""value"":""Monk Robe""}]"
142,3025163,0xd1566897df3ce69bba6ea98515e355a133fe659b7800dec994d5478f328b1372,"[{""trait_type"":""Background"",""value"":""Violet""},{""trait_type"":""Eyes"",""value"":""Aviators""},{""trait_type"":""Mouth"",""value"":""Kissy Face""},{""trait_type"":""Necklace"",""value"":""Platinum Chain""},{""trait_type"":""Accessory"",""value"":""Cell Phone""},{""trait_type"":""Weapon"",""value"":""Wisdom""},{""trait_type"":""Class"",""value"":""Uncommon""},{""trait_type"":""Clothing"",""value"":""Navy T-Shirt""}]"
141,3025150,0x17891749cc538450c82e4170f594436f0a8dacd290f707ff00d02ffffac80b90,"[{""trait_type"":""Background"",""value"":""Yellow""},{""trait_type"":""Hair"",""value"":""Long Yellow Mohawk""},{""trait_type"":""Eyes"",""value"":""Snake Eyes""},{""trait_type"":""Mouth"",""value"":""Kissy Face""},{""trait_type"":""Necklace"",""value"":""Bowtie""},{""trait_type"":""Accessory"",""value"":""Taco Bell""},{""trait_type"":""Weapon"",""value"":""Hatchet""},{""trait_type"":""Class"",""value"":""Uncommon""},{""trait_type"":""Clothing"",""value"":""Lady Naked Pepe""}]"
140,3025132,0x02060d1deb6533d5861d9c64d32a3ab6c7817d5e16a2e8d183c7ef1409b227be,"[{""trait_type"":""Background"",""value"":""Ja Rule Rastafari""},{""trait_type"":""Hair"",""value"":""Long Neon Cyan Mohawk""},{""trait_type"":""Eyes"",""value"":""Pink Eyeshadow""},{""trait_type"":""Mouth"",""value"":""Excited w/ Joint""},{""trait_type"":""Necklace"",""value"":""Lady Gold Crucifix""},{""trait_type"":""Accessory"",""value"":""Platypus""},{""trait_type"":""Weapon"",""value"":""Magic""},{""trait_type"":""Class"",""value"":""Uncommon""},{""trait_type"":""Clothing"",""value"":""Lady Naked Pepe""}]"
139,3025123,0x453807ebe9e5fd960fe6a1aca27aaf35cd6018dc8d315e09dc75643784fc52c3,"[{""trait_type"":""Background"",""value"":""Sunset Gradient""},{""trait_type"":""Hat"",""value"":""Piggy Banksy Ears""},{""trait_type"":""Eyes"",""value"":""Bugged out""},{""trait_type"":""Mouth"",""value"":""Silly Tongue""},{""trait_type"":""Necklace"",""value"":""Gold Crucifix""},{""trait_type"":""Accessory"",""value"":""Book""},{""trait_type"":""Weapon"",""value"":""Fist w/ Watch""},{""trait_type"":""Class"",""value"":""Uncommon""},{""trait_type"":""Clothing"",""value"":""Denim Jacket""}]"
138,3025107,0x5bb9fb0acc771a9e4e3859eda40538ba9b8b4641d2e573e31f826f3327d7f6a6,"[{""trait_type"":""Background"",""value"":""Magic Kingdom""},{""trait_type"":""Hat"",""value"":""Blue Snapback""},{""trait_type"":""Eyes"",""value"":""Anime Eyes""},{""trait_type"":""Mouth"",""value"":""Blunt w/ Lipstick""},{""trait_type"":""Necklace"",""value"":""Crystal Necklace""},{""trait_type"":""Accessory"",""value"":""Glowing Vial""},{""trait_type"":""Weapon"",""value"":""Air Energy""},{""trait_type"":""Class"",""value"":""Rare""},{""trait_type"":""Clothing"",""value"":""Overalls""},{""trait_type"":""Wings"",""value"":""Angel Wings""}]"
137,3025085,0xaa3fb059495cf9f49af99792dc467e465fd5e7cf1a313c987f037760928e1dee,"[{""trait_type"":""Background"",""value"":""The Matrix Code""},{""trait_type"":""Hat"",""value"":""Party Hat""},{""trait_type"":""Eyes"",""value"":""Pirate Eyepatch""},{""trait_type"":""Mouth"",""value"":""Kissy Face""},{""trait_type"":""Accessory"",""value"":""Puzzle Piece""},{""trait_type"":""Weapon"",""value"":""Sawed-Off Shotgun""},{""trait_type"":""Class"",""value"":""Uncommon""},{""trait_type"":""Clothing"",""value"":""Trump Suit""}]"
136,3025076,0xcc71435767b88f5ec067b0cb8a9d95171f8c5a21d78e92693fafd5c294f33c4b,"[{""trait_type"":""Background"",""value"":""Head in the Clouds""},{""trait_type"":""Hat"",""value"":""Crown""},{""trait_type"":""Eyes"",""value"":""Cyclops""},{""trait_type"":""Mouth"",""value"":""Excited""},{""trait_type"":""Facial Hair"",""value"":""Brown Full Beard""},{""trait_type"":""Accessory"",""value"":""Peace""},{""trait_type"":""Weapon"",""value"":""Flamethrower""},{""trait_type"":""Class"",""value"":""Uncommon""},{""trait_type"":""Clothing"",""value"":""Guinea Tee""}]"
135,3025068,0xc7f31267022bd1f177d7eed188439cf4d8046b9d66cd649309f012afd79d58c1,"[{""trait_type"":""Background"",""value"":""Countryside""},{""trait_type"":""Hat"",""value"":""Halo""},{""trait_type"":""Eyes"",""value"":""Angry Eyes""},{""trait_type"":""Mouth"",""value"":""Joint""},{""trait_type"":""Necklace"",""value"":""$Pepe Ledger""},{""trait_type"":""Facial Hair"",""value"":""Wizard Beard""},{""trait_type"":""Accessory"",""value"":""Film Camera""},{""trait_type"":""Weapon"",""value"":""Baseball Bat""},{""trait_type"":""Class"",""value"":""Uncommon""},{""trait_type"":""Clothing"",""value"":""Wizard Robe""}]"
134,3025029,0xbe46b0457576b91b4e508653d2908d6b962fa287dbd510158756c675ec10fc54,"[{""trait_type"":""Background"",""value"":""Magic Kingdom""},{""trait_type"":""Hair"",""value"":""Long Royal Blue Mohawk""},{""trait_type"":""Eyes"",""value"":""Bugged out""},{""trait_type"":""Mouth"",""value"":""Cigarette Right""},{""trait_type"":""Necklace"",""value"":""Tight Gold Chain""},{""trait_type"":""Facial Hair"",""value"":""Soul Patch""},{""trait_type"":""Accessory"",""value"":""Glowing Vial""},{""trait_type"":""Weapon"",""value"":""Magic""},{""trait_type"":""Class"",""value"":""Uncommon""},{""trait_type"":""Clothing"",""value"":""Suit w/ Blue Tie""}]"
133,3025020,0x901c2decc730b70fa016f248b256ef50486ce263a23d01032a96d3a8cd5bc44c,"[{""trait_type"":""Background"",""value"":""Purple""},{""trait_type"":""Hair"",""value"":""Long Yellow Mohawk""},{""trait_type"":""Eyes"",""value"":""Hacker Glasses""},{""trait_type"":""Mouth"",""value"":""Black Mouthguard""},{""trait_type"":""Necklace"",""value"":""Mala""},{""trait_type"":""Facial Hair"",""value"":""Fu Manchu""},{""trait_type"":""Accessory"",""value"":""Bowie's Acoustic Guitar""},{""trait_type"":""Weapon"",""value"":""Cutlass""},{""trait_type"":""Class"",""value"":""Rare""},{""trait_type"":""Clothing"",""value"":""Pirate Outfit""},{""trait_type"":""Wings"",""value"":""Angel Wings""}]"
132,3025005,0x933485ccbc4c55536e6a6509f896c8ef42a571ed587d6d5f27e2ececac519ff1,"[{""trait_type"":""Background"",""value"":""Sunset Gradient""},{""trait_type"":""Hair"",""value"":""Long Brown Wavy""},{""trait_type"":""Eyes"",""value"":""Bugged out""},{""trait_type"":""Mouth"",""value"":""Focused""},{""trait_type"":""Facial Hair"",""value"":""Walt Stache""},{""trait_type"":""Accessory"",""value"":""Mushroom""},{""trait_type"":""Weapon"",""value"":""Sawed-Off Shotgun""},{""trait_type"":""Class"",""value"":""Rare""},{""trait_type"":""Clothing"",""value"":""Sensei Hakama""},{""trait_type"":""Wings"",""value"":""Angel Wings""}]"
131,2972753,0x9aa5561bc178a91789831997afeca854e8020fa108cfcdf32ab47ae1b662e148,"[{""trait_type"":""Background"",""value"":""Purple""},{""trait_type"":""Hair"",""value"":""Purple Pigtails""},{""trait_type"":""Eyes"",""value"":""Heart Eyes""},{""trait_type"":""Mouth"",""value"":""Blunt w/ Lipstick""},{""trait_type"":""Necklace"",""value"":""$Pepe Ledger""},{""trait_type"":""Accessory"",""value"":""Taco Bell""},{""trait_type"":""Weapon"",""value"":""Dynamite Sticks""},{""trait_type"":""Class"",""value"":""Uncommon""},{""trait_type"":""Clothing"",""value"":""Little Black Dress""}]"
130,2972709,0xcf8154b5bf1b4c55dbc467ec84fef7afb43c228d85a95000ef7475addbf8cbd6,"[{""trait_type"":""Background"",""value"":""Spawning Lab""},{""trait_type"":""Hair"",""value"":""Pink-Pigtails""},{""trait_type"":""Eyes"",""value"":""Banker Glasses""},{""trait_type"":""Mouth"",""value"":""Bored""},{""trait_type"":""Accessory"",""value"":""Joint""},{""trait_type"":""Weapon"",""value"":""Sawed-Off Shotgun""},{""trait_type"":""Class"",""value"":""Uncommon""},{""trait_type"":""Clothing"",""value"":""Lady Pirate Outfit""}]"
129,2972496,0x7f99cd17fa401d656c5c8ac3f98545e73adf3ef6bd8fdbc1260b477b293410ef,"[{""trait_type"":""Background"",""value"":""Black""},{""trait_type"":""Hat"",""value"":""Piggy Banksy Ears""},{""trait_type"":""Eyes"",""value"":""Ziggy Stardust""},{""trait_type"":""Mouth"",""value"":""Tongue Out""},{""trait_type"":""Necklace"",""value"":""Gold Crucifix""},{""trait_type"":""Facial Hair"",""value"":""Soul Patch""},{""trait_type"":""Accessory"",""value"":""MFpurr""},{""trait_type"":""Weapon"",""value"":""Sawed-Off Shotgun""},{""trait_type"":""Class"",""value"":""Uncommon""},{""trait_type"":""Clothing"",""value"":""Naked Pepe""}]"
128,2972436,0xdf1521394700bee1da053c814b0c3172a8787a47c156245bce0ae630e4691527,"[{""trait_type"":""Background"",""value"":""Rainbow Colors""},{""trait_type"":""Hat"",""value"":""Purple Snapback""},{""trait_type"":""Eyes"",""value"":""Robot Eyes""},{""trait_type"":""Mouth"",""value"":""Tongue Out""},{""trait_type"":""Necklace"",""value"":""Barbed ""},{""trait_type"":""Accessory"",""value"":""Puzzle Piece""},{""trait_type"":""Weapon"",""value"":""Electric Energy""},{""trait_type"":""Class"",""value"":""Uncommon""},{""trait_type"":""Clothing"",""value"":""Lady Pirate Outfit""}]"
127,2972335,0x0ea4bb256903a8e34f54bf66ca6da34c85fb2250936d61f9f014713b7251ae19,"[{""trait_type"":""Background"",""value"":""Breaking the Matrix""},{""trait_type"":""Hat"",""value"":""Crown""},{""trait_type"":""Eyes"",""value"":""Monacle""},{""trait_type"":""Mouth"",""value"":""Blunt w/ Lipstick""},{""trait_type"":""Necklace"",""value"":""Diamond Necklace""},{""trait_type"":""Accessory"",""value"":""Gold Bricks""},{""trait_type"":""Weapon"",""value"":""Brass Knuckles""},{""trait_type"":""Class"",""value"":""Rare""},{""trait_type"":""Clothing"",""value"":""Lady Naked Pepe""},{""trait_type"":""Wings"",""value"":""Angel Wings""}]"
126,2972281,0xd5fd4e5e445692d1024cb87fe4397cc089947157367fd8cec35cc8edf9140230,"[{""trait_type"":""Background"",""value"":""Desert""},{""trait_type"":""Hair"",""value"":""Long Red Mohawk""},{""trait_type"":""Eyes"",""value"":""Green Eyes""},{""trait_type"":""Mouth"",""value"":""Cigar""},{""trait_type"":""Necklace"",""value"":""Gold Chain""},{""trait_type"":""Accessory"",""value"":""Bitcoin""},{""trait_type"":""Weapon"",""value"":""Peace""},{""trait_type"":""Class"",""value"":""Rare""},{""trait_type"":""Clothing"",""value"":""Walt Disney's Suit""},{""trait_type"":""Wings"",""value"":""Angel Wings""}]"
125,2972063,0x5764843025740dd8399f3df2627815ca3bfc4d9dc8efe727dbf8ef983c1be855,"[{""trait_type"":""Background"",""value"":""Purple""},{""trait_type"":""Hat"",""value"":""Make Memes Great Again Hat""},{""trait_type"":""Eyes"",""value"":""Anime Eyes""},{""trait_type"":""Mouth"",""value"":""Blunt w/ Lipstick""},{""trait_type"":""Accessory"",""value"":""Mickey Mouse""},{""trait_type"":""Weapon"",""value"":""Wisdom""},{""trait_type"":""Class"",""value"":""Rare""},{""trait_type"":""Clothing"",""value"":""Cannabis Leaf T-Shirt""},{""trait_type"":""Wings"",""value"":""Angel Wings""}]"
124,2971758,0x8dc15bc0e835570cc0cad927b34797d5e3a0f6d89d58d47a550a562feabd00bf,"[{""trait_type"":""Background"",""value"":""Teal""},{""trait_type"":""Hair"",""value"":""Long Brown Wavy""},{""trait_type"":""Eyes"",""value"":""Blue Eyes""},{""trait_type"":""Mouth"",""value"":""Confused""},{""trait_type"":""Facial Hair"",""value"":""Soul Patch""},{""trait_type"":""Accessory"",""value"":""Frog""},{""trait_type"":""Weapon"",""value"":""Mini-Nuke""},{""trait_type"":""Class"",""value"":""Rare""},{""trait_type"":""Clothing"",""value"":""Denim Jacket""},{""trait_type"":""Wings"",""value"":""Angel Wings""}]"
123,2971715,0x423e118abc847a36007ca3f14fd0b5e1f523cb22906cf953960b83951e0d9703,"[{""trait_type"":""Background"",""value"":""Outer Space""},{""trait_type"":""Hair"",""value"":""Blue-Pigtails""},{""trait_type"":""Eyes"",""value"":""Nouns Noggles""},{""trait_type"":""Mouth"",""value"":""Blunt w/ Lipstick""},{""trait_type"":""Accessory"",""value"":""Mushroom""},{""trait_type"":""Weapon"",""value"":""Pistol w/ Supressor""},{""trait_type"":""Class"",""value"":""Uncommon""},{""trait_type"":""Clothing"",""value"":""#TitsOutForPepe""}]"
122,2971658,0x9797cb9e7729ea61bd33e0427dcda029ebd95a3cf4b9cb53089f11a14bc1a557,"[{""trait_type"":""Background"",""value"":""Ja Rule Rastafari""},{""trait_type"":""Hair"",""value"":""Black Pigtails""},{""trait_type"":""Eyes"",""value"":""3D Glasses""},{""trait_type"":""Mouth"",""value"":""Big Rainbow Grill""},{""trait_type"":""Necklace"",""value"":""Gold Crucifix""},{""trait_type"":""Accessory"",""value"":""Drumsticks""},{""trait_type"":""Weapon"",""value"":""Bowie Knife""},{""trait_type"":""Class"",""value"":""Uncommon""},{""trait_type"":""Clothing"",""value"":""Cannabis Leaf T-Shirt""}]"
121,2971585,0xa98a8e5d76d317297d539dd6e68368050c8bad0365cb53dcb054b6e95877509c,"[{""trait_type"":""Background"",""value"":""Grey""},{""trait_type"":""Hat"",""value"":""Purple Snapback""},{""trait_type"":""Eyes"",""value"":""Blue Eyes""},{""trait_type"":""Mouth"",""value"":""Cigarette Left""},{""trait_type"":""Necklace"",""value"":""Mala""},{""trait_type"":""Facial Hair"",""value"":""Soul Patch""},{""trait_type"":""Accessory"",""value"":""Book""},{""trait_type"":""Weapon"",""value"":""Fire Energy""},{""trait_type"":""Class"",""value"":""Uncommon""},{""trait_type"":""Clothing"",""value"":""Trump Suit""}]"
120,2971504,0x2622438c0b8dfa971beec82b3e77cf66fd706a38e92cb33309b6dd88e9a93c15,"[{""trait_type"":""Background"",""value"":""Teal""},{""trait_type"":""Hair"",""value"":""Long Brown Wavy""},{""trait_type"":""Eyes"",""value"":""Snake Eyes""},{""trait_type"":""Mouth"",""value"":""Big Gold Grill""},{""trait_type"":""Necklace"",""value"":""Lady Gold Crucifix""},{""trait_type"":""Accessory"",""value"":""Bitcoin""},{""trait_type"":""Weapon"",""value"":""Wolverine Claws""},{""trait_type"":""Class"",""value"":""Uncommon""},{""trait_type"":""Clothing"",""value"":""#TitsOutForPepe""}]"
119,2971364,0x3be0faebefbb8e12cab7865c0634435d52938e0e38949d9802fbb3ab77588751,"[{""trait_type"":""Background"",""value"":""Ethscriptions Green""},{""trait_type"":""Hat"",""value"":""Piggy Banksy Ears""},{""trait_type"":""Eyes"",""value"":""Hacker Glasses""},{""trait_type"":""Mouth"",""value"":""Big Rainbow Grill""},{""trait_type"":""Necklace"",""value"":""Mala""},{""trait_type"":""Facial Hair"",""value"":""Coke Mustache""},{""trait_type"":""Accessory"",""value"":""Pizza""},{""trait_type"":""Weapon"",""value"":""Cutlass""},{""trait_type"":""Class"",""value"":""Uncommon""},{""trait_type"":""Clothing"",""value"":""Suit w/ Blue Tie""}]"
118,2971363,0x091199a537b53e26a76a99f5992701d7bfde8f5a0bc99037dc17f4ad8923f03c,"[{""trait_type"":""Background"",""value"":""Teal""},{""trait_type"":""Hat"",""value"":""Punks Hoodie""},{""trait_type"":""Eyes"",""value"":""X-Ray Glasses""},{""trait_type"":""Mouth"",""value"":""Joint""},{""trait_type"":""Facial Hair"",""value"":""Pirate Beard""},{""trait_type"":""Accessory"",""value"":""FUCK OFF!""},{""trait_type"":""Weapon"",""value"":""Cutlass""},{""trait_type"":""Class"",""value"":""Uncommon""},{""trait_type"":""Clothing"",""value"":""Bomber Jacket""}]"
117,2970958,0x0f8cb22c222439a8f784ee314efcac08d3ea011033458da9aca971c663126d73,"[{""trait_type"":""Background"",""value"":""Teal""},{""trait_type"":""Hair"",""value"":""Long Brown Wavy""},{""trait_type"":""Eyes"",""value"":""Sleepy Eyes""},{""trait_type"":""Mouth"",""value"":""Diamond Grill""},{""trait_type"":""Necklace"",""value"":""Lady Gold Crucifix""},{""trait_type"":""Accessory"",""value"":""Joint""},{""trait_type"":""Weapon"",""value"":""Uzi""},{""trait_type"":""Class"",""value"":""Rare""},{""trait_type"":""Clothing"",""value"":""Lady Pirate Outfit""},{""trait_type"":""Wings"",""value"":""Demon Wings""}]"
116,2970839,0xf148519d6f05852a3b561a5a1d9bc360006f8f3c16169c8011b667cbd756d65e,"[{""trait_type"":""Background"",""value"":""Red""},{""trait_type"":""Hat"",""value"":""Graduation Cap""},{""trait_type"":""Eyes"",""value"":""Bugged out""},{""trait_type"":""Mouth"",""value"":""Cigar""},{""trait_type"":""Necklace"",""value"":""Mala""},{""trait_type"":""Facial Hair"",""value"":""Grey Full Beard""},{""trait_type"":""Accessory"",""value"":""Ethererum""},{""trait_type"":""Weapon"",""value"":""Uzi""},{""trait_type"":""Class"",""value"":""Uncommon""},{""trait_type"":""Clothing"",""value"":""Tie-Dye T-Shirt""}]"
115,2970721,0x30ea31fd53176af5c91cba7a95754eb5900dfc89ff4637ae4f0f844b5590c1ed,"[{""trait_type"":""Background"",""value"":""Grey""},{""trait_type"":""Eyes"",""value"":""$ Eyes""},{""trait_type"":""Mouth"",""value"":""Kissy Face""},{""trait_type"":""Necklace"",""value"":""Tight Gold Chain""},{""trait_type"":""Accessory"",""value"":""Frog""},{""trait_type"":""Weapon"",""value"":""Chainsaw""},{""trait_type"":""Class"",""value"":""Rare""},{""trait_type"":""Clothing"",""value"":""Tuxedo""},{""trait_type"":""Wings"",""value"":""Demon Wings""}]"
114,2970669,0xfd27b08abde1d84bd832171493f804d5d045af9735541f4c5ca856054f08e674,"[{""trait_type"":""Background"",""value"":""Orange""},{""trait_type"":""Hat"",""value"":""Blue Snapback""},{""trait_type"":""Eyes"",""value"":""Round Glasses""},{""trait_type"":""Mouth"",""value"":""Puking Rainbows""},{""trait_type"":""Necklace"",""value"":""$Pepe Ledger""},{""trait_type"":""Facial Hair"",""value"":""X Soulpatch""},{""trait_type"":""Accessory"",""value"":""Money Bag""},{""trait_type"":""Weapon"",""value"":""Air Energy""},{""trait_type"":""Class"",""value"":""Uncommon""},{""trait_type"":""Clothing"",""value"":""Overalls""}]"
113,2970621,0x79d9cca71d8c2e279bd2aac34ecfb792b33125c665671870b02674a070094514,"[{""trait_type"":""Background"",""value"":""Cotton Candy Gradient""},{""trait_type"":""Hat"",""value"":""Crown""},{""trait_type"":""Eyes"",""value"":""Pink Eyeshadow""},{""trait_type"":""Mouth"",""value"":""Blunt w/ Lipstick""},{""trait_type"":""Necklace"",""value"":""Lady Gold Crucifix""},{""trait_type"":""Accessory"",""value"":""Ethereum""},{""trait_type"":""Weapon"",""value"":""AK-47""},{""trait_type"":""Class"",""value"":""Uncommon""},{""trait_type"":""Clothing"",""value"":""Little Black Dress""}]"
112,2970522,0x29c6f8ed087a2970b118bc243cae89a52a14f2e6a771f6836265a43cbefa9615,"[{""trait_type"":""Background"",""value"":""Outer Space""},{""trait_type"":""Hat"",""value"":""Devil Horns""},{""trait_type"":""Eyes"",""value"":""Stoned""},{""trait_type"":""Mouth"",""value"":""Joker Smile""},{""trait_type"":""Necklace"",""value"":""Lady Gold Crucifix""},{""trait_type"":""Accessory"",""value"":""Whiskey Bottle""},{""trait_type"":""Weapon"",""value"":""Electric Energy""},{""trait_type"":""Class"",""value"":""Uncommon""},{""trait_type"":""Clothing"",""value"":""#TitsOutForPepe""}]"
111,2970325,0xf74c9a464bae2748f0ad93e68476e812b9880105a5ac49757d4297c963685bbb,"[{""trait_type"":""Background"",""value"":""Purple""},{""trait_type"":""Hair"",""value"":""Long Neon Yellow Mohawk""},{""trait_type"":""Eyes"",""value"":""Terminator Eye""},{""trait_type"":""Mouth"",""value"":""Blunt""},{""trait_type"":""Necklace"",""value"":""Straight Tie""},{""trait_type"":""Facial Hair"",""value"":""Coke Mustache""},{""trait_type"":""Accessory"",""value"":""Frog""},{""trait_type"":""Weapon"",""value"":""Spectral Energy""},{""trait_type"":""Class"",""value"":""Rare""},{""trait_type"":""Clothing"",""value"":""Wizard Robe""},{""trait_type"":""Wings"",""value"":""Demon Wings""}]"
110,2970262,0x75f9288d47b4ae01aebe486c4b329e5294cf98ee074212e33dbfd85ef9b271ec,"[{""trait_type"":""Background"",""value"":""Blue""},{""trait_type"":""Hair"",""value"":""Long Black Wavy""},{""trait_type"":""Eyes"",""value"":""Blue Eyes""},{""trait_type"":""Mouth"",""value"":""Blunt w/ Lipstick""},{""trait_type"":""Necklace"",""value"":""$Pepe Ledger""},{""trait_type"":""Accessory"",""value"":""Money Bag""},{""trait_type"":""Weapon"",""value"":""Sawed-Off Shotgun""},{""trait_type"":""Class"",""value"":""Uncommon""},{""trait_type"":""Clothing"",""value"":""Guinea Tee""}]"
109,2970098,0x4628953681c2360e5fe6086a17d4854a7babcab16b8f490b6faaf53a28c69fb7,"[{""trait_type"":""Background"",""value"":""Orange""},{""trait_type"":""Hair"",""value"":""Long Black Curly""},{""trait_type"":""Eyes"",""value"":""X-Ray Glasses""},{""trait_type"":""Mouth"",""value"":""Braces""},{""trait_type"":""Necklace"",""value"":""Lady Gold Crucifix""},{""trait_type"":""Accessory"",""value"":""Mickey Mouse""},{""trait_type"":""Weapon"",""value"":""Wizard Staff""},{""trait_type"":""Class"",""value"":""Uncommon""},{""trait_type"":""Clothing"",""value"":""Little Black Dress""}]"
108,2969844,0x16ebb437b14a7267a04ca133f6cf249a2aa5c345b7798727c26e5f6756a6413d,"[{""trait_type"":""Background"",""value"":""Violet""},{""trait_type"":""Eyes"",""value"":""Aviators""},{""trait_type"":""Mouth"",""value"":""Blunt w/ Lipstick""},{""trait_type"":""Necklace"",""value"":""Barbed Wire""},{""trait_type"":""Accessory"",""value"":""Diamond Hands""},{""trait_type"":""Weapon"",""value"":""Comedy""},{""trait_type"":""Class"",""value"":""Uncommon""},{""trait_type"":""Clothing"",""value"":""Black Hoodie""}]"
107,2969523,0x80b9d2b387c3a6501dc7ddf6806db57061d4da565413d4092bd418d8451d1741,"[{""trait_type"":""Background"",""value"":""Countryside""},{""trait_type"":""Hat"",""value"":""Headphones""},{""trait_type"":""Eyes"",""value"":""Snake Eyes""},{""trait_type"":""Mouth"",""value"":""Kissy Face""},{""trait_type"":""Necklace"",""value"":""Gold Chain""},{""trait_type"":""Accessory"",""value"":""Cigar""},{""trait_type"":""Weapon"",""value"":""Bowie Knife""},{""trait_type"":""Class"",""value"":""Uncommon""},{""trait_type"":""Clothing"",""value"":""Pirate Outfit""}]"
106,2969453,0x0bc9da75a784397bd47aeb0f479aa383e1bbf5fac04709e6c9507eba9ababacb,"[{""trait_type"":""Background"",""value"":""Cannabis Farm""},{""trait_type"":""Hair"",""value"":""Long Brown Wavy""},{""trait_type"":""Eyes"",""value"":""8-Ball Eyes""},{""trait_type"":""Mouth"",""value"":""Excited w/ Joint""},{""trait_type"":""Necklace"",""value"":""Barbed ""},{""trait_type"":""Facial Hair"",""value"":""Fu Manchu""},{""trait_type"":""Accessory"",""value"":""Beer Bottle""},{""trait_type"":""Weapon"",""value"":""Cutlass""},{""trait_type"":""Class"",""value"":""Uncommon""},{""trait_type"":""Clothing"",""value"":""Formal Suit""}]"
105,2969195,0x6142e12373d051750d266a37dd8553eb4619681bbe433e5685282d6cd6e455bf,"[{""trait_type"":""Background"",""value"":""Teal""},{""trait_type"":""Hat"",""value"":""Miner Helmet""},{""trait_type"":""Eyes"",""value"":""Banker Glasses""},{""trait_type"":""Mouth"",""value"":""Green Blunt""},{""trait_type"":""Necklace"",""value"":""Gold Crucifix""},{""trait_type"":""Accessory"",""value"":""Pickaxe""},{""trait_type"":""Weapon"",""value"":""Brass Knuckles""},{""trait_type"":""Class"",""value"":""Uncommon""},{""trait_type"":""Clothing"",""value"":""Pirate Captain's Outfit""}]"
104,2968947,0x30be73eddd3179a2904e60ad32d5aa4e20ea91afe9ed80c80b5d2c29e0bd16ca,"[{""trait_type"":""Background"",""value"":""Violet""},{""trait_type"":""Hat"",""value"":""Biker Helmet""},{""trait_type"":""Eyes"",""value"":""Pink Eyeshadow""},{""trait_type"":""Mouth"",""value"":""Blunt w/ Lipstick""},{""trait_type"":""Necklace"",""value"":""Lady Gold Crucifix""},{""trait_type"":""Accessory"",""value"":""Ethererum""},{""trait_type"":""Weapon"",""value"":""Sawed-Off Shotgun""},{""trait_type"":""Class"",""value"":""Uncommon""},{""trait_type"":""Clothing"",""value"":""Little Black Dress""}]"
103,2968347,0x232080f81b3057aa3b6d013eccb9754b795b61f4918ad9a13c7098273a674f24,"[{""trait_type"":""Background"",""value"":""Burn this City Down!""},{""trait_type"":""Hat"",""value"":""Bunny Ears""},{""trait_type"":""Eyes"",""value"":""Pit Vipers""},{""trait_type"":""Mouth"",""value"":""Smug Smile""},{""trait_type"":""Necklace"",""value"":""Lady Gold Crucifix""},{""trait_type"":""Accessory"",""value"":""Bitcoin""},{""trait_type"":""Weapon"",""value"":""Wisdom""},{""trait_type"":""Class"",""value"":""Uncommon""},{""trait_type"":""Clothing"",""value"":""Lady Pirate Outfit""}]"
102,2961313,0xfd7380116cccee6c8e4a3dc33f6bc3a435fef2c2b332ef3b9e639eff294b1e49,"[{""trait_type"":""Background"",""value"":""Yellow""},{""trait_type"":""Hair"",""value"":""Pink-Pigtails""},{""trait_type"":""Eyes"",""value"":""Laser Eyes""},{""trait_type"":""Mouth"",""value"":""Kissy Face""},{""trait_type"":""Necklace"",""value"":""Lady Gold Crucifix""},{""trait_type"":""Accessory"",""value"":""Ethereum""},{""trait_type"":""Weapon"",""value"":""Wizard Staff""},{""trait_type"":""Class"",""value"":""Rare""},{""trait_type"":""Clothing"",""value"":""#TitsOutForPepe""},{""trait_type"":""Wings"",""value"":""Angel Wings""}]"
101,2961238,0xb69e12c6a89290c4e0984ae687d9b2c63e13a50de2581237d7bd9a0e68cd9c4e,"[{""trait_type"":""Background"",""value"":""Rainbow Colors""},{""trait_type"":""Eyes"",""value"":""3D Glasses""},{""trait_type"":""Mouth"",""value"":""Cannabis Leaf""},{""trait_type"":""Facial Hair"",""value"":""Wizard Beard""},{""trait_type"":""Accessory"",""value"":""FUCK OFF!""},{""trait_type"":""Weapon"",""value"":""Wisdom""},{""trait_type"":""Class"",""value"":""Uncommon""},{""trait_type"":""Clothing"",""value"":""Blue Hoodie""}]"
100,2961202,0xe6190f948c0c30e8252c1348b90ab63b15f852a9f2adcb647622270d45c42d53,"[{""trait_type"":""Background"",""value"":""Teal""},{""trait_type"":""Hair"",""value"":""Long Neon Cyan Mohawk""},{""trait_type"":""Eyes"",""value"":""Nerd Glasses""},{""trait_type"":""Mouth"",""value"":""Vampire Fangs""},{""trait_type"":""Necklace"",""value"":""Platinum Chain""},{""trait_type"":""Facial Hair"",""value"":""Fu Manchu""},{""trait_type"":""Accessory"",""value"":""Ethererum""},{""trait_type"":""Weapon"",""value"":""Bowie Knife""},{""trait_type"":""Class"",""value"":""Uncommon""},{""trait_type"":""Clothing"",""value"":""Heart T-Shirt""}]"
99,2950203,0x544dfe422852d400ed851bf9521093052e1e1133affcaadb852965618c531ee3,"[{""trait_type"":""Background"",""value"":""Black""},{""trait_type"":""Hair"",""value"":""Brown Balding""},{""trait_type"":""Eyes"",""value"":""X-Ray Glasses""},{""trait_type"":""Mouth"",""value"":""Kissy Face""},{""trait_type"":""Necklace"",""value"":""Straight Tie""},{""trait_type"":""Accessory"",""value"":""Film Camera""},{""trait_type"":""Weapon"",""value"":""Lucille""},{""trait_type"":""Class"",""value"":""Uncommon""},{""trait_type"":""Clothing"",""value"":""Denim Jacket""}]"
98,2950186,0xc99a26dd714945f5f71822027e8bc5d5af9412d2d8aed73a83ee62c2e15394ee,"[{""trait_type"":""Background"",""value"":""City Landscape""},{""trait_type"":""Hair"",""value"":""Purple Spikey""},{""trait_type"":""Eyes"",""value"":""Monacle""},{""trait_type"":""Mouth"",""value"":""Kissy Face""},{""trait_type"":""Necklace"",""value"":""Platinum Chain""},{""trait_type"":""Accessory"",""value"":""FUCK OFF!""},{""trait_type"":""Weapon"",""value"":""Peace""},{""trait_type"":""Class"",""value"":""Uncommon""},{""trait_type"":""Clothing"",""value"":""Heart T-Shirt""}]"
97,2950162,0x38c1a9018bdceef23cbeef7a618bd257770fa99563b7244cf5b4d8f1461470bd,"[{""trait_type"":""Background"",""value"":""The Matrix Code""},{""trait_type"":""Hair"",""value"":""Long Brown Wavy""},{""trait_type"":""Eyes"",""value"":""Gold Lennon Glasses""},{""trait_type"":""Mouth"",""value"":""Diamond Grill""},{""trait_type"":""Facial Hair"",""value"":""Brown Goatee""},{""trait_type"":""Accessory"",""value"":""Joint""},{""trait_type"":""Weapon"",""value"":""Formula 69's Guitar""},{""trait_type"":""Class"",""value"":""Uncommon""},{""trait_type"":""Clothing"",""value"":""Black Hoodie""}]"
96,2950150,0xb2ce51814a080e1fb6d1174500a82d3eb1e0757beb52f8c95114b44f1c180c7b,"[{""trait_type"":""Background"",""value"":""Purple""},{""trait_type"":""Hair"",""value"":""Clark Kent""},{""trait_type"":""Eyes"",""value"":""Anime Eyes""},{""trait_type"":""Mouth"",""value"":""Rainbow Grill""},{""trait_type"":""Facial Hair"",""value"":""Soul Patch""},{""trait_type"":""Accessory"",""value"":""Ethererum""},{""trait_type"":""Weapon"",""value"":""FUCK OFF!!""},{""trait_type"":""Class"",""value"":""Uncommon""},{""trait_type"":""Clothing"",""value"":""Orange Deep-V Shirt""}]"
95,2950127,0xc8a94d44a3a71a6b6e8eac2e46b667372693fc61ad01f19f48aa09ff12591895,"[{""trait_type"":""Background"",""value"":""Here Be Dragons!""},{""trait_type"":""Hat"",""value"":""Purple Beanie""},{""trait_type"":""Eyes"",""value"":""Heart Eyes""},{""trait_type"":""Mouth"",""value"":""Cigarette Left""},{""trait_type"":""Necklace"",""value"":""Dice Necklace""},{""trait_type"":""Facial Hair"",""value"":""Brown Goatee""},{""trait_type"":""Accessory"",""value"":""Bowie's Acoustic Guitar""},{""trait_type"":""Weapon"",""value"":""Wizard Staff""},{""trait_type"":""Class"",""value"":""Uncommon""},{""trait_type"":""Clothing"",""value"":""Sensei Hakama""}]"
94,2950068,0xc7e721f34d4d92e84c3f1a9f72be257a46f3cace9d5666be7994922233c54db2,"[{""trait_type"":""Background"",""value"":""Orange""},{""trait_type"":""Hat"",""value"":""Cat Ears""},{""trait_type"":""Eyes"",""value"":""Green Eyes""},{""trait_type"":""Mouth"",""value"":""Serious""},{""trait_type"":""Accessory"",""value"":""MFpurr""},{""trait_type"":""Weapon"",""value"":""AK-47""},{""trait_type"":""Class"",""value"":""Rare""},{""trait_type"":""Clothing"",""value"":""Pirate Outfit""},{""trait_type"":""Wings"",""value"":""Angel Wings""}]"
93,2950044,0x1e788be2645614574de8be85a61a5e7ef8b8f57e057fed93cbc928c7745a7d7c,"[{""trait_type"":""Background"",""value"":""Red""},{""trait_type"":""Hair"",""value"":""Blonde Pigtails""},{""trait_type"":""Eyes"",""value"":""$ Eyes""},{""trait_type"":""Mouth"",""value"":""Knife""},{""trait_type"":""Necklace"",""value"":""Diamond Necklace""},{""trait_type"":""Accessory"",""value"":""Parrot""},{""trait_type"":""Weapon"",""value"":""Magic""},{""trait_type"":""Class"",""value"":""Uncommon""},{""trait_type"":""Clothing"",""value"":""Cannabis Leaf T-Shirt""}]"
92,2949717,0xa6ba75c2082510934158e354770361f709bc43ec047c561f07affa1b9c451be6,"[{""trait_type"":""Background"",""value"":""Grey""},{""trait_type"":""Hair"",""value"":""Brown Balding""},{""trait_type"":""Eyes"",""value"":""3D Glasses""},{""trait_type"":""Mouth"",""value"":""Duct Tape""},{""trait_type"":""Necklace"",""value"":""Crystal Necklace""},{""trait_type"":""Facial Hair"",""value"":""Porn Stache""},{""trait_type"":""Accessory"",""value"":""Platypus""},{""trait_type"":""Weapon"",""value"":""Earth Energy""},{""trait_type"":""Class"",""value"":""Uncommon""},{""trait_type"":""Clothing"",""value"":""Christiano's Outfit""}]"
91,2949684,0x68781eb0f153a89535de7e779610c707d1eb57edc7d29fa5d4e268ce12049b61,"[{""trait_type"":""Background"",""value"":""Purple""},{""trait_type"":""Hair"",""value"":""Long Neon Yellow Mohawk""},{""trait_type"":""Eyes"",""value"":""Blue Eyes""},{""trait_type"":""Mouth"",""value"":""Blunt w/ Lipstick""},{""trait_type"":""Necklace"",""value"":""Gold Crucifix""},{""trait_type"":""Accessory"",""value"":""Frog""},{""trait_type"":""Weapon"",""value"":""Spectral Energy""},{""trait_type"":""Class"",""value"":""Rare""},{""trait_type"":""Clothing"",""value"":""Cannabis Leaf T-Shirt""},{""trait_type"":""Wings"",""value"":""Angel Wings""}]"
90,2949658,0xc0e59d66d0eae7b66996308e92f24942a06857d8c625962403b82b36201cae63,"[{""trait_type"":""Background"",""value"":""Red""},{""trait_type"":""Hair"",""value"":""Red Pigtails""},{""trait_type"":""Eyes"",""value"":""Eye Scar""},{""trait_type"":""Mouth"",""value"":""Kissy Face""},{""trait_type"":""Necklace"",""value"":""Crystal Necklace""},{""trait_type"":""Accessory"",""value"":""Grey Cat""},{""trait_type"":""Weapon"",""value"":""Brass Knuckles""},{""trait_type"":""Class"",""value"":""Uncommon""},{""trait_type"":""Clothing"",""value"":""Black Hoodie""}]"
89,2949499,0x1ee06660cec0da6169376d58dd086a1e0bbce75f06f6aa3c9ff4156e871b4dc0,"[{""trait_type"":""Background"",""value"":""Blue""},{""trait_type"":""Hat"",""value"":""Crown""},{""trait_type"":""Eyes"",""value"":""Angry Eyes""},{""trait_type"":""Mouth"",""value"":""Serious""},{""trait_type"":""Necklace"",""value"":""Crystal Necklace""},{""trait_type"":""Facial Hair"",""value"":""Coke Mustache""},{""trait_type"":""Accessory"",""value"":""Acoustic Guitar""},{""trait_type"":""Weapon"",""value"":""Love Wins""},{""trait_type"":""Class"",""value"":""Uncommon""},{""trait_type"":""Clothing"",""value"":""Overalls""}]"
88,2949435,0x8ea06475bfc49efe49aca1234288bf8e93006836c180462ba94fec42aa240816,"[{""trait_type"":""Background"",""value"":""Ja Rule Rastafari""},{""trait_type"":""Hat"",""value"":""Make Memes Great Again Hat""},{""trait_type"":""Eyes"",""value"":""Blindfolded""},{""trait_type"":""Mouth"",""value"":""Kissy Face""},{""trait_type"":""Accessory"",""value"":""Acoustic Guitar""},{""trait_type"":""Weapon"",""value"":""FUCK OFF!!""},{""trait_type"":""Class"",""value"":""Rare""},{""trait_type"":""Clothing"",""value"":""Trump Suit""},{""trait_type"":""Wings"",""value"":""Demon Wings""}]"
87,2949325,0xcdf09a316d84d46606a2ce85841ae065974bd2b413ba5036bf91ea4335133a56,"[{""trait_type"":""Background"",""value"":""Ethscriptions Green""},{""trait_type"":""Hair"",""value"":""Clark Kent""},{""trait_type"":""Eyes"",""value"":""Bugged out""},{""trait_type"":""Mouth"",""value"":""Cigar""},{""trait_type"":""Accessory"",""value"":""Film Camera""},{""trait_type"":""Weapon"",""value"":""Wolverine Claws""},{""trait_type"":""Class"",""value"":""Uncommon""},{""trait_type"":""Clothing"",""value"":""Heart T-Shirt""}]"
86,2949298,0x15b0cb2cfb113236a1bb50444b891dc4198b9f5de02cb82caa82d08c13f4666e,"[{""trait_type"":""Background"",""value"":""Grey""},{""trait_type"":""Hair"",""value"":""Long Blue Mohawk""},{""trait_type"":""Eyes"",""value"":""Angry Eyes""},{""trait_type"":""Mouth"",""value"":""Silly Tongue""},{""trait_type"":""Facial Hair"",""value"":""Porn Stache""},{""trait_type"":""Accessory"",""value"":""Pickaxe""},{""trait_type"":""Weapon"",""value"":""Brick""},{""trait_type"":""Class"",""value"":""Uncommon""},{""trait_type"":""Clothing"",""value"":""Denim Jacket""}]"
85,2948913,0xd1d1a00b35c35f93674d3bd375d1888e08ec6f560503da68829e620451a1a58c,"[{""trait_type"":""Background"",""value"":""Light Grey""},{""trait_type"":""Hair"",""value"":""Long Black Wavy""},{""trait_type"":""Eyes"",""value"":""Pink Eyeshadow""},{""trait_type"":""Mouth"",""value"":""Happy""},{""trait_type"":""Necklace"",""value"":""Lady Gold Crucifix""},{""trait_type"":""Accessory"",""value"":""Mushroom""},{""trait_type"":""Weapon"",""value"":""Air Energy""},{""trait_type"":""Class"",""value"":""Uncommon""},{""trait_type"":""Clothing"",""value"":""Little Black Dress""}]"
84,2948861,0xead7c2af6ead0becb0d2eef636505240d1f97d4c0dff93de1bc2f84fed70ef60,"[{""trait_type"":""Background"",""value"":""Orange""},{""trait_type"":""Hat"",""value"":""Blue Beanie""},{""trait_type"":""Eyes"",""value"":""Laser Eyes""},{""trait_type"":""Mouth"",""value"":""Tongue Out""},{""trait_type"":""Necklace"",""value"":""Lady Gold Crucifix""},{""trait_type"":""Accessory"",""value"":""Acoustic Guitar""},{""trait_type"":""Weapon"",""value"":""Electric Energy""},{""trait_type"":""Class"",""value"":""Uncommon""},{""trait_type"":""Clothing"",""value"":""Little Black Dress""}]"
83,2948805,0xc7b3c1b7c484c476370baefb896faea78ae35ffe4bbdd4e3c0888a889507f1af,"[{""trait_type"":""Background"",""value"":""Blue""},{""trait_type"":""Hair"",""value"":""Blue-Pigtails""},{""trait_type"":""Eyes"",""value"":""Rolled Back""},{""trait_type"":""Mouth"",""value"":""Knife""},{""trait_type"":""Necklace"",""value"":""Lady Gold Crucifix""},{""trait_type"":""Accessory"",""value"":""Electric Guitar""},{""trait_type"":""Weapon"",""value"":""Wolverine Claws""},{""trait_type"":""Class"",""value"":""Uncommon""},{""trait_type"":""Clothing"",""value"":""Lady Pirate Outfit""}]"
82,2948780,0x917b83854c78504c4262e4551da244b8df05572db3ded4ef5522588442f92fe6,"[{""trait_type"":""Background"",""value"":""Black""},{""trait_type"":""Hat"",""value"":""Piggy Banksy Ears""},{""trait_type"":""Eyes"",""value"":""Green Eyes""},{""trait_type"":""Mouth"",""value"":""Cigarette Left""},{""trait_type"":""Facial Hair"",""value"":""Bloody Nose""},{""trait_type"":""Accessory"",""value"":""Cactus""},{""trait_type"":""Weapon"",""value"":""Brass Knuckles""},{""trait_type"":""Class"",""value"":""Rare""},{""trait_type"":""Clothing"",""value"":""Suit & Tie""},{""trait_type"":""Wings"",""value"":""Demon Wings""}]"
81,2948724,0xcf371f9f4010c33d549fc9cb8544e33797b386dc692bb1281177731b3a1da825,"[{""trait_type"":""Background"",""value"":""White""},{""trait_type"":""Hair"",""value"":""Long Black Curly""},{""trait_type"":""Eyes"",""value"":""Green Eyes""},{""trait_type"":""Mouth"",""value"":""Knife""},{""trait_type"":""Necklace"",""value"":""Barbed Wire""},{""trait_type"":""Facial Hair"",""value"":""Coke Mustache""},{""trait_type"":""Accessory"",""value"":""Money Bag""},{""trait_type"":""Weapon"",""value"":""Wizard Staff""},{""trait_type"":""Class"",""value"":""Uncommon""},{""trait_type"":""Clothing"",""value"":""Denim Jacket""}]"
80,2948692,0x23dde470aa1f2d19af241828c8eb79f1a87dc3b10470034bb5748a71bb41c348,"[{""trait_type"":""Background"",""value"":""Blue & Red Gradient""},{""trait_type"":""Hair"",""value"":""Long Blonde Wavy""},{""trait_type"":""Eyes"",""value"":""Cyclops""},{""trait_type"":""Mouth"",""value"":""Silly Tongue""},{""trait_type"":""Facial Hair"",""value"":""Soul Patch""},{""trait_type"":""Accessory"",""value"":""White Rabbit""},{""trait_type"":""Weapon"",""value"":""Hacker Laptop""},{""trait_type"":""Class"",""value"":""Rare""},{""trait_type"":""Clothing"",""value"":""Monk Robe""},{""trait_type"":""Wings"",""value"":""Demon Wings""}]"
79,2948596,0xff0960b5d10a8a306ac839e49d2e5c21c6572bae7a2d20c0598093c9651a3c21,"[{""trait_type"":""Background"",""value"":""The Matrix Code""},{""trait_type"":""Hat"",""value"":""Bunny Ears""},{""trait_type"":""Eyes"",""value"":""Blue Eyes""},{""trait_type"":""Mouth"",""value"":""Joint""},{""trait_type"":""Facial Hair"",""value"":""Brown Full Beard""},{""trait_type"":""Accessory"",""value"":""Glowing Vial""},{""trait_type"":""Weapon"",""value"":""Wolverine Claws""},{""trait_type"":""Class"",""value"":""Rare""},{""trait_type"":""Clothing"",""value"":""Bomber Jacket""},{""trait_type"":""Wings"",""value"":""Angel Wings""}]"
78,2948484,0x41540e5f4fa761048d8856d81ab6280c422393b30f2a0a815e1971b90a83fe95,"[{""trait_type"":""Background"",""value"":""Lime Green""},{""trait_type"":""Hair"",""value"":""Long Yellow Mohawk""},{""trait_type"":""Eyes"",""value"":""Black Eyeshadow""},{""trait_type"":""Mouth"",""value"":""Duct Tape""},{""trait_type"":""Necklace"",""value"":""Gold Chain""},{""trait_type"":""Facial Hair"",""value"":""Soul Patch""},{""trait_type"":""Accessory"",""value"":""Pickaxe""},{""trait_type"":""Weapon"",""value"":""Magic""},{""trait_type"":""Class"",""value"":""Rare""},{""trait_type"":""Clothing"",""value"":""Blue Hoodie""},{""trait_type"":""Wings"",""value"":""Angel Wings""}]"
77,2948468,0x42e7df6ca2940e38f8953bba8141a8f06689e59b8ce4bf6476890116ffe2752e,"[{""trait_type"":""Background"",""value"":""Ethscriptions Green""},{""trait_type"":""Hair"",""value"":""Pink-Pigtails""},{""trait_type"":""Eyes"",""value"":""Aviators""},{""trait_type"":""Mouth"",""value"":""Kissy Face""},{""trait_type"":""Necklace"",""value"":""Lady Gold Crucifix""},{""trait_type"":""Accessory"",""value"":""Ethererum""},{""trait_type"":""Weapon"",""value"":""Bowie Knife""},{""trait_type"":""Class"",""value"":""Rare""},{""trait_type"":""Clothing"",""value"":""#TitsOutForPepe""},{""trait_type"":""Wings"",""value"":""Angel Wings""}]"
76,2948440,0xbc99427bb6ae0a90302d44211fed13318c3e10245184dbc781c5106a9dbbf71f,"[{""trait_type"":""Background"",""value"":""White""},{""trait_type"":""Hair"",""value"":""Long Blue Mohawk""},{""trait_type"":""Eyes"",""value"":""Stoned""},{""trait_type"":""Mouth"",""value"":""Knife""},{""trait_type"":""Necklace"",""value"":""Crystal Necklace""},{""trait_type"":""Facial Hair"",""value"":""Brown Goatee""},{""trait_type"":""Accessory"",""value"":""Electric Guitar""},{""trait_type"":""Weapon"",""value"":""Wisdom""},{""trait_type"":""Class"",""value"":""Uncommon""},{""trait_type"":""Clothing"",""value"":""Naked Pepe""}]"
75,2948409,0xb36f7e90cc31eaa51f877df9b45c8294e89d21e7f1748e99019b0b141fea384d,"[{""trait_type"":""Background"",""value"":""The Matrix Code""},{""trait_type"":""Hair"",""value"":""Long White Wavy""},{""trait_type"":""Eyes"",""value"":""Aviators""},{""trait_type"":""Mouth"",""value"":""Kissy Face""},{""trait_type"":""Accessory"",""value"":""Cannabis Plant""},{""trait_type"":""Weapon"",""value"":""Hacker Laptop""},{""trait_type"":""Class"",""value"":""Rare""},{""trait_type"":""Clothing"",""value"":""Naked Pepe""},{""trait_type"":""Wings"",""value"":""Demon Wings""}]"
74,2948378,0x230873f8a3ac9d30289bc0eeded847bcd252b5413f69020247bfd4e1a4624065,"[{""trait_type"":""Background"",""value"":""The Matrix Code""},{""trait_type"":""Hair"",""value"":""Long Black Wavy""},{""trait_type"":""Eyes"",""value"":""Robot Eyes""},{""trait_type"":""Mouth"",""value"":""Focused""},{""trait_type"":""Facial Hair"",""value"":""Wizard Beard""},{""trait_type"":""Accessory"",""value"":""Acoustic Guitar""},{""trait_type"":""Weapon"",""value"":""Earth Energy""},{""trait_type"":""Class"",""value"":""Rare""},{""trait_type"":""Clothing"",""value"":""Deadpool Outfit""},{""trait_type"":""Wings"",""value"":""Demon Wings""}]"
73,2948278,0x1429a12461f832d30759f663bd7d03f4b0590cf015d2697903d92912900412ab,"[{""trait_type"":""Background"",""value"":""Lime Green""},{""trait_type"":""Hair"",""value"":""Long Black Wavy""},{""trait_type"":""Eyes"",""value"":""Pirate Eyepatch""},{""trait_type"":""Mouth"",""value"":""Knife""},{""trait_type"":""Necklace"",""value"":""Platinum Chain""},{""trait_type"":""Facial Hair"",""value"":""Soul Patch""},{""trait_type"":""Accessory"",""value"":""Diamond Hands""},{""trait_type"":""Weapon"",""value"":""Dynamite Sticks w/ Wristbands""},{""trait_type"":""Class"",""value"":""Uncommon""},{""trait_type"":""Clothing"",""value"":""Tie Die T-Shirt""}]"
72,2948250,0xa098151487c44681194e0f30c3298289cb3b1c83309428411cda7cc1dede988f,"[{""trait_type"":""Background"",""value"":""Light Grey""},{""trait_type"":""Hat"",""value"":""Purple Snapback""},{""trait_type"":""Eyes"",""value"":""Eyes Closed""},{""trait_type"":""Mouth"",""value"":""Kissy Face""},{""trait_type"":""Necklace"",""value"":""Crystal Necklace""},{""trait_type"":""Accessory"",""value"":""Mushroom""},{""trait_type"":""Weapon"",""value"":""FUCK OFF!!""},{""trait_type"":""Class"",""value"":""Uncommon""},{""trait_type"":""Clothing"",""value"":""Navy T-Shirt""}]"
71,2948228,0xdf2673b7ab6c9c0e4378debde8b975aa9a3256e04f1c5b96dad9694eebe0f75b,"[{""trait_type"":""Background"",""value"":""Red""},{""trait_type"":""Hat"",""value"":""Make Memes Great Again Hat""},{""trait_type"":""Eyes"",""value"":""Monacle""},{""trait_type"":""Mouth"",""value"":""Kissy Face""},{""trait_type"":""Necklace"",""value"":""Lady Gold Crucifix""},{""trait_type"":""Accessory"",""value"":""Glowing Vial""},{""trait_type"":""Weapon"",""value"":""Cutlass""},{""trait_type"":""Class"",""value"":""Rare""},{""trait_type"":""Clothing"",""value"":""#TitsOutForPepe""},{""trait_type"":""Wings"",""value"":""Demon Wings""}]"
70,2948190,0x713f969b7a23cf901ec645329618739c947c0de4c523f2e4d285927b50599951,"[{""trait_type"":""Background"",""value"":""Blue""},{""trait_type"":""Hat"",""value"":""Purple Beanie""},{""trait_type"":""Eyes"",""value"":""Ziggy Stardust""},{""trait_type"":""Mouth"",""value"":""Happy""},{""trait_type"":""Accessory"",""value"":""Money Bag""},{""trait_type"":""Weapon"",""value"":""Blunderbuss""},{""trait_type"":""Class"",""value"":""Uncommon""},{""trait_type"":""Clothing"",""value"":""Navy T-Shirt""}]"
69,2427028,0x1b5322387889b940e8c7c9ecb7cb308d8bc3638dc778ec3a7981e9d3097245fd,"[{""trait_type"":""Background"",""value"":""Copper""},{""trait_type"":""Hair"",""value"":""Ziggy Stardust Hair""},{""trait_type"":""Outfit"",""value"":""Ziggy Stardust Jumpsuit""},{""trait_type"":""Eyes"",""value"":""Ziggy Stardust""},{""trait_type"":""Mouth"",""value"":""Excited""},{""trait_type"":""Accessory"",""value"":""Bowie's Blue Guitar""},{""trait_type"":""Weapon"",""value"":""Bowie Knife""},{""trait_type"":""Custom PepePunk"",""value"":""#70""},{""trait_type"":""Class"",""value"":""Epic""},{""trait_type"":""Commissioned by"",""value"":""@AuraDeluxe""}]"
68,2427026,0x4e60a601a9f33b6b31b3ba35a1d8bce3dfff1b491fec41531f1904328d859433,"[{""trait_type"":""Background"",""value"":""Formula 69 Colors""},{""trait_type"":""Hair"",""value"":""Long Curly Black""},{""trait_type"":""Outfit"",""value"":""KISS Outfit""},{""trait_type"":""Eyes"",""value"":""Black Eyeshadow""},{""trait_type"":""Mouth"",""value"":""Tongue Out""},{""trait_type"":""Necklace"",""value"":""Gold Crucifix Chain""},{""trait_type"":""Facial Hair"",""value"":""Black Full Beard""},{""trait_type"":""Accessory"",""value"":""Beer Bottle""},{""trait_type"":""Weapon"",""value"":""Formula 69's Guitar""},{""trait_type"":""Custom PepePunk"",""value"":""#69""},{""trait_type"":""Commissioned by"",""value"":""@FSixtyNine""}]"
67,2427024,0x630a88e1c1dd3bb7e6f9bee38c83f6ccf2b8d8ef9277223fe8ca5404927b6df1,"[{""trait_type"":""Background"",""value"":""Cotton Candy Gradient""},{""trait_type"":""Hat"",""value"":""Purple Beanie""},{""trait_type"":""Outfit"",""value"":""Formal Suit""},{""trait_type"":""Eyes"",""value"":""Blue & Stoned""},{""trait_type"":""Mouth"",""value"":""Pipe""},{""trait_type"":""Necklace"",""value"":""Diamond Necklace""},{""trait_type"":""Facial Hair"",""value"":""Wizard Beard""},{""trait_type"":""Accessory"",""value"":""Grey Cat""},{""trait_type"":""Weapon"",""value"":""Peace""},{""trait_type"":""Custom PepePunk"",""value"":""#68""},{""trait_type"":""Class"",""value"":""Epic""},{""trait_type"":""Commissioned by"",""value"":""@PainWavesBand""}]"
66,2427020,0x2b3281358fe63e6dbd9ce1cb30ac1486ab05242a6afa99b6eb207488a829fc09,"[{""trait_type"":""Background"",""value"":""Matrix Code""},{""trait_type"":""Outfit"",""value"":""Naby Blue T-Shirt""},{""trait_type"":""Eyes"",""value"":""Closed""},{""trait_type"":""Mouth"",""value"":""Sad""},{""trait_type"":""Accessory"",""value"":""Guy Fawkes Mask""},{""trait_type"":""Weapon"",""value"":""Comedy""},{""trait_type"":""Custom PepePunk"",""value"":""#67""},{""trait_type"":""Class"",""value"":""Epic""},{""trait_type"":""Commissioned by"",""value"":""@MandrakeMetal""}]"
65,2427018,0xb574580eea736de3a7c2f545103329ba2b91514490ddc14fe7dc6f96329de9b2,"[{""trait_type"":""Background"",""value"":""Night Sky""},{""trait_type"":""Hat"",""value"":""Crown""},{""trait_type"":""Outfit"",""value"":""Naked Pepe""},{""trait_type"":""Eyes"",""value"":""Angry""},{""trait_type"":""Mouth"",""value"":""Gold Grill""},{""trait_type"":""Necklace"",""value"":""Gold Chain""},{""trait_type"":""Accessory"",""value"":""Money Bag""},{""trait_type"":""Weapon"",""value"":""Lucille""},{""trait_type"":""Custom PepePunk"",""value"":""#66""},{""trait_type"":""Class"",""value"":""Epic""},{""trait_type"":""Commissioned by"",""value"":""@RomeJay 88""}]"
64,2427014,0x5102bc9f5eb9c9f2e63d399ccdad20e44bb2327bcdf0559a0aa0348bc5873e85,"[{""trait_type"":""Background"",""value"":""City""},{""trait_type"":""Hat"",""value"":""Blue Snapback""},{""trait_type"":""Outfit"",""value"":""Naked Pepe""},{""trait_type"":""Eyes"",""value"":""Aviators""},{""trait_type"":""Mouth"",""value"":""Excited""},{""trait_type"":""Accessory"",""value"":""Pizza""},{""trait_type"":""Weapon"",""value"":""Megaman Cannon""},{""trait_type"":""Custom PepePunk"",""value"":""#64""},{""trait_type"":""Class"",""value"":""Epic""},{""trait_type"":""Commissioned by"",""value"":""@PigeonsofNY NFT""}]"
63,2427013,0x7019c6096630c24f5c1799bf6817bf199198e1ad1610be73ab630a3e9a14b11f,"[{""trait_type"":""Background"",""value"":""City""},{""trait_type"":""Hat"",""value"":""Ski Mask""},{""trait_type"":""Outfit"",""value"":""Sweater Vest""},{""trait_type"":""Eyes"",""value"":""Angry""},{""trait_type"":""Mouth"",""value"":""Diamond Grill""},{""trait_type"":""Accessory"",""value"":""Pigeon of NY""},{""trait_type"":""Weapon"",""value"":""Brick""},{""trait_type"":""Custom PepePunk"",""value"":""#64""},{""trait_type"":""Class"",""value"":""Epic""},{""trait_type"":""Commissioned by"",""value"":""@Smartzworld""}]"
62,2427010,0x091afafa01b5ab1d4a2e2cc0478d51c0ab68cc2aa3e71095be4eb5cb418fd139,"[{""trait_type"":""Background"",""value"":""Night Sky""},{""trait_type"":""Hat"",""value"":""Pirate Hat""},{""trait_type"":""Hair"",""value"":""Orange Bandana""},{""trait_type"":""Outfit"",""value"":""Pirate Outfit""},{""trait_type"":""Eyes"",""value"":""Pirate Eyepatch""},{""trait_type"":""Mouth"",""value"":""Gold Grill""},{""trait_type"":""Necklace"",""value"":""Amulet of Pepe""},{""trait_type"":""Facial Hair"",""value"":""Pirate Beard""},{""trait_type"":""Accessory"",""value"":""Parrot""},{""trait_type"":""Weapon"",""value"":""Blunderbuss""},{""trait_type"":""Custom PepePunk"",""value"":""#63""},{""trait_type"":""Class"",""value"":""Epic""},{""trait_type"":""Commissioned by"",""value"":""@bjingos""}]"
61,2427007,0xa0bc7889f6c125e7e8a3be1bf850378f6794f16beff3a247299435ff1aedce25,"[{""trait_type"":""Background"",""value"":""Outer Space""},{""trait_type"":""Hair"",""value"":""Blonde Pigtails""},{""trait_type"":""Outfit"",""value"":""#TitsOutForPepe""},{""trait_type"":""Eyes"",""value"":""Third Eye""},{""trait_type"":""Mouth"",""value"":""Blunt w/ Lipstick""},{""trait_type"":""Accessory"",""value"":""Platypus""},{""trait_type"":""Weapon"",""value"":""Love""},{""trait_type"":""Custom PepePunk"",""value"":""#62""},{""trait_type"":""Class"",""value"":""Epic""},{""trait_type"":""Commissioned by"",""value"":""@Laureen 11_11_""}]"
60,2427003,0xab9b263f5ae139c8666b146fe191bd5482dad593d3315a64da1b0d5a89e39c0a,"[{""trait_type"":""Background"",""value"":""Matrix Code""},{""trait_type"":""Hat"",""value"":""Devil Horns""},{""trait_type"":""Outfit"",""value"":""Deadpool Suit""},{""trait_type"":""Eyes"",""value"":""Deadpool Mask""},{""trait_type"":""Mouth"",""value"":""Constantly Running""},{""trait_type"":""Accessory"",""value"":""Taco Bell""},{""trait_type"":""Weapon"",""value"":""Uzi""},{""trait_type"":""Custom PepePunk"",""value"":""#61""},{""trait_type"":""Class"",""value"":""Epic""},{""trait_type"":""Commissioned by"",""value"":""@Nitric _""}]"
59,2426993,0x762bdb9e5b26675d6151f639169c822471de34d8b5ab99a1b231665fdce239ce,"[{""trait_type"":""Background"",""value"":""Night Sky""},{""trait_type"":""Hat"",""value"":""BobbyZoo TopHat""},{""trait_type"":""Outfit"",""value"":""Guinea Tee""},{""trait_type"":""Eyes"",""value"":""Pit Vipers""},{""trait_type"":""Mouth"",""value"":""Diamond Grill""},{""trait_type"":""Necklace"",""value"":""Diamond Necklace""},{""trait_type"":""Facial Hair"",""value"":""Brown Full Beard""},{""trait_type"":""Accessory"",""value"":""Cigarette""},{""trait_type"":""Weapon"",""value"":""Baseball Bat""},{""trait_type"":""Custom PepePunk"",""value"":""#60""},{""trait_type"":""Class"",""value"":""Epic""},{""trait_type"":""Commissioned by"",""value"":""@BobbyZoo ba""}]"
58,2426975,0x6c021b028cbdb0d8989886c7c5a33e36e7623cfa2531f7aa38fce7feb3bb1cab,"[{""trait_type"":""Background"",""value"":""Ethscriptions Green""},{""trait_type"":""Hat"",""value"":""Tiara""},{""trait_type"":""Hair"",""value"":""Long Brown Wavy""},{""trait_type"":""Outfit"",""value"":""Little Black Dress""},{""trait_type"":""Eyes"",""value"":""Blindfold""},{""trait_type"":""Mouth"",""value"":""Excited""},{""trait_type"":""Necklace"",""value"":""Gold Crucifix Chain""},{""trait_type"":""Accessory"",""value"":""Bunny Rabbit""},{""trait_type"":""Weapon"",""value"":""Love""},{""trait_type"":""Custom PepePunk"",""value"":""#9""},{""trait_type"":""Class"",""value"":""Epic""},{""trait_type"":""Commissioned by"",""value"":""@Star WSB""}]"
57,2426966,0xe2213c869d28f2b115129a204ae259748c8c0b7c1168a76a37c679c3609f97be,"[{""trait_type"":""Background"",""value"":""Matrix Code""},{""trait_type"":""Hat"",""value"":""Punks Hoodie""},{""trait_type"":""Outfit"",""value"":""Wizard Robe""},{""trait_type"":""Eyes"",""value"":""VR Headset""},{""trait_type"":""Mouth"",""value"":""Puking Rainbow""},{""trait_type"":""Facial Hair"",""value"":""Wizard Beard""},{""trait_type"":""Accessory"",""value"":""FUCK OFF!""},{""trait_type"":""Weapon"",""value"":""FUCK OFF!""},{""trait_type"":""Custom PepePunk"",""value"":""#58""},{""trait_type"":""Class"",""value"":""Epic""},{""trait_type"":""Commissioned by"",""value"":""@FB WSB""}]"
56,2426960,0x1d597baefbe4c4c967ff2742ae790c30dc4d9461a637cbcf547677880ab10b25,"[{""trait_type"":""Background"",""value"":""Rainbow Color""},{""trait_type"":""Hat"",""value"":""Punks Hoodie""},{""trait_type"":""Outfit"",""value"":""Sensei Hakama""},{""trait_type"":""Eyes"",""value"":""VR Headset""},{""trait_type"":""Mouth"",""value"":""Excited""},{""trait_type"":""Accessory"",""value"":""MFPurr""},{""trait_type"":""Weapon"",""value"":""Fire Energy""},{""trait_type"":""Custom PepePunk"",""value"":""#57""},{""trait_type"":""Class"",""value"":""Epic""},{""trait_type"":""Commissioned by"",""value"":""@TravisNFTss""}]"
55,2426944,0x28ac6c40fa302aa7c24602e1c48ba9d0b305c291fe04f432082dd8f1cb0ee358,"[{""trait_type"":""Background"",""value"":""Matrix Code""},{""trait_type"":""Hat"",""value"":""Golden Headphones""},{""trait_type"":""Outfit"",""value"":""Gucci Hoodie""},{""trait_type"":""Eyes"",""value"":""X-Ray Glasses""},{""trait_type"":""Mouth"",""value"":""Diamond Grill""},{""trait_type"":""Facial Hair"",""value"":""Coke Mustache""},{""trait_type"":""Accessory"",""value"":""Gold Bricks""},{""trait_type"":""Weapon"",""value"":""Gambit Card""},{""trait_type"":""Custom PepePunk"",""value"":""#56""},{""trait_type"":""Class"",""value"":""Epic""},{""trait_type"":""Commissioned by"",""value"":""@CHICITY NFT""}]"
54,2426793,0x72c4c9aece7b4d4a9905a57cfc5569000620950bab272b7b1f4a7e9c72d3ad69,"[{""trait_type"":""Background"",""value"":""Magic Kingdom""},{""trait_type"":""Hat"",""value"":""Mickey Ears""},{""trait_type"":""Hair"",""value"":""Guido""},{""trait_type"":""Outfit"",""value"":""Walt's Suit""},{""trait_type"":""Eyes"",""value"":""Laser Eyes""},{""trait_type"":""Mouth"",""value"":""Excited""},{""trait_type"":""Accessory"",""value"":""Mickey Plushie""},{""trait_type"":""Weapon"",""value"":""The Sword in the Stone""},{""trait_type"":""Custom PepePunk"",""value"":""#55""},{""trait_type"":""Class"",""value"":""Epic""},{""trait_type"":""Commissioned by"",""value"":""@WaltDisIF""}]"
53,2114169,0xc8cb450cb45262ef733772e05d87cf725a456b255bd0afade5f06d32919a1778,"[{""trait_type"":""Background"",""value"":""Outer Space""},{""trait_type"":""Hair"",""value"":""Guido""},{""trait_type"":""Outfit"",""value"":""Bomber Jacket""},{""trait_type"":""Eyes"",""value"":""Aviators""},{""trait_type"":""Mouth"",""value"":""Excited""},{""trait_type"":""Necklace"",""value"":""Gold Crucifix Chain""},{""trait_type"":""Facial Hair"",""value"":""Bkack""},{""trait_type"":""Accessory"",""value"":""Peace""},{""trait_type"":""Weapon"",""value"":""Love""},{""trait_type"":""Custom PepePunk"",""value"":""#54""},{""trait_type"":""Class"",""value"":""Epic""},{""trait_type"":""Commissioned by"",""value"":""@Era3TV""}]"
52,2114163,0x2fbc04305eb021167c2cf5af347aebfb1d4fe5a676c2deae028ae830f986360e,"[{""trait_type"":""Background"",""value"":""Classroom""},{""trait_type"":""Hat"",""value"":""Graduation Cap""},{""trait_type"":""Outfit"",""value"":""Suit & Bowtie""},{""trait_type"":""Eyes"",""value"":""Nerd Glasses""},{""trait_type"":""Mouth"",""value"":""Excited""},{""trait_type"":""Facial Hair"",""value"":""Goatee""},{""trait_type"":""Accessory"",""value"":""Book""},{""trait_type"":""Weapon"",""value"":""Knowledge""},{""trait_type"":""Custom PepePunk"",""value"":""#53""},{""trait_type"":""Class"",""value"":""Epic""},{""trait_type"":""Commissioned by"",""value"":""@WillTSBUDAO""}]"
51,2114144,0xa7ea7bc498d0099027510a297740b380f0973a2f3d08ae9585baf9a6ec12ae48,"[{""trait_type"":""Background"",""value"":""Outer Space""},{""trait_type"":""Hat"",""value"":""Dennim Cowboy Hat""},{""trait_type"":""Hair"",""value"":""Red Long Hair""},{""trait_type"":""Outfit"",""value"":""#TitsOutForPepe""},{""trait_type"":""Eyes"",""value"":""Heart Eyes""},{""trait_type"":""Mouth"",""value"":""Happy""},{""trait_type"":""Necklace"",""value"":""Diamond Necklace""},{""trait_type"":""Accessory"",""value"":""Golden Microphone""},{""trait_type"":""Weapon"",""value"":""Fire Energy""},{""trait_type"":""Custom PepePunk"",""value"":""#52""},{""trait_type"":""Class"",""value"":""Epic""},{""trait_type"":""Commissioned by"",""value"":""@SDefiPyro""}]"
50,1927233,0xe1ae74954a257111e205c2159a7a6eff5c24ca6bcf475999cd3f1bc072a910f1,"[{""trait_type"":""Background"",""value"":""City""},{""trait_type"":""Hat"",""value"":""MAGA Hat""},{""trait_type"":""Outfit"",""value"":""Trump Suit""},{""trait_type"":""Eyes"",""value"":""Demon""},{""trait_type"":""Mouth"",""value"":""Vampire Fangs""},{""trait_type"":""Accessory"",""value"":""Golden Microphone""},{""trait_type"":""Weapon"",""value"":""Mini-Nuke""},{""trait_type"":""Custom PepePunk"",""value"":""#51""},{""trait_type"":""Class"",""value"":""Epic""},{""trait_type"":""Commissioned by"",""value"":""@SunriseBud1""}]"
49,1927225,0x5c3e5bf78ede766586ed144fb0cb061126c995c6c1d9bb9ce1b7e2c37326c52d,"[{""trait_type"":""Background"",""value"":""Countryside""},{""trait_type"":""Hat"",""value"":""Blue Flipped Brim Hat""},{""trait_type"":""Outfit"",""value"":""Denim Jacket""},{""trait_type"":""Eyes"",""value"":""Aviators""},{""trait_type"":""Mouth"",""value"":""Cigarette""},{""trait_type"":""Accessory"",""value"":""Acoustic Guitar""},{""trait_type"":""Weapon"",""value"":""Earth Energy""},{""trait_type"":""Custom PepePunk"",""value"":""#50""},{""trait_type"":""Class"",""value"":""Epic""},{""trait_type"":""Commissioned by"",""value"":""@JoeRianMusic""}]"
48,1927210,0xcddd36eb1e59c0d2d2952a3548f68014637c76d255d3c169bc5222a432268117,"[{""trait_type"":""Background"",""value"":""Matrix Code""},{""trait_type"":""Hair"",""value"":""Long Black Wavy""},{""trait_type"":""Outfit"",""value"":""Tie-Die Shirt""},{""trait_type"":""Eyes"",""value"":""Stoned""},{""trait_type"":""Mouth"",""value"":""Joint""},{""trait_type"":""Necklace"",""value"":""Mala""},{""trait_type"":""Accessory"",""value"":""Magic Mushroom""},{""trait_type"":""Weapon"",""value"":""FUCK OFF!""},{""trait_type"":""Custom PepePunk"",""value"":""#49""},{""trait_type"":""Class"",""value"":""Epic""},{""trait_type"":""Commissioned by"",""value"":""@DegenDyke""}]"
47,1927201,0xfb0419b2fa4f0828b3ecc6311107de0a2400126be79c796c037f579faef040d4,"[{""trait_type"":""Background"",""value"":""Green""},{""trait_type"":""Hat"",""value"":""Cowboy Hat""},{""trait_type"":""Outfit"",""value"":""Suit & Tie""},{""trait_type"":""Eyes"",""value"":""X Eyes""},{""trait_type"":""Mouth"",""value"":""Gold Grill""},{""trait_type"":""Necklace"",""value"":""Gold Chain""},{""trait_type"":""Facial Hair"",""value"":""Brown Pencil Stache""},{""trait_type"":""Accessory"",""value"":""Parrot""},{""trait_type"":""Weapon"",""value"":""Light Saber""},{""trait_type"":""Custom PepePunk"",""value"":""#48""},{""trait_type"":""Class"",""value"":""Epic""},{""trait_type"":""Commissioned by"",""value"":""@GuzmanMrbryan""}]"
46,1927189,0x5e11806792e6fd33bfc10fd551e57fdc36d0ac68fa61f8d84502ae72b60997e9,"[{""trait_type"":""Background"",""value"":""Yellow""},{""trait_type"":""Hair"",""value"":""Long Yellow Mohawk""},{""trait_type"":""Outfit"",""value"":""Tuxedo""},{""trait_type"":""Eyes"",""value"":""Nouns Noggles""},{""trait_type"":""Mouth"",""value"":""Gold Grill""},{""trait_type"":""Necklace"",""value"":""Gold Chain""},{""trait_type"":""Facial Hair"",""value"":""Brown Goatee""},{""trait_type"":""Accessory"",""value"":""Frog""},{""trait_type"":""Weapon"",""value"":""FUCK OFF!""},{""trait_type"":""Custom PepePunk"",""value"":""#47""},{""trait_type"":""Class"",""value"":""Epic""},{""trait_type"":""Commissioned by"",""value"":""@MrYellow1899""}]"
45,1927167,0x6d37680d5fd65a0559ca96728a8d80a0bbccc9752234ec05ba32ee651311ba84,"[{""trait_type"":""Background"",""value"":""Sunset Gradient""},{""trait_type"":""Hair"",""value"":""Clark Kent""},{""trait_type"":""Outfit"",""value"":""Trump Suit""},{""trait_type"":""Eyes"",""value"":""Aviators""},{""trait_type"":""Mouth"",""value"":""Excited""},{""trait_type"":""Facial Hair"",""value"":""Black Full Beard""},{""trait_type"":""Accessory"",""value"":""Frog""},{""trait_type"":""Weapon"",""value"":""Magic""},{""trait_type"":""Custom PepePunk"",""value"":""#46""},{""trait_type"":""Class"",""value"":""Epic""},{""trait_type"":""Commissioned by"",""value"":""@PylonsXPP""}]"
44,1927160,0x6a8b0ff849871abf74ac613fe64e6cf21d86e48b25da9201caca32150eadcbbc,"[{""trait_type"":""Background"",""value"":""Ethscriptions Green""},{""trait_type"":""Hat"",""value"":""MAGA Hat""},{""trait_type"":""Outfit"",""value"":""Trump Suit""},{""trait_type"":""Eyes"",""value"":""Pit Vipers""},{""trait_type"":""Mouth"",""value"":""Gold Grill""},{""trait_type"":""Necklace"",""value"":""Diamond Necklace""},{""trait_type"":""Facial Hair"",""value"":""Brown Full Beard""},{""trait_type"":""Accessory"",""value"":""Diamond Hands""},{""trait_type"":""Weapon"",""value"":""AK-47""},{""trait_type"":""Custom PepePunk"",""value"":""#45""},{""trait_type"":""Class"",""value"":""Epic""},{""trait_type"":""Commissioned by"",""value"":""@BigHodlsworth""}]"
43,1834679,0x60ec343e53e773a11cd0db1246910aad98d1a949c43cf78b1e549f20572289ea,"[{""trait_type"":""Background"",""value"":""Breaking the Matrix""},{""trait_type"":""Hair"",""value"":""Pink Bun w/ Pencil""},{""trait_type"":""Outfit"",""value"":""#TitsOutForPepe""},{""trait_type"":""Eyes"",""value"":""Closed w/ Open Third Eye""},{""trait_type"":""Mouth"",""value"":""Kissy Lips w/ Cannabis Leaf""},{""trait_type"":""Accessory"",""value"":""Red Pill""},{""trait_type"":""Weapon"",""value"":""Blue Pill""},{""trait_type"":""Custom PepePunk"",""value"":""#44""},{""trait_type"":""Class"",""value"":""Epic""},{""trait_type"":""Commissioned by"",""value"":""@iSpyNASALies""}]"
42,1800521,0x37a7c8120ce5517bee622be2350c0be1ce61b433f41f36e1c61cf9b07a9ac51d,"[{""trait_type"":""Background"",""value"":""Hulk SMASH!!""},{""trait_type"":""Hair"",""value"":""Brown Side-part""},{""trait_type"":""Outfit"",""value"":""Lab Coat""},{""trait_type"":""Eyes"",""value"":""Round Sunglasses""},{""trait_type"":""Mouth"",""value"":""Blunt""},{""trait_type"":""Necklace"",""value"":""Stethoscope""},{""trait_type"":""Facial Hair"",""value"":""Brown Full Beard""},{""trait_type"":""Accessory"",""value"":""Glowing Green Vial""},{""trait_type"":""Weapon"",""value"":""Fist""},{""trait_type"":""Custom PepePunk"",""value"":""#43""},{""trait_type"":""Class"",""value"":""Epic""},{""trait_type"":""Commissioned by"",""value"":""@BadKarma617""}]"
41,1800506,0xf48bd3d4231f718b4cbbd0bce0580e5c96a5d227e6af1c907482f51d7dcdd5af,"[{""trait_type"":""Background"",""value"":""Advice Rainbow""},{""trait_type"":""Hat"",""value"":""Pirate Captain's Hat""},{""trait_type"":""Hair"",""value"":""Long Brown Wavy""},{""trait_type"":""Outfit"",""value"":""Pirate Captain's Outfit""},{""trait_type"":""Eyes"",""value"":""Pirate Eyepatch""},{""trait_type"":""Mouth"",""value"":""Excited w/ Joint""},{""trait_type"":""Necklace"",""value"":""Hidden One Piece""},{""trait_type"":""Facial Hair"",""value"":""Pirate Beard""},{""trait_type"":""Accessory"",""value"":""EthereRum""},{""trait_type"":""Weapon"",""value"":""Cutlass""},{""trait_type"":""Custom PepePunk"",""value"":""#42""},{""trait_type"":""Class"",""value"":""Epic""},{""trait_type"":""Commissioned by"",""value"":""@ExpertAdviceWTF""}]"
40,1800492,0xb3365694f7f2f710fa772c610edbdf59dc596a17d0cff451dad96e060c4eae29,"[{""trait_type"":""Background"",""value"":""Matrix Code""},{""trait_type"":""Hat"",""value"":""Punks Hoodie""},{""trait_type"":""Outfit"",""value"":""Hacker Hoodie""},{""trait_type"":""Eyes"",""value"":""Hacker Glasses""},{""trait_type"":""Mouth"",""value"":""Pepe Smirk""},{""trait_type"":""Necklace"",""value"":""Diamond Necklace""},{""trait_type"":""Facial Hair"",""value"":""Coke Mustache""},{""trait_type"":""Accessory"",""value"":""Bitcoin""},{""trait_type"":""Weapon"",""value"":""Hacker Laptop""},{""trait_type"":""Custom PepePunk"",""value"":""#41""},{""trait_type"":""Class"",""value"":""Epic""},{""trait_type"":""Commissioned by"",""value"":""@Dreckskind ""}]"
39,1800469,0x2a22dca826bebc0b4720f1056a2764628ba93bc13fe109af215658045d82f01e,"[{""trait_type"":""Background"",""value"":""Black""},{""trait_type"":""Hat"",""value"":""Devil Horns""},{""trait_type"":""Outfit"",""value"":""Naked Pepe""},{""trait_type"":""Eyes"",""value"":""3D Glasses""},{""trait_type"":""Mouth"",""value"":""Diamond Grill""},{""trait_type"":""Facial Hair"",""value"":""Fu Manchu""},{""trait_type"":""Accessory"",""value"":""Wrench""},{""trait_type"":""Weapon"",""value"":""Brass Knuckles""},{""trait_type"":""Custom PepePunk"",""value"":""#40""},{""trait_type"":""Class"",""value"":""Epic""},{""trait_type"":""Commissioned by"",""value"":""@DeBlaze0x""}]"
38,1800457,0x3a2538f21db086a717a339358a54fb3ca188edd36ffbc20c6319b2a8770200a1,"[{""trait_type"":""Background"",""value"":""Countryside""},{""trait_type"":""Hat"",""value"":""Arborist Helmet""},{""trait_type"":""Outfit"",""value"":""Blue Hoodie""},{""trait_type"":""Eyes"",""value"":""Mesh Helmet Visor""},{""trait_type"":""Mouth"",""value"":""Joint""},{""trait_type"":""Necklace"",""value"":""Gold Chain""},{""trait_type"":""Accessory"",""value"":""Cannabis Plant""},{""trait_type"":""Weapon"",""value"":""Chainsaw""},{""trait_type"":""Custom PepePunk"",""value"":""#39""},{""trait_type"":""Class"",""value"":""Epic""},{""trait_type"":""Commissioned by"",""value"":""@phunkn1""}]"
37,1800424,0x39bc53319cb77837323c78253e1a29777bd4347f1ab139b0590467a092a6a523,"[{""trait_type"":""Background"",""value"":""Outer Space""},{""trait_type"":""Hat"",""value"":""Miner Helmet""},{""trait_type"":""Outfit"",""value"":""Lab Coat""},{""trait_type"":""Eyes"",""value"":""Aviators""},{""trait_type"":""Mouth"",""value"":""Joker Smile""},{""trait_type"":""Necklace"",""value"":""Gold Chain""},{""trait_type"":""Accessory"",""value"":""Pickaxe""},{""trait_type"":""Weapon"",""value"":""Flamethrower""},{""trait_type"":""Custom PepePunk"",""value"":""#38""},{""trait_type"":""Class"",""value"":""Epic""},{""trait_type"":""Commissioned by"",""value"":""@Web3pioneer""}]"
36,1526620,0x11d1654cc12588052b30f96adc71212486f8f25b2dd973a812c620f8f9ccf432,"[{""trait_type"":""Background"",""value"":""Cloudy Sky""},{""trait_type"":""Hat"",""value"":""WusGood.eth Hat""},{""trait_type"":""Outfit"",""value"":""Blue Hoodie""},{""trait_type"":""Eyes"",""value"":""Tyson Face Tattoo""},{""trait_type"":""Mouth"",""value"":""Diamond Grill""},{""trait_type"":""Necklace"",""value"":""Gold Chain""},{""trait_type"":""Accessory"",""value"":""Pigeon""},{""trait_type"":""Weapon"",""value"":""FUCK OFF!""},{""trait_type"":""Custom PepePunk"",""value"":""#37""},{""trait_type"":""Class"",""value"":""Epic""},{""trait_type"":""Commissioned by"",""value"":""@WusGood eth""}]"
35,1486569,0x263e40e7f13ee7bbef7560bc60592a495442f2c38ea2dcd442f2d95ab368029d,"[{""trait_type"":""Background"",""value"":""Ethscriptions Green""},{""trait_type"":""Hat"",""value"":""Cowboy Hat""},{""trait_type"":""Outfit"",""value"":""Overalls""},{""trait_type"":""Eyes"",""value"":""Stoned""},{""trait_type"":""Mouth"",""value"":""Diamond Grill""},{""trait_type"":""Necklace"",""value"":""Barbed Wire""},{""trait_type"":""Accessory"",""value"":""Joint""},{""trait_type"":""Weapon"",""value"":""AK-47""},{""trait_type"":""Custom PepePunk"",""value"":""#36""},{""trait_type"":""Class"",""value"":""Epic""},{""trait_type"":""Commissioned by"",""value"":""@EWildn""}]"
34,1486552,0xa95c599a55bb23de8214daeded2e30f8096e4a66a485d0e63c38b137a45a51a7,"[{""trait_type"":""Background"",""value"":""City""},{""trait_type"":""Hat"",""value"":""Blue Snapback""},{""trait_type"":""Outfit"",""value"":""Suit & Blue Tie""},{""trait_type"":""Eyes"",""value"":""Leo Eyemask""},{""trait_type"":""Mouth"",""value"":""Focused""},{""trait_type"":""Necklace"",""value"":""Gold Chain""},{""trait_type"":""Facial Hair"",""value"":""Brown Full Beard""},{""trait_type"":""Accessory"",""value"":""Cell Phone""},{""trait_type"":""Weapon"",""value"":""Buster Sword""},{""trait_type"":""Custom PepePunk"",""value"":""#35""},{""trait_type"":""Class"",""value"":""Epic""},{""trait_type"":""Commissioned by"",""value"":""@IrishDave ""}]"
33,1476832,0x96c1ae2c3bec7481b65860ef2e7d0245f8f31f060625c2feb3a82b63f57ef641,"[{""trait_type"":""Background"",""value"":""Countryside""},{""trait_type"":""Hat"",""value"":""Golden Laurel Wreath""},{""trait_type"":""Outfit"",""value"":""Lab Coat""},{""trait_type"":""Eyes"",""value"":""Green Eyes""},{""trait_type"":""Mouth"",""value"":""Knife in Teeth""},{""trait_type"":""Necklace"",""value"":""Gold Chain w/ Ledger""},{""trait_type"":""Facial Hair"",""value"":""Fu Manchu""},{""trait_type"":""Accessory"",""value"":""Frog""},{""trait_type"":""Weapon"",""value"":""Retractable Claws""},{""trait_type"":""Custom PepePunk"",""value"":""#34""},{""trait_type"":""Class"",""value"":""Epic""},{""trait_type"":""Commissioned by"",""value"":""@zolozeth""}]"
32,1476815,0x8156b07e3c646422b7fe7c71445c88ab5aca73e60262442ca8ae579460b23bd5,"[{""trait_type"":""Background"",""value"":""Purple""},{""trait_type"":""Hair"",""value"":""Long Purple Mohawk""},{""trait_type"":""Outfit"",""value"":""Sensei Hakama""},{""trait_type"":""Eyes"",""value"":""Snake Eyes""},{""trait_type"":""Mouth"",""value"":""Joker Smile""},{""trait_type"":""Necklace"",""value"":""Buddhist Mala""},{""trait_type"":""Facial Hair"",""value"":""Fu Manchu""},{""trait_type"":""Accessory"",""value"":""Joint""},{""trait_type"":""Weapon"",""value"":""Electric Energy""},{""trait_type"":""Custom PepePunk"",""value"":""#33""},{""trait_type"":""Class"",""value"":""Epic""},{""trait_type"":""Commissioned by"",""value"":""@phoenixvrxbt""}]"
31,1429226,0x4666c45743f524a117c5f1dceb1612669c290f42e5a9563225166f0c4b16b52b,"[{""trait_type"":""Background"",""value"":""Violet""},{""trait_type"":""Hat"",""value"":""Orange Beanie""},{""trait_type"":""Hair"",""value"":""Christiano Flow""},{""trait_type"":""Outfit"",""value"":""Christiano's Stage Outfit""},{""trait_type"":""Eyes"",""value"":""Anime Eyes""},{""trait_type"":""Mouth"",""value"":""Excited""},{""trait_type"":""Necklace"",""value"":""Gold Crucifix Chain""},{""trait_type"":""Facial Hair"",""value"":""Christiano Beard""},{""trait_type"":""Accessory"",""value"":""Drumsticks""},{""trait_type"":""Weapon"",""value"":""TNT Sticks""},{""trait_type"":""Custom PepePunk"",""value"":""#32""},{""trait_type"":""Class"",""value"":""Epic""},{""trait_type"":""Commissioned by"",""value"":""@StayT00NED""}]"
30,1429186,0xa0b0d733683381e233c4d0d3463095d8e6ef35872bcd1f989a7891e148a8c5b2,"[{""trait_type"":""Background"",""value"":""Cotton Candy Gradient""},{""trait_type"":""Hat"",""value"":""Cat Hood""},{""trait_type"":""Outfit"",""value"":""Spacesuit""},{""trait_type"":""Eyes"",""value"":""Cat Eyes""},{""trait_type"":""Mouth"",""value"":""Kissy Lips""},{""trait_type"":""Necklace"",""value"":""Pearl Necklace""},{""trait_type"":""Accessory"",""value"":""Poppy""},{""trait_type"":""Weapon"",""value"":""Peace""},{""trait_type"":""Custom PepePunk"",""value"":""#31""},{""trait_type"":""Class"",""value"":""Epic""},{""trait_type"":""Commissioned by"",""value"":""@Nifftycat""}]"
29,1429154,0x0a2b6be3b9fb89d2c62c85ca309f897da056f52ffb3d216bd2ba38434d9dc53f,"[{""trait_type"":""Background"",""value"":""City""},{""trait_type"":""Hat"",""value"":""Black & Red Snapback""},{""trait_type"":""Outfit"",""value"":""Suit & Tie""},{""trait_type"":""Eyes"",""value"":""Terminator Eye""},{""trait_type"":""Mouth"",""value"":""Diamond Grill""},{""trait_type"":""Necklace"",""value"":""Diamond Necklace""},{""trait_type"":""Facial Hair"",""value"":""Brown Full Beard""},{""trait_type"":""Accessory"",""value"":""Golden Microphone""},{""trait_type"":""Weapon"",""value"":""Liquid Metal Blade""},{""trait_type"":""Custom PepePunk"",""value"":""#30""},{""trait_type"":""Class"",""value"":""Epic""},{""trait_type"":""Commissioned by"",""value"":""@Joseuvelez""}]"
28,1429099,0x520054abc3c40b2dabb9f42207ae3b9f3d317d29c2622b387b30bde3e7014121,"[{""trait_type"":""Background"",""value"":""Mushroom Field""},{""trait_type"":""Hat"",""value"":""Blue Beanie""},{""trait_type"":""Outfit"",""value"":""Naked Pepe""},{""trait_type"":""Eyes"",""value"":""3D Glasses""},{""trait_type"":""Mouth"",""value"":""Duct Tape""},{""trait_type"":""Necklace"",""value"":""Gold Crucifix Chain""},{""trait_type"":""Facial Hair"",""value"":""Brown Goatee""},{""trait_type"":""Accessory"",""value"":""Bunny Rabbit""},{""trait_type"":""Weapon"",""value"":""Fire Energy""},{""trait_type"":""Custom PepePunk"",""value"":""#29""},{""trait_type"":""Class"",""value"":""Epic""},{""trait_type"":""Commissioned by"",""value"":""@Nftlicker23""}]"
27,1393604,0x62f5c59f0a074f4660b4fd3a23ef0e7dc93a06762576f0988e973a72ece51437,"[{""trait_type"":""Background"",""value"":""Cloudy Sky""},{""trait_type"":""Hat"",""value"":""Punks Hoodie""},{""trait_type"":""Outfit"",""value"":""Suit & Tie""},{""trait_type"":""Eyes"",""value"":""Stoned""},{""trait_type"":""Mouth"",""value"":""Bored""},{""trait_type"":""Necklace"",""value"":""Gold Chain""},{""trait_type"":""Accessory"",""value"":""Joint""},{""trait_type"":""Weapon"",""value"":""Uzi""},{""trait_type"":""Custom PepePunk"",""value"":""#28""},{""trait_type"":""Class"",""value"":""Epic""},{""trait_type"":""Commissioned by"",""value"":""@SkazOne""}]"
26,1393573,0xc2b5bf380f9167dd0103888475c958dc6248ae491021835cf84da1b21249596b,"[{""trait_type"":""Background"",""value"":""Orange""},{""trait_type"":""Hat"",""value"":""Crown""},{""trait_type"":""Outfit"",""value"":""Naked Pepe""},{""trait_type"":""Eyes"",""value"":""8-Ball Eyes""},{""trait_type"":""Mouth"",""value"":""Joker Laugh""},{""trait_type"":""Necklace"",""value"":""Gold Chain""},{""trait_type"":""Accessory"",""value"":""Gold Bricks""},{""trait_type"":""Weapon"",""value"":""Fire Energy""},{""trait_type"":""Custom PepePunk"",""value"":""#27""},{""trait_type"":""Class"",""value"":""Epic""},{""trait_type"":""Commissioned by"",""value"":""@ltjyaussie""},{""trait_type"":""Wings"",""value"":""Angel Wings""}]"
25,1393569,0xbac82f54d98a29d6b10e33e1a78fd9ceb588ea7fb75ced415b2a5f325a382b5e,"[{""trait_type"":""Background"",""value"":""Rainbow Field""},{""trait_type"":""Hat"",""value"":""Mariachi""},{""trait_type"":""Outfit"",""value"":""Orange T-Shirt w/ Hairy Chest""},{""trait_type"":""Eyes"",""value"":""Cat Eyes""},{""trait_type"":""Mouth"",""value"":""Blunt""},{""trait_type"":""Necklace"",""value"":""Diamond Necklace""},{""trait_type"":""Accessory"",""value"":""Gold Bricks""},{""trait_type"":""Weapon"",""value"":""Uzi""},{""trait_type"":""Custom PepePunk"",""value"":""#26""},{""trait_type"":""Class"",""value"":""Epic""},{""trait_type"":""Commissioned by"",""value"":""@aft3rpartyeth ""}]"
24,1393564,0x333054a0d1c2f6651c58c39d807982b0f34b08bb99994aec402eafddf361dc96,"[{""trait_type"":""Background"",""value"":""Outer Space""},{""trait_type"":""Hat"",""value"":""Crown""},{""trait_type"":""Outfit"",""value"":""Spacesuit""},{""trait_type"":""Eyes"",""value"":""Closed w/ Open Third Eye""},{""trait_type"":""Mouth"",""value"":""Diamond Grill""},{""trait_type"":""Necklace"",""value"":""Platinum Chain""},{""trait_type"":""Facial Hair"",""value"":""Fu Manchu""},{""trait_type"":""Accessory"",""value"":""Diamond Hands""},{""trait_type"":""Weapon"",""value"":""Electric Energy""},{""trait_type"":""Custom PepePunk"",""value"":""#25""},{""trait_type"":""Class"",""value"":""Epic""},{""trait_type"":""Commissioned by"",""value"":""@Kingbigben0001""}]"
23,1384525,0x26f5fd6c9068ed606f6a0f29d2390ec800a89a41f4e34014a56b96d3ec18577f,"[{""trait_type"":""Background"",""value"":""Orange""},{""trait_type"":""Hat"",""value"":""Cowboy Hat""},{""trait_type"":""Outfit"",""value"":""Trump Suit""},{""trait_type"":""Eyes"",""value"":""Aviators""},{""trait_type"":""Mouth"",""value"":""Cigar""},{""trait_type"":""Necklace"",""value"":""Gold Crucifix Chain""},{""trait_type"":""Facial Hair"",""value"":""Brown Full Beard""},{""trait_type"":""Accessory"",""value"":""Cigar""},{""trait_type"":""Weapon"",""value"":""Shotgun""},{""trait_type"":""Custom PepePunk"",""value"":""#24""},{""trait_type"":""Class"",""value"":""Epic""},{""trait_type"":""Commissioned by"",""value"":""@DrewRoberts""}]"
22,1384524,0x5c6dcd8a657fa98c48c420e725302f745c06aae169556fb63f9f48fe797fb8e4,"[{""trait_type"":""Background"",""value"":""Outer Space""},{""trait_type"":""Hat"",""value"":""Space Helmet""},{""trait_type"":""Outfit"",""value"":""Lab Coat""},{""trait_type"":""Eyes"",""value"":""Stoned""},{""trait_type"":""Mouth"",""value"":""Joint""},{""trait_type"":""Necklace"",""value"":""Gold Crucifix Chain""},{""trait_type"":""Accessory"",""value"":""Cannabis Plant""},{""trait_type"":""Weapon"",""value"":""Jedi Lightsaber""},{""trait_type"":""Custom PepePunk"",""value"":""#23""},{""trait_type"":""Class"",""value"":""Epic""},{""trait_type"":""Commissioned by"",""value"":""@HoneycombEmpire""}]"
21,1384518,0xdc329c32e2dc37653ba107a4b934797c2e2067e7531fab8dfa820ea717dfef4e,"[{""trait_type"":""Background"",""value"":""Burning City""},{""trait_type"":""Hat"",""value"":""Fedora""},{""trait_type"":""Outfit"",""value"":""Trump Suit""},{""trait_type"":""Eyes"",""value"":""Terminator Eye""},{""trait_type"":""Mouth"",""value"":""Mouthguard""},{""trait_type"":""Facial Hair"",""value"":""X Soul Patch""},{""trait_type"":""Accessory"",""value"":""Bloody Hitlist""},{""trait_type"":""Weapon"",""value"":""Para-Ordnance P18 1911 pistol w/ suppressor""},{""trait_type"":""Custom PepePunk"",""value"":""#22""},{""trait_type"":""Class"",""value"":""Epic""},{""trait_type"":""Commissioned by"",""value"":""@HitmanXpress""}]"
20,1369007,0xc9505ba1f87ceb0b3cceebab1dc2cc93954f147f21c778c396f496362662a827,"[{""trait_type"":""Background"",""value"":""Outer Space""},{""trait_type"":""Hat"",""value"":""Space Helmet""},{""trait_type"":""Hair"",""value"":""Mad Scientist""},{""trait_type"":""Outfit"",""value"":""Spacesuit""},{""trait_type"":""Eyes"",""value"":""Stoned""},{""trait_type"":""Mouth"",""value"":""Blunt""},{""trait_type"":""Necklace"",""value"":""Gold Chain""},{""trait_type"":""Facial Hair"",""value"":""Pirate Beard""},{""trait_type"":""Accessory"",""value"":""Diamond Hands""},{""trait_type"":""Weapon"",""value"":""Peace""},{""trait_type"":""Custom PepePunk"",""value"":""#21""},{""trait_type"":""Class"",""value"":""Epic""},{""trait_type"":""Commissioned by"",""value"":""@fciscol7""}]"
19,1369005,0x611f2b61d097f28b1a44477716c03776d73694899651e571802ed5734cb9a609,"[{""trait_type"":""Background"",""value"":""Grey""},{""trait_type"":""Hat"",""value"":""Punks Hoodie""},{""trait_type"":""Outfit"",""value"":""Tuxedo""},{""trait_type"":""Eyes"",""value"":""Terminator Eye""},{""trait_type"":""Mouth"",""value"":""Joker Smile""},{""trait_type"":""Necklace"",""value"":""Gold Chain""},{""trait_type"":""Accessory"",""value"":""Gold Bricks""},{""trait_type"":""Weapon"",""value"":""Electric Energy""},{""trait_type"":""Custom PepePunk"",""value"":""#20""},{""trait_type"":""Class"",""value"":""Epic""},{""trait_type"":""Commissioned by"",""value"":""@KingPepeETH""}]"
18,1369003,0x61e80ab33e49f742d4d2e80c71eace6250fe7536ca61844e62b1ae092aa6c47b,"[{""trait_type"":""Background"",""value"":""Parting Clouds""},{""trait_type"":""Hat"",""value"":""Sun Halo""},{""trait_type"":""Hair"",""value"":""Long Brown Wavy""},{""trait_type"":""Outfit"",""value"":""Tuxedo""},{""trait_type"":""Eyes"",""value"":""Pit Vipers""},{""trait_type"":""Mouth"",""value"":""Green Blunt""},{""trait_type"":""Facial Hair"",""value"":""Brown Full Beard""},{""trait_type"":""Accessory"",""value"":""DJ Turntables""},{""trait_type"":""Weapon"",""value"":""Electric Energy""},{""trait_type"":""Custom PepePunk"",""value"":""#19""},{""trait_type"":""Class"",""value"":""Epic""},{""trait_type"":""Commissioned by"",""value"":""@MrPepeWorldwide""},{""trait_type"":""Wings"",""value"":""Angel Wings""}]"
17,1345135,0x95783ab92ff2797cde412587d4b6b2f36bc68d6daa9c3ab6172938149f4fe4b0,"[{""trait_type"":""Background"",""value"":""Pondx Spawn Lab""},{""trait_type"":""Hair"",""value"":""Purple Spikey""},{""trait_type"":""Outfit"",""value"":""Lab Coat""},{""trait_type"":""Eyes"",""value"":""Stoned""},{""trait_type"":""Mouth"",""value"":""Joker Smile""},{""trait_type"":""Accessory"",""value"":""Joint""},{""trait_type"":""Weapon"",""value"":""Purple Lightsaber""},{""trait_type"":""Custom PepePunk"",""value"":""#18""},{""trait_type"":""Class"",""value"":""Epic""},{""trait_type"":""Commissioned by"",""value"":""@RudeApeRizzo""}]"
16,1345128,0x961c2b11017bc08114c0cf8bbfb4abf9a6691436fdbae2131164f36c76416874,"[{""trait_type"":""Background"",""value"":""Black""},{""trait_type"":""Hat"",""value"":""Headphones""},{""trait_type"":""Hair"",""value"":""Airbender Tattoo""},{""trait_type"":""Outfit"",""value"":""Naked Pepe""},{""trait_type"":""Eyes"",""value"":""Closed""},{""trait_type"":""Mouth"",""value"":""Excited""},{""trait_type"":""Necklace"",""value"":""Crystal Necklace""},{""trait_type"":""Facial Hair"",""value"":""Pirate Beard""},{""trait_type"":""Accessory"",""value"":""Drumsticks""},{""trait_type"":""Weapon"",""value"":""Fire Energy""},{""trait_type"":""Custom PepePunk"",""value"":""#17""},{""trait_type"":""Class"",""value"":""Epic""},{""trait_type"":""Commissioned by"",""value"":""@DCM CALMA""},{""trait_type"":""Wings"",""value"":""Demon Wings""}]"
15,1344780,0x2f7b2f33c673c0b36e1b2f99be376fb473bec5694052a0fc9c13e14fed0791c5,"[{""trait_type"":""Background"",""value"":""Rainbow Field""},{""trait_type"":""Hair"",""value"":""Afro""},{""trait_type"":""Outfit"",""value"":""Naked Pepe""},{""trait_type"":""Eyes"",""value"":""X-Ray Glasses""},{""trait_type"":""Mouth"",""value"":""Joint""},{""trait_type"":""Necklace"",""value"":""Crystal Necklace""},{""trait_type"":""Accessory"",""value"":""Joint""},{""trait_type"":""Weapon"",""value"":""Fire Energy""},{""trait_type"":""Custom PepePunk"",""value"":""#16""},{""trait_type"":""Class"",""value"":""Epic""},{""trait_type"":""Commissioned by"",""value"":""@ChristopherRao6""}]"
14,1344642,0x6099a2310902365b8b77e2e1ccbb9d8a5ae080e2d1e9fffe5a3f01e2bf667e2e,"[{""trait_type"":""Background"",""value"":""Matrix Code""},{""trait_type"":""Hat"",""value"":""Praying Mantis""},{""trait_type"":""Hair"",""value"":""Short Brown Mohawk""},{""trait_type"":""Outfit"",""value"":""Cannabis T-Shirt""},{""trait_type"":""Eyes"",""value"":""Blue Eyes""},{""trait_type"":""Mouth"",""value"":""Joint""},{""trait_type"":""Facial Hair"",""value"":""Chinbeard""},{""trait_type"":""Accessory"",""value"":""Acoustic Guitar""},{""trait_type"":""Weapon"",""value"":""Baseball Bat""},{""trait_type"":""Custom PepePunk"",""value"":""#15""},{""trait_type"":""Class"",""value"":""Epic""},{""trait_type"":""Commissioned by"",""value"":""@Donald Dacc""}]"
13,1341785,0xd2d98bb996090c652ea40a67bd557ca497b1a85b3d2db3bb57407a1ff93233a4,"[{""trait_type"":""Background"",""value"":""City""},{""trait_type"":""Hair"",""value"":""Cornrows""},{""trait_type"":""Outfit"",""value"":""Lab Coat""},{""trait_type"":""Eyes"",""value"":""Diamond Eyes""},{""trait_type"":""Mouth"",""value"":""Blunt""},{""trait_type"":""Necklace"",""value"":""Gold Crucifix Chain""},{""trait_type"":""Accessory"",""value"":""Golden Microphone""},{""trait_type"":""Weapon"",""value"":""Megaman Cannon""},{""trait_type"":""Custom PepePunk"",""value"":""#14""},{""trait_type"":""Class"",""value"":""Epic""},{""trait_type"":""Commissioned by"",""value"":""@BalloutCrypto""}]"
12,1290647,0x671b194beb04d75cbc2eb95f41ce255b7f572276becc8adf9d1b25595ed690e1,"[{""trait_type"":""Background"",""value"":""Ethscriptions Green""},{""trait_type"":""Hat"",""value"":""Punks Hoodie""},{""trait_type"":""Outfit"",""value"":""Spacesuit""},{""trait_type"":""Eyes"",""value"":""Stoned""},{""trait_type"":""Mouth"",""value"":""Focused""},{""trait_type"":""Accessory"",""value"":""Joint""},{""trait_type"":""Weapon"",""value"":""Knowledge""},{""trait_type"":""Custom PepePunk"",""value"":""#13""},{""trait_type"":""Class"",""value"":""Epic""},{""trait_type"":""Commissioned by"",""value"":""@KushtheLimits""}]"
11,1290500,0x1b0c3a7102f5922180ad8d7feb7caadb3c24322be42579091edf556600539327,"[{""trait_type"":""Background"",""value"":""White""},{""trait_type"":""Hat"",""value"":""Space Helmet""},{""trait_type"":""Outfit"",""value"":""Naked Pepe""},{""trait_type"":""Eyes"",""value"":""Stoned""},{""trait_type"":""Mouth"",""value"":""Green Blunt""},{""trait_type"":""Necklace"",""value"":""Dice Necklace""},{""trait_type"":""Accessory"",""value"":""Jigsaw Puzzle Piece""},{""trait_type"":""Weapon"",""value"":""Hatchet""},{""trait_type"":""Custom PepePunk"",""value"":""#12""},{""trait_type"":""Class"",""value"":""Epic""},{""trait_type"":""Commissioned by"",""value"":""@JigsawGeneral""}]"
10,1278959,0x6ff5ad29eb90b712b149807b98fb3d26a0fdde725de529bb28b5b91533e7cac6,"[{""trait_type"":""Background"",""value"":""Cannabis Farm""},{""trait_type"":""Hat"",""value"":""Blue Snapback""},{""trait_type"":""Outfit"",""value"":""Heart T-Shirt""},{""trait_type"":""Eyes"",""value"":""Stoned""},{""trait_type"":""Mouth"",""value"":""Diamond Grill""},{""trait_type"":""Necklace"",""value"":""Diamond Necklace""},{""trait_type"":""Facial Hair"",""value"":""Brown Goatee""},{""trait_type"":""Accessory"",""value"":""Joint""},{""trait_type"":""Weapon"",""value"":""Fire Energy""},{""trait_type"":""Custom PepePunk"",""value"":""#11""},{""trait_type"":""Class"",""value"":""Epic""},{""trait_type"":""Commissioned by"",""value"":""@Miggs929rr""}]"
9,1276827,0x3f2f8e32a479bace059cf0d318f37e31acffaba496029cedf199d49d2cc4b6c2,"[{""trait_type"":""Background"",""value"":""Outer Space""},{""trait_type"":""Hair"",""value"":""Cornrows""},{""trait_type"":""Outfit"",""value"":""Trump Suit""},{""trait_type"":""Eyes"",""value"":""Third Eye""},{""trait_type"":""Mouth"",""value"":""Blunt""},{""trait_type"":""Necklace"",""value"":""Diamond Necklace""},{""trait_type"":""Facial Hair"",""value"":""Black Full Beard""},{""trait_type"":""Accessory"",""value"":""Golden Microphone""},{""trait_type"":""Weapon"",""value"":""Electric Energy""},{""trait_type"":""Custom PepePunk"",""value"":""#10""},{""trait_type"":""Class"",""value"":""Epic""},{""trait_type"":""Commissioned by"",""value"":""@RasanNunes""}]"
8,1276675,0xb7974d629196309921c74b4622b84db6253fbb31fcbc12c3eeddada04d56fe87,"[{""trait_type"":""Background"",""value"":""Cloudy Sky""},{""trait_type"":""Hat"",""value"":""Halo""},{""trait_type"":""Outfit"",""value"":""Naked Pepe""},{""trait_type"":""Eyes"",""value"":""Heart Glasses""},{""trait_type"":""Mouth"",""value"":""Diamond Grill""},{""trait_type"":""Necklace"",""value"":""Diamond Necklace""},{""trait_type"":""Accessory"",""value"":""Diamond Hands""},{""trait_type"":""Weapon"",""value"":""Peace""},{""trait_type"":""Custom PepePunk"",""value"":""#9""},{""trait_type"":""Class"",""value"":""Epic""},{""trait_type"":""Commissioned by"",""value"":""@NessytheRilla""},{""trait_type"":""Wings"",""value"":""Angel Wings""}]"
7,1273706,0x225841f13ce8767c020826ddefcfa77d4a38b03a600512d61d8c946129b0ae1a,"[{""trait_type"":""Background"",""value"":""Dragon Siege""},{""trait_type"":""Hair"",""value"":""Afro""},{""trait_type"":""Outfit"",""value"":""Tuxedo""},{""trait_type"":""Eyes"",""value"":""Welding Goggles""},{""trait_type"":""Mouth"",""value"":""Joint""},{""trait_type"":""Necklace"",""value"":""Gold Crucifix Chain""},{""trait_type"":""Facial Hair"",""value"":""Black Full Beard""},{""trait_type"":""Accessory"",""value"":""Snuggle Buddy""},{""trait_type"":""Weapon"",""value"":""Electric Energy""},{""trait_type"":""Custom PepePunk"",""value"":""#8""},{""trait_type"":""Class"",""value"":""Epic""},{""trait_type"":""Commissioned by"",""value"":""@Titan88088""}]"
6,1273691,0xf83c6bbdb25b33f878033213e86050fce9c8e64e90e1c5e8b05844be3807030f,"[{""trait_type"":""Background"",""value"":""Vocal Booth""},{""trait_type"":""Hair"",""value"":""Mad Scientist""},{""trait_type"":""Outfit"",""value"":""Lab Coat""},{""trait_type"":""Eyes"",""value"":""White Out""},{""trait_type"":""Mouth"",""value"":""Diamond Grill""},{""trait_type"":""Necklace"",""value"":""Crystal Necklace""},{""trait_type"":""Accessory"",""value"":""Purple Guitar""},{""trait_type"":""Weapon"",""value"":""Peace""},{""trait_type"":""Custom PepePunk"",""value"":""#7""},{""trait_type"":""Class"",""value"":""Epic""},{""trait_type"":""Commissioned by"",""value"":""@DuncanDunkk""}]"
5,1272783,0x58a998845349b377f1819b56533845cf94c8957ffd357c118a54bf9a3d7a566e,"[{""trait_type"":""Background"",""value"":""Ethscriptions Green""},{""trait_type"":""Hat"",""value"":""MAGA Hat""},{""trait_type"":""Outfit"",""value"":""Trump Suit""},{""trait_type"":""Eyes"",""value"":""Pirate Eyepatch""},{""trait_type"":""Mouth"",""value"":""Gold Grill""},{""trait_type"":""Facial Hair"",""value"":""Coke Mustache""},{""trait_type"":""Accessory"",""value"":""Diamond Hands""},{""trait_type"":""Weapon"",""value"":""Uzi""},{""trait_type"":""Custom PepePunk"",""value"":""#6""},{""trait_type"":""Class"",""value"":""Epic""},{""trait_type"":""Commissioned by"",""value"":""@VonFerrerzzz""}]"
4,1272765,0x30eb4bde804a13ffef12911d777382550bb67ab0843cad368236681e855f38ff,"[{""trait_type"":""Background"",""value"":""Desert""},{""trait_type"":""Hat"",""value"":""Mariachi""},{""trait_type"":""Outfit"",""value"":""Guinea Tee""},{""trait_type"":""Eyes"",""value"":""Stoned""},{""trait_type"":""Mouth"",""value"":""Joint""},{""trait_type"":""Necklace"",""value"":""Diamond Necklace""},{""trait_type"":""Facial Hair"",""value"":""Goatee""},{""trait_type"":""Accessory"",""value"":""Cactus""},{""trait_type"":""Weapon"",""value"":""TNT Sticks""},{""trait_type"":""Custom PepePunk"",""value"":""#5""},{""trait_type"":""Class"",""value"":""Epic""},{""trait_type"":""Commissioned by"",""value"":""@Inspired6910""}]"
3,1272748,0x3fef5ab7504a29e67e6c8514b966ee9d391f0332ff956c9fbf2a8103b136df4e,"[{""trait_type"":""Background"",""value"":""Slate Blue""},{""trait_type"":""Hat"",""value"":""Cat Hood""},{""trait_type"":""Outfit"",""value"":""Naked Pepe""},{""trait_type"":""Eyes"",""value"":""Demon""},{""trait_type"":""Mouth"",""value"":""Rainbow Grill""},{""trait_type"":""Accessory"",""value"":""Keytar""},{""trait_type"":""Weapon"",""value"":""Air Energy""},{""trait_type"":""Custom PepePunk"",""value"":""#5""},{""trait_type"":""Class"",""value"":""Epic""},{""trait_type"":""Commissioned by"",""value"":""@MetaMoshi""}]"
2,1272700,0x0f89ea5e7c9796278a05bb31446449a9116e8d8a09adec2dd1510b5dbf1e962b,"[{""trait_type"":""Background"",""value"":""Ethscriptions Green""},{""trait_type"":""Hat"",""value"":""Piggy Banksy Ears""},{""trait_type"":""Outfit"",""value"":""Pirate Queen""},{""trait_type"":""Eyes"",""value"":""Third Eye""},{""trait_type"":""Mouth"",""value"":""Rainbow Grill""},{""trait_type"":""Necklace"",""value"":""Crystal Necklace""},{""trait_type"":""Accessory"",""value"":""Magic Mushroom""},{""trait_type"":""Weapon"",""value"":""Wizard Staff""},{""trait_type"":""Custom PepePunk"",""value"":""#3""},{""trait_type"":""Class"",""value"":""Epic""},{""trait_type"":""Commissioned by"",""value"":""@ImGodsBeloved""}]"
1,1272672,0xc67bbfd732f53ce9652bd97b37c215bf1f7c93d8575a683b50d9ae575c5e629a,"[{""trait_type"":""Background"",""value"":""Dragon Siege""},{""trait_type"":""Hair"",""value"":""Long Red Mohawk""},{""trait_type"":""Outfit"",""value"":""Suit & Tie""},{""trait_type"":""Eyes"",""value"":""Stoned""},{""trait_type"":""Mouth"",""value"":""Joint""},{""trait_type"":""Necklace"",""value"":""Platinum Chain""},{""trait_type"":""Accessory"",""value"":""Cannabis Plant""},{""trait_type"":""Weapon"",""value"":""Broadsword""},{""trait_type"":""Custom PepePunk"",""value"":""#2""},{""trait_type"":""Class"",""value"":""Epic""},{""trait_type"":""Commissioned by"",""value"":""@AporkALYPSE78""}]"
0,1268656,0x161ab7d2d1cb529651efd2784d7d505456b0682ac2b5d70ec94f136d6beec91a,"[{""trait_type"":""Background"",""value"":""Red & Blue Gradient""},{""trait_type"":""Hat"",""value"":""Purple Snapback""},{""trait_type"":""Hair"",""value"":""Christiano Flow""},{""trait_type"":""Outfit"",""value"":""Christiano's Stage Outfit""},{""trait_type"":""Eyes"",""value"":""Lennon Glasses""},{""trait_type"":""Mouth"",""value"":""Tiano""},{""trait_type"":""Necklace"",""value"":""Gold Crucifix Chain""},{""trait_type"":""Facial Hair"",""value"":""Christiano Beard""},{""trait_type"":""Accessory"",""value"":""Magic Mushroom""},{""trait_type"":""Weapon"",""value"":""Jedi Lightsaber""},{""trait_type"":""Custom PepePunk"",""value"":""#1""},{""trait_type"":""Class"",""value"":""Epic""},{""trait_type"":""Commissioned by"",""value"":""@HeyChristiano""},{""trait_type"":""Guitar"",""value"":""Blondie""}]"
