token_id,ethscription_number,ethscription_id,attributes
1168,5565509,0xe510ba7ff0aa547900414f44447218e194d0e2759bb66202efe2d62acb3e726b,"[{""trait_type"":""Background"",""value"":""green""},{""trait_type"":""Body"",""value"":""Dusty Pink""},{""trait_type"":""Snout"",""value"":""Regular Snout""},{""trait_type"":""Spots"",""value"":""Spots 3""},{""trait_type"":""Tail"",""value"":""Tail 1""},{""trait_type"":""Head Accessory"",""value"":""White Beanie""},{""trait_type"":""Eyes"",""value"":""Deal With It""}]"
1167,5564962,0x7bbcf285056c2c9e825df927ad24038df4855d4cbf7d0f6ed897c137c7f48fc4,"[{""trait_type"":""Background"",""value"":""Pink""},{""trait_type"":""Body"",""value"":""Purp""},{""trait_type"":""Snout"",""value"":""Snout Wide""},{""trait_type"":""Spots"",""value"":""Spots 3""},{""trait_type"":""Tail"",""value"":""Tail 2""},{""trait_type"":""Eyes"",""value"":""Orange""}]"
1166,5565912,0x54d95ccfca7e9df74f72df0e7af514b4be0d2aa4b90363b4faf5c3ebde1a69a5,"[{""trait_type"":""Background"",""value"":""Grey 2""},{""trait_type"":""Body"",""value"":""Pink""},{""trait_type"":""Snout"",""value"":""Regular Snout""},{""trait_type"":""Tail"",""value"":""Tail 3""},{""trait_type"":""Head Accessory"",""value"":""Cap Back Red""},{""trait_type"":""Eyes"",""value"":""3D""},{""trait_type"":""Socks"",""value"":""White Socks""}]"
1165,5566597,0x5a7ea65d1cc27b30d1700530657e2af3d81a9ccb6dfdbf5045b5346d2573f8e6,"[{""trait_type"":""Background"",""value"":""purple""},{""trait_type"":""Body"",""value"":""Bot""},{""trait_type"":""Snout"",""value"":""Snout Snot""},{""trait_type"":""Tail"",""value"":""Tail 1""},{""trait_type"":""Head Accessory"",""value"":""Orange Beanie""},{""trait_type"":""Eyes"",""value"":""Blue""}]"
1164,5564991,0x3955aa530db8fc051be7150e38fef0c0a76c5c69658bcc223beddb8665f68ff1,"[{""trait_type"":""Background"",""value"":""Rose""},{""trait_type"":""Body"",""value"":""Zombie""},{""trait_type"":""Snout"",""value"":""Regular Snout""},{""trait_type"":""Spots"",""value"":""Spots 3""},{""trait_type"":""Tail"",""value"":""Tail 1""},{""trait_type"":""Head Accessory"",""value"":""Skateboard Cat""},{""trait_type"":""Eyes"",""value"":""Orange""},{""trait_type"":""Accessory"",""value"":""SkateBoard""}]"
1163,5565931,0xaaaae3827283181d415a0b676949a7e339a26275104f6326b17722a61540edfd,"[{""trait_type"":""Background"",""value"":""Brown""},{""trait_type"":""Body"",""value"":""Pink""},{""trait_type"":""Snout"",""value"":""Snout Wide""},{""trait_type"":""Tail"",""value"":""Tail 1""},{""trait_type"":""Head Accessory"",""value"":""Pepe""},{""trait_type"":""Eyes"",""value"":""Green""},{""trait_type"":""Socks"",""value"":""Grandpa Socks""}]"
1162,5565023,0x5b27b97be855c970132af2ba31122106a6e9ee0a0f56a3599d3aff2c313170c7,"[{""trait_type"":""Background"",""value"":""green""},{""trait_type"":""Body"",""value"":""Pink""},{""trait_type"":""Snout"",""value"":""Regular Snout""},{""trait_type"":""Spots"",""value"":""Spots 3""},{""trait_type"":""Tail"",""value"":""Tail 3""},{""trait_type"":""Head Accessory"",""value"":""Skateboard Cat""},{""trait_type"":""Eyes"",""value"":""Blue""},{""trait_type"":""Accessory"",""value"":""Mud Pit""}]"
1161,5569290,0x9e4ef2039e33fbe9f2dc9eceac19017b4d73204cd7e83adcc496d65546ec9ff4,"[{""trait_type"":""Background"",""value"":""green""},{""trait_type"":""Body"",""value"":""Bot""},{""trait_type"":""Snout"",""value"":""Snout Wide""},{""trait_type"":""Tail"",""value"":""Tail 3""},{""trait_type"":""Head Accessory"",""value"":""Grey Spinner""},{""trait_type"":""Eyes"",""value"":""Blue""}]"
1160,5565930,0x4ffd53d4df9a43d55f53270af8621dc4b7096cc5dc44b2544ea0825baa1d5853,"[{""trait_type"":""Background"",""value"":""Pink""},{""trait_type"":""Body"",""value"":""Dusty Pink""},{""trait_type"":""Snout"",""value"":""Regular Snout""},{""trait_type"":""Spots"",""value"":""Spots 1""},{""trait_type"":""Head Accessory"",""value"":""Pepe""},{""trait_type"":""Eyes"",""value"":""Viper""}]"
1159,5565650,0x6e454651fbdce7d5d9a97e182a16efa52036039a89fe575b705247198e9d9c37,"[{""trait_type"":""Background"",""value"":""Rose""},{""trait_type"":""Body"",""value"":""Pink""},{""trait_type"":""Snout"",""value"":""Regular Snout""},{""trait_type"":""Spots"",""value"":""Spots 2""},{""trait_type"":""Tail"",""value"":""Tail 3""},{""trait_type"":""Head Accessory"",""value"":""Pepe""},{""trait_type"":""Eyes"",""value"":""Viper""}]"
1158,5565407,0xab924a4a932d8cc562864ed109c5eeb7e30b04e937669109be3f8615fc740e26,"[{""trait_type"":""Background"",""value"":""blue""},{""trait_type"":""Body"",""value"":""Purp""},{""trait_type"":""Snout"",""value"":""Snout Wide""},{""trait_type"":""Tail"",""value"":""Tail 3""},{""trait_type"":""Head Accessory"",""value"":""Pink Pepe""},{""trait_type"":""Eyes"",""value"":""Red""}]"
1157,5564966,0x441a059ee61aadf082c0bd5ae806d6bd85768588e88f096115fe3efd319e70b9,"[{""trait_type"":""Background"",""value"":""White""},{""trait_type"":""Body"",""value"":""Pigdenza""},{""trait_type"":""Snout"",""value"":""Snout Snot""},{""trait_type"":""Spots"",""value"":""spots 1""},{""trait_type"":""Tail"",""value"":""Tail 1""},{""trait_type"":""Head Accessory"",""value"":""Top Hat""},{""trait_type"":""Eyes"",""value"":""Deal With It""},{""trait_type"":""Wacky"",""value"":""Yes""}]"
1156,5565990,0x2d14e4e85b0970903e91bc11d02f302c4e88f786cf92e03b26f90632d0ed6d77,"[{""trait_type"":""Background"",""value"":""purple""},{""trait_type"":""Body"",""value"":""Purp""},{""trait_type"":""Snout"",""value"":""Snout Snot""},{""trait_type"":""Spots"",""value"":""Spots 3""},{""trait_type"":""Tail"",""value"":""Tail 3""},{""trait_type"":""Head Accessory"",""value"":""Top Hat""},{""trait_type"":""Eyes"",""value"":""Deal With It""}]"
1155,5565148,0xae85ca3edf538b3844e9fcebccbab598e39f481b883e0fb5b195ad71a3010a9d,"[{""trait_type"":""Background"",""value"":""Grey 2""},{""trait_type"":""Body"",""value"":""Mold""},{""trait_type"":""Snout"",""value"":""Snout Wide""},{""trait_type"":""Tail"",""value"":""Tail 1""},{""trait_type"":""Head Accessory"",""value"":""White Beanie""},{""trait_type"":""Eyes"",""value"":""Orange""},{""trait_type"":""Accessory"",""value"":""SkateBoard""}]"
1154,5565258,0x96701360ea18d1d2bb8de000c1cce876d5138e7fe7afaba7efaa1666bc6899de,"[{""trait_type"":""Background"",""value"":""aqua""},{""trait_type"":""Body"",""value"":""Blood""},{""trait_type"":""Snout"",""value"":""Snout Wide""},{""trait_type"":""Spots"",""value"":""Spots 1""},{""trait_type"":""Tail"",""value"":""Tail 1""},{""trait_type"":""Head Accessory"",""value"":""Grey Spinner""},{""trait_type"":""Eyes"",""value"":""Viper""},{""trait_type"":""Accessory"",""value"":""Explorer""}]"
1153,5565922,0x9afce1b656634a6e76c08acf43e0b643c78b972540a114874879e781396c0bf8,"[{""trait_type"":""Background"",""value"":""c3ff00""},{""trait_type"":""Body"",""value"":""Bot""},{""trait_type"":""Snout"",""value"":""Snout Wide""},{""trait_type"":""Spots"",""value"":""Spots 3""},{""trait_type"":""Tail"",""value"":""Tail 2""},{""trait_type"":""Head Accessory"",""value"":""Top Hat""},{""trait_type"":""Eyes"",""value"":""Orange""}]"
1152,5565058,0xc04e5fea666b38c089d09adfa14d2badff939e7ef11401fb6a3bcf693de7781c,"[{""trait_type"":""Background"",""value"":""YEEEEET""},{""trait_type"":""Body"",""value"":""Ghost""},{""trait_type"":""Snout"",""value"":""Snout Wide""},{""trait_type"":""Spots"",""value"":""Spots 3""},{""trait_type"":""Tail"",""value"":""Tail 1""},{""trait_type"":""Head Accessory"",""value"":""Dino""},{""trait_type"":""Eyes"",""value"":""Blue""}]"
1151,5565725,0x74327d5a02e11616949b0edb7d802ebd447aaae45adc10adc08debb57026aac2,"[{""trait_type"":""Background"",""value"":""Field""},{""trait_type"":""Body"",""value"":""Blood""},{""trait_type"":""Snout"",""value"":""Regular Snout""},{""trait_type"":""Tail"",""value"":""Tail 2""},{""trait_type"":""Eyes"",""value"":""Patch""}]"
1150,5565024,0x1d75133de1d6b04d9c78100def5dc49c762e699e17de1bb3114fe6bfa8817111,"[{""trait_type"":""Background"",""value"":""orange""},{""trait_type"":""Body"",""value"":""Bot""},{""trait_type"":""Snout"",""value"":""Snout Wide""},{""trait_type"":""Spots"",""value"":""Spots 1""},{""trait_type"":""Tail"",""value"":""Tail 2""},{""trait_type"":""Head Accessory"",""value"":""Skateboard Cat""},{""trait_type"":""Eyes"",""value"":""Green""},{""trait_type"":""Accessory"",""value"":""SkateBoard""}]"
1149,5565752,0x703f367e65637b0fe711f2f8610bd712fceb20af2cbb7606ca830f0f0d451132,"[{""trait_type"":""Background"",""value"":""Brown""},{""trait_type"":""Body"",""value"":""Mold""},{""trait_type"":""Snout"",""value"":""Regular Snout""},{""trait_type"":""Tail"",""value"":""Tail 1""},{""trait_type"":""Eyes"",""value"":""Green""}]"
1148,5565799,0x90dded02d22d8b17fd2ba574be956bb946c9361ae6ff6eda1bb16f7b086f3171,"[{""trait_type"":""Background"",""value"":""Rose""},{""trait_type"":""Body"",""value"":""Dusty Pink""},{""trait_type"":""Snout"",""value"":""Regular Snout""},{""trait_type"":""Spots"",""value"":""Spots 2""},{""trait_type"":""Tail"",""value"":""Tail 2""},{""trait_type"":""Head Accessory"",""value"":""Top Hat""},{""trait_type"":""Eyes"",""value"":""Blue""}]"
1147,5565822,0x19386fae2015f870d57a7fe87107e33b4b66e0ca0533c7dee9a09e49ed1abc3a,"[{""trait_type"":""Background"",""value"":""Rose""},{""trait_type"":""Body"",""value"":""Pink""},{""trait_type"":""Snout"",""value"":""Snout Wide""},{""trait_type"":""Spots"",""value"":""Spots 3""},{""trait_type"":""Tail"",""value"":""Tail 3""},{""trait_type"":""Head Accessory"",""value"":""Pink Pepe""},{""trait_type"":""Eyes"",""value"":""Orange""}]"
1146,5567535,0x5487897b887ab48eb74793fa89118238ae851fa144550634cc8d4c64701538b2,"[{""trait_type"":""Background"",""value"":""pisser""},{""trait_type"":""Body"",""value"":""Pink""},{""trait_type"":""Snout"",""value"":""Regular Snout""},{""trait_type"":""Spots"",""value"":""Spots 1""},{""trait_type"":""Tail"",""value"":""Tail 2""},{""trait_type"":""Eyes"",""value"":""Viper""}]"
1145,5567880,0x8dfdbda0944eb5fb405856695d53fb5034582424e1d51522a1d83af5446ddf18,"[{""trait_type"":""Background"",""value"":""Grey 2""},{""trait_type"":""Body"",""value"":""Dusty Pink""},{""trait_type"":""Snout"",""value"":""Regular Snout""},{""trait_type"":""Tail"",""value"":""Tail 3""},{""trait_type"":""Head Accessory"",""value"":""Orange Beanie""},{""trait_type"":""Eyes"",""value"":""Black""},{""trait_type"":""Accessory"",""value"":""Mud Pit""}]"
1144,5565711,0xca50544e8d3b844f1e13ac4cfea35c6ca600e5ba79f9346c40b271f30aa6bb67,"[{""trait_type"":""Background"",""value"":""green""},{""trait_type"":""Body"",""value"":""Pink""},{""trait_type"":""Snout"",""value"":""Snout Wide""},{""trait_type"":""Spots"",""value"":""Spots 3""},{""trait_type"":""Tail"",""value"":""Tail 3""},{""trait_type"":""Head Accessory"",""value"":""Skateboard Cat""},{""trait_type"":""Eyes"",""value"":""Blue""}]"
1143,5565899,0xa51b90c8d09f80803d195363a2bfc0f53b0f031c3cb3a29d98403bccc4a0a208,"[{""trait_type"":""Background"",""value"":""aqua""},{""trait_type"":""Body"",""value"":""Pink""},{""trait_type"":""Snout"",""value"":""Snout Snot""},{""trait_type"":""Tail"",""value"":""Tail 2""},{""trait_type"":""Eyes"",""value"":""Red""},{""trait_type"":""Accessory"",""value"":""Mud Pit""}]"
1142,5566423,0xfb718b3ebb953643211015360ac8cf81ece8f9b5a8a7adbd58cb3da9f6dea9ac,"[{""trait_type"":""Background"",""value"":""blue""},{""trait_type"":""Body"",""value"":""Bot""},{""trait_type"":""Snout"",""value"":""Snout Snot""},{""trait_type"":""Spots"",""value"":""Spots 2""},{""trait_type"":""Tail"",""value"":""Tail 1""},{""trait_type"":""Head Accessory"",""value"":""Orange Beanie""},{""trait_type"":""Eyes"",""value"":""Blue""}]"
1141,5565408,0x9192e7a63d06752558ef69defdb482a3b33d770bed9e40eb86d9eb1b345ad34c,"[{""trait_type"":""Background"",""value"":""aqua""},{""trait_type"":""Body"",""value"":""Mold""},{""trait_type"":""Snout"",""value"":""Regular Snout""},{""trait_type"":""Spots"",""value"":""Spots 2""},{""trait_type"":""Tail"",""value"":""Tail 2""},{""trait_type"":""Head Accessory"",""value"":""Cap Back Red""},{""trait_type"":""Eyes"",""value"":""Blue""}]"
1140,5565895,0xee669482db9d955e5ee01aeb1bbe1485da2f79f5d8de62e494f6e8b95778df3b,"[{""trait_type"":""Background"",""value"":""aqua""},{""trait_type"":""Body"",""value"":""Dusty Pink""},{""trait_type"":""Snout"",""value"":""Regular Snout""},{""trait_type"":""Tail"",""value"":""Tail 3""},{""trait_type"":""Head Accessory"",""value"":""Orange Beanie""},{""trait_type"":""Eyes"",""value"":""Green""},{""trait_type"":""Accessory"",""value"":""Explorer""}]"
1139,5566298,0xa9ae5e1baa3138377a6ace31d8353d1771044d97b6844868917318f7ba3a0735,"[{""trait_type"":""Background"",""value"":""Grey 2""},{""trait_type"":""Body"",""value"":""Purp""},{""trait_type"":""Snout"",""value"":""Snout Wide""},{""trait_type"":""Spots"",""value"":""Spots 3""},{""trait_type"":""Tail"",""value"":""Tail 1""},{""trait_type"":""Head Accessory"",""value"":""Cap Back Red""},{""trait_type"":""Eyes"",""value"":""Black""},{""trait_type"":""Accessory"",""value"":""Hover Board""}]"
1138,5565139,0x1ca2c1daf19db3fac0499901c0de97e22c456a7198d87c305b3a24531b5a6794,"[{""trait_type"":""Background"",""value"":""Brown""},{""trait_type"":""Body"",""value"":""Alien""},{""trait_type"":""Snout"",""value"":""Regular Snout""},{""trait_type"":""Spots"",""value"":""Spots 2""},{""trait_type"":""Tail"",""value"":""Tail 2""},{""trait_type"":""Eyes"",""value"":""Deal With It""},{""trait_type"":""Accessory"",""value"":""Hover Board""}]"
1137,5565161,0xaf99e09107fb615beabfb3182055dbcde75be50a822fe245c0047f78b6a6d4f1,"[{""trait_type"":""Background"",""value"":""Grey 2""},{""trait_type"":""Body"",""value"":""Zombie""},{""trait_type"":""Snout"",""value"":""Snout Wide""},{""trait_type"":""Tail"",""value"":""Tail 3""},{""trait_type"":""Head Accessory"",""value"":""Grey Spinner""},{""trait_type"":""Eyes"",""value"":""Blue""},{""trait_type"":""Socks"",""value"":""White Socks""}]"
1136,5565250,0x6d74613d02611d5abb6ba7d649b6bca2f4b4f9501b632ea8560e1a9273d2c3f2,"[{""trait_type"":""Background"",""value"":""pisser""},{""trait_type"":""Body"",""value"":""Zombie""},{""trait_type"":""Snout"",""value"":""Regular Snout""},{""trait_type"":""Spots"",""value"":""Spots 3""},{""trait_type"":""Tail"",""value"":""Tail 3""},{""trait_type"":""Head Accessory"",""value"":""Cowboy Hat""},{""trait_type"":""Eyes"",""value"":""Black""}]"
1135,5565928,0xbb1282bee6971cfc04d03a23a41fe4009da953cd132db66155c9a0ab2ebae774,"[{""trait_type"":""Background"",""value"":""aqua""},{""trait_type"":""Body"",""value"":""Dusty Pink""},{""trait_type"":""Snout"",""value"":""Snout Wide""},{""trait_type"":""Tail"",""value"":""Tail 3""},{""trait_type"":""Eyes"",""value"":""Green""},{""trait_type"":""Accessory"",""value"":""Mud Pit""}]"
1134,5566183,0xcd7e4ca577c42ca2ba5528a14eea7eeae51ce9318e9611df49d382070abf0624,"[{""trait_type"":""Background"",""value"":""Rose""},{""trait_type"":""Body"",""value"":""Pigdenza""},{""trait_type"":""Snout"",""value"":""Regular Snout""},{""trait_type"":""Spots"",""value"":""spots 3""},{""trait_type"":""Head Accessory"",""value"":""Cowboy Hat""},{""trait_type"":""Eyes"",""value"":""Red""}]"
1133,5565994,0x712eb64c3d256832014f091c5dac7a6193181438725e974319472123e2d1d320,"[{""trait_type"":""Background"",""value"":""Field""},{""trait_type"":""Body"",""value"":""Bot""},{""trait_type"":""Snout"",""value"":""Snout Wide""},{""trait_type"":""Spots"",""value"":""Spots 3""},{""trait_type"":""Tail"",""value"":""Tail 2""},{""trait_type"":""Eyes"",""value"":""Patch""}]"
1132,5565388,0xd5708a9d79500269110eeb8da1af4d17e1f0c0c0a9300c4216cabfcea5d76b2d,"[{""trait_type"":""Background"",""value"":""Rose""},{""trait_type"":""Body"",""value"":""Blood""},{""trait_type"":""Snout"",""value"":""Snout Wide""},{""trait_type"":""Spots"",""value"":""Spots 1""},{""trait_type"":""Tail"",""value"":""Tail 2""},{""trait_type"":""Head Accessory"",""value"":""Crown""},{""trait_type"":""Eyes"",""value"":""Black""}]"
1131,5565894,0xc12307556e72222c58da745140175f804b5940445757436d6a2e1f942618a4dc,"[{""trait_type"":""Background"",""value"":""orange""},{""trait_type"":""Body"",""value"":""Mold""},{""trait_type"":""Snout"",""value"":""Regular Snout""},{""trait_type"":""Spots"",""value"":""Spots 3""},{""trait_type"":""Tail"",""value"":""Tail 2""},{""trait_type"":""Head Accessory"",""value"":""Blue Beanie""},{""trait_type"":""Eyes"",""value"":""Green""},{""trait_type"":""Accessory"",""value"":""Mud Pit""}]"
1130,5565929,0xa4537bbbb12a0e93640527dee8742b799046d1dd26202c96052affa58f92637f,"[{""trait_type"":""Background"",""value"":""White""},{""trait_type"":""Body"",""value"":""Blood""},{""trait_type"":""Snout"",""value"":""Snout Snot""},{""trait_type"":""Spots"",""value"":""Spots 1""},{""trait_type"":""Tail"",""value"":""Tail 3""},{""trait_type"":""Head Accessory"",""value"":""Grey Spinner""},{""trait_type"":""Eyes"",""value"":""Alien""},{""trait_type"":""Wacky"",""value"":""Yes""}]"
1129,5565807,0x224a77d2e34fd4280a5755f78140c1736b37aacd608748fa1ab4c1e116696c06,"[{""trait_type"":""Background"",""value"":""Field""},{""trait_type"":""Body"",""value"":""Purp""},{""trait_type"":""Snout"",""value"":""Snout Wide""},{""trait_type"":""Tail"",""value"":""Tail 2""},{""trait_type"":""Head Accessory"",""value"":""Skateboard Cat""},{""trait_type"":""Eyes"",""value"":""Viper""}]"
1128,5565149,0x471f3b8715abc78bb70fc58c17e1f8fc6af90bf1bdf90d028bd69c24e66a31cf,"[{""trait_type"":""Background"",""value"":""Field""},{""trait_type"":""Body"",""value"":""Pink""},{""trait_type"":""Snout"",""value"":""Snout Wide""},{""trait_type"":""Spots"",""value"":""Spots 1""},{""trait_type"":""Head Accessory"",""value"":""Dino""},{""trait_type"":""Eyes"",""value"":""Black""}]"
1127,5565036,0x055ddb9852c740f30c78579527bc668123c456c0b7ef04319e53e48dee69dbfc,"[{""trait_type"":""Background"",""value"":""Pork Chart""},{""trait_type"":""Body"",""value"":""Pigdenza""},{""trait_type"":""Snout"",""value"":""Snout Wide""},{""trait_type"":""Spots"",""value"":""spots 3""},{""trait_type"":""Tail"",""value"":""tail 3""},{""trait_type"":""Eyes"",""value"":""Black""}]"
1126,5566273,0x94deeeb92524c011371f31eb048a047b4d97ddfb421be9a409432304574d19a9,"[{""trait_type"":""Background"",""value"":""green""},{""trait_type"":""Body"",""value"":""Bot""},{""trait_type"":""Snout"",""value"":""Regular Snout""},{""trait_type"":""Spots"",""value"":""Spots 1""},{""trait_type"":""Eyes"",""value"":""Red""}]"
1125,5564800,0xf8c86f91e24cb561ca33de91dc7a3b21e74bf8b48c0a70c63ae9df2346abb6f7,"[{""trait_type"":""Background"",""value"":""Matrix""},{""trait_type"":""Body"",""value"":""Bot""},{""trait_type"":""Snout"",""value"":""Snout Wide""},{""trait_type"":""Spots"",""value"":""Spots 3""},{""trait_type"":""Tail"",""value"":""Tail 3""},{""trait_type"":""Eyes"",""value"":""Red""}]"
1124,5565034,0x5d2b4c399c35e1f144ae27ad0117b4347acbd5063d2b8bf6659984093f987c47,"[{""trait_type"":""Background"",""value"":""Brown""},{""trait_type"":""Body"",""value"":""Dusty Pink""},{""trait_type"":""Snout"",""value"":""Regular Snout""},{""trait_type"":""Spots"",""value"":""Spots 3""},{""trait_type"":""Tail"",""value"":""Tail 2""},{""trait_type"":""Head Accessory"",""value"":""Deal With It Pink Pepe""},{""trait_type"":""Eyes"",""value"":""Red""}]"
1123,5565037,0xc6226aca04bf2475d165b1d17c3ab29207079eb56bda4c9d398e454356bb87ba,"[{""trait_type"":""Background"",""value"":""White""},{""trait_type"":""Body"",""value"":""Blood""},{""trait_type"":""Snout"",""value"":""Snout Snot""},{""trait_type"":""Spots"",""value"":""Spots 3""},{""trait_type"":""Tail"",""value"":""Tail 2""},{""trait_type"":""Head Accessory"",""value"":""Crown""},{""trait_type"":""Eyes"",""value"":""Orange""},{""trait_type"":""Wacky"",""value"":""Yes""}]"
1122,5565603,0x983efde45a9dba6827f05debbe1647cf100da4c827b0371e004428e8da0e0532,"[{""trait_type"":""Background"",""value"":""YEEEEET""},{""trait_type"":""Body"",""value"":""Dusty Pink""},{""trait_type"":""Snout"",""value"":""Snout Snot""},{""trait_type"":""Tail"",""value"":""Tail 3""},{""trait_type"":""Head Accessory"",""value"":""Grey Beanie""},{""trait_type"":""Eyes"",""value"":""Black""},{""trait_type"":""Accessory"",""value"":""Explorer""}]"
1121,5565137,0xb7654ad18a4fb5734093f91a5f85bc5b3de77a5e757973c3586291ffe49fc2d4,"[{""trait_type"":""Background"",""value"":""White""},{""trait_type"":""Body"",""value"":""Alien""},{""trait_type"":""Snout"",""value"":""Snout Wide""},{""trait_type"":""Spots"",""value"":""Spots 2""},{""trait_type"":""Tail"",""value"":""Tail 2""},{""trait_type"":""Head Accessory"",""value"":""Top Hat""},{""trait_type"":""Eyes"",""value"":""Viper""},{""trait_type"":""Wacky"",""value"":""Yes""}]"
1120,5564865,0xcc12efcaf77ff3b59e70c0f8b4ac1f6333ab7453b28b8c7b725858378e0866b3,"[{""trait_type"":""Background"",""value"":""aqua""},{""trait_type"":""Body"",""value"":""Dusty Pink""},{""trait_type"":""Snout"",""value"":""Regular Snout""},{""trait_type"":""Spots"",""value"":""Spots 3""},{""trait_type"":""Tail"",""value"":""Tail 3""},{""trait_type"":""Head Accessory"",""value"":""Pepe""},{""trait_type"":""Eyes"",""value"":""Blue""},{""trait_type"":""Socks"",""value"":""Grandpa Socks""},{""trait_type"":""Accessory"",""value"":""Mud Pit""}]"
1119,5566495,0x8d3c48843a73cb805de0d05cdee842ffc9d8450558e84f591b2f0e1142204a1c,"[{""trait_type"":""Background"",""value"":""Rose""},{""trait_type"":""Body"",""value"":""Dusty Pink""},{""trait_type"":""Snout"",""value"":""Regular Snout""},{""trait_type"":""Spots"",""value"":""Spots 2""},{""trait_type"":""Tail"",""value"":""Tail 1""},{""trait_type"":""Eyes"",""value"":""Viper""},{""trait_type"":""Accessory"",""value"":""SkateBoard""}]"
1118,5565163,0x2501bd223942428a3dc62077784d9162e5f76549ad80c7c7a18bf629bb8c7491,"[{""trait_type"":""Background"",""value"":""Pork Chart""},{""trait_type"":""Body"",""value"":""Purp""},{""trait_type"":""Snout"",""value"":""Snout Wide""},{""trait_type"":""Spots"",""value"":""Spots 2""},{""trait_type"":""Tail"",""value"":""Tail 1""},{""trait_type"":""Eyes"",""value"":""Patch""}]"
1117,5565663,0x31954f7d2f1737b624a3c952f691b56701daa2c071a9cf78fb07ebc092822ac0,"[{""trait_type"":""Background"",""value"":""green""},{""trait_type"":""Body"",""value"":""Mold""},{""trait_type"":""Snout"",""value"":""Snout Wide""},{""trait_type"":""Tail"",""value"":""Tail 1""},{""trait_type"":""Head Accessory"",""value"":""Blue Cap""},{""trait_type"":""Eyes"",""value"":""Viper""}]"
1116,5564928,0xbefefbfd367c9f4f9aef0fd5cc5d031896a1c8f5b917777e5e30100f218c2ade,"[{""trait_type"":""Background"",""value"":""White""},{""trait_type"":""Body"",""value"":""Blood""},{""trait_type"":""Snout"",""value"":""Snout Snot""},{""trait_type"":""Spots"",""value"":""Spots 3""},{""trait_type"":""Tail"",""value"":""Tail 1""},{""trait_type"":""Head Accessory"",""value"":""Dino""},{""trait_type"":""Eyes"",""value"":""Deal With It""},{""trait_type"":""Wacky"",""value"":""Yes""},{""trait_type"":""Accessory"",""value"":""Hover Board""}]"
1115,5565741,0x1f570a6350e55199db844acf5262395c3d8e4818086cbfb26542b35d45f31f32,"[{""trait_type"":""Background"",""value"":""Pork Chart""},{""trait_type"":""Body"",""value"":""Pink""},{""trait_type"":""Snout"",""value"":""Snout Wide""},{""trait_type"":""Spots"",""value"":""Spots 3""},{""trait_type"":""Tail"",""value"":""Tail 1""},{""trait_type"":""Eyes"",""value"":""Red""}]"
1114,5565499,0xa401acb3c085e3cf729b31bbc59047c05538d535eda7599049a8832f2ce86131,"[{""trait_type"":""Background"",""value"":""aqua""},{""trait_type"":""Body"",""value"":""Bot""},{""trait_type"":""Snout"",""value"":""Snout Snot""},{""trait_type"":""Tail"",""value"":""Tail 2""},{""trait_type"":""Head Accessory"",""value"":""Top Hat""},{""trait_type"":""Eyes"",""value"":""Orange""}]"
1113,5565791,0x626792819473875876644efe13b12543007338dec381a1a15a13bf4fd9cc19a3,"[{""trait_type"":""Background"",""value"":""c3ff00""},{""trait_type"":""Body"",""value"":""Pink""},{""trait_type"":""Snout"",""value"":""Snout Wide""},{""trait_type"":""Tail"",""value"":""Tail 1""},{""trait_type"":""Head Accessory"",""value"":""Orange Beanie""},{""trait_type"":""Eyes"",""value"":""Deal With It""}]"
1112,5565159,0xe85825f783594fcad9ff250cb5dc9a75a7c1635df722b5e59a3f0476ea47c6f6,"[{""trait_type"":""Background"",""value"":""Grey 2""},{""trait_type"":""Body"",""value"":""Dusty Pink""},{""trait_type"":""Snout"",""value"":""Snout Wide""},{""trait_type"":""Spots"",""value"":""Spots 2""},{""trait_type"":""Tail"",""value"":""Tail 1""},{""trait_type"":""Head Accessory"",""value"":""Crown""},{""trait_type"":""Eyes"",""value"":""Blue""}]"
1111,5565893,0x3afbac6299b241b42054f1c749f1d4ce1fb8d56dfefe52d3f22d253e13179607,"[{""trait_type"":""Background"",""value"":""green""},{""trait_type"":""Body"",""value"":""Bot""},{""trait_type"":""Snout"",""value"":""Regular Snout""},{""trait_type"":""Spots"",""value"":""Spots 3""},{""trait_type"":""Tail"",""value"":""Tail 2""},{""trait_type"":""Head Accessory"",""value"":""Skateboard Cat""},{""trait_type"":""Eyes"",""value"":""Blue""}]"
1110,5566106,0xf78df10cbdba9694847e5b0854f121bb0606b8d339ae6a8e09073bd24a6af880,"[{""trait_type"":""Background"",""value"":""Grey 2""},{""trait_type"":""Body"",""value"":""Dusty Pink""},{""trait_type"":""Snout"",""value"":""Regular Snout""},{""trait_type"":""Spots"",""value"":""Spots 3""},{""trait_type"":""Tail"",""value"":""Tail 2""},{""trait_type"":""Head Accessory"",""value"":""Blue Cap""},{""trait_type"":""Eyes"",""value"":""Deal With It""},{""trait_type"":""Accessory"",""value"":""Hover Board""}]"
1109,5566492,0xc72dd75ba231a8fa02df0d0c6f6a87baaf5e533dabf94abd44f6f85640e206fc,"[{""trait_type"":""Background"",""value"":""pisser""},{""trait_type"":""Body"",""value"":""Pink""},{""trait_type"":""Snout"",""value"":""Regular Snout""},{""trait_type"":""Tail"",""value"":""Tail 1""},{""trait_type"":""Eyes"",""value"":""Black""},{""trait_type"":""Socks"",""value"":""Grandpa Socks""},{""trait_type"":""Accessory"",""value"":""Hover Board""}]"
1108,5565982,0x64fb6bb41d3fb8577ea15860d15ad135bc50420d29c611d11cf31e130de127d2,"[{""trait_type"":""Background"",""value"":""Grey""},{""trait_type"":""Body"",""value"":""Mold""},{""trait_type"":""Snout"",""value"":""Regular Snout""},{""trait_type"":""Spots"",""value"":""Spots 1""},{""trait_type"":""Tail"",""value"":""Tail 3""},{""trait_type"":""Head Accessory"",""value"":""Top Hat""},{""trait_type"":""Eyes"",""value"":""Blue""},{""trait_type"":""Accessory"",""value"":""Hover Board""}]"
1107,5566527,0x44492adfdabe72bd300c0f53ce32d4938440a90bc8ab9a39e7a4ea4f6a1161b7,"[{""trait_type"":""Background"",""value"":""pisser""},{""trait_type"":""Body"",""value"":""Dusty Pink""},{""trait_type"":""Snout"",""value"":""Snout Wide""},{""trait_type"":""Spots"",""value"":""Spots 3""},{""trait_type"":""Tail"",""value"":""Tail 3""},{""trait_type"":""Head Accessory"",""value"":""Cowboy Hat""},{""trait_type"":""Eyes"",""value"":""Green""}]"
1106,5565984,0xeade2b7d4584ce9daca501ee1bf3d595b90ee67697977e37884c73f094c59fee,"[{""trait_type"":""Background"",""value"":""green""},{""trait_type"":""Body"",""value"":""Pink""},{""trait_type"":""Snout"",""value"":""Regular Snout""},{""trait_type"":""Spots"",""value"":""Spots 1""},{""trait_type"":""Tail"",""value"":""Tail 2""},{""trait_type"":""Head Accessory"",""value"":""Blue Cap""},{""trait_type"":""Eyes"",""value"":""Deal With It""},{""trait_type"":""Accessory"",""value"":""Hover Board""}]"
1105,5565052,0x6baf2d2ca9e5ce7bca606cad4ca6497e024c6e58445f2fa2e2770bf3f2b8667d,"[{""trait_type"":""Background"",""value"":""Not Sunny""},{""trait_type"":""Body"",""value"":""Blood""},{""trait_type"":""Snout"",""value"":""Snout Snot""},{""trait_type"":""Spots"",""value"":""Spots 3""},{""trait_type"":""Tail"",""value"":""Tail 3""},{""trait_type"":""Head Accessory"",""value"":""Skateboard Cat""},{""trait_type"":""Eyes"",""value"":""3D""},{""trait_type"":""Accessory"",""value"":""SkateBoard""}]"
1104,5565051,0x21a9d0b5a18c4ff5a482ec2925f9acd7ef27cfc4c13552cd0291a2bc5d49f337,"[{""trait_type"":""Background"",""value"":""Pork Chart""},{""trait_type"":""Body"",""value"":""Mold""},{""trait_type"":""Snout"",""value"":""Snout Wide""},{""trait_type"":""Spots"",""value"":""Spots 2""},{""trait_type"":""Tail"",""value"":""Tail 2""},{""trait_type"":""Head Accessory"",""value"":""Crown""},{""trait_type"":""Eyes"",""value"":""Red""}]"
1103,5566757,0xe62021b79354ad13f0f3c0db1a677db976e57ae8a4b2a355bdb1e06528de1115,"[{""trait_type"":""Background"",""value"":""orange""},{""trait_type"":""Body"",""value"":""Blood""},{""trait_type"":""Snout"",""value"":""Snout Wide""},{""trait_type"":""Tail"",""value"":""Tail 2""},{""trait_type"":""Eyes"",""value"":""Black""}]"
1102,5565803,0x73595b55876c91cd027d4ac0767994122a26a706fe4661fb05c310503f182ce6,"[{""trait_type"":""Background"",""value"":""purple""},{""trait_type"":""Body"",""value"":""Dusty Pink""},{""trait_type"":""Snout"",""value"":""Snout Wide""},{""trait_type"":""Spots"",""value"":""Spots 3""},{""trait_type"":""Tail"",""value"":""Tail 1""},{""trait_type"":""Head Accessory"",""value"":""Pepe""},{""trait_type"":""Eyes"",""value"":""Red""},{""trait_type"":""Accessory"",""value"":""SkateBoard""}]"
1101,5565767,0x46746fba1329dec8721986957ff47f7e54d10ca8d951aeea06e89cc2a471b73e,"[{""trait_type"":""Background"",""value"":""blue""},{""trait_type"":""Body"",""value"":""Dusty Pink""},{""trait_type"":""Snout"",""value"":""Regular Snout""},{""trait_type"":""Tail"",""value"":""Probe""},{""trait_type"":""Head Accessory"",""value"":""Dino""},{""trait_type"":""Eyes"",""value"":""Black""},{""trait_type"":""Socks"",""value"":""Grandpa Socks""}]"
1100,5565985,0x46da4774a72fd2e9eac896348e1ebcff310f76d55b110084b116e1ba0eeca947,"[{""trait_type"":""Background"",""value"":""aqua""},{""trait_type"":""Body"",""value"":""Dusty Pink""},{""trait_type"":""Snout"",""value"":""Snout Wide""},{""trait_type"":""Tail"",""value"":""Tail 2""},{""trait_type"":""Head Accessory"",""value"":""Orange Beanie""},{""trait_type"":""Eyes"",""value"":""Red""}]"
1099,5566264,0x370c668df91c9285d854a28226ec5833661a90e06bcaa646222df2fd08ee7261,"[{""trait_type"":""Background"",""value"":""Grey 2""},{""trait_type"":""Body"",""value"":""Purp""},{""trait_type"":""Snout"",""value"":""Regular Snout""},{""trait_type"":""Spots"",""value"":""Spots 2""},{""trait_type"":""Tail"",""value"":""Tail 3""},{""trait_type"":""Head Accessory"",""value"":""Blue Beanie""},{""trait_type"":""Eyes"",""value"":""Patch""}]"
1098,5565629,0xf7cb5310d43808e05ac997bf2d3adf688943fa53624d02ab82b910ec8c1b1f1b,"[{""trait_type"":""Background"",""value"":""Grey""},{""trait_type"":""Body"",""value"":""Mold""},{""trait_type"":""Snout"",""value"":""Regular Snout""},{""trait_type"":""Spots"",""value"":""Spots 3""},{""trait_type"":""Tail"",""value"":""Tail 3""},{""trait_type"":""Eyes"",""value"":""Red""}]"
1097,5565179,0x5c9e8c976b99963bb5e60dc451a724f3350af3d5fb42163d011e32cb386346dd,"[{""trait_type"":""Background"",""value"":""purple""},{""trait_type"":""Body"",""value"":""Zombie""},{""trait_type"":""Snout"",""value"":""Snout Wide""},{""trait_type"":""Spots"",""value"":""Spots 3""},{""trait_type"":""Tail"",""value"":""Tail 1""},{""trait_type"":""Eyes"",""value"":""Blue""},{""trait_type"":""Socks"",""value"":""White Socks""}]"
1096,5565751,0xc3abe5c1e69b92324556588de0d666f7886403886bc4410ef8a4f44b6236edc1,"[{""trait_type"":""Background"",""value"":""Pork Chart""},{""trait_type"":""Body"",""value"":""Pink""},{""trait_type"":""Snout"",""value"":""Regular Snout""},{""trait_type"":""Tail"",""value"":""Tail 3""},{""trait_type"":""Head Accessory"",""value"":""Blue Cap""},{""trait_type"":""Eyes"",""value"":""Red""}]"
1095,5565784,0x5b15f159906ef1bacf77d38f782830ba9728a2c5c0330c34ece80bfa7058b80b,"[{""trait_type"":""Background"",""value"":""aqua""},{""trait_type"":""Body"",""value"":""Dusty Pink""},{""trait_type"":""Snout"",""value"":""Regular Snout""},{""trait_type"":""Spots"",""value"":""Spots 3""},{""trait_type"":""Tail"",""value"":""Tail 1""},{""trait_type"":""Head Accessory"",""value"":""Pink Pepe""},{""trait_type"":""Eyes"",""value"":""Orange""},{""trait_type"":""Accessory"",""value"":""Mud Pit""}]"
1094,5565143,0x3c74118e92ec53ff1f395dc656ef38b58c93a40930f72dc3f21d9891d04b18f4,"[{""trait_type"":""Background"",""value"":""Sunny""},{""trait_type"":""Body"",""value"":""Pigdenza""},{""trait_type"":""Snout"",""value"":""Regular Snout""},{""trait_type"":""Tail"",""value"":""tail 2""},{""trait_type"":""Head Accessory"",""value"":""Grey Spinner""},{""trait_type"":""Eyes"",""value"":""Patch""}]"
1093,5564969,0x7971f8713fbe3fc7e50d64411220f3bdaefbd1efb5eb9470fc87d7d39a4f3cf4,"[{""trait_type"":""Background"",""value"":""c3ff00""},{""trait_type"":""Body"",""value"":""Gold""},{""trait_type"":""Snout"",""value"":""Regular Snout""},{""trait_type"":""Spots"",""value"":""Spots 2""},{""trait_type"":""Tail"",""value"":""Tail 3""},{""trait_type"":""Eyes"",""value"":""Green""}]"
1092,5565779,0xcceb99a0fc094ffa4d74353f5c63c8e3a00366ff360f8902863545cb87804428,"[{""trait_type"":""Background"",""value"":""aqua""},{""trait_type"":""Body"",""value"":""Purp""},{""trait_type"":""Snout"",""value"":""Snout Wide""},{""trait_type"":""Tail"",""value"":""Tail 3""},{""trait_type"":""Head Accessory"",""value"":""Crown""},{""trait_type"":""Eyes"",""value"":""Green""}]"
1091,5564910,0x2339a9ed83586b0bbed1bbaa5d2bbe282d055b1525db7f989876078002f3b654,"[{""trait_type"":""Background"",""value"":""c3ff00""},{""trait_type"":""Body"",""value"":""Ghost""},{""trait_type"":""Snout"",""value"":""Snout Wide""},{""trait_type"":""Spots"",""value"":""Spots 1""},{""trait_type"":""Tail"",""value"":""Tail 3""},{""trait_type"":""Eyes"",""value"":""Black""}]"
1090,5565031,0x0ec5876346dce028bacfe2cc5898064a71b56d3a886352bd14c637aa33cc2363,"[{""trait_type"":""Background"",""value"":""Grey 2""},{""trait_type"":""Body"",""value"":""Pink""},{""trait_type"":""Snout"",""value"":""Regular Snout""},{""trait_type"":""Spots"",""value"":""Spots 3""},{""trait_type"":""Tail"",""value"":""Tail 1""},{""trait_type"":""Head Accessory"",""value"":""Pepe""},{""trait_type"":""Eyes"",""value"":""Viper""},{""trait_type"":""Accessory"",""value"":""Mud Pit""}]"
1089,5565175,0x4d83b7598cf9561a4cf4a194461b66008d8051172e5675deaca7c9863faa37de,"[{""trait_type"":""Background"",""value"":""purple""},{""trait_type"":""Body"",""value"":""Dusty Pink""},{""trait_type"":""Snout"",""value"":""Snout Wide""},{""trait_type"":""Spots"",""value"":""Spots 1""},{""trait_type"":""Tail"",""value"":""Tail 1""},{""trait_type"":""Head Accessory"",""value"":""Top Hat""},{""trait_type"":""Eyes"",""value"":""Black""}]"
1088,5565182,0x21e4208808ec543e4a1bdd6dad6beebe362b9274b43d0688e2c995bc75352deb,"[{""trait_type"":""Background"",""value"":""White""},{""trait_type"":""Body"",""value"":""Zombie""},{""trait_type"":""Snout"",""value"":""Regular Snout""},{""trait_type"":""Spots"",""value"":""Spots 2""},{""trait_type"":""Tail"",""value"":""Tail 2""},{""trait_type"":""Head Accessory"",""value"":""Grey Spinner""},{""trait_type"":""Eyes"",""value"":""Deal With It""},{""trait_type"":""Wacky"",""value"":""Yes""}]"
1087,5564903,0x7f296b1caaf8bcc40d6973333e8bd9bde5f8a40b83b128d95648ddd96f1e7fd9,"[{""trait_type"":""Background"",""value"":""Rose""},{""trait_type"":""Body"",""value"":""Zombie""},{""trait_type"":""Snout"",""value"":""Regular Snout""},{""trait_type"":""Tail"",""value"":""Tail 1""},{""trait_type"":""Head Accessory"",""value"":""Pink Pepe""},{""trait_type"":""Eyes"",""value"":""Patch""},{""trait_type"":""Accessory"",""value"":""Mud Pit""}]"
1086,5565954,0x7e3db35e0891f4e545c82ac78563b595f66fbcd3e3de6a51e6f418114100f7c1,"[{""trait_type"":""Background"",""value"":""blue""},{""trait_type"":""Body"",""value"":""Dusty Pink""},{""trait_type"":""Snout"",""value"":""Snout Wide""},{""trait_type"":""Tail"",""value"":""Tail 3""},{""trait_type"":""Head Accessory"",""value"":""Turd Cat""},{""trait_type"":""Eyes"",""value"":""3D""}]"
1085,5565989,0xea4d78dc6dd5e037a4b41c2a3275e2f0b2afcb6a93436e1ffe2382c4bbf20d39,"[{""trait_type"":""Background"",""value"":""purple""},{""trait_type"":""Body"",""value"":""Dusty Pink""},{""trait_type"":""Snout"",""value"":""Regular Snout""},{""trait_type"":""Tail"",""value"":""Tail 3""},{""trait_type"":""Head Accessory"",""value"":""Grey Beanie""},{""trait_type"":""Eyes"",""value"":""3D""},{""trait_type"":""Accessory"",""value"":""Mud Pit""}]"
1084,5569355,0x230b36aa133b4bffc4bc016f82a2a674a4523dbdea57f5b0fbc3e183c5006f30,"[{""trait_type"":""Background"",""value"":""aqua""},{""trait_type"":""Body"",""value"":""Dusty Pink""},{""trait_type"":""Snout"",""value"":""Snout Wide""},{""trait_type"":""Spots"",""value"":""Spots 3""},{""trait_type"":""Tail"",""value"":""Tail 2""},{""trait_type"":""Head Accessory"",""value"":""Top Hat""},{""trait_type"":""Eyes"",""value"":""Red""}]"
1083,5564887,0x0536968ecec565254653411dc7636c770187433e41e247037e4e1d321b0345e5,"[{""trait_type"":""Background"",""value"":""Rose""},{""trait_type"":""Body"",""value"":""Zombie""},{""trait_type"":""Snout"",""value"":""Snout Wide""},{""trait_type"":""Spots"",""value"":""Spots 1""},{""trait_type"":""Tail"",""value"":""Tail 3""},{""trait_type"":""Head Accessory"",""value"":""Pink Pepe""},{""trait_type"":""Eyes"",""value"":""Red""}]"
1082,5565764,0xeb34e163a10f5e0c062aa85857394a46352b8b942639898f5b9e0acfbcafd6ec,"[{""trait_type"":""Background"",""value"":""YEEEEET""},{""trait_type"":""Body"",""value"":""Dusty Pink""},{""trait_type"":""Snout"",""value"":""Snout Snot""},{""trait_type"":""Spots"",""value"":""Spots 1""},{""trait_type"":""Head Accessory"",""value"":""Skateboard Cat""},{""trait_type"":""Eyes"",""value"":""Viper""},{""trait_type"":""Socks"",""value"":""White Socks""}]"
1081,5564883,0x2dece86843540451ac27113412e4e1ae56b7a9f6110bcf98491014cd47713af4,"[{""trait_type"":""Background"",""value"":""green""},{""trait_type"":""Body"",""value"":""Bot""},{""trait_type"":""Snout"",""value"":""Snout Wide""},{""trait_type"":""Spots"",""value"":""Spots 1""},{""trait_type"":""Tail"",""value"":""Tail 2""},{""trait_type"":""Head Accessory"",""value"":""Grey Spinner""},{""trait_type"":""Eyes"",""value"":""Viper""},{""trait_type"":""Accessory"",""value"":""Explorer""}]"
1080,5565573,0x5892b475f8d8f0a706f267421c95193ed114e682a7d9e48c4563293df63ada1d,"[{""trait_type"":""Background"",""value"":""Sunny""},{""trait_type"":""Body"",""value"":""Pigdenza""},{""trait_type"":""Snout"",""value"":""Regular Snout""},{""trait_type"":""Tail"",""value"":""tail 3""},{""trait_type"":""Head Accessory"",""value"":""Top Hat""},{""trait_type"":""Eyes"",""value"":""Red""},{""trait_type"":""Socks"",""value"":""Grandpa Socks""}]"
1079,5566072,0xf9d4e5c3ec40b6827d09121ccadb887ddccc7656cf356987fc47eb6c9c53dea3,"[{""trait_type"":""Background"",""value"":""Brown""},{""trait_type"":""Body"",""value"":""Blood""},{""trait_type"":""Snout"",""value"":""Regular Snout""},{""trait_type"":""Spots"",""value"":""Spots 1""},{""trait_type"":""Tail"",""value"":""Tail 1""},{""trait_type"":""Eyes"",""value"":""Red""}]"
1078,5566348,0xd6ef6813226660a03c0e511ec06d26361ba4d3dac5ecf5fe90e4c22e9038ce09,"[{""trait_type"":""Background"",""value"":""aqua""},{""trait_type"":""Body"",""value"":""Blood""},{""trait_type"":""Snout"",""value"":""Regular Snout""},{""trait_type"":""Spots"",""value"":""Spots 2""},{""trait_type"":""Tail"",""value"":""Tail 1""},{""trait_type"":""Head Accessory"",""value"":""Sad Cat""},{""trait_type"":""Eyes"",""value"":""Blue""}]"
1077,5569349,0x6cb72e826f9964f8d54b61a491074307b0d90758fc2678dc04e419a8bb55c3d4,"[{""trait_type"":""Background"",""value"":""orange""},{""trait_type"":""Body"",""value"":""Mold""},{""trait_type"":""Snout"",""value"":""Snout Wide""},{""trait_type"":""Spots"",""value"":""Spots 3""},{""trait_type"":""Tail"",""value"":""Tail 2""},{""trait_type"":""Head Accessory"",""value"":""Top Hat""},{""trait_type"":""Eyes"",""value"":""Orange""},{""trait_type"":""Accessory"",""value"":""SkateBoard""}]"
1076,5565777,0x4c8764047957ca9d4c437e217ea6baf78f9784acbfa5c2a71ed3b5fbd71d56ac,"[{""trait_type"":""Background"",""value"":""White""},{""trait_type"":""Body"",""value"":""Dusty Pink""},{""trait_type"":""Snout"",""value"":""Regular Dusty""},{""trait_type"":""Spots"",""value"":""spots 3""},{""trait_type"":""Tail"",""value"":""Tail 1""},{""trait_type"":""Head Accessory"",""value"":""Orange Beanie""},{""trait_type"":""Eyes"",""value"":""Green""},{""trait_type"":""Wacky"",""value"":""Yes""},{""trait_type"":""Accessory"",""value"":""Explorer""}]"
1075,5566209,0x749e758304d512aa413caadf64174e9d20d647d8f55b814c3097a7662fc7b02b,"[{""trait_type"":""Background"",""value"":""Pink""},{""trait_type"":""Body"",""value"":""Dusty Pink""},{""trait_type"":""Snout"",""value"":""Snout Snot""},{""trait_type"":""Tail"",""value"":""Tail 3""},{""trait_type"":""Head Accessory"",""value"":""Sad Cat""},{""trait_type"":""Eyes"",""value"":""Viper""}]"
1074,5564867,0x998d005b29907e2f393239ce159f714ffa7f586673a932a8f946d258c913fbef,"[{""trait_type"":""Background"",""value"":""blue""},{""trait_type"":""Body"",""value"":""Zombie""},{""trait_type"":""Snout"",""value"":""Snout Snot""},{""trait_type"":""Spots"",""value"":""Spots 3""},{""trait_type"":""Tail"",""value"":""Probe""},{""trait_type"":""Head Accessory"",""value"":""Deal With It Pink Pepe""},{""trait_type"":""Eyes"",""value"":""Black""},{""trait_type"":""Socks"",""value"":""Grandpa Socks""},{""trait_type"":""Accessory"",""value"":""SkateBoard""}]"
1073,5565473,0xca4c28684fff186b5f78d95177ffc2b13681691f0f074efa2e7efc5849886071,"[{""trait_type"":""Background"",""value"":""orange""},{""trait_type"":""Body"",""value"":""Pink""},{""trait_type"":""Snout"",""value"":""Snout Wide""},{""trait_type"":""Spots"",""value"":""Spots 3""},{""trait_type"":""Tail"",""value"":""Tail 2""},{""trait_type"":""Head Accessory"",""value"":""Cowboy Hat""},{""trait_type"":""Eyes"",""value"":""Viper""}]"
1072,5565868,0x56ce6b3b35128ee47afcec8714bfc1a1dc9ebe0cbea3ac12286595b41fbee970,"[{""trait_type"":""Background"",""value"":""blue""},{""trait_type"":""Body"",""value"":""Pink""},{""trait_type"":""Snout"",""value"":""Snout Snot""},{""trait_type"":""Tail"",""value"":""Tail 3""},{""trait_type"":""Head Accessory"",""value"":""Top Hat""},{""trait_type"":""Eyes"",""value"":""Orange""}]"
1071,5566181,0x2de4390c80ced976cf9f2fb9110f1948b5dd3502a6e275467e80f88547c475ed,"[{""trait_type"":""Background"",""value"":""c3ff00""},{""trait_type"":""Body"",""value"":""Mold""},{""trait_type"":""Snout"",""value"":""Regular Snout""},{""trait_type"":""Tail"",""value"":""Tail 1""},{""trait_type"":""Head Accessory"",""value"":""Orange Beanie""},{""trait_type"":""Eyes"",""value"":""Black""}]"
1070,5565901,0x15e1aeaa45608cc27ea29d22188e10faaa400c0f0737e53a3982810596ebd5ad,"[{""trait_type"":""Background"",""value"":""purple""},{""trait_type"":""Body"",""value"":""Purp""},{""trait_type"":""Snout"",""value"":""Regular Snout""},{""trait_type"":""Tail"",""value"":""Tail 3""},{""trait_type"":""Head Accessory"",""value"":""Beanie""},{""trait_type"":""Eyes"",""value"":""Green""},{""trait_type"":""Socks"",""value"":""Grandpa Socks""},{""trait_type"":""Accessory"",""value"":""Mud Pit""}]"
1069,5565745,0x4e9a5743f10fdbd3c4a70cee4a9448d0a5010cf86a7f42f1ea58dfc07f766b83,"[{""trait_type"":""Background"",""value"":""Field""},{""trait_type"":""Body"",""value"":""Bot""},{""trait_type"":""Snout"",""value"":""Snout Wide""},{""trait_type"":""Tail"",""value"":""Tail 1""},{""trait_type"":""Head Accessory"",""value"":""Turd Cat""},{""trait_type"":""Eyes"",""value"":""Black""},{""trait_type"":""Accessory"",""value"":""Explorer""}]"
1068,5565084,0xf2f879d2fe720afe8b3641b77a3c60b302566674358722c6d61f7035be96b277,"[{""trait_type"":""Background"",""value"":""Pink""},{""trait_type"":""Body"",""value"":""Mold""},{""trait_type"":""Snout"",""value"":""Snout Wide""},{""trait_type"":""Spots"",""value"":""Spots 2""},{""trait_type"":""Tail"",""value"":""Tail 3""},{""trait_type"":""Head Accessory"",""value"":""Deal With It Pink Pepe""},{""trait_type"":""Eyes"",""value"":""Orange""}]"
1067,5566060,0x232c9fd26fb0db8fef049900d5edbb4bad6dc016854ad140719a9c747b94b56d,"[{""trait_type"":""Background"",""value"":""Rose""},{""trait_type"":""Body"",""value"":""Blood""},{""trait_type"":""Snout"",""value"":""Regular Snout""},{""trait_type"":""Tail"",""value"":""Probe""},{""trait_type"":""Eyes"",""value"":""Deal With It""}]"
1066,5565376,0xcad356b2f2053f06b03dbdb51a8080994c8fdd864bb531a6f7e51620346b0127,"[{""trait_type"":""Background"",""value"":""Field""},{""trait_type"":""Body"",""value"":""Pink""},{""trait_type"":""Snout"",""value"":""Snout Wide""},{""trait_type"":""Tail"",""value"":""Tail 1""},{""trait_type"":""Head Accessory"",""value"":""Turd Cat""},{""trait_type"":""Eyes"",""value"":""Green""}]"
1065,5569272,0x72fd46e9c88353f3956cd9807e5d4c8325dae125f1ee0ba6db3687b2d07bac74,"[{""trait_type"":""Background"",""value"":""purple""},{""trait_type"":""Body"",""value"":""Blood""},{""trait_type"":""Snout"",""value"":""Snout Wide""},{""trait_type"":""Tail"",""value"":""Tail 3""},{""trait_type"":""Head Accessory"",""value"":""White Beanie""},{""trait_type"":""Eyes"",""value"":""Orange""},{""trait_type"":""Socks"",""value"":""Grandpa Socks""}]"
1064,5565372,0x350977f418c06f5eb9babaed1b0762083ae77e51d2db670cab710030ceef3565,"[{""trait_type"":""Background"",""value"":""blue""},{""trait_type"":""Body"",""value"":""Bot""},{""trait_type"":""Snout"",""value"":""Snout Snot""},{""trait_type"":""Spots"",""value"":""Spots 3""},{""trait_type"":""Tail"",""value"":""Tail 1""},{""trait_type"":""Head Accessory"",""value"":""Crown""},{""trait_type"":""Eyes"",""value"":""Blue""}]"
1063,5564954,0xee25cdcd7ce43ff2d0a7560bf8b36b0dea93c5f895491e67291d4211ff3fb018,"[{""trait_type"":""Background"",""value"":""Grey""},{""trait_type"":""Body"",""value"":""Alien""},{""trait_type"":""Snout"",""value"":""Snout Wide""},{""trait_type"":""Spots"",""value"":""Spots 1""},{""trait_type"":""Tail"",""value"":""Tail 1""},{""trait_type"":""Head Accessory"",""value"":""Cap Back Red""},{""trait_type"":""Eyes"",""value"":""Viper""}]"
1062,5565035,0x916b892b67ddda809537497c3ac8035c298c34ad1f5b55cc6852dd6546c5ad8b,"[{""trait_type"":""Background"",""value"":""Pork Chart""},{""trait_type"":""Body"",""value"":""Bot""},{""trait_type"":""Snout"",""value"":""Regular Snout""},{""trait_type"":""Spots"",""value"":""Spots 3""},{""trait_type"":""Tail"",""value"":""Tail 1""},{""trait_type"":""Head Accessory"",""value"":""Grey Spinner""},{""trait_type"":""Eyes"",""value"":""Blue""}]"
1061,5565497,0xa4b96781c8f876923b57c0242f93945020461b22ecb71257efb72e963455970c,"[{""trait_type"":""Background"",""value"":""Grey 2""},{""trait_type"":""Body"",""value"":""Pink""},{""trait_type"":""Snout"",""value"":""Snout Wide""},{""trait_type"":""Spots"",""value"":""Spots 1""},{""trait_type"":""Tail"",""value"":""Tail 1""},{""trait_type"":""Eyes"",""value"":""Black""},{""trait_type"":""Socks"",""value"":""Grandpa Socks""},{""trait_type"":""Accessory"",""value"":""Explorer""}]"
1060,5565544,0x4595c6862c0be05d394029489aa50e3d811bdfd14ccc07f23d265592f72c6343,"[{""trait_type"":""Background"",""value"":""Pink""},{""trait_type"":""Body"",""value"":""Mold""},{""trait_type"":""Snout"",""value"":""Snout Wide""},{""trait_type"":""Spots"",""value"":""Spots 3""},{""trait_type"":""Head Accessory"",""value"":""Sad Cat""},{""trait_type"":""Eyes"",""value"":""Orange""}]"
1059,5565241,0x7199ec35402cbc0303a66bd20a010bed843d2e204dc3a9ffea34b8a61f69db18,"[{""trait_type"":""Background"",""value"":""aqua""},{""trait_type"":""Body"",""value"":""Dusty Pink""},{""trait_type"":""Snout"",""value"":""Snout Wide""},{""trait_type"":""Spots"",""value"":""Spots 3""},{""trait_type"":""Tail"",""value"":""Probe""},{""trait_type"":""Head Accessory"",""value"":""Crown""},{""trait_type"":""Eyes"",""value"":""Green""}]"
1058,5565422,0xa5530b0c449fdf93cdc5e02309453beec99611957d7479e90e835f4d6b98dead,"[{""trait_type"":""Background"",""value"":""aqua""},{""trait_type"":""Body"",""value"":""Bot""},{""trait_type"":""Snout"",""value"":""Snout Snot""},{""trait_type"":""Spots"",""value"":""Spots 1""},{""trait_type"":""Head Accessory"",""value"":""Cowboy Hat""},{""trait_type"":""Eyes"",""value"":""Red""}]"
1057,5565911,0xc1b0fdbbb55bcbd6d338c33b6dfa2c3fcad5f0c350e2f27ac76b01db3b7c4d1d,"[{""trait_type"":""Background"",""value"":""Grey""},{""trait_type"":""Body"",""value"":""Dusty Pink""},{""trait_type"":""Snout"",""value"":""Snout Wide""},{""trait_type"":""Spots"",""value"":""Spots 3""},{""trait_type"":""Tail"",""value"":""Tail 1""},{""trait_type"":""Eyes"",""value"":""Red""}]"
1056,5566281,0x74778d580fadc4f75d9f26b465b9443ecc17f68b36fb1312080f291e2ab8ef43,"[{""trait_type"":""Background"",""value"":""green""},{""trait_type"":""Body"",""value"":""Mold""},{""trait_type"":""Snout"",""value"":""Snout Wide""},{""trait_type"":""Spots"",""value"":""Spots 1""},{""trait_type"":""Tail"",""value"":""Tail 3""},{""trait_type"":""Eyes"",""value"":""Black""}]"
1055,5566073,0xa5d268d22d8ccfdb4c96f818c369734c1f542802e169b33cd7901fd16badf548,"[{""trait_type"":""Background"",""value"":""pisser""},{""trait_type"":""Body"",""value"":""Bot""},{""trait_type"":""Snout"",""value"":""Snout Snot""},{""trait_type"":""Spots"",""value"":""Spots 3""},{""trait_type"":""Head Accessory"",""value"":""Cap Back Red""},{""trait_type"":""Eyes"",""value"":""Red""}]"
1054,5565821,0x08f67535871dfb82056008a1b5927758ec92853055ce39ea8e69beafc4093e3a,"[{""trait_type"":""Background"",""value"":""Rose""},{""trait_type"":""Body"",""value"":""Dusty Pink""},{""trait_type"":""Snout"",""value"":""Snout Wide""},{""trait_type"":""Tail"",""value"":""Tail 3""},{""trait_type"":""Head Accessory"",""value"":""Cap Back Red""},{""trait_type"":""Eyes"",""value"":""Black""}]"
1053,5569353,0x9ae49a2e0b695c9107a3e1f2e88382b8732db80847a6e63dba11774875b3c872,"[{""trait_type"":""Background"",""value"":""blue""},{""trait_type"":""Body"",""value"":""Bot""},{""trait_type"":""Snout"",""value"":""Snout Wide""},{""trait_type"":""Tail"",""value"":""Tail 2""},{""trait_type"":""Head Accessory"",""value"":""Blue Cap""},{""trait_type"":""Eyes"",""value"":""Red""}]"
1052,5564871,0x20827b77462d31b810d026716eeaf8b70813fefd83de96fadd98861ae35d5bfa,"[{""trait_type"":""Background"",""value"":""green""},{""trait_type"":""Body"",""value"":""Gold""},{""trait_type"":""Snout"",""value"":""Snout Wide""},{""trait_type"":""Tail"",""value"":""Tail 2""},{""trait_type"":""Head Accessory"",""value"":""Orange Cat""},{""trait_type"":""Eyes"",""value"":""Blue""},{""trait_type"":""Socks"",""value"":""Grandpa Socks""},{""trait_type"":""Accessory"",""value"":""Mud Pit""}]"
1051,5565022,0x2f02af7cf2ac939f236575421f858682d68b6fe9c99c16fd2f77279b5595714a,"[{""trait_type"":""Background"",""value"":""Grey 2""},{""trait_type"":""Body"",""value"":""Bot""},{""trait_type"":""Snout"",""value"":""Regular Snout""},{""trait_type"":""Spots"",""value"":""Spots 1""},{""trait_type"":""Tail"",""value"":""Tail 3""},{""trait_type"":""Head Accessory"",""value"":""Crown""},{""trait_type"":""Eyes"",""value"":""Black""}]"
1050,5564945,0x6857b207660388601ef3ff4dd6dfcdb9345aa24455355d8bbbb385c5ff96b212,"[{""trait_type"":""Background"",""value"":""White""},{""trait_type"":""Body"",""value"":""Alien""},{""trait_type"":""Snout"",""value"":""Regular Snout""},{""trait_type"":""Spots"",""value"":""Spots 3""},{""trait_type"":""Tail"",""value"":""Tail 3""},{""trait_type"":""Eyes"",""value"":""Viper""},{""trait_type"":""Wacky"",""value"":""Yes""},{""trait_type"":""Accessory"",""value"":""SkateBoard""}]"
1049,5566026,0xb6b6432ce3878ea9588b6f8c850dfa63ce386f55043d4d87434dad8d99d98c8f,"[{""trait_type"":""Background"",""value"":""purple""},{""trait_type"":""Body"",""value"":""Pink""},{""trait_type"":""Snout"",""value"":""Regular Snout""},{""trait_type"":""Spots"",""value"":""Spots 1""},{""trait_type"":""Tail"",""value"":""Tail 3""},{""trait_type"":""Head Accessory"",""value"":""White Beanie""},{""trait_type"":""Eyes"",""value"":""Blue""}]"
1048,5564953,0x9840617962039d93bc0284b58365696c16a00ce2ac61ca6f3cbd400f42336ee3,"[{""trait_type"":""Background"",""value"":""Matrix""},{""trait_type"":""Body"",""value"":""Dusty Pink""},{""trait_type"":""Snout"",""value"":""Snout Wide""},{""trait_type"":""Spots"",""value"":""Spots 1""},{""trait_type"":""Tail"",""value"":""Tail 3""},{""trait_type"":""Head Accessory"",""value"":""Deal With It Pepe""},{""trait_type"":""Eyes"",""value"":""Black""},{""trait_type"":""Accessory"",""value"":""Hover Board""}]"
1047,5566279,0x1a18db9ddc9b0345b07398ef3c1fc9cb7465924cc014a3340f6cca4cf17e6c8d,"[{""trait_type"":""Background"",""value"":""green""},{""trait_type"":""Body"",""value"":""Zombie""},{""trait_type"":""Snout"",""value"":""Regular Snout""},{""trait_type"":""Eyes"",""value"":""Viper""},{""trait_type"":""Accessory"",""value"":""Mud Pit""}]"
1046,5565977,0xe8776fb3908b87f2305528295be0d30a80c13ac82b7f181a7463976194a66bef,"[{""trait_type"":""Background"",""value"":""YEEEEET""},{""trait_type"":""Body"",""value"":""Purp""},{""trait_type"":""Snout"",""value"":""Snout Wide""},{""trait_type"":""Tail"",""value"":""Tail 1""},{""trait_type"":""Eyes"",""value"":""Patch""},{""trait_type"":""Socks"",""value"":""White Socks""}]"
1045,5566027,0xda6dcf8932dc90cac42140c1f5f689b7a2b017af7d30f1f6ad05301e64009694,"[{""trait_type"":""Background"",""value"":""blue""},{""trait_type"":""Body"",""value"":""Purp""},{""trait_type"":""Snout"",""value"":""Regular Snout""},{""trait_type"":""Spots"",""value"":""Spots 3""},{""trait_type"":""Tail"",""value"":""Tail 1""},{""trait_type"":""Head Accessory"",""value"":""Cowboy Hat""},{""trait_type"":""Eyes"",""value"":""Red""}]"
1044,5564807,0x66c2bb91fbd1249b587f7c2357c266f95d3ca3dad232e5d0552e94639f5b78e6,"[{""trait_type"":""Background"",""value"":""Matrix""},{""trait_type"":""Body"",""value"":""Mold""},{""trait_type"":""Snout"",""value"":""Snout Wide""},{""trait_type"":""Tail"",""value"":""Tail 1""},{""trait_type"":""Head Accessory"",""value"":""Cap Back Red""},{""trait_type"":""Eyes"",""value"":""Red""}]"
1043,5564932,0x4dd1b430f3593680b2c0012aede86600e54d434a1814151466e5d61046878469,"[{""trait_type"":""Background"",""value"":""purple""},{""trait_type"":""Body"",""value"":""Alien""},{""trait_type"":""Snout"",""value"":""Regular Snout""},{""trait_type"":""Spots"",""value"":""Spots 2""},{""trait_type"":""Eyes"",""value"":""Alien""}]"
1042,5565802,0x30e2591f903fefbf2f77fa27e44ae8354027b296088988beb8b7b381535a708e,"[{""trait_type"":""Background"",""value"":""Grey""},{""trait_type"":""Body"",""value"":""Bot""},{""trait_type"":""Snout"",""value"":""Snout Wide""},{""trait_type"":""Spots"",""value"":""Spots 1""},{""trait_type"":""Tail"",""value"":""Tail 3""},{""trait_type"":""Head Accessory"",""value"":""Top Hat""},{""trait_type"":""Eyes"",""value"":""Deal With It""}]"
1041,5566332,0x5be3ce90608aed32966f8627ac2c29d10bb8ff17484818b3ac2c51db4e9a135b,"[{""trait_type"":""Background"",""value"":""purple""},{""trait_type"":""Body"",""value"":""Mold""},{""trait_type"":""Snout"",""value"":""Regular Snout""},{""trait_type"":""Eyes"",""value"":""Orange""},{""trait_type"":""Accessory"",""value"":""SkateBoard""}]"
1040,5565340,0xd99a90c26af50fc18e8f06902af00026bb3c9842ab45e7e1cc7362f1d6ecf757,"[{""trait_type"":""Background"",""value"":""Field""},{""trait_type"":""Body"",""value"":""Pink""},{""trait_type"":""Snout"",""value"":""Regular Snout""},{""trait_type"":""Spots"",""value"":""Spots 1""},{""trait_type"":""Tail"",""value"":""Tail 2""},{""trait_type"":""Head Accessory"",""value"":""Top Hat""},{""trait_type"":""Eyes"",""value"":""Orange""},{""trait_type"":""Accessory"",""value"":""Explorer""}]"
1039,5566359,0x0651784ad6a04bde9388d72816cf30e7c38c59d718d5cb84e20e1adc8d0686b0,"[{""trait_type"":""Background"",""value"":""orange""},{""trait_type"":""Body"",""value"":""Dusty Pink""},{""trait_type"":""Snout"",""value"":""Regular Snout""},{""trait_type"":""Tail"",""value"":""Tail 2""},{""trait_type"":""Head Accessory"",""value"":""Cowboy Hat""},{""trait_type"":""Eyes"",""value"":""Green""}]"
1038,5565465,0xce41a6969c10b08c8bf264282118d4066d9866b3a45e1f1a5a760d7eaec38965,"[{""trait_type"":""Background"",""value"":""green""},{""trait_type"":""Body"",""value"":""Pink""},{""trait_type"":""Snout"",""value"":""Regular Snout""},{""trait_type"":""Spots"",""value"":""Spots 3""},{""trait_type"":""Tail"",""value"":""Tail 1""},{""trait_type"":""Head Accessory"",""value"":""Crown""},{""trait_type"":""Eyes"",""value"":""Blue""}]"
1037,5567151,0x76607794dd20733ad013016baf2c7ce926460fdb267f6e170c74557c20f3d783,"[{""trait_type"":""Background"",""value"":""Rose""},{""trait_type"":""Body"",""value"":""Purp""},{""trait_type"":""Snout"",""value"":""Snout Wide""},{""trait_type"":""Tail"",""value"":""Tail 2""},{""trait_type"":""Eyes"",""value"":""Orange""},{""trait_type"":""Socks"",""value"":""White Socks""}]"
1036,5566595,0x06a21a72bb1f63cf7bd07025262de862a4cbe266983acfee61ab6a860b50f0e6,"[{""trait_type"":""Background"",""value"":""Brown""},{""trait_type"":""Body"",""value"":""Bot""},{""trait_type"":""Snout"",""value"":""Snout Wide""},{""trait_type"":""Tail"",""value"":""Tail 3""},{""trait_type"":""Head Accessory"",""value"":""Top Hat""},{""trait_type"":""Eyes"",""value"":""Deal With It""}]"
1035,5564955,0x24a13aab3139a5431a9cb48e08ac8aeff89b645ed262a1ec0fec13306583cc6c,"[{""trait_type"":""Background"",""value"":""Rose""},{""trait_type"":""Body"",""value"":""Pink""},{""trait_type"":""Snout"",""value"":""Regular Snout""},{""trait_type"":""Spots"",""value"":""Spots 1""},{""trait_type"":""Tail"",""value"":""Probe""},{""trait_type"":""Head Accessory"",""value"":""Dino""},{""trait_type"":""Eyes"",""value"":""Patch""}]"
1034,5565768,0x960e7ffe4581adc9c39ec10ff8a3bab52610d650839b038334d6752a566b6fe9,"[{""trait_type"":""Background"",""value"":""Field""},{""trait_type"":""Body"",""value"":""Pink""},{""trait_type"":""Snout"",""value"":""Regular Snout""},{""trait_type"":""Tail"",""value"":""Tail 3""},{""trait_type"":""Head Accessory"",""value"":""Blue Cap""},{""trait_type"":""Eyes"",""value"":""Black""}]"
1033,5564931,0x38a122a04221b3adf6aee3e2a6ecbd80c0ef2c15f876e44193a45f5a8c885367,"[{""trait_type"":""Background"",""value"":""blue""},{""trait_type"":""Body"",""value"":""Alien""},{""trait_type"":""Snout"",""value"":""Regular Snout""},{""trait_type"":""Spots"",""value"":""Spots 3""},{""trait_type"":""Tail"",""value"":""Tail 1""},{""trait_type"":""Head Accessory"",""value"":""Blue Cap""},{""trait_type"":""Eyes"",""value"":""Patch""}]"
1032,5565486,0x70f7fbc873b3aea3e00644a2256831fe875872d79a410cdaa2290b2f618f8ba8,"[{""trait_type"":""Background"",""value"":""Pork Chart""},{""trait_type"":""Body"",""value"":""Pink""},{""trait_type"":""Snout"",""value"":""Snout Wide""},{""trait_type"":""Spots"",""value"":""Spots 1""},{""trait_type"":""Tail"",""value"":""Tail 1""},{""trait_type"":""Eyes"",""value"":""Red""}]"
1031,5564986,0xd4892aedd4e6a67c9e772f9185cd691760946a56cbd4778e385b6703e5d702d1,"[{""trait_type"":""Background"",""value"":""White""},{""trait_type"":""Body"",""value"":""Gold""},{""trait_type"":""Snout"",""value"":""Snout Wide""},{""trait_type"":""Spots"",""value"":""Spots 1""},{""trait_type"":""Tail"",""value"":""Tail 1""},{""trait_type"":""Head Accessory"",""value"":""Sad Cat""},{""trait_type"":""Eyes"",""value"":""Alien""},{""trait_type"":""Wacky"",""value"":""Yes""}]"
1030,5566284,0x3549574fdacb4bb7eb7917137003b384480c71ed7c935bf71df7274ea91c88c4,"[{""trait_type"":""Background"",""value"":""Rose""},{""trait_type"":""Body"",""value"":""Pink""},{""trait_type"":""Snout"",""value"":""Regular Snout""},{""trait_type"":""Spots"",""value"":""Spots 2""},{""trait_type"":""Head Accessory"",""value"":""Grey Beanie""},{""trait_type"":""Eyes"",""value"":""Viper""},{""trait_type"":""Socks"",""value"":""White Socks""}]"
1029,5565770,0x9175c986599f62945f1f2acd278938aead40300f0ddfd52ef3629b917e10aab1,"[{""trait_type"":""Background"",""value"":""Grey""},{""trait_type"":""Body"",""value"":""Purp""},{""trait_type"":""Snout"",""value"":""Snout Wide""},{""trait_type"":""Spots"",""value"":""Spots 2""},{""trait_type"":""Tail"",""value"":""Tail 1""},{""trait_type"":""Head Accessory"",""value"":""Beanie""},{""trait_type"":""Eyes"",""value"":""Patch""}]"
1028,5566331,0xa13bdae7205679f05247d6fecb1410c23229f028bce564bdae1da4839bf9d14b,"[{""trait_type"":""Background"",""value"":""aqua""},{""trait_type"":""Body"",""value"":""Dusty Pink""},{""trait_type"":""Snout"",""value"":""Snout Wide""},{""trait_type"":""Tail"",""value"":""Tail 2""},{""trait_type"":""Head Accessory"",""value"":""Orange Beanie""},{""trait_type"":""Eyes"",""value"":""3D""},{""trait_type"":""Socks"",""value"":""White Socks""}]"
1027,5569333,0x936624578ff95ffc6a1047814395ae49576cb6f065d6c54c656bddd456dde948,"[{""trait_type"":""Background"",""value"":""purple""},{""trait_type"":""Body"",""value"":""Pink""},{""trait_type"":""Snout"",""value"":""Regular Snout""},{""trait_type"":""Spots"",""value"":""Spots 1""},{""trait_type"":""Tail"",""value"":""Tail 2""},{""trait_type"":""Head Accessory"",""value"":""White Beanie""},{""trait_type"":""Eyes"",""value"":""Black""},{""trait_type"":""Accessory"",""value"":""Mud Pit""}]"
1026,5565902,0x63a44040f863e914976c7439ea237b0f9ef7e01aa52af588270cbbe37d5ee296,"[{""trait_type"":""Background"",""value"":""aqua""},{""trait_type"":""Body"",""value"":""Pink""},{""trait_type"":""Snout"",""value"":""Regular Snout""},{""trait_type"":""Tail"",""value"":""Tail 1""},{""trait_type"":""Head Accessory"",""value"":""Skateboard Cat""},{""trait_type"":""Eyes"",""value"":""Deal With It""}]"
1025,5565436,0xff3a70ae3510e8eac177433a5bda1387e702485ee40a37dd927d1e497f220fe7,"[{""trait_type"":""Background"",""value"":""Grey""},{""trait_type"":""Body"",""value"":""Blood""},{""trait_type"":""Snout"",""value"":""Regular Snout""},{""trait_type"":""Spots"",""value"":""Spots 1""},{""trait_type"":""Head Accessory"",""value"":""Sad Cat""},{""trait_type"":""Eyes"",""value"":""Viper""}]"
1024,5565483,0x1e4700cbd9c2eba909da11d055c17ea27fdd6e1da6b51551d5ca6ce4d5e43d88,"[{""trait_type"":""Background"",""value"":""Pork Chart""},{""trait_type"":""Body"",""value"":""Dusty Pink""},{""trait_type"":""Snout"",""value"":""Regular Snout""},{""trait_type"":""Spots"",""value"":""Spots 3""},{""trait_type"":""Tail"",""value"":""Tail 1""},{""trait_type"":""Head Accessory"",""value"":""Blue Cap""},{""trait_type"":""Eyes"",""value"":""Black""},{""trait_type"":""Accessory"",""value"":""Explorer""}]"
1023,5566028,0xc7dc2248e98bec9d54014dd20bf0ae83ea22702d449eff1ce2ae18c2614ee201,"[{""trait_type"":""Background"",""value"":""Rose""},{""trait_type"":""Body"",""value"":""Mold""},{""trait_type"":""Snout"",""value"":""Regular Snout""},{""trait_type"":""Eyes"",""value"":""Black""},{""trait_type"":""Socks"",""value"":""Grandpa Socks""}]"
1022,5565665,0xa33580f99118b9a1ac700bc0835952d8e57542cea08440150ef23b78b16b0a77,"[{""trait_type"":""Background"",""value"":""Brown""},{""trait_type"":""Body"",""value"":""Blood""},{""trait_type"":""Snout"",""value"":""Regular Snout""},{""trait_type"":""Spots"",""value"":""Spots 1""},{""trait_type"":""Tail"",""value"":""Tail 1""},{""trait_type"":""Head Accessory"",""value"":""Grey Spinner""},{""trait_type"":""Eyes"",""value"":""Deal With It""},{""trait_type"":""Socks"",""value"":""White Socks""}]"
1021,5566057,0x77de95454e739069e0de7452ea8998d7a0fef31fa68d6c45bcdba50ef277e75a,"[{""trait_type"":""Background"",""value"":""orange""},{""trait_type"":""Body"",""value"":""Purp""},{""trait_type"":""Snout"",""value"":""Snout Snot""},{""trait_type"":""Spots"",""value"":""Spots 3""},{""trait_type"":""Tail"",""value"":""Tail 2""},{""trait_type"":""Eyes"",""value"":""Green""},{""trait_type"":""Accessory"",""value"":""Mud Pit""}]"
1020,5567626,0x892d23416a870e062efbb017324343a49c3de1ea9876424d0d28fe913d3014a9,"[{""trait_type"":""Background"",""value"":""green""},{""trait_type"":""Body"",""value"":""Pink""},{""trait_type"":""Snout"",""value"":""Regular Snout""},{""trait_type"":""Spots"",""value"":""Spots 1""},{""trait_type"":""Tail"",""value"":""Tail 3""},{""trait_type"":""Eyes"",""value"":""Green""}]"
1019,5565613,0xea1ae22d8941325dfdc9bf10df20d381254343a442fb3778b1323aaa9e531420,"[{""trait_type"":""Background"",""value"":""c3ff00""},{""trait_type"":""Body"",""value"":""Pink""},{""trait_type"":""Snout"",""value"":""Regular Snout""},{""trait_type"":""Spots"",""value"":""Spots 2""},{""trait_type"":""Tail"",""value"":""Tail 3""},{""trait_type"":""Head Accessory"",""value"":""Pink Pepe""},{""trait_type"":""Eyes"",""value"":""Patch""},{""trait_type"":""Accessory"",""value"":""Hover Board""}]"
1018,5565462,0x0c6fa37c41aa61af829b91310dbada3c200440fbd02e4b70ec75e64622a9b19e,"[{""trait_type"":""Background"",""value"":""purple""},{""trait_type"":""Body"",""value"":""Dusty Pink""},{""trait_type"":""Snout"",""value"":""Regular Snout""},{""trait_type"":""Tail"",""value"":""Tail 1""},{""trait_type"":""Head Accessory"",""value"":""Dino""},{""trait_type"":""Eyes"",""value"":""Green""},{""trait_type"":""Socks"",""value"":""Grandpa Socks""},{""trait_type"":""Accessory"",""value"":""Explorer""}]"
1017,5565695,0x44f7b2f5a9c2ec4b65aea2f7ba823754829e92621cefc7b8d1d3202e52dc6363,"[{""trait_type"":""Background"",""value"":""Pink""},{""trait_type"":""Body"",""value"":""Pigdenza""},{""trait_type"":""Snout"",""value"":""Regular Snout""},{""trait_type"":""Spots"",""value"":""spots 3""},{""trait_type"":""Tail"",""value"":""tail 2""},{""trait_type"":""Head Accessory"",""value"":""Blue Beanie""},{""trait_type"":""Eyes"",""value"":""3D""},{""trait_type"":""Accessory"",""value"":""Hover Board""}]"
1016,5566121,0x1e366bbad9710f70d436b3d5e89bf7de9688b38a24941c069833dc5213160d13,"[{""trait_type"":""Background"",""value"":""green""},{""trait_type"":""Body"",""value"":""Dusty Pink""},{""trait_type"":""Snout"",""value"":""Regular Snout""},{""trait_type"":""Tail"",""value"":""Tail 3""},{""trait_type"":""Eyes"",""value"":""Red""},{""trait_type"":""Accessory"",""value"":""SkateBoard""}]"
1015,5564888,0x99064cd73447e63578eddf3b6fb96ae4057bb3e74c0ae99345ec18c790941f32,"[{""trait_type"":""Background"",""value"":""blue""},{""trait_type"":""Body"",""value"":""Alien""},{""trait_type"":""Snout"",""value"":""Snout Snot""},{""trait_type"":""Spots"",""value"":""Spots 1""},{""trait_type"":""Tail"",""value"":""Tail 1""},{""trait_type"":""Eyes"",""value"":""3D""},{""trait_type"":""Accessory"",""value"":""Hover Board""}]"
1014,5566612,0x5ce9ca9c4e3556948f78cdd5083cba68056c66110e8f88080a109bf065320229,"[{""trait_type"":""Background"",""value"":""Grey""},{""trait_type"":""Body"",""value"":""Dusty Pink""},{""trait_type"":""Snout"",""value"":""Snout Wide""},{""trait_type"":""Tail"",""value"":""Tail 2""},{""trait_type"":""Head Accessory"",""value"":""White Beanie""},{""trait_type"":""Eyes"",""value"":""Viper""}]"
1013,5565540,0x4ee655466ae9530776ce59dc5df0060976646c56d70fbabf9a3673d977f4e8c3,"[{""trait_type"":""Background"",""value"":""Pink""},{""trait_type"":""Body"",""value"":""Dusty Pink""},{""trait_type"":""Snout"",""value"":""Snout Wide""},{""trait_type"":""Spots"",""value"":""Spots 3""},{""trait_type"":""Head Accessory"",""value"":""Dino""},{""trait_type"":""Eyes"",""value"":""Black""},{""trait_type"":""Accessory"",""value"":""Mud Pit""}]"
1012,5566282,0x259816bd1c998b329cd93eae3000f55fcb044306141c09c5b584430a6ab6df16,"[{""trait_type"":""Background"",""value"":""Brown""},{""trait_type"":""Body"",""value"":""Pink""},{""trait_type"":""Snout"",""value"":""Snout Snot""},{""trait_type"":""Eyes"",""value"":""Viper""}]"
1011,5566024,0x7bf897f3ed008f466faac5ceba184a905cf3151da5c11db7ade9280348f0250c,"[{""trait_type"":""Background"",""value"":""orange""},{""trait_type"":""Body"",""value"":""Blood""},{""trait_type"":""Snout"",""value"":""Snout Snot""},{""trait_type"":""Spots"",""value"":""Spots 1""},{""trait_type"":""Tail"",""value"":""Tail 1""},{""trait_type"":""Head Accessory"",""value"":""Orange Beanie""},{""trait_type"":""Eyes"",""value"":""Black""},{""trait_type"":""Accessory"",""value"":""SkateBoard""}]"
1010,5565615,0x5d8337a729157b77bc234cf080b77b9f26b36f666d1dc5a598e77ac1f75949ee,"[{""trait_type"":""Background"",""value"":""Pink""},{""trait_type"":""Body"",""value"":""Dusty Pink""},{""trait_type"":""Snout"",""value"":""Regular Snout""},{""trait_type"":""Spots"",""value"":""Spots 1""},{""trait_type"":""Tail"",""value"":""Tail 2""},{""trait_type"":""Eyes"",""value"":""3D""}]"
1009,5564907,0x482a93c1c6697e178e05776fe1c15e02d1cac2043bd2289df5f32572f2bbe365,"[{""trait_type"":""Background"",""value"":""Pink""},{""trait_type"":""Body"",""value"":""Bot""},{""trait_type"":""Snout"",""value"":""Regular Snout""},{""trait_type"":""Spots"",""value"":""Spots 1""},{""trait_type"":""Tail"",""value"":""Tail 2""},{""trait_type"":""Eyes"",""value"":""Viper""},{""trait_type"":""Accessory"",""value"":""Hover Board""}]"
1008,5565558,0x2b732be89f2d995db58fa78c1b03531c24240c9729c0d84e1de6b3c562a6219e,"[{""trait_type"":""Background"",""value"":""Rose""},{""trait_type"":""Body"",""value"":""Pink""},{""trait_type"":""Snout"",""value"":""Snout Wide""},{""trait_type"":""Spots"",""value"":""Spots 1""},{""trait_type"":""Head Accessory"",""value"":""Beanie""},{""trait_type"":""Eyes"",""value"":""Red""}]"
1007,5564999,0x137a992325138549a687eb6a8f76a428e6aa1db10016a2103753dc97e4add42a,"[{""trait_type"":""Background"",""value"":""YEEEEET""},{""trait_type"":""Body"",""value"":""Pink""},{""trait_type"":""Snout"",""value"":""Snout Wide""},{""trait_type"":""Tail"",""value"":""Tail 1""},{""trait_type"":""Head Accessory"",""value"":""Dino""},{""trait_type"":""Eyes"",""value"":""Deal With It""}]"
1006,5566029,0x1d4cca42b13b5249ca5eccc6e610f652ef30ecf3a1cc7162524c1bec10bca79c,"[{""trait_type"":""Background"",""value"":""Rose""},{""trait_type"":""Body"",""value"":""Purp""},{""trait_type"":""Snout"",""value"":""Regular Snout""},{""trait_type"":""Spots"",""value"":""Spots 3""},{""trait_type"":""Tail"",""value"":""Tail 3""},{""trait_type"":""Head Accessory"",""value"":""Cowboy Hat""},{""trait_type"":""Eyes"",""value"":""Black""},{""trait_type"":""Socks"",""value"":""White Socks""}]"
1005,5565562,0xc239f39a0308cb6e05a55e4bc04ae692bd6c40fcac7ee0be3b7eb9cc614e2aee,"[{""trait_type"":""Background"",""value"":""Field""},{""trait_type"":""Body"",""value"":""Bot""},{""trait_type"":""Snout"",""value"":""Regular Snout""},{""trait_type"":""Spots"",""value"":""Spots 3""},{""trait_type"":""Tail"",""value"":""Tail 3""},{""trait_type"":""Head Accessory"",""value"":""Orange Cat""},{""trait_type"":""Eyes"",""value"":""Orange""}]"
1004,5565128,0xcb929dd7da4149e50a80ae62a14bf29f5e8b1f6b6a5eea18e9064b68000699bc,"[{""trait_type"":""Background"",""value"":""Not Sunny""},{""trait_type"":""Body"",""value"":""Purp""},{""trait_type"":""Snout"",""value"":""Regular Snout""},{""trait_type"":""Tail"",""value"":""Tail 2""},{""trait_type"":""Head Accessory"",""value"":""Turd Cat""},{""trait_type"":""Eyes"",""value"":""Viper""},{""trait_type"":""Socks"",""value"":""Grandpa Socks""}]"
1003,5566321,0xf24dbef3df98cc0c39e7b314b6c8fccbc376e1084148d7be400c9d0ae1739943,"[{""trait_type"":""Background"",""value"":""orange""},{""trait_type"":""Body"",""value"":""Purp""},{""trait_type"":""Snout"",""value"":""Snout Wide""},{""trait_type"":""Tail"",""value"":""Tail 2""},{""trait_type"":""Head Accessory"",""value"":""Grey Beanie""},{""trait_type"":""Eyes"",""value"":""3D""}]"
1002,5564957,0x7985cdb1726ea0ed7a30c214fe3ea61e3325c9b89d78dcabf1cc181148040502,"[{""trait_type"":""Background"",""value"":""c3ff00""},{""trait_type"":""Body"",""value"":""Pink""},{""trait_type"":""Snout"",""value"":""Snout Wide""},{""trait_type"":""Tail"",""value"":""Tail 2""},{""trait_type"":""Head Accessory"",""value"":""Pepe""},{""trait_type"":""Eyes"",""value"":""Viper""}]"
1001,5567150,0x8d6866a3152a8f314ce700ee41008c8777909da1bc68b0c7c20fa4a8b14b1d5e,"[{""trait_type"":""Background"",""value"":""green""},{""trait_type"":""Body"",""value"":""Purp""},{""trait_type"":""Snout"",""value"":""Snout Snot""},{""trait_type"":""Spots"",""value"":""Spots 1""},{""trait_type"":""Tail"",""value"":""Tail 2""},{""trait_type"":""Eyes"",""value"":""Blue""}]"
1000,5566248,0x3a4bd013c3849cc96c1381d2ab26089fc746d875ccea9a50fdc0e42c143d37ef,"[{""trait_type"":""Background"",""value"":""pisser""},{""trait_type"":""Body"",""value"":""Purp""},{""trait_type"":""Snout"",""value"":""Regular Snout""},{""trait_type"":""Spots"",""value"":""Spots 1""},{""trait_type"":""Tail"",""value"":""Tail 3""},{""trait_type"":""Head Accessory"",""value"":""Grey Spinner""},{""trait_type"":""Eyes"",""value"":""Red""},{""trait_type"":""Socks"",""value"":""Grandpa Socks""}]"
999,5565557,0x0a57184c4b19e657f1554acc2e0017e6d482a09b7d3ec2c4a4b9075c044f8bc8,"[{""trait_type"":""Background"",""value"":""Rose""},{""trait_type"":""Body"",""value"":""Dusty Pink""},{""trait_type"":""Snout"",""value"":""Snout Wide""},{""trait_type"":""Tail"",""value"":""Tail 2""},{""trait_type"":""Head Accessory"",""value"":""Cap Back Red""},{""trait_type"":""Eyes"",""value"":""Deal With It""}]"
998,5565356,0x0bf1666bb77ad50841944fa7ee69403ac6cf646c56baabb506faa83dfaf38e6c,"[{""trait_type"":""Background"",""value"":""pisser""},{""trait_type"":""Body"",""value"":""Purp""},{""trait_type"":""Snout"",""value"":""Snout Wide""},{""trait_type"":""Spots"",""value"":""Spots 1""},{""trait_type"":""Tail"",""value"":""Tail 3""},{""trait_type"":""Head Accessory"",""value"":""Blue Beanie""},{""trait_type"":""Eyes"",""value"":""Viper""},{""trait_type"":""Accessory"",""value"":""SkateBoard""}]"
997,5565363,0x4ca6caad6128a1b81195991e620bd11e71dd615a1ac3ae7ff2af6e12ad3e06a2,"[{""trait_type"":""Background"",""value"":""Pork Chart""},{""trait_type"":""Body"",""value"":""Blood""},{""trait_type"":""Snout"",""value"":""Regular Snout""},{""trait_type"":""Tail"",""value"":""Tail 3""},{""trait_type"":""Head Accessory"",""value"":""Cowboy Hat""},{""trait_type"":""Eyes"",""value"":""Green""}]"
996,5567625,0x037052e5b9811acf6dad9a180f8c1262c5a379059e9ff94bc451a29b11622678,"[{""trait_type"":""Background"",""value"":""aqua""},{""trait_type"":""Body"",""value"":""Dusty Pink""},{""trait_type"":""Snout"",""value"":""Snout Snot""},{""trait_type"":""Spots"",""value"":""Spots 3""},{""trait_type"":""Tail"",""value"":""Tail 2""},{""trait_type"":""Head Accessory"",""value"":""Grey Spinner""},{""trait_type"":""Eyes"",""value"":""Green""},{""trait_type"":""Accessory"",""value"":""Hover Board""}]"
995,5565119,0xe8f834fd67043094adc84db9d3e1f83d5de32d6f603831456b94d00c5c452d83,"[{""trait_type"":""Background"",""value"":""Rose""},{""trait_type"":""Body"",""value"":""Pigdenza""},{""trait_type"":""Snout"",""value"":""Regular Snout""},{""trait_type"":""Spots"",""value"":""spots 2""},{""trait_type"":""Tail"",""value"":""tail 2""},{""trait_type"":""Eyes"",""value"":""Patch""}]"
994,5566116,0xfe72ed5b8d785fe41d731821f872959153d14e8a29f2f9548efebc0afe1812d8,"[{""trait_type"":""Background"",""value"":""Grey""},{""trait_type"":""Body"",""value"":""Purp""},{""trait_type"":""Snout"",""value"":""Regular Snout""},{""trait_type"":""Head Accessory"",""value"":""Orange Beanie""},{""trait_type"":""Eyes"",""value"":""Viper""}]"
993,5565907,0xe5a8d3d341bfa55fa3830d1ef58721ad513c387b0d90af3984404bbda1e6d0b8,"[{""trait_type"":""Background"",""value"":""pisser""},{""trait_type"":""Body"",""value"":""Purp""},{""trait_type"":""Snout"",""value"":""Regular Snout""},{""trait_type"":""Spots"",""value"":""Spots 3""},{""trait_type"":""Tail"",""value"":""Probe""},{""trait_type"":""Head Accessory"",""value"":""Blue Beanie""},{""trait_type"":""Eyes"",""value"":""Green""}]"
992,5564906,0x8ee8237bac9a5ab5750f45af1cc8eaa59e653b87f5d53b0b0f9adf6dbfb954aa,"[{""trait_type"":""Background"",""value"":""Matrix""},{""trait_type"":""Body"",""value"":""Purp""},{""trait_type"":""Snout"",""value"":""Regular Snout""},{""trait_type"":""Eyes"",""value"":""Blue""}]"
991,5565729,0x87bd3bfd97bb43c1683c00c5c4919a9dfc9a2d9609c9fec968f8b06f8481dda2,"[{""trait_type"":""Background"",""value"":""orange""},{""trait_type"":""Body"",""value"":""Dusty Pink""},{""trait_type"":""Snout"",""value"":""Snout Snot""},{""trait_type"":""Spots"",""value"":""Spots 1""},{""trait_type"":""Tail"",""value"":""Tail 2""},{""trait_type"":""Head Accessory"",""value"":""Pepe""},{""trait_type"":""Eyes"",""value"":""Black""}]"
990,5565816,0x21385790e2b8dede2b5d788078486aaa9e888952cee7b451951d3820a7ae670a,"[{""trait_type"":""Background"",""value"":""Grey 2""},{""trait_type"":""Body"",""value"":""Pink""},{""trait_type"":""Snout"",""value"":""Regular Snout""},{""trait_type"":""Head Accessory"",""value"":""Skateboard Cat""},{""trait_type"":""Eyes"",""value"":""Viper""}]"
989,5565712,0xb3027b744e700224373228466c4930110c74878b9821c39bde4ce05e2b178abd,"[{""trait_type"":""Background"",""value"":""green""},{""trait_type"":""Body"",""value"":""Dusty Pink""},{""trait_type"":""Snout"",""value"":""Regular Snout""},{""trait_type"":""Spots"",""value"":""Spots 1""},{""trait_type"":""Tail"",""value"":""Tail 1""},{""trait_type"":""Eyes"",""value"":""Green""}]"
988,5566032,0xa9215acfdfa860c475fc9505e3fdf993d0ebfa0aa3c3dac4591b1cb1f28c3b87,"[{""trait_type"":""Background"",""value"":""pisser""},{""trait_type"":""Body"",""value"":""Blood""},{""trait_type"":""Snout"",""value"":""Snout Wide""},{""trait_type"":""Spots"",""value"":""Spots 1""},{""trait_type"":""Tail"",""value"":""Tail 3""},{""trait_type"":""Head Accessory"",""value"":""Blue Cap""},{""trait_type"":""Eyes"",""value"":""3D""},{""trait_type"":""Accessory"",""value"":""SkateBoard""}]"
987,5566425,0xc1e65df734e8cd53ebf44ab31b171d76d656bdf0e913d1dd883ffdd7f9bf8ee0,"[{""trait_type"":""Background"",""value"":""purple""},{""trait_type"":""Body"",""value"":""Pink""},{""trait_type"":""Snout"",""value"":""Regular Snout""},{""trait_type"":""Spots"",""value"":""Spots 2""},{""trait_type"":""Tail"",""value"":""Tail 3""},{""trait_type"":""Head Accessory"",""value"":""White Beanie""},{""trait_type"":""Eyes"",""value"":""Red""}]"
986,5565185,0x0ad8165c4d2d08bd603ac1fd497ec3a015492302841c178194a66bbafb1960f7,"[{""trait_type"":""Background"",""value"":""c3ff00""},{""trait_type"":""Body"",""value"":""Dusty Pink""},{""trait_type"":""Snout"",""value"":""Snout Wide""},{""trait_type"":""Spots"",""value"":""Spots 1""},{""trait_type"":""Tail"",""value"":""Tail 2""},{""trait_type"":""Head Accessory"",""value"":""Dino""},{""trait_type"":""Eyes"",""value"":""Viper""},{""trait_type"":""Accessory"",""value"":""Mud Pit""}]"
985,5564808,0xe3c95e535da1da16268d8113f9a96afcb8208c763378d25091558268685c937d,"[{""trait_type"":""Background"",""value"":""Matrix""},{""trait_type"":""Body"",""value"":""Dusty Pink""},{""trait_type"":""Snout"",""value"":""Snout Snot""},{""trait_type"":""Spots"",""value"":""Spots 3""},{""trait_type"":""Tail"",""value"":""Tail 3""},{""trait_type"":""Head Accessory"",""value"":""Top Hat""},{""trait_type"":""Eyes"",""value"":""Black""}]"
984,5565873,0x37f31e9e372d551a648cee83cc859231fe827481e08ea87057e6605d1c77b592,"[{""trait_type"":""Background"",""value"":""green""},{""trait_type"":""Body"",""value"":""Purp""},{""trait_type"":""Snout"",""value"":""Regular Snout""},{""trait_type"":""Tail"",""value"":""Tail 2""},{""trait_type"":""Head Accessory"",""value"":""Pink Pepe""},{""trait_type"":""Eyes"",""value"":""Orange""},{""trait_type"":""Socks"",""value"":""Grandpa Socks""}]"
983,5565019,0x28d2451ad65339a9fc706e1896eb7dfe8fb80c3ca4fc2426e3ddbebcf0dc2b97,"[{""trait_type"":""Background"",""value"":""c3ff00""},{""trait_type"":""Body"",""value"":""Ghost""},{""trait_type"":""Snout"",""value"":""Snout Snot""},{""trait_type"":""Spots"",""value"":""Spots 3""},{""trait_type"":""Tail"",""value"":""Tail 2""},{""trait_type"":""Head Accessory"",""value"":""Blue Cap""},{""trait_type"":""Eyes"",""value"":""Blue""},{""trait_type"":""Socks"",""value"":""Grandpa Socks""}]"
982,5566199,0x85e53770d7a0be15934f8c8cb683eae65a528789f293e208cc633ccf50a7a12d,"[{""trait_type"":""Background"",""value"":""orange""},{""trait_type"":""Body"",""value"":""Dusty Pink""},{""trait_type"":""Snout"",""value"":""Snout Wide""},{""trait_type"":""Spots"",""value"":""Spots 3""},{""trait_type"":""Tail"",""value"":""Tail 2""},{""trait_type"":""Eyes"",""value"":""3D""}]"
981,5565221,0x3a52d36887f8889afff581415e37b5f9f48cbb2fbf322d498ccb7ad830c4b617,"[{""trait_type"":""Background"",""value"":""Grey 2""},{""trait_type"":""Body"",""value"":""Mold""},{""trait_type"":""Snout"",""value"":""Regular Snout""},{""trait_type"":""Spots"",""value"":""Spots 1""},{""trait_type"":""Tail"",""value"":""Tail 3""},{""trait_type"":""Eyes"",""value"":""Green""},{""trait_type"":""Accessory"",""value"":""Mud Pit""}]"
980,5567622,0x37a134a7a2b461fc15f2c1c18a19b493740a8942fe8d3bc617d24b6e0bdaf459,"[{""trait_type"":""Background"",""value"":""green""},{""trait_type"":""Body"",""value"":""Pink""},{""trait_type"":""Snout"",""value"":""Snout Snot""},{""trait_type"":""Spots"",""value"":""Spots 3""},{""trait_type"":""Tail"",""value"":""Tail 3""},{""trait_type"":""Head Accessory"",""value"":""Cap Back Red""},{""trait_type"":""Eyes"",""value"":""Black""}]"
979,5565199,0x0d58439e1a7723a03cf6f7282a9e77704efe274750f50f1416e6a6de8a9b5dba,"[{""trait_type"":""Background"",""value"":""orange""},{""trait_type"":""Body"",""value"":""Bot""},{""trait_type"":""Snout"",""value"":""Regular Snout""},{""trait_type"":""Spots"",""value"":""Spots 3""},{""trait_type"":""Tail"",""value"":""Tail 1""},{""trait_type"":""Head Accessory"",""value"":""Blue Beanie""},{""trait_type"":""Eyes"",""value"":""Black""}]"
978,5565044,0xbdf29b61749d041a53296720909bf15c7828916541529c2580a42f5a5883824f,"[{""trait_type"":""Background"",""value"":""Grey""},{""trait_type"":""Body"",""value"":""Gold""},{""trait_type"":""Snout"",""value"":""Regular Snout""},{""trait_type"":""Tail"",""value"":""Tail 2""},{""trait_type"":""Eyes"",""value"":""Orange""}]"
977,5565257,0xaa2b37a19fa9c2f259131396b0daf0df5348cd56107977e7052ff76caf26f4bf,"[{""trait_type"":""Background"",""value"":""blue""},{""trait_type"":""Body"",""value"":""Dusty Pink""},{""trait_type"":""Snout"",""value"":""Snout Snot""},{""trait_type"":""Spots"",""value"":""Spots 2""},{""trait_type"":""Tail"",""value"":""Tail 2""},{""trait_type"":""Head Accessory"",""value"":""Skateboard Cat""},{""trait_type"":""Eyes"",""value"":""Blue""}]"
976,5565259,0x325b969e1ec952817d7f8c86c7eb82f1ad768b5516ffd3fbd0e6931ba9a99a9b,"[{""trait_type"":""Background"",""value"":""orange""},{""trait_type"":""Body"",""value"":""Purp""},{""trait_type"":""Snout"",""value"":""Regular Snout""},{""trait_type"":""Tail"",""value"":""Tail 2""},{""trait_type"":""Eyes"",""value"":""Orange""}]"
975,5566117,0xce066fec35ecd5f0a6ae8740ac43dc91e2cd393cd81baf2eca8a1b3861f146b1,"[{""trait_type"":""Background"",""value"":""green""},{""trait_type"":""Body"",""value"":""Dusty Pink""},{""trait_type"":""Snout"",""value"":""Regular Snout""},{""trait_type"":""Spots"",""value"":""Spots 2""},{""trait_type"":""Tail"",""value"":""Tail 2""},{""trait_type"":""Head Accessory"",""value"":""Orange Cat""},{""trait_type"":""Eyes"",""value"":""Red""}]"
974,5566198,0x63e72d738536d0b84f6f61664dd51d2238de0433b26684fe69553b4fbdaba3b8,"[{""trait_type"":""Background"",""value"":""Pink""},{""trait_type"":""Body"",""value"":""Purp""},{""trait_type"":""Snout"",""value"":""Snout Snot""},{""trait_type"":""Tail"",""value"":""Tail 2""},{""trait_type"":""Head Accessory"",""value"":""Blue Cap""},{""trait_type"":""Eyes"",""value"":""Blue""},{""trait_type"":""Accessory"",""value"":""Mud Pit""}]"
973,5566160,0x00c78943deaccb6569d7d4ff02325cdc8f1dd969926ba77e066cb9375d979cf5,"[{""trait_type"":""Background"",""value"":""purple""},{""trait_type"":""Body"",""value"":""Mold""},{""trait_type"":""Snout"",""value"":""Regular Snout""},{""trait_type"":""Spots"",""value"":""Spots 2""},{""trait_type"":""Tail"",""value"":""Tail 1""},{""trait_type"":""Eyes"",""value"":""Orange""}]"
972,5564982,0x2ed6e625c686c08f6af400e3591f5105c230e5493f1b72359dc06d503763ae08,"[{""trait_type"":""Background"",""value"":""orange""},{""trait_type"":""Body"",""value"":""Ghost""},{""trait_type"":""Snout"",""value"":""Snout Wide""},{""trait_type"":""Spots"",""value"":""Spots 2""},{""trait_type"":""Tail"",""value"":""Tail 3""},{""trait_type"":""Head Accessory"",""value"":""Grey Beanie""},{""trait_type"":""Eyes"",""value"":""Orange""}]"
971,5566137,0x8506356143cf9c4e4fe33becb7f5fd22d4958570eb91bfb656b6129a422ee90e,"[{""trait_type"":""Background"",""value"":""YEEEEET""},{""trait_type"":""Body"",""value"":""Pink""},{""trait_type"":""Snout"",""value"":""Regular Snout""},{""trait_type"":""Tail"",""value"":""Tail 2""},{""trait_type"":""Eyes"",""value"":""Blue""}]"
970,5564981,0xb10872ca1bb787fd92de62831a6b71adf87b450081987c28ffb5cea7c5f87016,"[{""trait_type"":""Background"",""value"":""blue""},{""trait_type"":""Body"",""value"":""Dusty Pink""},{""trait_type"":""Snout"",""value"":""Regular Snout""},{""trait_type"":""Spots"",""value"":""Spots 3""},{""trait_type"":""Tail"",""value"":""Tail 1""},{""trait_type"":""Head Accessory"",""value"":""Beanie""},{""trait_type"":""Eyes"",""value"":""Viper""}]"
969,5565750,0x60dcd93b64383a853fe604c945b70ba15308dc17197c9322e9e541b0ae82beb1,"[{""trait_type"":""Background"",""value"":""pisser""},{""trait_type"":""Body"",""value"":""Blood""},{""trait_type"":""Snout"",""value"":""Regular Snout""},{""trait_type"":""Head Accessory"",""value"":""Dino""},{""trait_type"":""Eyes"",""value"":""Green""}]"
968,5565885,0xa8232c4797755f8b987e4b11a93fb8d0730350012a3a882015604cb98d7b33c3,"[{""trait_type"":""Background"",""value"":""Rose""},{""trait_type"":""Body"",""value"":""Mold""},{""trait_type"":""Snout"",""value"":""Snout Snot""},{""trait_type"":""Spots"",""value"":""Spots 3""},{""trait_type"":""Tail"",""value"":""Tail 1""},{""trait_type"":""Eyes"",""value"":""Orange""}]"
967,5565673,0x09e3de6bc5c7b6756204e00e37e13eecd5129eab11a7f59227087c2c5bd07cf4,"[{""trait_type"":""Background"",""value"":""Pink""},{""trait_type"":""Body"",""value"":""Pink""},{""trait_type"":""Snout"",""value"":""Regular Snout""},{""trait_type"":""Tail"",""value"":""Tail 1""},{""trait_type"":""Head Accessory"",""value"":""Blue Beanie""},{""trait_type"":""Eyes"",""value"":""Green""}]"
966,5566170,0x7022610717b3174865305c1289adc68e859d0c7f9516f25c930840e687534522,"[{""trait_type"":""Background"",""value"":""YEEEEET""},{""trait_type"":""Body"",""value"":""Dusty Pink""},{""trait_type"":""Snout"",""value"":""Regular Snout""},{""trait_type"":""Tail"",""value"":""Tail 3""},{""trait_type"":""Head Accessory"",""value"":""Top Hat""},{""trait_type"":""Eyes"",""value"":""Deal With It""}]"
965,5569366,0xeecba7eecc0a34247ce4965d26ff98179c1d704ab9f38e13d3a62d8ab1d1997c,"[{""trait_type"":""Background"",""value"":""Pink""},{""trait_type"":""Body"",""value"":""Blood""},{""trait_type"":""Snout"",""value"":""Regular Snout""},{""trait_type"":""Spots"",""value"":""Spots 3""},{""trait_type"":""Tail"",""value"":""Tail 1""},{""trait_type"":""Eyes"",""value"":""Green""},{""trait_type"":""Accessory"",""value"":""SkateBoard""}]"
964,5564976,0xf50f7b78a7f5b84c00605914fe78bb576080463e78c00e8315bf6a06fc1d3f3e,"[{""trait_type"":""Background"",""value"":""Not Sunny""},{""trait_type"":""Body"",""value"":""Bot""},{""trait_type"":""Snout"",""value"":""Regular Snout""},{""trait_type"":""Spots"",""value"":""Spots 1""},{""trait_type"":""Eyes"",""value"":""Black""}]"
963,5565025,0x4cb267bea4760c3e1845144f348d169e1224d6aa7cc69ad3d6a00cad18433d2d,"[{""trait_type"":""Background"",""value"":""Brown""},{""trait_type"":""Body"",""value"":""Blood""},{""trait_type"":""Snout"",""value"":""Regular Snout""},{""trait_type"":""Spots"",""value"":""Spots 1""},{""trait_type"":""Tail"",""value"":""Tail 2""},{""trait_type"":""Head Accessory"",""value"":""Deal With It Pepe""},{""trait_type"":""Eyes"",""value"":""Deal With It""},{""trait_type"":""Accessory"",""value"":""Hover Board""}]"
962,5565980,0x266a0601d8e582dbb8007b047044ec138bf8e48cc7f8726e315393f965ed2897,"[{""trait_type"":""Background"",""value"":""purple""},{""trait_type"":""Body"",""value"":""Bot""},{""trait_type"":""Snout"",""value"":""Regular Snout""},{""trait_type"":""Spots"",""value"":""Spots 3""},{""trait_type"":""Tail"",""value"":""Tail 1""},{""trait_type"":""Head Accessory"",""value"":""Top Hat""},{""trait_type"":""Eyes"",""value"":""Orange""}]"
961,5565206,0xebf74bb12cd3ef37a967e62fae6637b8220cfd61943545c64d31b92bfec2be3f,"[{""trait_type"":""Background"",""value"":""YEEEEET""},{""trait_type"":""Body"",""value"":""Mold""},{""trait_type"":""Snout"",""value"":""Snout Wide""},{""trait_type"":""Tail"",""value"":""Tail 2""},{""trait_type"":""Head Accessory"",""value"":""Sad Cat""},{""trait_type"":""Eyes"",""value"":""Green""}]"
960,5565405,0xd07cd8fa7d064a6d8036478d0a46c6854b58bbb3b0848eeb0d36ad641a19e9df,"[{""trait_type"":""Background"",""value"":""Field""},{""trait_type"":""Body"",""value"":""Blood""},{""trait_type"":""Snout"",""value"":""Regular Snout""},{""trait_type"":""Spots"",""value"":""Spots 1""},{""trait_type"":""Tail"",""value"":""Tail 3""},{""trait_type"":""Head Accessory"",""value"":""White Beanie""},{""trait_type"":""Eyes"",""value"":""Black""},{""trait_type"":""Socks"",""value"":""White Socks""}]"
959,5567621,0x8a3982fc805d619ade44e56ad12af81d7caad54314390eaa7510043c1da64298,"[{""trait_type"":""Background"",""value"":""blue""},{""trait_type"":""Body"",""value"":""Dusty Pink""},{""trait_type"":""Snout"",""value"":""Regular Snout""},{""trait_type"":""Head Accessory"",""value"":""Cap Back Red""},{""trait_type"":""Eyes"",""value"":""Red""},{""trait_type"":""Socks"",""value"":""Grandpa Socks""}]"
958,5565345,0xc4307342af739835773217140cd5855bef2eb16b2dfcb11f6f0503f41a0ce19f,"[{""trait_type"":""Background"",""value"":""Field""},{""trait_type"":""Body"",""value"":""Dusty Pink""},{""trait_type"":""Snout"",""value"":""Snout Wide""},{""trait_type"":""Spots"",""value"":""Spots 1""},{""trait_type"":""Tail"",""value"":""Tail 2""},{""trait_type"":""Eyes"",""value"":""Deal With It""}]"
957,5565190,0xbeaca83b5b1c3a73e4d787d90fc9f420f285cae50cf66bdea12c0f6dae18473b,"[{""trait_type"":""Background"",""value"":""YEEEEET""},{""trait_type"":""Body"",""value"":""Zombie""},{""trait_type"":""Snout"",""value"":""Snout Snot""},{""trait_type"":""Spots"",""value"":""Spots 3""},{""trait_type"":""Tail"",""value"":""Tail 3""},{""trait_type"":""Eyes"",""value"":""Deal With It""},{""trait_type"":""Accessory"",""value"":""Hover Board""}]"
956,5566119,0xd06c5c0ef31710ae441e29e41d53362958138d8b3683ff68e29b59ed1af17c27,"[{""trait_type"":""Background"",""value"":""YEEEEET""},{""trait_type"":""Body"",""value"":""Dusty Pink""},{""trait_type"":""Snout"",""value"":""Snout Wide""},{""trait_type"":""Tail"",""value"":""Tail 1""},{""trait_type"":""Eyes"",""value"":""Black""}]"
955,5566172,0x0bd6080aad900e4c9977c260884b0b2acc9c17035960f704ff97fbc48a3a0fa0,"[{""trait_type"":""Background"",""value"":""c3ff00""},{""trait_type"":""Body"",""value"":""Blood""},{""trait_type"":""Snout"",""value"":""Regular Snout""},{""trait_type"":""Eyes"",""value"":""Viper""}]"
954,5564833,0x65bf6082f9ae4ef72fd7c1f06d7660dfa6bff95feccfbc47f764daa6aa6c8e95,"[{""trait_type"":""Background"",""value"":""Rose""},{""trait_type"":""Body"",""value"":""Dusty Pink""},{""trait_type"":""Snout"",""value"":""Snout Snot""},{""trait_type"":""Tail"",""value"":""Probe""},{""trait_type"":""Head Accessory"",""value"":""Top Hat""},{""trait_type"":""Eyes"",""value"":""Red""},{""trait_type"":""Accessory"",""value"":""SkateBoard""}]"
953,5564834,0x2c7e93a793c4b21a2ec912d18dec1955933a2d81a4d0d29535da3761a2d5706f,"[{""trait_type"":""Background"",""value"":""aqua""},{""trait_type"":""Body"",""value"":""Pink""},{""trait_type"":""Snout"",""value"":""Regular Snout""},{""trait_type"":""Tail"",""value"":""Tail 2""},{""trait_type"":""Head Accessory"",""value"":""Cowboy Hat""},{""trait_type"":""Eyes"",""value"":""Viper""},{""trait_type"":""Accessory"",""value"":""Mud Pit""}]"
952,5569364,0xbbb5d737dbff3ad9536ce972f272232f29197d75d0e2218d7b6e39962fa8c452,"[{""trait_type"":""Background"",""value"":""aqua""},{""trait_type"":""Body"",""value"":""Blood""},{""trait_type"":""Snout"",""value"":""Snout Wide""},{""trait_type"":""Spots"",""value"":""Spots 1""},{""trait_type"":""Tail"",""value"":""Tail 2""},{""trait_type"":""Eyes"",""value"":""Patch""}]"
951,5565719,0x3bffdf31119adca781ff683dada6c06d74835285b57cdc4e10165ea03bf9d3a8,"[{""trait_type"":""Background"",""value"":""YEEEEET""},{""trait_type"":""Body"",""value"":""Bot""},{""trait_type"":""Snout"",""value"":""Regular Snout""},{""trait_type"":""Spots"",""value"":""Spots 1""},{""trait_type"":""Tail"",""value"":""Tail 2""},{""trait_type"":""Head Accessory"",""value"":""Top Hat""},{""trait_type"":""Eyes"",""value"":""Green""}]"
950,5565043,0xb2a4c3207152f9357079fe5b52884c5bf1b57c33afe27fc7e25ab87105fedb59,"[{""trait_type"":""Background"",""value"":""Grey""},{""trait_type"":""Body"",""value"":""Mold""},{""trait_type"":""Snout"",""value"":""Regular Snout""},{""trait_type"":""Tail"",""value"":""Tail 3""},{""trait_type"":""Eyes"",""value"":""Viper""}]"
949,5564889,0x1ab595b0cd7d4b3bd8738e19d2750cc9b145bf701fda931fa558cbb1fefc4271,"[{""trait_type"":""Background"",""value"":""green""},{""trait_type"":""Body"",""value"":""Mold""},{""trait_type"":""Snout"",""value"":""Snout Wide""},{""trait_type"":""Spots"",""value"":""Spots 1""},{""trait_type"":""Tail"",""value"":""Tail 1""},{""trait_type"":""Head Accessory"",""value"":""Pink Pepe""},{""trait_type"":""Eyes"",""value"":""3D""}]"
948,5564832,0xd78df88c4b6e92be43b1276f0d377b1594e0e6f694d1987787e251de9f5dc0df,"[{""trait_type"":""Background"",""value"":""Grey""},{""trait_type"":""Body"",""value"":""Mold""},{""trait_type"":""Snout"",""value"":""Snout Wide""},{""trait_type"":""Tail"",""value"":""Tail 2""},{""trait_type"":""Eyes"",""value"":""Green""}]"
947,5566174,0x8f40fe2666bae706c13540f3a7d1fd911c5a72e841006727bbd04fd3854b330d,"[{""trait_type"":""Background"",""value"":""purple""},{""trait_type"":""Body"",""value"":""Bot""},{""trait_type"":""Snout"",""value"":""Regular Snout""},{""trait_type"":""Spots"",""value"":""Spots 3""},{""trait_type"":""Tail"",""value"":""Tail 1""},{""trait_type"":""Eyes"",""value"":""Patch""}]"
946,5566138,0xba6e65aefacc4a7ff0bc2033fb868d66ee88a496e9194d0aae465c51610aabb6,"[{""trait_type"":""Background"",""value"":""Grey""},{""trait_type"":""Body"",""value"":""Purp""},{""trait_type"":""Snout"",""value"":""Snout Snot""},{""trait_type"":""Spots"",""value"":""Spots 3""},{""trait_type"":""Tail"",""value"":""Tail 2""},{""trait_type"":""Head Accessory"",""value"":""White Beanie""},{""trait_type"":""Eyes"",""value"":""Deal With It""}]"
945,5565679,0x8353a964063858f9f9dc31fbd3bd5c458bcf2927ca7bf6917a715abbc2619fcd,"[{""trait_type"":""Background"",""value"":""green""},{""trait_type"":""Body"",""value"":""Pink""},{""trait_type"":""Snout"",""value"":""Snout Snot""},{""trait_type"":""Spots"",""value"":""Spots 3""},{""trait_type"":""Tail"",""value"":""Tail 1""},{""trait_type"":""Head Accessory"",""value"":""Dino""},{""trait_type"":""Eyes"",""value"":""Patch""}]"
944,5567619,0x46417041764131ccdc1fc340c738dc861a33e90cc52d4952053a2a3b3e5057b2,"[{""trait_type"":""Background"",""value"":""green""},{""trait_type"":""Body"",""value"":""Blood""},{""trait_type"":""Snout"",""value"":""Regular Snout""},{""trait_type"":""Spots"",""value"":""Spots 3""},{""trait_type"":""Tail"",""value"":""Tail 2""},{""trait_type"":""Eyes"",""value"":""Green""}]"
943,5567620,0xa9e5940f4098e6676feb2c3d5a2dca1e39fffebbb9a1e89502046a80771ee742,"[{""trait_type"":""Background"",""value"":""orange""},{""trait_type"":""Body"",""value"":""Purp""},{""trait_type"":""Snout"",""value"":""Regular Snout""},{""trait_type"":""Eyes"",""value"":""Blue""}]"
942,5565336,0xbee1d0a5d8d2d9790f6839972be2c039cbb1f2043fe9cafa82f2ea7afd4b7b93,"[{""trait_type"":""Background"",""value"":""pisser""},{""trait_type"":""Body"",""value"":""Purp""},{""trait_type"":""Snout"",""value"":""Snout Snot""},{""trait_type"":""Tail"",""value"":""Tail 1""},{""trait_type"":""Head Accessory"",""value"":""Orange Cat""},{""trait_type"":""Eyes"",""value"":""Orange""},{""trait_type"":""Socks"",""value"":""White Socks""}]"
941,5565211,0xf2426f8a404d7906c4b3bde5d9c06703ad7fb31e776d2760bf63c2afdb877043,"[{""trait_type"":""Background"",""value"":""Pork Chart""},{""trait_type"":""Body"",""value"":""Dusty Pink""},{""trait_type"":""Snout"",""value"":""Regular Snout""},{""trait_type"":""Spots"",""value"":""Spots 1""},{""trait_type"":""Tail"",""value"":""Tail 3""},{""trait_type"":""Eyes"",""value"":""Red""}]"
940,5565439,0xa357279716f278e89fa8ecd6a9f2809aa4384833d52cbe13426685962176faad,"[{""trait_type"":""Background"",""value"":""purple""},{""trait_type"":""Body"",""value"":""Bot""},{""trait_type"":""Snout"",""value"":""Regular Snout""},{""trait_type"":""Spots"",""value"":""Spots 3""},{""trait_type"":""Tail"",""value"":""Tail 2""},{""trait_type"":""Head Accessory"",""value"":""Beanie""},{""trait_type"":""Eyes"",""value"":""Red""},{""trait_type"":""Accessory"",""value"":""Mud Pit""}]"
939,5565012,0xf153a3e21735827ff8b5326f9e309587ab8455774dd87ecb6f6c2bd99672409f,"[{""trait_type"":""Background"",""value"":""Grey 2""},{""trait_type"":""Body"",""value"":""Blood""},{""trait_type"":""Snout"",""value"":""Regular Snout""},{""trait_type"":""Tail"",""value"":""Tail 2""},{""trait_type"":""Head Accessory"",""value"":""Crown""},{""trait_type"":""Eyes"",""value"":""Green""}]"
938,5565006,0x68edd206c3166f2ccd4f2247b544806e726d6498e41b9eba480df34e23bae0b9,"[{""trait_type"":""Background"",""value"":""White""},{""trait_type"":""Body"",""value"":""Dusty Pink""},{""trait_type"":""Snout"",""value"":""Regular Snout""},{""trait_type"":""Spots"",""value"":""spots 3""},{""trait_type"":""Tail"",""value"":""Tail 2""},{""trait_type"":""Head Accessory"",""value"":""White Beanie""},{""trait_type"":""Eyes"",""value"":""Blue""},{""trait_type"":""Wacky"",""value"":""Yes""}]"
937,5565804,0x57a8f132f5b447d54a3b281d0a5660987ded396f2711ae43bafb0e5322e2e037,"[{""trait_type"":""Background"",""value"":""White""},{""trait_type"":""Body"",""value"":""Mold""},{""trait_type"":""Snout"",""value"":""Snout Wide""},{""trait_type"":""Spots"",""value"":""spots 1""},{""trait_type"":""Tail"",""value"":""Tail 3""},{""trait_type"":""Head Accessory"",""value"":""Orange Beanie""},{""trait_type"":""Eyes"",""value"":""Black""},{""trait_type"":""Wacky"",""value"":""Yes""}]"
936,5565214,0xdbf8eb8dc2b4c355ac33539610d38e7f6710064869822d1ce80a04b8d013322e,"[{""trait_type"":""Background"",""value"":""purple""},{""trait_type"":""Body"",""value"":""Blood""},{""trait_type"":""Snout"",""value"":""Snout Wide""},{""trait_type"":""Spots"",""value"":""Spots 1""},{""trait_type"":""Tail"",""value"":""Tail 2""},{""trait_type"":""Eyes"",""value"":""Orange""},{""trait_type"":""Accessory"",""value"":""Hover Board""}]"
935,5566179,0x6af60258e5d757d06a380e401d62bcb0740caac9b494b5e117d46d89f949f8b1,"[{""trait_type"":""Background"",""value"":""c3ff00""},{""trait_type"":""Body"",""value"":""Blood""},{""trait_type"":""Snout"",""value"":""Regular Snout""},{""trait_type"":""Spots"",""value"":""Spots 3""},{""trait_type"":""Tail"",""value"":""Tail 3""},{""trait_type"":""Head Accessory"",""value"":""Blue Cap""},{""trait_type"":""Eyes"",""value"":""Black""}]"
934,5565651,0x8d66111a7c530863ec021fa3e52a699cde3e3788e71ee557cbb186b130956db4,"[{""trait_type"":""Background"",""value"":""Pork Chart""},{""trait_type"":""Body"",""value"":""Bot""},{""trait_type"":""Snout"",""value"":""Regular Snout""},{""trait_type"":""Spots"",""value"":""Spots 3""},{""trait_type"":""Tail"",""value"":""Tail 3""},{""trait_type"":""Eyes"",""value"":""Orange""}]"
933,5565644,0xf88125204da4db577fa670aee4c016e904a0145c14d6aa953dda20c53062e9cf,"[{""trait_type"":""Background"",""value"":""Not Sunny""},{""trait_type"":""Body"",""value"":""Dusty Pink""},{""trait_type"":""Snout"",""value"":""Snout Wide""},{""trait_type"":""Spots"",""value"":""Spots 3""},{""trait_type"":""Tail"",""value"":""Tail 1""},{""trait_type"":""Eyes"",""value"":""Deal With It""},{""trait_type"":""Socks"",""value"":""Grandpa Socks""}]"
932,5566005,0x067d0ba9a1a6be00cb4c4b5b524eb598c49a596b30d83cf04a94d6615a4180fa,"[{""trait_type"":""Background"",""value"":""Grey""},{""trait_type"":""Body"",""value"":""Blood""},{""trait_type"":""Snout"",""value"":""Snout Snot""},{""trait_type"":""Spots"",""value"":""Spots 2""},{""trait_type"":""Tail"",""value"":""Tail 2""},{""trait_type"":""Eyes"",""value"":""Black""},{""trait_type"":""Socks"",""value"":""White Socks""}]"
931,5567618,0x1e811e2d64e1c047c25ec4f3ec93b94906e76b52cf2a1e7859fce13400bf2bca,"[{""trait_type"":""Background"",""value"":""orange""},{""trait_type"":""Body"",""value"":""Pink""},{""trait_type"":""Snout"",""value"":""Regular Snout""},{""trait_type"":""Tail"",""value"":""Tail 1""},{""trait_type"":""Eyes"",""value"":""Orange""}]"
930,5569331,0xc2645536e929cb0ea7c1699703d6ddb18af3169b1bdba6af45c09e5eab77a07d,"[{""trait_type"":""Background"",""value"":""Grey 2""},{""trait_type"":""Body"",""value"":""Purp""},{""trait_type"":""Snout"",""value"":""Regular Snout""},{""trait_type"":""Tail"",""value"":""Tail 2""},{""trait_type"":""Eyes"",""value"":""Green""},{""trait_type"":""Accessory"",""value"":""Mud Pit""}]"
929,5566144,0xffaac22cc8be8c14a0ad800e15c670003d8310c9efd47b6bf01eced5fc243566,"[{""trait_type"":""Background"",""value"":""green""},{""trait_type"":""Body"",""value"":""Blood""},{""trait_type"":""Snout"",""value"":""Snout Wide""},{""trait_type"":""Spots"",""value"":""Spots 2""},{""trait_type"":""Tail"",""value"":""Tail 1""},{""trait_type"":""Head Accessory"",""value"":""Top Hat""},{""trait_type"":""Eyes"",""value"":""Green""},{""trait_type"":""Accessory"",""value"":""Hover Board""}]"
928,5566148,0x306b415e13b6a4613338225346b4109dc01d3b40ed760fadfe37918cdc9e015b,"[{""trait_type"":""Background"",""value"":""orange""},{""trait_type"":""Body"",""value"":""Purp""},{""trait_type"":""Snout"",""value"":""Regular Snout""},{""trait_type"":""Spots"",""value"":""Spots 1""},{""trait_type"":""Tail"",""value"":""Tail 3""},{""trait_type"":""Head Accessory"",""value"":""Top Hat""},{""trait_type"":""Eyes"",""value"":""Red""},{""trait_type"":""Socks"",""value"":""White Socks""}]"
927,5566195,0xe980e01aacbb62689d5cf6c22da795109280c39e7d26664c47699cb748598e5a,"[{""trait_type"":""Background"",""value"":""pisser""},{""trait_type"":""Body"",""value"":""Dusty Pink""},{""trait_type"":""Snout"",""value"":""Snout Wide""},{""trait_type"":""Spots"",""value"":""Spots 1""},{""trait_type"":""Tail"",""value"":""Tail 3""},{""trait_type"":""Eyes"",""value"":""Viper""}]"
926,5565890,0x3eed48c18677cd67b3119d7f502713449960a4bb58d8b63cd7acf9bac27e756c,"[{""trait_type"":""Background"",""value"":""purple""},{""trait_type"":""Body"",""value"":""Dusty Pink""},{""trait_type"":""Snout"",""value"":""Regular Snout""},{""trait_type"":""Tail"",""value"":""Tail 2""},{""trait_type"":""Eyes"",""value"":""Patch""},{""trait_type"":""Accessory"",""value"":""Mud Pit""}]"
925,5565003,0xf48928637ad1588ab65846333ea51285f4c8c2c8edd4d4f8654f7d5056b7f24c,"[{""trait_type"":""Background"",""value"":""purple""},{""trait_type"":""Body"",""value"":""Gold""},{""trait_type"":""Snout"",""value"":""Regular Snout""},{""trait_type"":""Spots"",""value"":""Spots 1""},{""trait_type"":""Tail"",""value"":""Tail 3""},{""trait_type"":""Eyes"",""value"":""Viper""}]"
924,5565256,0xdd8ca14f5734e2dc35e8b18473f821de38f33106ad028267336769175abd88de,"[{""trait_type"":""Background"",""value"":""purple""},{""trait_type"":""Body"",""value"":""Pink""},{""trait_type"":""Snout"",""value"":""Regular Snout""},{""trait_type"":""Head Accessory"",""value"":""Pepe""},{""trait_type"":""Eyes"",""value"":""Patch""},{""trait_type"":""Accessory"",""value"":""Hover Board""}]"
923,5566180,0x6fa6b7fbebbf364df023679ec604ee2dbd41a2e2a76b71660efde1aecdd20e86,"[{""trait_type"":""Background"",""value"":""Brown""},{""trait_type"":""Body"",""value"":""Blood""},{""trait_type"":""Snout"",""value"":""Snout Snot""},{""trait_type"":""Spots"",""value"":""Spots 1""},{""trait_type"":""Tail"",""value"":""Tail 3""},{""trait_type"":""Head Accessory"",""value"":""Cap Back Red""},{""trait_type"":""Eyes"",""value"":""Black""}]"
922,5566408,0x38e3bbe435e1c5bab72710df989b682d3f71dff937f9d01de5878a00637481e4,"[{""trait_type"":""Background"",""value"":""Pink""},{""trait_type"":""Body"",""value"":""Purp""},{""trait_type"":""Snout"",""value"":""Regular Snout""},{""trait_type"":""Tail"",""value"":""Tail 1""},{""trait_type"":""Eyes"",""value"":""Deal With It""}]"
921,5566548,0x0b84cde76a2e5ae96e38b9126e60cb70ca76e6fdad58dcf6387f0cf0e7954e76,"[{""trait_type"":""Background"",""value"":""c3ff00""},{""trait_type"":""Body"",""value"":""Dusty Pink""},{""trait_type"":""Snout"",""value"":""Regular Snout""},{""trait_type"":""Spots"",""value"":""Spots 3""},{""trait_type"":""Tail"",""value"":""Tail 2""},{""trait_type"":""Head Accessory"",""value"":""Orange Beanie""},{""trait_type"":""Eyes"",""value"":""Green""}]"
920,5565212,0xdfec36aa9328537b58250e03ef6fcc38f4bafc22a861a15ed227760ca1ed0a13,"[{""trait_type"":""Background"",""value"":""c3ff00""},{""trait_type"":""Body"",""value"":""Dusty Pink""},{""trait_type"":""Snout"",""value"":""Snout Wide""},{""trait_type"":""Spots"",""value"":""Spots 3""},{""trait_type"":""Tail"",""value"":""Tail 1""},{""trait_type"":""Head Accessory"",""value"":""Orange Beanie""},{""trait_type"":""Eyes"",""value"":""Patch""},{""trait_type"":""Accessory"",""value"":""Mud Pit""}]"
919,5565184,0x43e05f81ef7a4b46594fbfbaa2f798c609733a84faac2b3667f97e745f2ea632,"[{""trait_type"":""Background"",""value"":""Grey 2""},{""trait_type"":""Body"",""value"":""Mold""},{""trait_type"":""Snout"",""value"":""Regular Snout""},{""trait_type"":""Spots"",""value"":""Spots 1""},{""trait_type"":""Tail"",""value"":""Tail 1""},{""trait_type"":""Eyes"",""value"":""Red""},{""trait_type"":""Accessory"",""value"":""SkateBoard""}]"
918,5564897,0xd52e71631866b0ac32f8a4f3102b544d0de9071f955f393696af0b7e418788f5,"[{""trait_type"":""Background"",""value"":""Pork Chart""},{""trait_type"":""Body"",""value"":""Dusty Pink""},{""trait_type"":""Snout"",""value"":""Snout Wide""},{""trait_type"":""Tail"",""value"":""Tail 1""},{""trait_type"":""Head Accessory"",""value"":""Crown""},{""trait_type"":""Eyes"",""value"":""Black""},{""trait_type"":""Accessory"",""value"":""SkateBoard""}]"
917,5564892,0x5fcbcf36dc07aea95710eb2f02a5d9dba8dd3e2f55294300e7b6f3a4bf4f829b,"[{""trait_type"":""Background"",""value"":""Matrix""},{""trait_type"":""Body"",""value"":""Pink""},{""trait_type"":""Snout"",""value"":""Regular Snout""},{""trait_type"":""Spots"",""value"":""Spots 3""},{""trait_type"":""Tail"",""value"":""Tail 3""},{""trait_type"":""Eyes"",""value"":""Black""}]"
916,5566185,0x361c465bea6a66e07ed8173037f5ca359384cccc1d5b9f0a4537bfb40042aeef,"[{""trait_type"":""Background"",""value"":""Pink""},{""trait_type"":""Body"",""value"":""Bot""},{""trait_type"":""Snout"",""value"":""Snout Snot""},{""trait_type"":""Head Accessory"",""value"":""Blue Beanie""},{""trait_type"":""Eyes"",""value"":""Green""}]"
915,5565849,0x5802cab829936b2ff896324356fb0a91c3ca7c576e90f99ccd97741ca8da9d5c,"[{""trait_type"":""Background"",""value"":""Brown""},{""trait_type"":""Body"",""value"":""Pink""},{""trait_type"":""Snout"",""value"":""Regular Snout""},{""trait_type"":""Spots"",""value"":""Spots 1""},{""trait_type"":""Tail"",""value"":""Tail 1""},{""trait_type"":""Head Accessory"",""value"":""Cap Back Red""},{""trait_type"":""Eyes"",""value"":""Orange""}]"
914,5564967,0x89287e746edb47218cee891a2d124d18f27ca2348342637951083f13656f1c62,"[{""trait_type"":""Background"",""value"":""c3ff00""},{""trait_type"":""Body"",""value"":""Zombie""},{""trait_type"":""Snout"",""value"":""Regular Snout""},{""trait_type"":""Spots"",""value"":""Spots 1""},{""trait_type"":""Tail"",""value"":""Tail 3""},{""trait_type"":""Head Accessory"",""value"":""Turd Cat""},{""trait_type"":""Eyes"",""value"":""3D""}]"
913,5566194,0x1cfcf2c211db01ffff9ce2a31774fb853c93abb3f0a92e0c19a789a5c1bdc56b,"[{""trait_type"":""Background"",""value"":""aqua""},{""trait_type"":""Body"",""value"":""Blood""},{""trait_type"":""Snout"",""value"":""Regular Snout""},{""trait_type"":""Spots"",""value"":""Spots 2""},{""trait_type"":""Tail"",""value"":""Tail 3""},{""trait_type"":""Eyes"",""value"":""Black""},{""trait_type"":""Accessory"",""value"":""SkateBoard""}]"
912,5565889,0x4ec5e87dee7c3b24c47e4a5e6835d70129756e9a7f16922286485b997f2a6f97,"[{""trait_type"":""Background"",""value"":""pisser""},{""trait_type"":""Body"",""value"":""Bot""},{""trait_type"":""Snout"",""value"":""Snout Wide""},{""trait_type"":""Spots"",""value"":""Spots 1""},{""trait_type"":""Tail"",""value"":""Tail 2""},{""trait_type"":""Eyes"",""value"":""Orange""},{""trait_type"":""Accessory"",""value"":""SkateBoard""}]"
911,5565305,0xeb3cfe2c4e6502122723ba56cdb96fcd44bc710546a0450bda6dcbde7537a3cd,"[{""trait_type"":""Background"",""value"":""purple""},{""trait_type"":""Body"",""value"":""Blood""},{""trait_type"":""Snout"",""value"":""Snout Wide""},{""trait_type"":""Tail"",""value"":""Tail 3""},{""trait_type"":""Head Accessory"",""value"":""Crown""},{""trait_type"":""Eyes"",""value"":""Red""},{""trait_type"":""Socks"",""value"":""Grandpa Socks""}]"
910,5566159,0xd34348a116c443966d8fcf803970f7203b956b016082794934961694a8deced0,"[{""trait_type"":""Background"",""value"":""purple""},{""trait_type"":""Body"",""value"":""Purp""},{""trait_type"":""Snout"",""value"":""Snout Snot""},{""trait_type"":""Spots"",""value"":""Spots 1""},{""trait_type"":""Tail"",""value"":""Tail 3""},{""trait_type"":""Head Accessory"",""value"":""Grey Spinner""},{""trait_type"":""Eyes"",""value"":""Red""}]"
909,5564965,0x5b17e589198419a4cf75c507fab435451c9c980add8262eeaf46f057b30f0a27,"[{""trait_type"":""Background"",""value"":""purple""},{""trait_type"":""Body"",""value"":""Mold""},{""trait_type"":""Snout"",""value"":""Snout Wide""},{""trait_type"":""Spots"",""value"":""Spots 2""},{""trait_type"":""Tail"",""value"":""Tail 2""},{""trait_type"":""Eyes"",""value"":""Orange""}]"
908,5567617,0x8af033a4fbe700c8ebb47b647bd4132602b8d01c0190887ca5197d848a738b3a,"[{""trait_type"":""Background"",""value"":""aqua""},{""trait_type"":""Body"",""value"":""Purp""},{""trait_type"":""Snout"",""value"":""Snout Wide""},{""trait_type"":""Tail"",""value"":""Tail 2""},{""trait_type"":""Eyes"",""value"":""Blue""},{""trait_type"":""Accessory"",""value"":""SkateBoard""}]"
907,5565000,0x4e6ed2264a298be29e41cdbe3b6b0bf338285b009b5f694fb415d9093bb9885f,"[{""trait_type"":""Background"",""value"":""aqua""},{""trait_type"":""Body"",""value"":""Zombie""},{""trait_type"":""Snout"",""value"":""Snout Wide""},{""trait_type"":""Tail"",""value"":""Tail 1""},{""trait_type"":""Eyes"",""value"":""Deal With It""}]"
906,5569330,0x8629498e501d2a69799945afb03b933202c27d50efd298aaedd174db3be3039b,"[{""trait_type"":""Background"",""value"":""c3ff00""},{""trait_type"":""Body"",""value"":""Purp""},{""trait_type"":""Snout"",""value"":""Snout Wide""},{""trait_type"":""Tail"",""value"":""Tail 2""},{""trait_type"":""Head Accessory"",""value"":""Blue Beanie""},{""trait_type"":""Eyes"",""value"":""Patch""}]"
905,5564663,0xdb59bd3995cccb21d5b6eab9088d04819bc20d94a61ed43b8870d8fa0fe233bd,"[{""trait_type"":""Background"",""value"":""c3ff00""},{""trait_type"":""Body"",""value"":""Bot""},{""trait_type"":""Snout"",""value"":""Regular Snout""},{""trait_type"":""Tail"",""value"":""Tail 3""},{""trait_type"":""Head Accessory"",""value"":""Grey Spinner""},{""trait_type"":""Eyes"",""value"":""Viper""},{""trait_type"":""Accessory"",""value"":""Mud Pit""}]"
904,5567616,0x64f51880c3655a04274102f58b0e072866aad106b06ce06547f563e976d99468,"[{""trait_type"":""Background"",""value"":""aqua""},{""trait_type"":""Body"",""value"":""Dusty Pink""},{""trait_type"":""Snout"",""value"":""Snout Wide""},{""trait_type"":""Spots"",""value"":""Spots 3""},{""trait_type"":""Tail"",""value"":""Tail 3""},{""trait_type"":""Eyes"",""value"":""Green""},{""trait_type"":""Accessory"",""value"":""SkateBoard""}]"
903,5566252,0xc40056fa305f20b0660ac5f177d7d931dc9559910e6038a09ecd39462d02cff0,"[{""trait_type"":""Background"",""value"":""Pink""},{""trait_type"":""Body"",""value"":""Purp""},{""trait_type"":""Snout"",""value"":""Regular Snout""},{""trait_type"":""Tail"",""value"":""Tail 3""},{""trait_type"":""Head Accessory"",""value"":""White Beanie""},{""trait_type"":""Eyes"",""value"":""3D""},{""trait_type"":""Accessory"",""value"":""SkateBoard""}]"
902,5565292,0x596a2e79255c4838a1fd8233bf880a63a7fe7d3db9d62df45190e3cf816675e9,"[{""trait_type"":""Background"",""value"":""aqua""},{""trait_type"":""Body"",""value"":""Dusty Pink""},{""trait_type"":""Snout"",""value"":""Snout Wide""},{""trait_type"":""Spots"",""value"":""Spots 2""},{""trait_type"":""Tail"",""value"":""Tail 3""},{""trait_type"":""Head Accessory"",""value"":""Crown""},{""trait_type"":""Eyes"",""value"":""Green""},{""trait_type"":""Socks"",""value"":""White Socks""}]"
901,5567615,0x0784a96f2084206b3c2145bd01170cfc4e2de89d061679f8324961015ed8b93e,"[{""trait_type"":""Background"",""value"":""Rose""},{""trait_type"":""Body"",""value"":""Dusty Pink""},{""trait_type"":""Snout"",""value"":""Snout Wide""},{""trait_type"":""Spots"",""value"":""Spots 1""},{""trait_type"":""Tail"",""value"":""Tail 3""},{""trait_type"":""Head Accessory"",""value"":""Grey Spinner""},{""trait_type"":""Eyes"",""value"":""Black""}]"
900,5565887,0x7af1fa0f0af4ef3d734dc614294602162c7f8ca119bf0bd001d555895cf0f082,"[{""trait_type"":""Background"",""value"":""aqua""},{""trait_type"":""Body"",""value"":""Purp""},{""trait_type"":""Snout"",""value"":""Snout Snot""},{""trait_type"":""Tail"",""value"":""Tail 2""},{""trait_type"":""Head Accessory"",""value"":""Top Hat""},{""trait_type"":""Eyes"",""value"":""Deal With It""},{""trait_type"":""Accessory"",""value"":""Mud Pit""}]"
899,5564826,0xb203e38761b40f69b600e5b4302afffa55f571b1bee85d0f9b0cdd3e2477e039,"[{""trait_type"":""Background"",""value"":""Pork Chart""},{""trait_type"":""Body"",""value"":""Ghost""},{""trait_type"":""Snout"",""value"":""Snout Wide""},{""trait_type"":""Spots"",""value"":""Spots 3""},{""trait_type"":""Tail"",""value"":""Tail 1""},{""trait_type"":""Head Accessory"",""value"":""Blue Beanie""},{""trait_type"":""Eyes"",""value"":""Deal With It""},{""trait_type"":""Accessory"",""value"":""Hover Board""}]"
898,5565950,0x3670e1e1e6b9aaf10f302d05c70a38d6bf7af704ba1a6b664b34bad8a073da77,"[{""trait_type"":""Background"",""value"":""Grey""},{""trait_type"":""Body"",""value"":""Dusty Pink""},{""trait_type"":""Snout"",""value"":""Regular Snout""},{""trait_type"":""Tail"",""value"":""Tail 2""},{""trait_type"":""Eyes"",""value"":""Green""}]"
897,5565688,0x7bb46ba54b3e049123e684625c632f834613392687379dea8e77134aca97b4e5,"[{""trait_type"":""Background"",""value"":""Rose""},{""trait_type"":""Body"",""value"":""Blood""},{""trait_type"":""Snout"",""value"":""Snout Wide""},{""trait_type"":""Tail"",""value"":""Tail 2""},{""trait_type"":""Head Accessory"",""value"":""Pink Pepe""},{""trait_type"":""Eyes"",""value"":""Viper""}]"
896,5567614,0x5d8fbc40f6a7ab87ee7ff1ffe680b169d787794dcb8373749e7101beadca690f,"[{""trait_type"":""Background"",""value"":""pisser""},{""trait_type"":""Body"",""value"":""Dusty Pink""},{""trait_type"":""Snout"",""value"":""Regular Snout""},{""trait_type"":""Spots"",""value"":""Spots 3""},{""trait_type"":""Eyes"",""value"":""Patch""}]"
895,5565271,0xd18dcd32225c018342c9cdaefc296ddfc2529f45897aa3ca347ce6e0469105ad,"[{""trait_type"":""Background"",""value"":""Brown""},{""trait_type"":""Body"",""value"":""Pink""},{""trait_type"":""Snout"",""value"":""Regular Snout""},{""trait_type"":""Tail"",""value"":""Tail 3""},{""trait_type"":""Head Accessory"",""value"":""Orange Cat""},{""trait_type"":""Eyes"",""value"":""Blue""},{""trait_type"":""Accessory"",""value"":""Explorer""}]"
894,5565841,0x1d47ad4539ad98ae916d00d41183ac677cc7d3a71302d0b61e793ee07be0ceea,"[{""trait_type"":""Background"",""value"":""purple""},{""trait_type"":""Body"",""value"":""Bot""},{""trait_type"":""Snout"",""value"":""Snout Wide""},{""trait_type"":""Spots"",""value"":""Spots 2""},{""trait_type"":""Tail"",""value"":""Tail 3""},{""trait_type"":""Eyes"",""value"":""Green""},{""trait_type"":""Accessory"",""value"":""Mud Pit""}]"
893,5566409,0xe1276fd513c1829b997000a30e04e365b42b77f86051a2e138485db4a8d49e78,"[{""trait_type"":""Background"",""value"":""pisser""},{""trait_type"":""Body"",""value"":""Blood""},{""trait_type"":""Snout"",""value"":""Regular Snout""},{""trait_type"":""Tail"",""value"":""Tail 1""},{""trait_type"":""Head Accessory"",""value"":""Blue Beanie""},{""trait_type"":""Eyes"",""value"":""Deal With It""},{""trait_type"":""Accessory"",""value"":""Mud Pit""}]"
892,5565004,0x7663eba30627db30628ca0ae29b4e53d74d0832f5a2138de7899f482afe99fc0,"[{""trait_type"":""Background"",""value"":""orange""},{""trait_type"":""Body"",""value"":""Alien""},{""trait_type"":""Snout"",""value"":""Regular Snout""},{""trait_type"":""Spots"",""value"":""Spots 3""},{""trait_type"":""Tail"",""value"":""Tail 2""},{""trait_type"":""Head Accessory"",""value"":""Blue Cap""},{""trait_type"":""Eyes"",""value"":""Viper""}]"
891,5565191,0x8534083687e9c1548cb75431d1433751df5ddaa773437c6d6ce7e44ca94780f6,"[{""trait_type"":""Background"",""value"":""c3ff00""},{""trait_type"":""Body"",""value"":""Bot""},{""trait_type"":""Snout"",""value"":""Regular Snout""},{""trait_type"":""Tail"",""value"":""Tail 3""},{""trait_type"":""Head Accessory"",""value"":""Crown""},{""trait_type"":""Eyes"",""value"":""Black""},{""trait_type"":""Accessory"",""value"":""Mud Pit""}]"
890,5565559,0xeeed5b98da081313244a1fb0afed3b59c889f63ce6cdcd9cdfd8ccc9ccd828cc,"[{""trait_type"":""Background"",""value"":""Grey""},{""trait_type"":""Body"",""value"":""Mold""},{""trait_type"":""Snout"",""value"":""Snout Wide""},{""trait_type"":""Spots"",""value"":""Spots 2""},{""trait_type"":""Tail"",""value"":""Tail 2""},{""trait_type"":""Head Accessory"",""value"":""Pink Pepe""},{""trait_type"":""Eyes"",""value"":""Viper""}]"
889,5565520,0x1575be32e783ae20350f3399dfc0c5f249c0b882dd75272efa405b4d4da90217,"[{""trait_type"":""Background"",""value"":""green""},{""trait_type"":""Body"",""value"":""Bot""},{""trait_type"":""Snout"",""value"":""Snout Wide""},{""trait_type"":""Eyes"",""value"":""Viper""},{""trait_type"":""Socks"",""value"":""White Socks""},{""trait_type"":""Accessory"",""value"":""Explorer""}]"
888,5565498,0x54951d4ebfc5d63ebd7666e57326acad1b602505e34b30ec10ce6dedb0ad1203,"[{""trait_type"":""Background"",""value"":""Rose""},{""trait_type"":""Body"",""value"":""Bot""},{""trait_type"":""Snout"",""value"":""Regular Snout""},{""trait_type"":""Spots"",""value"":""Spots 2""},{""trait_type"":""Tail"",""value"":""Tail 2""},{""trait_type"":""Eyes"",""value"":""Red""}]"
887,5567613,0x050352521a5d8dad9943fb39e7bc13ce81e067607da72b0bfc58d74ed3453be7,"[{""trait_type"":""Background"",""value"":""green""},{""trait_type"":""Body"",""value"":""Mold""},{""trait_type"":""Snout"",""value"":""Regular Snout""},{""trait_type"":""Spots"",""value"":""Spots 1""},{""trait_type"":""Tail"",""value"":""Tail 3""},{""trait_type"":""Head Accessory"",""value"":""Grey Beanie""},{""trait_type"":""Eyes"",""value"":""Orange""}]"
886,5565857,0xfe05cae5848cbbf905bc00f8fad61d452a124bf45179ae0022d532ff29f065fb,"[{""trait_type"":""Background"",""value"":""Sunny""},{""trait_type"":""Body"",""value"":""Mold""},{""trait_type"":""Snout"",""value"":""Snout Wide""},{""trait_type"":""Spots"",""value"":""Spots 1""},{""trait_type"":""Tail"",""value"":""Tail 1""},{""trait_type"":""Eyes"",""value"":""Blue""},{""trait_type"":""Accessory"",""value"":""SkateBoard""}]"
885,5566512,0x58ada6418578af50e323eec9ae2b2ae2e0aa46a649f1b68b7149ba1d15c417bd,"[{""trait_type"":""Background"",""value"":""blue""},{""trait_type"":""Body"",""value"":""Mold""},{""trait_type"":""Snout"",""value"":""Snout Wide""},{""trait_type"":""Tail"",""value"":""Tail 2""},{""trait_type"":""Eyes"",""value"":""Red""}]"
884,5565819,0x369e17d740b7b9014860a9a6a716f3d09c1554d40d174fbec0ba969389b1fe33,"[{""trait_type"":""Background"",""value"":""pisser""},{""trait_type"":""Body"",""value"":""Dusty Pink""},{""trait_type"":""Snout"",""value"":""Snout Wide""},{""trait_type"":""Spots"",""value"":""Spots 3""},{""trait_type"":""Tail"",""value"":""Tail 2""},{""trait_type"":""Head Accessory"",""value"":""Grey Beanie""},{""trait_type"":""Eyes"",""value"":""Orange""},{""trait_type"":""Accessory"",""value"":""Mud Pit""}]"
883,5566004,0xd50fa09a2fd6f7bd82ba0394601ea56580b0634d85e8c46fa4c26241d46ae864,"[{""trait_type"":""Background"",""value"":""Grey 2""},{""trait_type"":""Body"",""value"":""Dusty Pink""},{""trait_type"":""Snout"",""value"":""Regular Snout""},{""trait_type"":""Spots"",""value"":""Spots 3""},{""trait_type"":""Tail"",""value"":""Tail 1""},{""trait_type"":""Head Accessory"",""value"":""Orange Beanie""},{""trait_type"":""Eyes"",""value"":""Orange""}]"
882,5565614,0x497ffb1c9e43a94320467a28a5cba9aadc04a5135f70044e6ec8aa95e3a39462,"[{""trait_type"":""Background"",""value"":""Pink""},{""trait_type"":""Body"",""value"":""Dusty Pink""},{""trait_type"":""Snout"",""value"":""Regular Snout""},{""trait_type"":""Tail"",""value"":""Tail 1""},{""trait_type"":""Head Accessory"",""value"":""Cap Back Red""},{""trait_type"":""Eyes"",""value"":""Black""},{""trait_type"":""Accessory"",""value"":""Mud Pit""}]"
881,5565501,0x064f3eae02ddbb227c0a169a089684bbaadb0f70b3b6f179f60ccbb5338f3cbc,"[{""trait_type"":""Background"",""value"":""Rose""},{""trait_type"":""Body"",""value"":""Mold""},{""trait_type"":""Snout"",""value"":""Regular Snout""},{""trait_type"":""Tail"",""value"":""Tail 3""},{""trait_type"":""Head Accessory"",""value"":""Skateboard Cat""},{""trait_type"":""Eyes"",""value"":""Black""},{""trait_type"":""Socks"",""value"":""White Socks""}]"
880,5567612,0xcdf51fde7235875f00adfbd22f8c05a30b656413c768a228e2d7b0002d6cf0a9,"[{""trait_type"":""Background"",""value"":""purple""},{""trait_type"":""Body"",""value"":""Blood""},{""trait_type"":""Snout"",""value"":""Snout Wide""},{""trait_type"":""Spots"",""value"":""Spots 2""},{""trait_type"":""Eyes"",""value"":""Black""}]"
879,5566168,0x15182a1cc0df627014de16ea7f6626bd00c818ccde1c618892cb4dcec9f0f4af,"[{""trait_type"":""Background"",""value"":""Pink""},{""trait_type"":""Body"",""value"":""Blood""},{""trait_type"":""Snout"",""value"":""Snout Snot""},{""trait_type"":""Spots"",""value"":""Spots 1""},{""trait_type"":""Tail"",""value"":""Tail 3""},{""trait_type"":""Eyes"",""value"":""3D""}]"
878,5566540,0xd1fd2be3196f273b6b6e7f923d9dbffe9d3af679810839d0b260e34f42ee19b7,"[{""trait_type"":""Background"",""value"":""aqua""},{""trait_type"":""Body"",""value"":""Pink""},{""trait_type"":""Snout"",""value"":""Snout Wide""},{""trait_type"":""Spots"",""value"":""Spots 3""},{""trait_type"":""Tail"",""value"":""Tail 3""},{""trait_type"":""Eyes"",""value"":""Black""},{""trait_type"":""Accessory"",""value"":""Mud Pit""}]"
877,5565371,0xa802a7cabd3446d803d6f830b9723d66177365d860146e06299b735452494ff8,"[{""trait_type"":""Background"",""value"":""Grey 2""},{""trait_type"":""Body"",""value"":""Mold""},{""trait_type"":""Snout"",""value"":""Regular Snout""},{""trait_type"":""Spots"",""value"":""Spots 1""},{""trait_type"":""Tail"",""value"":""Tail 1""},{""trait_type"":""Head Accessory"",""value"":""Cowboy Hat""},{""trait_type"":""Eyes"",""value"":""Black""}]"
876,5565878,0xc710607e93aafa1923106d9f9d59388512089c5ba871e8701352de30d26ad2b9,"[{""trait_type"":""Background"",""value"":""Brown""},{""trait_type"":""Body"",""value"":""Dusty Pink""},{""trait_type"":""Snout"",""value"":""Regular Snout""},{""trait_type"":""Tail"",""value"":""Tail 3""},{""trait_type"":""Head Accessory"",""value"":""Beanie""},{""trait_type"":""Eyes"",""value"":""Red""},{""trait_type"":""Accessory"",""value"":""SkateBoard""}]"
875,5566344,0x441f88c0f4b9178b69df2fd0a66aa02cde5756443a9dd8bfdf177a0998fa05c4,"[{""trait_type"":""Background"",""value"":""Grey 2""},{""trait_type"":""Body"",""value"":""Pink""},{""trait_type"":""Snout"",""value"":""Regular Snout""},{""trait_type"":""Spots"",""value"":""Spots 3""},{""trait_type"":""Tail"",""value"":""Tail 1""},{""trait_type"":""Eyes"",""value"":""3D""},{""trait_type"":""Socks"",""value"":""Grandpa Socks""}]"
874,5565479,0xea23f24a6165250c6cc2471ade44b5b691ded6cf15cef8c5bad3fd82d7108025,"[{""trait_type"":""Background"",""value"":""green""},{""trait_type"":""Body"",""value"":""Pink""},{""trait_type"":""Snout"",""value"":""Snout Wide""},{""trait_type"":""Spots"",""value"":""Spots 1""},{""trait_type"":""Head Accessory"",""value"":""White Beanie""},{""trait_type"":""Eyes"",""value"":""Black""}]"
873,5565496,0x277df092e96a98b566185d2767814e63e9e8c1ada5eb1dab1c92686b19aafded,"[{""trait_type"":""Background"",""value"":""Pink""},{""trait_type"":""Body"",""value"":""Mold""},{""trait_type"":""Snout"",""value"":""Snout Wide""},{""trait_type"":""Spots"",""value"":""Spots 2""},{""trait_type"":""Tail"",""value"":""Tail 1""},{""trait_type"":""Eyes"",""value"":""Orange""},{""trait_type"":""Accessory"",""value"":""SkateBoard""}]"
872,5565125,0x7e0a45cb9b10659ad68a12187ba7cfd04d105339863ef4b34221926f7be50518,"[{""trait_type"":""Background"",""value"":""green""},{""trait_type"":""Body"",""value"":""Bot""},{""trait_type"":""Snout"",""value"":""Snout Wide""},{""trait_type"":""Spots"",""value"":""Spots 3""},{""trait_type"":""Tail"",""value"":""Tail 3""},{""trait_type"":""Head Accessory"",""value"":""Cap Back Red""},{""trait_type"":""Eyes"",""value"":""Viper""}]"
871,5567003,0x6af24edc5b79d56b36747826198526e066a134140f31cee6949599564cf15724,"[{""trait_type"":""Background"",""value"":""Pink""},{""trait_type"":""Body"",""value"":""Bot""},{""trait_type"":""Snout"",""value"":""Regular Snout""},{""trait_type"":""Spots"",""value"":""Spots 1""},{""trait_type"":""Tail"",""value"":""Tail 3""},{""trait_type"":""Eyes"",""value"":""Orange""}]"
870,5567611,0xb4939b2f82cf85cf2647e743a3829e6218feb2578ada5a2137fea6ae85eb2f6a,"[{""trait_type"":""Background"",""value"":""Pink""},{""trait_type"":""Body"",""value"":""Blood""},{""trait_type"":""Snout"",""value"":""Snout Snot""},{""trait_type"":""Spots"",""value"":""Spots 3""},{""trait_type"":""Tail"",""value"":""Tail 1""},{""trait_type"":""Eyes"",""value"":""Red""}]"
869,5566114,0x9ae3669ded94a99b56474bcad499ac3e08a14b764b80684a0b56231f7554e914,"[{""trait_type"":""Background"",""value"":""White""},{""trait_type"":""Body"",""value"":""Pink""},{""trait_type"":""Snout"",""value"":""Regular Snout""},{""trait_type"":""Spots"",""value"":""Spots 1""},{""trait_type"":""Tail"",""value"":""Tail 3""},{""trait_type"":""Eyes"",""value"":""Deal With It""},{""trait_type"":""Wacky"",""value"":""Yes""},{""trait_type"":""Accessory"",""value"":""Mud Pit""}]"
868,5566583,0x68d2aec88cce84328527df3bad7b6a5942848642ac53545e801df33649dca566,"[{""trait_type"":""Background"",""value"":""blue""},{""trait_type"":""Body"",""value"":""Mold""},{""trait_type"":""Snout"",""value"":""Snout Snot""},{""trait_type"":""Spots"",""value"":""Spots 1""},{""trait_type"":""Tail"",""value"":""Tail 2""},{""trait_type"":""Eyes"",""value"":""Green""}]"
867,5565289,0xe63387a30c64cb6caeb5569097156b9e6e29a7670f01e10f99273ffa9f0197b0,"[{""trait_type"":""Background"",""value"":""Brown""},{""trait_type"":""Body"",""value"":""Dusty Pink""},{""trait_type"":""Snout"",""value"":""Snout Wide""},{""trait_type"":""Spots"",""value"":""Spots 1""},{""trait_type"":""Head Accessory"",""value"":""Skateboard Cat""},{""trait_type"":""Eyes"",""value"":""Green""}]"
866,5567610,0x8403a51c797466ae74bb34c46878d97a27fa59aef9b69aefb2d2d8f53a95ec11,"[{""trait_type"":""Background"",""value"":""purple""},{""trait_type"":""Body"",""value"":""Pink""},{""trait_type"":""Snout"",""value"":""Regular Snout""},{""trait_type"":""Tail"",""value"":""Tail 3""},{""trait_type"":""Eyes"",""value"":""Black""}]"
865,5565618,0xe10b4d2fd1812bbe3d17e483adb534fb251e1722368c7ce744d64f31e6a7a9b9,"[{""trait_type"":""Background"",""value"":""green""},{""trait_type"":""Body"",""value"":""Pink""},{""trait_type"":""Snout"",""value"":""Regular Snout""},{""trait_type"":""Spots"",""value"":""Spots 1""},{""trait_type"":""Tail"",""value"":""Tail 2""},{""trait_type"":""Eyes"",""value"":""3D""}]"
864,5565556,0xa7dadeba37b84e5960734b0a747dfa72052e581d6df87fd90d9c2ce490506e2e,"[{""trait_type"":""Background"",""value"":""YEEEEET""},{""trait_type"":""Body"",""value"":""Pigdenza""},{""trait_type"":""Snout"",""value"":""Regular Snout""},{""trait_type"":""Tail"",""value"":""tail 1""},{""trait_type"":""Head Accessory"",""value"":""Pink Pepe""},{""trait_type"":""Eyes"",""value"":""Black""}]"
863,5565463,0x243e1372a159be0fc83dd1c3d844405663102118113c023cf0a27facc21c83ac,"[{""trait_type"":""Background"",""value"":""Grey 2""},{""trait_type"":""Body"",""value"":""Pigdenza""},{""trait_type"":""Snout"",""value"":""Regular Snout""},{""trait_type"":""Eyes"",""value"":""Orange""},{""trait_type"":""Socks"",""value"":""Grandpa Socks""},{""trait_type"":""Accessory"",""value"":""Explorer""}]"
862,5565478,0x7839aff310f07fd5aa816811cc411d04eedc30dcaa0faf90fc65ba972a3b149f,"[{""trait_type"":""Background"",""value"":""Pork Chart""},{""trait_type"":""Body"",""value"":""Dusty Pink""},{""trait_type"":""Snout"",""value"":""Regular Snout""},{""trait_type"":""Spots"",""value"":""Spots 1""},{""trait_type"":""Head Accessory"",""value"":""White Beanie""},{""trait_type"":""Eyes"",""value"":""3D""},{""trait_type"":""Accessory"",""value"":""Mud Pit""}]"
861,5566224,0x63765944809062ff0d41e9ffe2c1aeffc3ce48c0c8bf6cec434208bd58ac60e5,"[{""trait_type"":""Background"",""value"":""purple""},{""trait_type"":""Body"",""value"":""Blood""},{""trait_type"":""Snout"",""value"":""Snout Wide""},{""trait_type"":""Tail"",""value"":""Tail 2""},{""trait_type"":""Head Accessory"",""value"":""Pink Pepe""},{""trait_type"":""Eyes"",""value"":""Orange""},{""trait_type"":""Accessory"",""value"":""Mud Pit""}]"
860,5566506,0xb261083861b65eb3ca6dcf218cf56ac87a8e955935e72fd7bf2d901543d243f5,"[{""trait_type"":""Background"",""value"":""green""},{""trait_type"":""Body"",""value"":""Mold""},{""trait_type"":""Snout"",""value"":""Regular Snout""},{""trait_type"":""Spots"",""value"":""Spots 1""},{""trait_type"":""Tail"",""value"":""Tail 2""},{""trait_type"":""Eyes"",""value"":""Viper""}]"
859,5566500,0x6544f33b46b72dd78de2290ddaa31262852bf242b4c96ab02bb1716641bb164b,"[{""trait_type"":""Background"",""value"":""aqua""},{""trait_type"":""Body"",""value"":""Mold""},{""trait_type"":""Snout"",""value"":""Regular Snout""},{""trait_type"":""Head Accessory"",""value"":""White Beanie""},{""trait_type"":""Eyes"",""value"":""Viper""},{""trait_type"":""Accessory"",""value"":""SkateBoard""}]"
858,5565716,0xaa48897c96ea1cef7826ed087ef6c0d4bfc133fe312f9f3318f7b2223effcba4,"[{""trait_type"":""Background"",""value"":""purple""},{""trait_type"":""Body"",""value"":""Dusty Pink""},{""trait_type"":""Snout"",""value"":""Snout Wide""},{""trait_type"":""Spots"",""value"":""Spots 1""},{""trait_type"":""Tail"",""value"":""Tail 2""},{""trait_type"":""Head Accessory"",""value"":""Cap Back Red""},{""trait_type"":""Eyes"",""value"":""Black""}]"
857,5565010,0x427f955a4fe708012caeb5f46a8345b6ccd75af8ddcf09b98bcb676da67b12e7,"[{""trait_type"":""Background"",""value"":""Not Sunny""},{""trait_type"":""Body"",""value"":""Pink""},{""trait_type"":""Snout"",""value"":""Regular Snout""},{""trait_type"":""Tail"",""value"":""Tail 1""},{""trait_type"":""Eyes"",""value"":""Red""},{""trait_type"":""Accessory"",""value"":""Mud Pit""}]"
856,5565836,0xdd982c5f8b672b475765ffd083b7ab7a6e3e8dfcfd56f0c6484447a3e6eed101,"[{""trait_type"":""Background"",""value"":""green""},{""trait_type"":""Body"",""value"":""Bot""},{""trait_type"":""Snout"",""value"":""Regular Snout""},{""trait_type"":""Tail"",""value"":""Tail 3""},{""trait_type"":""Eyes"",""value"":""Black""},{""trait_type"":""Accessory"",""value"":""Mud Pit""}]"
855,5569359,0x323d5b71b8da6c90742aee0ade0a04e2a645d36bc1fa1010c4c0f33ad2042236,"[{""trait_type"":""Background"",""value"":""green""},{""trait_type"":""Body"",""value"":""Bot""},{""trait_type"":""Snout"",""value"":""Snout Wide""},{""trait_type"":""Spots"",""value"":""Spots 3""},{""trait_type"":""Tail"",""value"":""Tail 2""},{""trait_type"":""Eyes"",""value"":""Red""}]"
854,5566523,0xa7122d34b2e651bac545010aabe74119e5ae0da12cd391519e9131e07bc9cc98,"[{""trait_type"":""Background"",""value"":""Grey 2""},{""trait_type"":""Body"",""value"":""Mold""},{""trait_type"":""Snout"",""value"":""Snout Wide""},{""trait_type"":""Spots"",""value"":""Spots 2""},{""trait_type"":""Tail"",""value"":""Tail 1""},{""trait_type"":""Eyes"",""value"":""Black""}]"
853,5566113,0xc987165a09873b296a50de3c972322508283d32b7013329bca2e48ef1be37e4c,"[{""trait_type"":""Background"",""value"":""Sunny""},{""trait_type"":""Body"",""value"":""Dusty Pink""},{""trait_type"":""Snout"",""value"":""Regular Snout""},{""trait_type"":""Spots"",""value"":""Spots 1""},{""trait_type"":""Tail"",""value"":""Tail 2""},{""trait_type"":""Eyes"",""value"":""Black""}]"
852,5565622,0xe6c16a8f21b47d1c590fb8179917eeaa4ba42d2dd092db2bd509e7087352fb45,"[{""trait_type"":""Background"",""value"":""Pink""},{""trait_type"":""Body"",""value"":""Blood""},{""trait_type"":""Snout"",""value"":""Snout Wide""},{""trait_type"":""Tail"",""value"":""Tail 1""},{""trait_type"":""Eyes"",""value"":""Viper""}]"
851,5566258,0xac76f48418f7c974ff0358e245e57fda99fe466b3f7359f0ad649260f97f2341,"[{""trait_type"":""Background"",""value"":""pisser""},{""trait_type"":""Body"",""value"":""Purp""},{""trait_type"":""Snout"",""value"":""Regular Snout""},{""trait_type"":""Spots"",""value"":""Spots 3""},{""trait_type"":""Tail"",""value"":""Tail 1""},{""trait_type"":""Head Accessory"",""value"":""Orange Cat""},{""trait_type"":""Eyes"",""value"":""Red""}]"
850,5566487,0xf4262ac1a93d5f966b15c1b2b34c635b831b28d591ee9229ffdaee00cd3d11c4,"[{""trait_type"":""Background"",""value"":""green""},{""trait_type"":""Body"",""value"":""Zombie""},{""trait_type"":""Snout"",""value"":""Snout Wide""},{""trait_type"":""Spots"",""value"":""Spots 3""},{""trait_type"":""Tail"",""value"":""Tail 2""},{""trait_type"":""Eyes"",""value"":""Blue""}]"
849,5565435,0xf4b0e2fb4bafaf55ae8247fdd9bbc534505ba33fd59d4ec786d49aa93b776957,"[{""trait_type"":""Background"",""value"":""Pink""},{""trait_type"":""Body"",""value"":""Blood""},{""trait_type"":""Snout"",""value"":""Regular Snout""},{""trait_type"":""Spots"",""value"":""Spots 1""},{""trait_type"":""Tail"",""value"":""Tail 2""},{""trait_type"":""Head Accessory"",""value"":""Cowboy Hat""},{""trait_type"":""Eyes"",""value"":""Red""}]"
848,5565222,0x78d07a8fd129d0413898b10717bde2d5a2a33b1fe130e19a28398c506787d7c2,"[{""trait_type"":""Background"",""value"":""Pork Chart""},{""trait_type"":""Body"",""value"":""Mold""},{""trait_type"":""Snout"",""value"":""Snout Wide""},{""trait_type"":""Spots"",""value"":""Spots 3""},{""trait_type"":""Tail"",""value"":""Tail 3""},{""trait_type"":""Head Accessory"",""value"":""Pink Pepe""},{""trait_type"":""Eyes"",""value"":""Deal With It""}]"
847,5566569,0xd00e8f40d1fc3ff359eceae8fc52437fc66f165cf306b9bf46c2d1aaae6df796,"[{""trait_type"":""Background"",""value"":""green""},{""trait_type"":""Body"",""value"":""Pink""},{""trait_type"":""Snout"",""value"":""Snout Wide""},{""trait_type"":""Spots"",""value"":""Spots 1""},{""trait_type"":""Tail"",""value"":""Tail 2""},{""trait_type"":""Eyes"",""value"":""3D""}]"
846,5565197,0x82bacb9ff186426b2954c89c2754816459ddfa4017c2e7a7788f48b86a960a5b,"[{""trait_type"":""Background"",""value"":""blue""},{""trait_type"":""Body"",""value"":""Dusty Pink""},{""trait_type"":""Snout"",""value"":""Snout Wide""},{""trait_type"":""Spots"",""value"":""Spots 2""},{""trait_type"":""Tail"",""value"":""Tail 1""},{""trait_type"":""Head Accessory"",""value"":""Pink Pepe""},{""trait_type"":""Eyes"",""value"":""Green""}]"
845,5565320,0xe847df5345ca8cea560afadd71aa30a833577d8f22e68e89f8e270b83f5f0ba6,"[{""trait_type"":""Background"",""value"":""Brown""},{""trait_type"":""Body"",""value"":""Pink""},{""trait_type"":""Snout"",""value"":""Snout Wide""},{""trait_type"":""Tail"",""value"":""Tail 3""},{""trait_type"":""Head Accessory"",""value"":""Crown""},{""trait_type"":""Eyes"",""value"":""Black""}]"
844,5565707,0xb27c4557022c3c0c3ff205e5679bfa203f4a73892e7399b138b6e9a734221765,"[{""trait_type"":""Background"",""value"":""purple""},{""trait_type"":""Body"",""value"":""Mold""},{""trait_type"":""Snout"",""value"":""Snout Wide""},{""trait_type"":""Tail"",""value"":""Tail 2""},{""trait_type"":""Eyes"",""value"":""Green""},{""trait_type"":""Accessory"",""value"":""Explorer""}]"
843,5565319,0xb3c0cefbe8b3994a6ba5934bebf2fdd0f5a86f34b20986d4edb74bdb40112c73,"[{""trait_type"":""Background"",""value"":""Pink""},{""trait_type"":""Body"",""value"":""Blood""},{""trait_type"":""Snout"",""value"":""Regular Snout""},{""trait_type"":""Spots"",""value"":""Spots 2""},{""trait_type"":""Tail"",""value"":""Tail 3""},{""trait_type"":""Head Accessory"",""value"":""Grey Spinner""},{""trait_type"":""Eyes"",""value"":""Red""}]"
842,5565758,0xf44f16d3594a29c05b50273d93989aebc9ec004ec34d7e7b061b9dc3cb137e53,"[{""trait_type"":""Background"",""value"":""Brown""},{""trait_type"":""Body"",""value"":""Pink""},{""trait_type"":""Snout"",""value"":""Snout Wide""},{""trait_type"":""Head Accessory"",""value"":""Top Hat""},{""trait_type"":""Eyes"",""value"":""Black""},{""trait_type"":""Accessory"",""value"":""Explorer""}]"
841,5565879,0x0bd9506aa419255e95b388afbf63a32955a1d040789dfcad69432be85a374450,"[{""trait_type"":""Background"",""value"":""orange""},{""trait_type"":""Body"",""value"":""Bot""},{""trait_type"":""Snout"",""value"":""Snout Wide""},{""trait_type"":""Tail"",""value"":""Tail 3""},{""trait_type"":""Head Accessory"",""value"":""Orange Cat""},{""trait_type"":""Eyes"",""value"":""Deal With It""},{""trait_type"":""Accessory"",""value"":""Mud Pit""}]"
840,5565856,0xb8247f6fb6fb69d54188a310f2883914996c414332671e494afbf6e35a3896e7,"[{""trait_type"":""Background"",""value"":""Sunny""},{""trait_type"":""Body"",""value"":""Mold""},{""trait_type"":""Snout"",""value"":""Regular Snout""},{""trait_type"":""Tail"",""value"":""Tail 2""},{""trait_type"":""Eyes"",""value"":""Orange""}]"
839,5565715,0x44f6b7a5c4f482b591be332823f7a50b25408a08295833fdc788af2263236a85,"[{""trait_type"":""Background"",""value"":""orange""},{""trait_type"":""Body"",""value"":""Dusty Pink""},{""trait_type"":""Snout"",""value"":""Regular Snout""},{""trait_type"":""Spots"",""value"":""Spots 1""},{""trait_type"":""Tail"",""value"":""Tail 2""},{""trait_type"":""Head Accessory"",""value"":""Turd Cat""},{""trait_type"":""Eyes"",""value"":""Green""}]"
838,5565550,0x4ff4f6a15a11457a38a4e4aa7e4e79e6a01914974804f6ba68df0446fc5dc102,"[{""trait_type"":""Background"",""value"":""Rose""},{""trait_type"":""Body"",""value"":""Bot""},{""trait_type"":""Snout"",""value"":""Snout Wide""},{""trait_type"":""Spots"",""value"":""Spots 1""},{""trait_type"":""Head Accessory"",""value"":""Pink Pepe""},{""trait_type"":""Eyes"",""value"":""Red""}]"
837,5566269,0x346a340ab4e32cee1319dab211ca69ec96fec62692f8f687fff93ba8f45e56dd,"[{""trait_type"":""Background"",""value"":""aqua""},{""trait_type"":""Body"",""value"":""Purp""},{""trait_type"":""Snout"",""value"":""Snout Wide""},{""trait_type"":""Spots"",""value"":""Spots 3""},{""trait_type"":""Tail"",""value"":""Tail 3""},{""trait_type"":""Head Accessory"",""value"":""Sad Cat""},{""trait_type"":""Eyes"",""value"":""Blue""}]"
836,5565364,0x0b2fb509967c668e392cc786e6a13a258dc2a5529c156463801d64c919eb6cd5,"[{""trait_type"":""Background"",""value"":""Field""},{""trait_type"":""Body"",""value"":""Pink""},{""trait_type"":""Snout"",""value"":""Snout Wide""},{""trait_type"":""Tail"",""value"":""Tail 2""},{""trait_type"":""Head Accessory"",""value"":""Blue Cap""},{""trait_type"":""Eyes"",""value"":""Black""}]"
835,5565584,0x7ffcaf092ad673b36cc7781e5152c828eded87cc85f5dc227db48d7f52cac478,"[{""trait_type"":""Background"",""value"":""aqua""},{""trait_type"":""Body"",""value"":""Purp""},{""trait_type"":""Snout"",""value"":""Snout Snot""},{""trait_type"":""Spots"",""value"":""Spots 3""},{""trait_type"":""Tail"",""value"":""Tail 3""},{""trait_type"":""Eyes"",""value"":""Black""},{""trait_type"":""Accessory"",""value"":""Explorer""}]"
834,5564839,0x3afe0154aee4943c96a6676e9aad0287b43f9541587cb6a84285c0a21f2e30ad,"[{""trait_type"":""Background"",""value"":""Matrix""},{""trait_type"":""Body"",""value"":""Mold""},{""trait_type"":""Snout"",""value"":""Regular Snout""},{""trait_type"":""Spots"",""value"":""Spots 1""},{""trait_type"":""Tail"",""value"":""Tail 3""},{""trait_type"":""Eyes"",""value"":""Blue""},{""trait_type"":""Socks"",""value"":""White Socks""}]"
833,5566189,0xdf64423977bb8aac1fd6b7ffb4bda27eb1ee1fa7d6caff8a30d0eddafd509979,"[{""trait_type"":""Background"",""value"":""pisser""},{""trait_type"":""Body"",""value"":""Mold""},{""trait_type"":""Snout"",""value"":""Regular Snout""},{""trait_type"":""Spots"",""value"":""Spots 1""},{""trait_type"":""Tail"",""value"":""Tail 1""},{""trait_type"":""Head Accessory"",""value"":""Top Hat""},{""trait_type"":""Eyes"",""value"":""Black""}]"
832,5565140,0xed44f6d700fcf807e2e5cd8fcd1bfb2f3feafe52dd73d68ba85eb69687db490f,"[{""trait_type"":""Background"",""value"":""blue""},{""trait_type"":""Body"",""value"":""Dusty Pink""},{""trait_type"":""Snout"",""value"":""Snout Wide""},{""trait_type"":""Tail"",""value"":""Tail 2""},{""trait_type"":""Head Accessory"",""value"":""Beanie""},{""trait_type"":""Eyes"",""value"":""Red""},{""trait_type"":""Accessory"",""value"":""Hover Board""}]"
831,5565531,0x528643b21a156ff51bec420f64147afae1966848b8fca4c43fc1d155d605daf4,"[{""trait_type"":""Background"",""value"":""Not Sunny""},{""trait_type"":""Body"",""value"":""Mold""},{""trait_type"":""Snout"",""value"":""Snout Snot""},{""trait_type"":""Spots"",""value"":""Spots 1""},{""trait_type"":""Tail"",""value"":""Tail 3""},{""trait_type"":""Eyes"",""value"":""Green""}]"
830,5565865,0xaa5ae29aced63f2eb23fa0ac2c2c7d9f1ed6904480134c797c0e862a0308f9c5,"[{""trait_type"":""Background"",""value"":""orange""},{""trait_type"":""Body"",""value"":""Pigdenza""},{""trait_type"":""Snout"",""value"":""Regular Snout""},{""trait_type"":""Spots"",""value"":""spots 2""},{""trait_type"":""Tail"",""value"":""tail 3""},{""trait_type"":""Head Accessory"",""value"":""Blue Cap""},{""trait_type"":""Eyes"",""value"":""Patch""}]"
829,5565318,0x02306e473102f6e49fb3501eb7c6de114d98432e00aaa0c89fa1e7257d09c3bf,"[{""trait_type"":""Background"",""value"":""purple""},{""trait_type"":""Body"",""value"":""Mold""},{""trait_type"":""Snout"",""value"":""Snout Snot""},{""trait_type"":""Tail"",""value"":""Tail 1""},{""trait_type"":""Eyes"",""value"":""Black""}]"
828,5565138,0xefec4e2e27f025901d4d8289278890b5e571f687e8797f6e653a0008119bb46d,"[{""trait_type"":""Background"",""value"":""Brown""},{""trait_type"":""Body"",""value"":""Dusty Pink""},{""trait_type"":""Snout"",""value"":""Regular Snout""},{""trait_type"":""Spots"",""value"":""Spots 3""},{""trait_type"":""Tail"",""value"":""Tail 1""},{""trait_type"":""Head Accessory"",""value"":""Pepe""},{""trait_type"":""Eyes"",""value"":""Red""},{""trait_type"":""Accessory"",""value"":""Mud Pit""}]"
827,5569344,0x1c4aab8e01e7c5c41408c5ab9aa9ea26ea3f8e055553a2e9e42bf6d1575725eb,"[{""trait_type"":""Background"",""value"":""Grey""},{""trait_type"":""Body"",""value"":""Pink""},{""trait_type"":""Snout"",""value"":""Regular Snout""},{""trait_type"":""Spots"",""value"":""Spots 3""},{""trait_type"":""Tail"",""value"":""Tail 2""},{""trait_type"":""Head Accessory"",""value"":""Grey Spinner""},{""trait_type"":""Eyes"",""value"":""Red""},{""trait_type"":""Socks"",""value"":""White Socks""}]"
826,5564901,0x0a2b2e653c1bb423a57c09de62a28a0effa0492d7f4d64ab0f37b058f8845a39,"[{""trait_type"":""Background"",""value"":""Pink""},{""trait_type"":""Body"",""value"":""Gold""},{""trait_type"":""Snout"",""value"":""Regular Snout""},{""trait_type"":""Tail"",""value"":""Tail 2""},{""trait_type"":""Eyes"",""value"":""Black""}]"
825,5565675,0x5dc09d7acfd6e3a874d15fd1e1dc82569e74aeecabdba1f43a27f936fa0b1c80,"[{""trait_type"":""Background"",""value"":""Grey 2""},{""trait_type"":""Body"",""value"":""Purp""},{""trait_type"":""Snout"",""value"":""Snout Wide""},{""trait_type"":""Spots"",""value"":""Spots 3""},{""trait_type"":""Tail"",""value"":""Tail 2""},{""trait_type"":""Head Accessory"",""value"":""Orange Cat""},{""trait_type"":""Eyes"",""value"":""Red""},{""trait_type"":""Socks"",""value"":""White Socks""},{""trait_type"":""Accessory"",""value"":""SkateBoard""}]"
824,5564846,0xdbc2812d64af183e8ea0f5ff47027222688d58ecbf60f7eaec64fb048a78484c,"[{""trait_type"":""Background"",""value"":""White""},{""trait_type"":""Body"",""value"":""Alien""},{""trait_type"":""Snout"",""value"":""Snout Wide""},{""trait_type"":""Spots"",""value"":""Spots 3""},{""trait_type"":""Tail"",""value"":""Tail 2""},{""trait_type"":""Head Accessory"",""value"":""Grey Spinner""},{""trait_type"":""Eyes"",""value"":""Alien""},{""trait_type"":""Wacky"",""value"":""Yes""},{""trait_type"":""Accessory"",""value"":""SkateBoard""}]"
823,5565546,0xa0bad0da3127fe7ce7ab2c9bd1f997f8e89985abcac2e9cd3f32bfa0f487ceb1,"[{""trait_type"":""Background"",""value"":""White""},{""trait_type"":""Body"",""value"":""Mold""},{""trait_type"":""Snout"",""value"":""Snout Snot""},{""trait_type"":""Spots"",""value"":""Spots 1""},{""trait_type"":""Tail"",""value"":""Tail 1""},{""trait_type"":""Head Accessory"",""value"":""Top Hat""},{""trait_type"":""Eyes"",""value"":""Orange""},{""trait_type"":""Wacky"",""value"":""Yes""},{""trait_type"":""Accessory"",""value"":""SkateBoard""}]"
822,5565941,0xe6272c8e4866ff0eeeb79cfb1d7733051c52b8ab9933326036bfebaebf701814,"[{""trait_type"":""Background"",""value"":""Grey""},{""trait_type"":""Body"",""value"":""Blood""},{""trait_type"":""Snout"",""value"":""Regular Snout""},{""trait_type"":""Head Accessory"",""value"":""Top Hat""},{""trait_type"":""Eyes"",""value"":""Blue""}]"
821,5564878,0x7dece97b5093a935c6331ff7539e4c2f81345439ecf367febf7ede0c8719c1e5,"[{""trait_type"":""Background"",""value"":""Pork Chart""},{""trait_type"":""Body"",""value"":""Bot""},{""trait_type"":""Snout"",""value"":""Regular Snout""},{""trait_type"":""Spots"",""value"":""Spots 2""},{""trait_type"":""Tail"",""value"":""Tail 3""},{""trait_type"":""Eyes"",""value"":""Patch""},{""trait_type"":""Accessory"",""value"":""SkateBoard""}]"
820,5565855,0xd4b882ba028959b70bc23a8080bf015ea4f2c5c558da41f4130278b40ff8d6cf,"[{""trait_type"":""Background"",""value"":""Sunny""},{""trait_type"":""Body"",""value"":""Purp""},{""trait_type"":""Snout"",""value"":""Snout Snot""},{""trait_type"":""Spots"",""value"":""Spots 3""},{""trait_type"":""Tail"",""value"":""Tail 1""},{""trait_type"":""Eyes"",""value"":""Blue""},{""trait_type"":""Accessory"",""value"":""Mud Pit""}]"
819,5565864,0x8dd06720b1f59fa87764655c279a3a3eb696fd52eb979908048b47d3a63afa6f,"[{""trait_type"":""Background"",""value"":""Pink""},{""trait_type"":""Body"",""value"":""Pigdenza""},{""trait_type"":""Snout"",""value"":""Snout Wide""},{""trait_type"":""Tail"",""value"":""tail 1""},{""trait_type"":""Eyes"",""value"":""Red""}]"
818,5564844,0x27898c5a9e01aa1c6b55af2fc0e875650361625876ae381deb07fa39c5fc466b,"[{""trait_type"":""Background"",""value"":""Pink""},{""trait_type"":""Body"",""value"":""Pink""},{""trait_type"":""Snout"",""value"":""Regular Snout""},{""trait_type"":""Spots"",""value"":""Spots 2""},{""trait_type"":""Tail"",""value"":""Tail 2""},{""trait_type"":""Eyes"",""value"":""3D""}]"
817,5565203,0x741994062221b956151eb7bdad9a463752d0e79567742a34a89c08daf2e8f8f9,"[{""trait_type"":""Background"",""value"":""Pork Chart""},{""trait_type"":""Body"",""value"":""Purp""},{""trait_type"":""Snout"",""value"":""Regular Snout""},{""trait_type"":""Tail"",""value"":""Tail 2""},{""trait_type"":""Head Accessory"",""value"":""Pepe""},{""trait_type"":""Eyes"",""value"":""Red""},{""trait_type"":""Accessory"",""value"":""Explorer""}]"
816,5564854,0x5fc0968bedbf4ce339beeb0d5ec4c854067049acea7e7ffd65b8c5c65ae9174b,"[{""trait_type"":""Background"",""value"":""Matrix""},{""trait_type"":""Body"",""value"":""Bot""},{""trait_type"":""Snout"",""value"":""Snout Wide""},{""trait_type"":""Spots"",""value"":""Spots 3""},{""trait_type"":""Tail"",""value"":""Tail 2""},{""trait_type"":""Eyes"",""value"":""Green""},{""trait_type"":""Accessory"",""value"":""Hover Board""}]"
815,5565134,0x07a22de54f95d83ee1209586e88b2150212369a19d0242836b332030ea8e32af,"[{""trait_type"":""Background"",""value"":""Field""},{""trait_type"":""Body"",""value"":""Gold""},{""trait_type"":""Snout"",""value"":""Regular Snout""},{""trait_type"":""Spots"",""value"":""Spots 1""},{""trait_type"":""Tail"",""value"":""Tail 2""},{""trait_type"":""Head Accessory"",""value"":""Top Hat""},{""trait_type"":""Eyes"",""value"":""Black""},{""trait_type"":""Accessory"",""value"":""Mud Pit""}]"
814,5565785,0x593c3c40ec14f7ecbaf7ab7f23668f4fcde8742c6d0869dd1f442ea40dc76707,"[{""trait_type"":""Background"",""value"":""green""},{""trait_type"":""Body"",""value"":""Mold""},{""trait_type"":""Snout"",""value"":""Snout Wide""},{""trait_type"":""Spots"",""value"":""Spots 1""},{""trait_type"":""Head Accessory"",""value"":""Sad Cat""},{""trait_type"":""Eyes"",""value"":""Viper""}]"
813,5566188,0x35a0607beca32638ccffb2f24b1c9d0ea83c88b16528b71885606323431a9dff,"[{""trait_type"":""Background"",""value"":""orange""},{""trait_type"":""Body"",""value"":""Mold""},{""trait_type"":""Snout"",""value"":""Regular Snout""},{""trait_type"":""Spots"",""value"":""Spots 2""},{""trait_type"":""Tail"",""value"":""Tail 2""},{""trait_type"":""Head Accessory"",""value"":""Grey Beanie""},{""trait_type"":""Eyes"",""value"":""Viper""},{""trait_type"":""Socks"",""value"":""Grandpa Socks""}]"
812,5565790,0x82fa9afcccb3da31ca1ff69b768285785aebb2b18c9d7367c5964bd2da4423ec,"[{""trait_type"":""Background"",""value"":""purple""},{""trait_type"":""Body"",""value"":""Dusty Pink""},{""trait_type"":""Snout"",""value"":""Snout Wide""},{""trait_type"":""Tail"",""value"":""Tail 3""},{""trait_type"":""Head Accessory"",""value"":""Dino""},{""trait_type"":""Eyes"",""value"":""3D""}]"
811,5565076,0x8fd35f382647cc05bcc1b0b142782d4ea7d8aea0f13a85fccca177430d4a5add,"[{""trait_type"":""Background"",""value"":""Not Sunny""},{""trait_type"":""Body"",""value"":""Mold""},{""trait_type"":""Snout"",""value"":""Regular Snout""},{""trait_type"":""Tail"",""value"":""Tail 3""},{""trait_type"":""Head Accessory"",""value"":""Turd Cat""},{""trait_type"":""Eyes"",""value"":""Viper""}]"
810,5564940,0x69a5428db1a6d1631b23dbd12537b779259e34f4a75aba34c8d53fee033ed0e2,"[{""trait_type"":""Background"",""value"":""green""},{""trait_type"":""Body"",""value"":""Gold""},{""trait_type"":""Snout"",""value"":""Snout Wide""},{""trait_type"":""Head Accessory"",""value"":""Deal With It Pink Pepe""},{""trait_type"":""Eyes"",""value"":""Black""}]"
809,5565528,0xdb06027f5faa5158e9b61c2c2d449d3894b0e5aff019adffb5b79fe271c2c18e,"[{""trait_type"":""Background"",""value"":""Sunny""},{""trait_type"":""Body"",""value"":""Mold""},{""trait_type"":""Snout"",""value"":""Regular Snout""},{""trait_type"":""Spots"",""value"":""Spots 3""},{""trait_type"":""Tail"",""value"":""Tail 3""},{""trait_type"":""Eyes"",""value"":""Viper""}]"
808,5565925,0x099561a3b5539f4eacad6b2f4c4d702e0457ebf51c5e65ae0aa67aa742e8124e,"[{""trait_type"":""Background"",""value"":""purple""},{""trait_type"":""Body"",""value"":""Dusty Pink""},{""trait_type"":""Snout"",""value"":""Regular Snout""},{""trait_type"":""Spots"",""value"":""Spots 2""},{""trait_type"":""Tail"",""value"":""Tail 3""},{""trait_type"":""Head Accessory"",""value"":""Orange Beanie""},{""trait_type"":""Eyes"",""value"":""Red""}]"
807,5566522,0xd03e5c2980f89fddf125f34998fcf2bd26ef08acd6016cb15ee634e13d1ab094,"[{""trait_type"":""Background"",""value"":""aqua""},{""trait_type"":""Body"",""value"":""Mold""},{""trait_type"":""Snout"",""value"":""Snout Wide""},{""trait_type"":""Tail"",""value"":""Tail 3""},{""trait_type"":""Head Accessory"",""value"":""Blue Cap""},{""trait_type"":""Eyes"",""value"":""Green""},{""trait_type"":""Accessory"",""value"":""Hover Board""}]"
806,5565017,0x25eaa862b083d9f354a62dc743938452dfe526ee811ad22a35ed22f9f3a24004,"[{""trait_type"":""Background"",""value"":""Not Sunny""},{""trait_type"":""Body"",""value"":""Blood""},{""trait_type"":""Snout"",""value"":""Regular Snout""},{""trait_type"":""Spots"",""value"":""Spots 1""},{""trait_type"":""Tail"",""value"":""Tail 3""},{""trait_type"":""Head Accessory"",""value"":""Deal With It Pink Pepe""},{""trait_type"":""Eyes"",""value"":""Blue""}]"
805,5564938,0xe7c6db14e24fd1e6d2653425b1d754f0589143e0fe8609649ed7549f1d624c56,"[{""trait_type"":""Background"",""value"":""Matrix""},{""trait_type"":""Body"",""value"":""Ghost""},{""trait_type"":""Snout"",""value"":""Snout Snot""},{""trait_type"":""Spots"",""value"":""Spots 2""},{""trait_type"":""Tail"",""value"":""Tail 2""},{""trait_type"":""Eyes"",""value"":""Orange""}]"
804,5565921,0x626ba532485aa4d0486928b07b2d3d4062a2ec53c19f0f6f091ae303226d0dab,"[{""trait_type"":""Background"",""value"":""Grey""},{""trait_type"":""Body"",""value"":""Pink""},{""trait_type"":""Snout"",""value"":""Snout Wide""},{""trait_type"":""Spots"",""value"":""Spots 3""},{""trait_type"":""Tail"",""value"":""Tail 3""},{""trait_type"":""Head Accessory"",""value"":""Top Hat""},{""trait_type"":""Eyes"",""value"":""Deal With It""},{""trait_type"":""Socks"",""value"":""White Socks""},{""trait_type"":""Accessory"",""value"":""SkateBoard""}]"
803,5565246,0x5893672106aa3abeb9771be415f0310575b034257041228b0a0e72cd0e4ec3f5,"[{""trait_type"":""Background"",""value"":""orange""},{""trait_type"":""Body"",""value"":""Bot""},{""trait_type"":""Snout"",""value"":""Snout Wide""},{""trait_type"":""Spots"",""value"":""Spots 1""},{""trait_type"":""Head Accessory"",""value"":""Crown""},{""trait_type"":""Eyes"",""value"":""Blue""},{""trait_type"":""Accessory"",""value"":""SkateBoard""}]"
802,5566421,0x179fc81dd0f7c192f55948f7f6e1a614a8db8aa7665b2cb740900d307bbab7c6,"[{""trait_type"":""Background"",""value"":""Grey 2""},{""trait_type"":""Body"",""value"":""Bot""},{""trait_type"":""Snout"",""value"":""Regular Snout""},{""trait_type"":""Spots"",""value"":""Spots 3""},{""trait_type"":""Tail"",""value"":""Tail 3""},{""trait_type"":""Eyes"",""value"":""Green""}]"
801,5565860,0xa823c3758cb2a8379114ecb8aff069123e8a41e66c09c8e2d09d159fb098265e,"[{""trait_type"":""Background"",""value"":""green""},{""trait_type"":""Body"",""value"":""Bot""},{""trait_type"":""Snout"",""value"":""Snout Wide""},{""trait_type"":""Spots"",""value"":""Spots 3""},{""trait_type"":""Tail"",""value"":""Tail 2""},{""trait_type"":""Head Accessory"",""value"":""Pink Pepe""},{""trait_type"":""Eyes"",""value"":""Green""}]"
800,5565321,0x359617b4e1cecec600012e3f9813009405255c94a30d85b1d68c8c25a05a244f,"[{""trait_type"":""Background"",""value"":""orange""},{""trait_type"":""Body"",""value"":""Bot""},{""trait_type"":""Snout"",""value"":""Regular Snout""},{""trait_type"":""Spots"",""value"":""Spots 3""},{""trait_type"":""Tail"",""value"":""Probe""},{""trait_type"":""Eyes"",""value"":""Black""},{""trait_type"":""Accessory"",""value"":""Mud Pit""}]"
799,5564841,0xd1a19ae193f9c6698ef969a7aeaec684feb95881ef359fb14954b8e2b9ad4c87,"[{""trait_type"":""Background"",""value"":""Matrix""},{""trait_type"":""Body"",""value"":""Bot""},{""trait_type"":""Snout"",""value"":""Snout Wide""},{""trait_type"":""Spots"",""value"":""Spots 1""},{""trait_type"":""Tail"",""value"":""Probe""},{""trait_type"":""Eyes"",""value"":""Red""},{""trait_type"":""Accessory"",""value"":""Hover Board""}]"
798,5565960,0xe79477d7a0b23187fd08b646a68e8c4f5ac901f766c1fb8b809284a511a8c616,"[{""trait_type"":""Background"",""value"":""Brown""},{""trait_type"":""Body"",""value"":""Pink""},{""trait_type"":""Snout"",""value"":""Snout Snot""},{""trait_type"":""Eyes"",""value"":""Black""}]"
797,5566485,0x0efff0952a1e11e95a0fc1ec13a595ac7a9e627e73564394c8141b0474f6470a,"[{""trait_type"":""Background"",""value"":""aqua""},{""trait_type"":""Body"",""value"":""Bot""},{""trait_type"":""Snout"",""value"":""Regular Snout""},{""trait_type"":""Tail"",""value"":""Tail 3""},{""trait_type"":""Eyes"",""value"":""Black""},{""trait_type"":""Socks"",""value"":""White Socks""}]"
796,5565077,0xc6cf19a4c2dc1a49379ae7a1cee1d158d7eeee314f4d897f0fa3a71edebc4b5b,"[{""trait_type"":""Background"",""value"":""aqua""},{""trait_type"":""Body"",""value"":""Alien""},{""trait_type"":""Snout"",""value"":""Snout Wide""},{""trait_type"":""Spots"",""value"":""Spots 1""},{""trait_type"":""Tail"",""value"":""Tail 2""},{""trait_type"":""Head Accessory"",""value"":""Orange Cat""},{""trait_type"":""Eyes"",""value"":""Viper""},{""trait_type"":""Accessory"",""value"":""Hover Board""}]"
795,5569345,0xeb7ed65f61041eef183381a3d68ca94bebe3fa62a6f104db76f5af03a8e7ee63,"[{""trait_type"":""Background"",""value"":""green""},{""trait_type"":""Body"",""value"":""Bot""},{""trait_type"":""Snout"",""value"":""Snout Snot""},{""trait_type"":""Tail"",""value"":""Tail 3""},{""trait_type"":""Head Accessory"",""value"":""Blue Beanie""},{""trait_type"":""Eyes"",""value"":""Green""},{""trait_type"":""Accessory"",""value"":""SkateBoard""}]"
794,5565005,0x86f03c746708acfad55dea2469e6423506be6cad711f098d306854c17ed1ebc9,"[{""trait_type"":""Background"",""value"":""Pink""},{""trait_type"":""Body"",""value"":""Dusty Pink""},{""trait_type"":""Snout"",""value"":""Regular Snout""},{""trait_type"":""Spots"",""value"":""Spots 1""},{""trait_type"":""Tail"",""value"":""Tail 3""},{""trait_type"":""Head Accessory"",""value"":""Crown""},{""trait_type"":""Eyes"",""value"":""Green""},{""trait_type"":""Accessory"",""value"":""Explorer""}]"
793,5565649,0xbe9f2f90172494fc0f0be03cc323025106eb1bf20c1083a7c6569aaf28fcdffb,"[{""trait_type"":""Background"",""value"":""Pink""},{""trait_type"":""Body"",""value"":""Pink""},{""trait_type"":""Snout"",""value"":""Snout Wide""},{""trait_type"":""Spots"",""value"":""Spots 1""},{""trait_type"":""Tail"",""value"":""Tail 3""},{""trait_type"":""Head Accessory"",""value"":""Pepe""},{""trait_type"":""Eyes"",""value"":""Blue""}]"
792,5566330,0x2e9f9924df3030fbb9b28161079487538e06c3fc451b966cf1e08cce7beacfc2,"[{""trait_type"":""Background"",""value"":""Grey""},{""trait_type"":""Body"",""value"":""Blood""},{""trait_type"":""Snout"",""value"":""Snout Wide""},{""trait_type"":""Spots"",""value"":""Spots 3""},{""trait_type"":""Tail"",""value"":""Tail 3""},{""trait_type"":""Eyes"",""value"":""Orange""},{""trait_type"":""Accessory"",""value"":""Mud Pit""}]"
791,5565621,0xc78bb0b2396f248d6a88afc438282f77c6fff16f366a4d808425c817f0cfcc56,"[{""trait_type"":""Background"",""value"":""White""},{""trait_type"":""Body"",""value"":""Gold""},{""trait_type"":""Snout"",""value"":""Regular Snout""},{""trait_type"":""Spots"",""value"":""Spots 1""},{""trait_type"":""Tail"",""value"":""tail 1""},{""trait_type"":""Head Accessory"",""value"":""Grey Spinner""},{""trait_type"":""Eyes"",""value"":""Black""},{""trait_type"":""Wacky"",""value"":""Yes""},{""trait_type"":""Accessory"",""value"":""Hover Board""}]"
790,5565542,0x39610752207336acbe6baef39c0aabb7666cde08adb995dbdbb842113cbc6415,"[{""trait_type"":""Background"",""value"":""Brown""},{""trait_type"":""Body"",""value"":""Bot""},{""trait_type"":""Snout"",""value"":""Snout Wide""},{""trait_type"":""Spots"",""value"":""Spots 1""},{""trait_type"":""Head Accessory"",""value"":""Pepe""},{""trait_type"":""Eyes"",""value"":""Red""},{""trait_type"":""Accessory"",""value"":""Mud Pit""}]"
789,5565329,0x8113279d8c44275965334afc385e1a85dc7f8bd57e67efb72541390a582c27ce,"[{""trait_type"":""Background"",""value"":""Grey 2""},{""trait_type"":""Body"",""value"":""Pink""},{""trait_type"":""Snout"",""value"":""Snout Snot""},{""trait_type"":""Spots"",""value"":""Spots 1""},{""trait_type"":""Tail"",""value"":""Tail 3""},{""trait_type"":""Head Accessory"",""value"":""Crown""},{""trait_type"":""Eyes"",""value"":""Black""},{""trait_type"":""Accessory"",""value"":""Mud Pit""}]"
788,5565717,0x27916e97930a7f9a8458d4bc205d40d8a711407f533ecd86e467ac4aad49f165,"[{""trait_type"":""Background"",""value"":""Grey 2""},{""trait_type"":""Body"",""value"":""Blood""},{""trait_type"":""Snout"",""value"":""Regular Snout""},{""trait_type"":""Tail"",""value"":""Tail 3""},{""trait_type"":""Head Accessory"",""value"":""Orange Beanie""},{""trait_type"":""Eyes"",""value"":""Orange""}]"
787,5565795,0x7f22790ea5686ba54628ce37915f50a0c0fd0a333ec41ac455d4ff608ea761ce,"[{""trait_type"":""Background"",""value"":""pisser""},{""trait_type"":""Body"",""value"":""Purp""},{""trait_type"":""Snout"",""value"":""Snout Snot""},{""trait_type"":""Spots"",""value"":""Spots 3""},{""trait_type"":""Tail"",""value"":""Probe""},{""trait_type"":""Head Accessory"",""value"":""White Beanie""},{""trait_type"":""Eyes"",""value"":""Red""}]"
786,5566257,0x4b596c438f5c72a8c267f34f97e9d46b95c84e3da18fc8ec6ef7f89bd9cd8da6,"[{""trait_type"":""Background"",""value"":""Grey""},{""trait_type"":""Body"",""value"":""Mold""},{""trait_type"":""Snout"",""value"":""Regular Snout""},{""trait_type"":""Spots"",""value"":""Spots 3""},{""trait_type"":""Tail"",""value"":""Tail 3""},{""trait_type"":""Eyes"",""value"":""Orange""}]"
785,5565160,0xad0e26126c5cb5f837fe02435c93c95eb3ef1b40500d8252b2bdb401c37c3035,"[{""trait_type"":""Background"",""value"":""Pork Chart""},{""trait_type"":""Body"",""value"":""Purp""},{""trait_type"":""Snout"",""value"":""Regular Snout""},{""trait_type"":""Spots"",""value"":""Spots 1""},{""trait_type"":""Head Accessory"",""value"":""White Beanie""},{""trait_type"":""Eyes"",""value"":""Orange""},{""trait_type"":""Accessory"",""value"":""Mud Pit""}]"
784,5565430,0x81dc68e10045aaec57bfb689d7ca17dfc7e891e9e057297a73ca2a7fb4ee3a72,"[{""trait_type"":""Background"",""value"":""Brown""},{""trait_type"":""Body"",""value"":""Pink""},{""trait_type"":""Snout"",""value"":""Snout Wide""},{""trait_type"":""Tail"",""value"":""Tail 2""},{""trait_type"":""Eyes"",""value"":""Black""},{""trait_type"":""Accessory"",""value"":""Mud Pit""}]"
783,5566223,0x5e3e29f43a927d0e1602c849cc8ebc936d60036d35c63ad80d86e8789c2114ee,"[{""trait_type"":""Background"",""value"":""Rose""},{""trait_type"":""Body"",""value"":""Pink""},{""trait_type"":""Snout"",""value"":""Regular Snout""},{""trait_type"":""Spots"",""value"":""Spots 3""},{""trait_type"":""Tail"",""value"":""Tail 2""},{""trait_type"":""Head Accessory"",""value"":""Grey Spinner""},{""trait_type"":""Eyes"",""value"":""3D""}]"
782,5565458,0xdd475def7fb793fcebe70c53043aa2e4b544b66fdfc4a63e8e101cf6071fe396,"[{""trait_type"":""Background"",""value"":""aqua""},{""trait_type"":""Body"",""value"":""Mold""},{""trait_type"":""Snout"",""value"":""Regular Snout""},{""trait_type"":""Tail"",""value"":""Tail 1""},{""trait_type"":""Head Accessory"",""value"":""Top Hat""},{""trait_type"":""Eyes"",""value"":""Orange""},{""trait_type"":""Socks"",""value"":""White Socks""},{""trait_type"":""Accessory"",""value"":""SkateBoard""}]"
781,5564905,0x38df164a39e4f6be37cfb5466d9168238e69ae6f137a230fc0b8c51cc44a7f34,"[{""trait_type"":""Background"",""value"":""Sunny""},{""trait_type"":""Body"",""value"":""Bot""},{""trait_type"":""Snout"",""value"":""Snout Snot""},{""trait_type"":""Spots"",""value"":""Spots 3""},{""trait_type"":""Eyes"",""value"":""Green""}]"
780,5565847,0xea37283e604f2b1878fc9c88b5de8f3d0e498d6e239f12a6d92be506a9da4b51,"[{""trait_type"":""Background"",""value"":""Rose""},{""trait_type"":""Body"",""value"":""Bot""},{""trait_type"":""Snout"",""value"":""Snout Wide""},{""trait_type"":""Spots"",""value"":""Spots 1""},{""trait_type"":""Tail"",""value"":""Tail 2""},{""trait_type"":""Eyes"",""value"":""Red""},{""trait_type"":""Socks"",""value"":""White Socks""}]"
779,5565576,0xf43839bd3645206ff86ee36018bab7398adbccbaedc0f4856c52d72d8b1e79e6,"[{""trait_type"":""Background"",""value"":""Field""},{""trait_type"":""Body"",""value"":""Dusty Pink""},{""trait_type"":""Snout"",""value"":""Snout Snot""},{""trait_type"":""Spots"",""value"":""Spots 2""},{""trait_type"":""Tail"",""value"":""Tail 3""},{""trait_type"":""Head Accessory"",""value"":""Blue Beanie""},{""trait_type"":""Eyes"",""value"":""Black""},{""trait_type"":""Accessory"",""value"":""Explorer""}]"
778,5565732,0xe5fa1f4fd5823caf53e2e83d7919d7ad3f47fe7a221e9590975ea87a433f5b6d,"[{""trait_type"":""Background"",""value"":""orange""},{""trait_type"":""Body"",""value"":""Pigdenza""},{""trait_type"":""Snout"",""value"":""Regular Snout""},{""trait_type"":""Spots"",""value"":""spots 1""},{""trait_type"":""Head Accessory"",""value"":""Pepe""},{""trait_type"":""Eyes"",""value"":""Black""}]"
777,5565131,0xf975e445958ba847d7d3e218b7f438d2ed1d4a850fff2f49df5237c5ddcf1900,"[{""trait_type"":""Background"",""value"":""Rose""},{""trait_type"":""Body"",""value"":""Dusty Pink""},{""trait_type"":""Snout"",""value"":""Regular Snout""},{""trait_type"":""Tail"",""value"":""Tail 1""},{""trait_type"":""Head Accessory"",""value"":""Pink Pepe""},{""trait_type"":""Eyes"",""value"":""3D""},{""trait_type"":""Accessory"",""value"":""SkateBoard""}]"
776,5564904,0xf7164031fb910538cab6d39ced0b1c746dec953c4b3db9fb1fdb30b55f3d9731,"[{""trait_type"":""Background"",""value"":""Grey""},{""trait_type"":""Body"",""value"":""Bot""},{""trait_type"":""Snout"",""value"":""Regular Snout""},{""trait_type"":""Tail"",""value"":""Tail 2""},{""trait_type"":""Head Accessory"",""value"":""Dino""},{""trait_type"":""Eyes"",""value"":""Black""}]"
775,5569360,0xf3273cddff77e2bf9da2e8af707d6fcf41580c9ac69300df259e681ad04d59a3,"[{""trait_type"":""Background"",""value"":""Pink""},{""trait_type"":""Body"",""value"":""Dusty Pink""},{""trait_type"":""Snout"",""value"":""Regular Snout""},{""trait_type"":""Spots"",""value"":""Spots 1""},{""trait_type"":""Tail"",""value"":""Tail 1""},{""trait_type"":""Head Accessory"",""value"":""Blue Cap""},{""trait_type"":""Eyes"",""value"":""Red""}]"
774,5567609,0x17c437fd47b9d160d524e45b3cf58ca38e4aceee4e6618d9fa2706738a5a4893,"[{""trait_type"":""Background"",""value"":""Rose""},{""trait_type"":""Body"",""value"":""Purp""},{""trait_type"":""Snout"",""value"":""Regular Snout""},{""trait_type"":""Tail"",""value"":""Tail 3""},{""trait_type"":""Head Accessory"",""value"":""Blue Cap""},{""trait_type"":""Eyes"",""value"":""Orange""}]"
773,5567608,0x9c93f190d3cb274df6402feb8964002398a3df4b30cdde3b441e9b71672e6e9b,"[{""trait_type"":""Background"",""value"":""Brown""},{""trait_type"":""Body"",""value"":""Blood""},{""trait_type"":""Snout"",""value"":""Regular Snout""},{""trait_type"":""Spots"",""value"":""Spots 1""},{""trait_type"":""Eyes"",""value"":""Patch""}]"
772,5565121,0x0e1a3f6e64f6fcc010ea527b26098ad097ff4759db7c46f4c990337ea7a4c068,"[{""trait_type"":""Background"",""value"":""Sunny""},{""trait_type"":""Body"",""value"":""Blood""},{""trait_type"":""Snout"",""value"":""Regular Snout""},{""trait_type"":""Tail"",""value"":""Tail 1""},{""trait_type"":""Eyes"",""value"":""Red""}]"
771,5565730,0x23b23e918728935df7a73cb427e71953457f6165c931bc65817ae1109b42d863,"[{""trait_type"":""Background"",""value"":""pisser""},{""trait_type"":""Body"",""value"":""Dusty Pink""},{""trait_type"":""Snout"",""value"":""Regular Snout""},{""trait_type"":""Spots"",""value"":""Spots 1""},{""trait_type"":""Tail"",""value"":""Tail 2""},{""trait_type"":""Head Accessory"",""value"":""Skateboard Cat""},{""trait_type"":""Eyes"",""value"":""Red""}]"
770,5565682,0xd37c46b390ea56bba83f70e902c940452723cf64c12f70611988d69ebbed570d,"[{""trait_type"":""Background"",""value"":""Field""},{""trait_type"":""Body"",""value"":""Pink""},{""trait_type"":""Snout"",""value"":""Snout Snot""},{""trait_type"":""Spots"",""value"":""Spots 1""},{""trait_type"":""Tail"",""value"":""Tail 2""},{""trait_type"":""Head Accessory"",""value"":""Blue Beanie""},{""trait_type"":""Eyes"",""value"":""Patch""},{""trait_type"":""Accessory"",""value"":""SkateBoard""}]"
769,5565327,0xa74caea49cb469479a8f7d57ddde278fee1264439e67157afa042c78971bedea,"[{""trait_type"":""Background"",""value"":""Brown""},{""trait_type"":""Body"",""value"":""Pink""},{""trait_type"":""Snout"",""value"":""Snout Snot""},{""trait_type"":""Tail"",""value"":""Tail 2""},{""trait_type"":""Head Accessory"",""value"":""Crown""},{""trait_type"":""Eyes"",""value"":""Blue""}]"
768,5566234,0x965961913d9702138bce0bf057d3a1620f596f5678b3df9fb77e647d2e22f5b8,"[{""trait_type"":""Background"",""value"":""blue""},{""trait_type"":""Body"",""value"":""Dusty Pink""},{""trait_type"":""Snout"",""value"":""Regular Snout""},{""trait_type"":""Spots"",""value"":""Spots 3""},{""trait_type"":""Tail"",""value"":""Tail 3""},{""trait_type"":""Head Accessory"",""value"":""Turd Cat""},{""trait_type"":""Eyes"",""value"":""Orange""},{""trait_type"":""Accessory"",""value"":""SkateBoard""}]"
767,5565671,0x82edd78d6bb624e9971161b66c5b326f1ffacd65827767c2aa027d7cb0e3b1da,"[{""trait_type"":""Background"",""value"":""pisser""},{""trait_type"":""Body"",""value"":""Pink""},{""trait_type"":""Snout"",""value"":""Snout Wide""},{""trait_type"":""Spots"",""value"":""Spots 1""},{""trait_type"":""Tail"",""value"":""Tail 1""},{""trait_type"":""Head Accessory"",""value"":""Top Hat""},{""trait_type"":""Eyes"",""value"":""Patch""},{""trait_type"":""Accessory"",""value"":""Mud Pit""}]"
766,5564848,0xe383ea91ed401423df9c6beb51b1ecc4dbf31c3ea4ed22fef8082830faf081bd,"[{""trait_type"":""Background"",""value"":""Matrix""},{""trait_type"":""Body"",""value"":""Dusty Pink""},{""trait_type"":""Snout"",""value"":""Regular Snout""},{""trait_type"":""Eyes"",""value"":""Blue""}]"
765,5566484,0x22cc2fdcb2a89c950ff0719ae160c0c5804b36b15eacce223a0a568730edea69,"[{""trait_type"":""Background"",""value"":""Pink""},{""trait_type"":""Body"",""value"":""Dusty Pink""},{""trait_type"":""Snout"",""value"":""Regular Snout""},{""trait_type"":""Spots"",""value"":""Spots 2""},{""trait_type"":""Tail"",""value"":""Tail 2""},{""trait_type"":""Eyes"",""value"":""Orange""}]"
764,5564881,0xa2c933c48b0cecd456d656245011d5f0597087933bbf1993d09f7d9cc841510c,"[{""trait_type"":""Background"",""value"":""Matrix""},{""trait_type"":""Body"",""value"":""Purp""},{""trait_type"":""Snout"",""value"":""Snout Wide""},{""trait_type"":""Spots"",""value"":""Spots 3""},{""trait_type"":""Tail"",""value"":""Tail 3""},{""trait_type"":""Head Accessory"",""value"":""Cap Back Red""},{""trait_type"":""Eyes"",""value"":""Black""}]"
763,5565144,0xbf7d44785c2020c96deebf23e94d22dc128a3b534a8e73c4ee3d475eb8a1c106,"[{""trait_type"":""Background"",""value"":""Rose""},{""trait_type"":""Body"",""value"":""Blood""},{""trait_type"":""Snout"",""value"":""Regular Snout""},{""trait_type"":""Tail"",""value"":""Tail 1""},{""trait_type"":""Head Accessory"",""value"":""Dino""},{""trait_type"":""Eyes"",""value"":""3D""}]"
762,5566329,0x605734bab2f352e83ed7daf0eec2b36ac6eba9d977a17b4b9190d5777112ac84,"[{""trait_type"":""Background"",""value"":""Grey 2""},{""trait_type"":""Body"",""value"":""Purp""},{""trait_type"":""Snout"",""value"":""Snout Wide""},{""trait_type"":""Tail"",""value"":""Tail 2""},{""trait_type"":""Head Accessory"",""value"":""Beanie""},{""trait_type"":""Eyes"",""value"":""Red""},{""trait_type"":""Socks"",""value"":""White Socks""}]"
761,5566422,0xae8f29e8c2aa9c234cb4ef3db62b4377a6b58348d05472efbd07c75037253da9,"[{""trait_type"":""Background"",""value"":""pisser""},{""trait_type"":""Body"",""value"":""Bot""},{""trait_type"":""Snout"",""value"":""Snout Wide""},{""trait_type"":""Tail"",""value"":""Tail 1""},{""trait_type"":""Head Accessory"",""value"":""Grey Beanie""},{""trait_type"":""Eyes"",""value"":""Patch""}]"
760,5564847,0x704acf5d0ca32b7b7e205075517a6b890eefaa0001ec39748b1ff75bf1fd365d,"[{""trait_type"":""Background"",""value"":""Grey""},{""trait_type"":""Body"",""value"":""Dusty Pink""},{""trait_type"":""Snout"",""value"":""Snout Wide""},{""trait_type"":""Spots"",""value"":""Spots 1""},{""trait_type"":""Tail"",""value"":""Tail 3""},{""trait_type"":""Head Accessory"",""value"":""Beanie""},{""trait_type"":""Eyes"",""value"":""Viper""}]"
759,5565681,0x5b377d344833948596253dd8b0438bc48364b457c7f1a09a7f1c4ae78800249c,"[{""trait_type"":""Background"",""value"":""Not Sunny""},{""trait_type"":""Body"",""value"":""Pink""},{""trait_type"":""Snout"",""value"":""Regular Snout""},{""trait_type"":""Tail"",""value"":""Tail 2""},{""trait_type"":""Head Accessory"",""value"":""Grey Beanie""},{""trait_type"":""Eyes"",""value"":""Blue""}]"
758,5567607,0x7500c2e36aae40cbf23b69fd37c9cbcdce47cc463b1ba289b805a5ebc0f54816,"[{""trait_type"":""Background"",""value"":""green""},{""trait_type"":""Body"",""value"":""Blood""},{""trait_type"":""Snout"",""value"":""Regular Snout""},{""trait_type"":""Spots"",""value"":""Spots 3""},{""trait_type"":""Tail"",""value"":""Tail 1""},{""trait_type"":""Head Accessory"",""value"":""Grey Spinner""},{""trait_type"":""Eyes"",""value"":""Black""},{""trait_type"":""Accessory"",""value"":""Mud Pit""}]"
757,5566131,0xf9a6af03423ddf8361528a6c164c4449385afa1ab4bed34944cc859d79cb1fed,"[{""trait_type"":""Background"",""value"":""Grey""},{""trait_type"":""Body"",""value"":""Pink""},{""trait_type"":""Snout"",""value"":""Regular Snout""},{""trait_type"":""Tail"",""value"":""Tail 2""},{""trait_type"":""Head Accessory"",""value"":""White Beanie""},{""trait_type"":""Eyes"",""value"":""3D""},{""trait_type"":""Accessory"",""value"":""Mud Pit""}]"
756,5565274,0x44b3cf1b36f1857c4a81831e607953567b9be8228817edebb858d20cd2cf801e,"[{""trait_type"":""Background"",""value"":""aqua""},{""trait_type"":""Body"",""value"":""Dusty Pink""},{""trait_type"":""Snout"",""value"":""Regular Snout""},{""trait_type"":""Spots"",""value"":""Spots 3""},{""trait_type"":""Tail"",""value"":""Tail 1""},{""trait_type"":""Head Accessory"",""value"":""Dino""},{""trait_type"":""Eyes"",""value"":""Deal With It""},{""trait_type"":""Socks"",""value"":""Grandpa Socks""}]"
755,5566103,0x0813a3a3c1af55ecd9ae08be363a2700a5079a4f0e815d114aed06360a26bf0d,"[{""trait_type"":""Background"",""value"":""YEEEEET""},{""trait_type"":""Body"",""value"":""Pink""},{""trait_type"":""Snout"",""value"":""Snout Snot""},{""trait_type"":""Tail"",""value"":""Tail 1""},{""trait_type"":""Head Accessory"",""value"":""Blue Cap""},{""trait_type"":""Eyes"",""value"":""Viper""},{""trait_type"":""Socks"",""value"":""White Socks""}]"
754,5565033,0x041acc1966811c4534d850e09c9f237baa4edd38acd63c9716104f93b47af8ae,"[{""trait_type"":""Background"",""value"":""Grey""},{""trait_type"":""Body"",""value"":""Purp""},{""trait_type"":""Snout"",""value"":""Snout Wide""},{""trait_type"":""Tail"",""value"":""Tail 2""},{""trait_type"":""Eyes"",""value"":""Green""}]"
753,5567606,0xe43dd0dde0feece91d2d759fea4b19e49179ab8e7519924c2a27b79e7959aaff,"[{""trait_type"":""Background"",""value"":""orange""},{""trait_type"":""Body"",""value"":""Purp""},{""trait_type"":""Snout"",""value"":""Regular Snout""},{""trait_type"":""Tail"",""value"":""Tail 3""},{""trait_type"":""Head Accessory"",""value"":""Grey Spinner""},{""trait_type"":""Eyes"",""value"":""Blue""}]"
752,5565350,0x2a464b32245c7d8fe608a4eed755eb16324ac9bdb55bdb76cb0d8cfad9486949,"[{""trait_type"":""Background"",""value"":""Pink""},{""trait_type"":""Body"",""value"":""Bot""},{""trait_type"":""Snout"",""value"":""Snout Snot""},{""trait_type"":""Tail"",""value"":""Tail 1""},{""trait_type"":""Head Accessory"",""value"":""Orange Cat""},{""trait_type"":""Eyes"",""value"":""Black""},{""trait_type"":""Accessory"",""value"":""Explorer""}]"
751,5564799,0x9ccded9fc28b5fa54fe7702739177fee88eb5af8d27ddfae46d3d75ea2944876,"[{""trait_type"":""Background"",""value"":""Matrix""},{""trait_type"":""Body"",""value"":""Mold""},{""trait_type"":""Snout"",""value"":""Snout Snot""},{""trait_type"":""Tail"",""value"":""Tail 2""},{""trait_type"":""Head Accessory"",""value"":""Top Hat""},{""trait_type"":""Eyes"",""value"":""Orange""}]"
750,5564860,0x728c66a7eb30fb9d7a7a5b14a012afa0f4cf43ea4b50103897798611bc9c1498,"[{""trait_type"":""Background"",""value"":""YEEEEET""},{""trait_type"":""Body"",""value"":""Ghost""},{""trait_type"":""Snout"",""value"":""Snout Regular""},{""trait_type"":""Spots"",""value"":""Spots 2""},{""trait_type"":""Tail"",""value"":""Tail 3""},{""trait_type"":""Head Accessory"",""value"":""Grey Beanie""},{""trait_type"":""Eyes"",""value"":""Green""},{""trait_type"":""Socks"",""value"":""Grandpa Socks""}]"
749,5566304,0x45ae745bf3d1bb92f2a442a60ad4162343c2068b2a0cd86af3a3514a31455be1,"[{""trait_type"":""Background"",""value"":""orange""},{""trait_type"":""Body"",""value"":""Pink""},{""trait_type"":""Snout"",""value"":""Regular Snout""},{""trait_type"":""Tail"",""value"":""Tail 2""},{""trait_type"":""Head Accessory"",""value"":""Pink Pepe""},{""trait_type"":""Eyes"",""value"":""Orange""}]"
748,5565216,0x5afbac42569f23082f549b70928efc724554b4a49a498fcd3e2e77f69f9ed507,"[{""trait_type"":""Background"",""value"":""Grey""},{""trait_type"":""Body"",""value"":""Dusty Pink""},{""trait_type"":""Snout"",""value"":""Regular Snout""},{""trait_type"":""Spots"",""value"":""Spots 1""},{""trait_type"":""Tail"",""value"":""Tail 3""},{""trait_type"":""Eyes"",""value"":""Patch""},{""trait_type"":""Accessory"",""value"":""Explorer""}]"
747,5565071,0x2ea8a0ebf793f44810feb1854601e09d434ae3d8eb2a70a914eb092ba403fb15,"[{""trait_type"":""Background"",""value"":""Pork Chart""},{""trait_type"":""Body"",""value"":""Pink""},{""trait_type"":""Snout"",""value"":""Snout Wide""},{""trait_type"":""Spots"",""value"":""Spots 3""},{""trait_type"":""Tail"",""value"":""Tail 1""},{""trait_type"":""Eyes"",""value"":""Orange""}]"
746,5567605,0xf57fc2a223d25377a2b430acd1cdddaf16d9ae166a4400b0fb4ef6c7073f99a5,"[{""trait_type"":""Background"",""value"":""Grey 2""},{""trait_type"":""Body"",""value"":""Bot""},{""trait_type"":""Snout"",""value"":""Regular Snout""},{""trait_type"":""Tail"",""value"":""Tail 1""},{""trait_type"":""Eyes"",""value"":""Orange""},{""trait_type"":""Accessory"",""value"":""SkateBoard""}]"
745,5567604,0xec74ea74b574633739008f750b2c6a64ec06774c3a282b9e146da983f0194e6e,"[{""trait_type"":""Background"",""value"":""c3ff00""},{""trait_type"":""Body"",""value"":""Purp""},{""trait_type"":""Snout"",""value"":""Regular Snout""},{""trait_type"":""Spots"",""value"":""Spots 3""},{""trait_type"":""Tail"",""value"":""Tail 1""},{""trait_type"":""Head Accessory"",""value"":""Grey Beanie""},{""trait_type"":""Eyes"",""value"":""Red""}]"
744,5565676,0x71e1ccab822968972d336be42a2a839c2b80106e01c82cf131ab7d117116a53c,"[{""trait_type"":""Background"",""value"":""Grey 2""},{""trait_type"":""Body"",""value"":""Blood""},{""trait_type"":""Snout"",""value"":""Regular Snout""},{""trait_type"":""Spots"",""value"":""Spots 2""},{""trait_type"":""Tail"",""value"":""Tail 1""},{""trait_type"":""Head Accessory"",""value"":""Pink Pepe""},{""trait_type"":""Eyes"",""value"":""Patch""},{""trait_type"":""Socks"",""value"":""White Socks""}]"
743,5565920,0xc0fc2976ea3b2fe9285cf4ca5c0bce9ee2e51ba991bc5e1fd723820b62af62f9,"[{""trait_type"":""Background"",""value"":""orange""},{""trait_type"":""Body"",""value"":""Dusty Pink""},{""trait_type"":""Snout"",""value"":""Regular Snout""},{""trait_type"":""Spots"",""value"":""Spots 3""},{""trait_type"":""Tail"",""value"":""Tail 2""},{""trait_type"":""Head Accessory"",""value"":""Orange Beanie""},{""trait_type"":""Eyes"",""value"":""Deal With It""}]"
742,5566667,0x6103bced37677d34e7eebe6db78cc7570a14dfac1a12316a2f125a605d7c9ede,"[{""trait_type"":""Background"",""value"":""purple""},{""trait_type"":""Body"",""value"":""Pink""},{""trait_type"":""Snout"",""value"":""Snout Snot""},{""trait_type"":""Tail"",""value"":""Tail 3""},{""trait_type"":""Head Accessory"",""value"":""White Beanie""},{""trait_type"":""Eyes"",""value"":""Green""},{""trait_type"":""Accessory"",""value"":""Mud Pit""}]"
741,5565987,0xabdf9ba9138546d9a909b39cb3f6e1b13bb3f3b8c19fc735f6b60fdc64dd8068,"[{""trait_type"":""Background"",""value"":""aqua""},{""trait_type"":""Body"",""value"":""Bot""},{""trait_type"":""Snout"",""value"":""Regular Snout""},{""trait_type"":""Spots"",""value"":""Spots 3""},{""trait_type"":""Tail"",""value"":""Tail 1""},{""trait_type"":""Head Accessory"",""value"":""Top Hat""},{""trait_type"":""Eyes"",""value"":""Deal With It""}]"
740,5565419,0xd2a9128417f22b711d97ef584dfe2030fb243d3ffd3fd616f5c3166abbf42e75,"[{""trait_type"":""Background"",""value"":""blue""},{""trait_type"":""Body"",""value"":""Blood""},{""trait_type"":""Snout"",""value"":""Snout Wide""},{""trait_type"":""Spots"",""value"":""Spots 3""},{""trait_type"":""Head Accessory"",""value"":""Beanie""},{""trait_type"":""Eyes"",""value"":""Black""}]"
739,5567603,0x7780465c700fdc4e3be3f516e86c53a2b9d5ef9aca7276d78d133c708166db24,"[{""trait_type"":""Background"",""value"":""Grey""},{""trait_type"":""Body"",""value"":""Pink""},{""trait_type"":""Snout"",""value"":""Snout Snot""},{""trait_type"":""Head Accessory"",""value"":""Blue Cap""},{""trait_type"":""Eyes"",""value"":""Patch""},{""trait_type"":""Socks"",""value"":""Grandpa Socks""}]"
738,5565015,0xba20b1c10a4a27d9abe2051f900f80b47ff3b5f034f2c0fb75dba032065cb101,"[{""trait_type"":""Background"",""value"":""aqua""},{""trait_type"":""Body"",""value"":""Zombie""},{""trait_type"":""Snout"",""value"":""Regular Snout""},{""trait_type"":""Tail"",""value"":""Tail 2""},{""trait_type"":""Eyes"",""value"":""Orange""}]"
737,5565273,0x7bbffbc0ca82f2b66ca08ffcbbc01806c3e7dbd7be50c6ed6a753021f10e4ded,"[{""trait_type"":""Background"",""value"":""Pork Chart""},{""trait_type"":""Body"",""value"":""Dusty Pink""},{""trait_type"":""Snout"",""value"":""Snout Wide""},{""trait_type"":""Spots"",""value"":""Spots 1""},{""trait_type"":""Tail"",""value"":""Tail 1""},{""trait_type"":""Head Accessory"",""value"":""Orange Cat""},{""trait_type"":""Eyes"",""value"":""Patch""},{""trait_type"":""Socks"",""value"":""White Socks""}]"
736,5567602,0x5735511e20279a4f4e7e02637f0de8f0d90ef896d66f817e84d5f6812fec3724,"[{""trait_type"":""Background"",""value"":""Grey 2""},{""trait_type"":""Body"",""value"":""Pink""},{""trait_type"":""Snout"",""value"":""Snout Snot""},{""trait_type"":""Tail"",""value"":""Tail 1""},{""trait_type"":""Head Accessory"",""value"":""White Beanie""},{""trait_type"":""Eyes"",""value"":""Red""},{""trait_type"":""Accessory"",""value"":""Mud Pit""}]"
735,5564917,0x098f0e07e2a6542186b9c0ec3be326dc5a8bc1697199b379260d9cf6d4fa42c5,"[{""trait_type"":""Background"",""value"":""Pink""},{""trait_type"":""Body"",""value"":""Blood""},{""trait_type"":""Snout"",""value"":""Snout Snot""},{""trait_type"":""Spots"",""value"":""Spots 1""},{""trait_type"":""Tail"",""value"":""Tail 2""},{""trait_type"":""Head Accessory"",""value"":""Orange Cat""},{""trait_type"":""Eyes"",""value"":""Viper""},{""trait_type"":""Socks"",""value"":""Grandpa Socks""}]"
734,5565008,0x937e1a7a748c0b8c9544f8a289fd2a99a98d1c9048bf2426d692e7fd13e2e4dd,"[{""trait_type"":""Background"",""value"":""blue""},{""trait_type"":""Body"",""value"":""Bot""},{""trait_type"":""Snout"",""value"":""Regular Snout""},{""trait_type"":""Tail"",""value"":""Tail 2""},{""trait_type"":""Head Accessory"",""value"":""Crown""},{""trait_type"":""Eyes"",""value"":""Blue""}]"
733,5564886,0xb16efa288c66720599c57702e6274ca0c6a4b348eda1b06a93444a6d6cc00243,"[{""trait_type"":""Background"",""value"":""c3ff00""},{""trait_type"":""Body"",""value"":""Pink""},{""trait_type"":""Snout"",""value"":""Regular Snout""},{""trait_type"":""Tail"",""value"":""Tail 2""},{""trait_type"":""Eyes"",""value"":""Blue""}]"
732,5564984,0x27d818f92c8428d38f3fd4b83754584b2a446abde9aef340facf840307085a8d,"[{""trait_type"":""Background"",""value"":""White""},{""trait_type"":""Body"",""value"":""Dusty Pink""},{""trait_type"":""Snout"",""value"":""Snout Snot""},{""trait_type"":""Spots"",""value"":""Spots 3""},{""trait_type"":""Tail"",""value"":""Tail 3""},{""trait_type"":""Eyes"",""value"":""3D""},{""trait_type"":""Wacky"",""value"":""Yes""},{""trait_type"":""Accessory"",""value"":""Mud Pit""}]"
731,5565315,0x2bc190ac22ceae77d634b38c89a66e8f304b3b7f5e59b702957866ec84a24494,"[{""trait_type"":""Background"",""value"":""orange""},{""trait_type"":""Body"",""value"":""Pink""},{""trait_type"":""Snout"",""value"":""Regular Snout""},{""trait_type"":""Spots"",""value"":""Spots 3""},{""trait_type"":""Tail"",""value"":""Tail 1""},{""trait_type"":""Head Accessory"",""value"":""Orange Beanie""},{""trait_type"":""Eyes"",""value"":""3D""},{""trait_type"":""Socks"",""value"":""White Socks""}]"
730,5564933,0x4a1995a019cfcb4efe3a089a2f931629f37b352b025c23331dbbc07db98250f6,"[{""trait_type"":""Background"",""value"":""Not Sunny""},{""trait_type"":""Body"",""value"":""Bot""},{""trait_type"":""Snout"",""value"":""Regular Snout""},{""trait_type"":""Spots"",""value"":""Spots 1""},{""trait_type"":""Tail"",""value"":""Tail 3""},{""trait_type"":""Head Accessory"",""value"":""Deal With It Pepe""},{""trait_type"":""Eyes"",""value"":""Orange""}]"
729,5566128,0xa621a41f448b13cfa0d059525c20891c50e5c7cf90bc073927a14ca47e1185ef,"[{""trait_type"":""Background"",""value"":""Brown""},{""trait_type"":""Body"",""value"":""Pink""},{""trait_type"":""Snout"",""value"":""Snout Wide""},{""trait_type"":""Spots"",""value"":""Spots 1""},{""trait_type"":""Tail"",""value"":""Probe""},{""trait_type"":""Head Accessory"",""value"":""Grey Spinner""},{""trait_type"":""Eyes"",""value"":""Black""},{""trait_type"":""Socks"",""value"":""Grandpa Socks""}]"
728,5565029,0xe12aa563ae34825bf56aab09ec6a9addf125216c0efd6e2dc769cc1b78368f91,"[{""trait_type"":""Background"",""value"":""Sunny""},{""trait_type"":""Body"",""value"":""Purp""},{""trait_type"":""Snout"",""value"":""Snout Snot""},{""trait_type"":""Tail"",""value"":""Tail 2""},{""trait_type"":""Head Accessory"",""value"":""Deal With It Pink Pepe""},{""trait_type"":""Eyes"",""value"":""3D""}]"
727,5567593,0x03a7a20d9416a3e5eaf15428685a1d6959b050e06e06ebdcc4731bb5759dbb81,"[{""trait_type"":""Background"",""value"":""pisser""},{""trait_type"":""Body"",""value"":""Blood""},{""trait_type"":""Snout"",""value"":""Regular Snout""},{""trait_type"":""Spots"",""value"":""Spots 3""},{""trait_type"":""Tail"",""value"":""Tail 2""},{""trait_type"":""Head Accessory"",""value"":""Grey Spinner""},{""trait_type"":""Eyes"",""value"":""Blue""},{""trait_type"":""Accessory"",""value"":""Hover Board""}]"
726,5567592,0xdbe5f50f64790276d8c102159248f83b846566589b9b982a07967722695e8c59,"[{""trait_type"":""Background"",""value"":""pisser""},{""trait_type"":""Body"",""value"":""Purp""},{""trait_type"":""Snout"",""value"":""Snout Wide""},{""trait_type"":""Spots"",""value"":""Spots 3""},{""trait_type"":""Tail"",""value"":""Tail 2""},{""trait_type"":""Head Accessory"",""value"":""Blue Beanie""},{""trait_type"":""Eyes"",""value"":""Black""},{""trait_type"":""Accessory"",""value"":""Mud Pit""}]"
725,5565569,0xa52b00fc00bd7d4fc636dee2f511929dd4f09680d14361f762d6092516043931,"[{""trait_type"":""Background"",""value"":""pisser""},{""trait_type"":""Body"",""value"":""Purp""},{""trait_type"":""Snout"",""value"":""Snout Wide""},{""trait_type"":""Spots"",""value"":""Spots 1""},{""trait_type"":""Tail"",""value"":""Tail 2""},{""trait_type"":""Head Accessory"",""value"":""Top Hat""},{""trait_type"":""Eyes"",""value"":""Deal With It""}]"
724,5567591,0x087bd8bcc92543e6daa781996182ce72f52989e05c81322d559d971648f3406b,"[{""trait_type"":""Background"",""value"":""green""},{""trait_type"":""Body"",""value"":""Pink""},{""trait_type"":""Snout"",""value"":""Regular Snout""},{""trait_type"":""Spots"",""value"":""Spots 3""},{""trait_type"":""Tail"",""value"":""Tail 2""},{""trait_type"":""Eyes"",""value"":""Green""},{""trait_type"":""Accessory"",""value"":""Hover Board""}]"
723,5565519,0x95537fc3731f43d106e07596757b64cb8b46241f2f2165eff2197e47253814d1,"[{""trait_type"":""Background"",""value"":""purple""},{""trait_type"":""Body"",""value"":""Purp""},{""trait_type"":""Snout"",""value"":""Snout Wide""},{""trait_type"":""Tail"",""value"":""Probe""},{""trait_type"":""Head Accessory"",""value"":""Skateboard Cat""},{""trait_type"":""Eyes"",""value"":""Patch""},{""trait_type"":""Socks"",""value"":""White Socks""}]"
722,5564791,0x534390124cf7174b0094ebb80206e4143be20e6ffd6407f76834f480a8f8933b,"[{""trait_type"":""Background"",""value"":""Matrix""},{""trait_type"":""Body"",""value"":""Bot""},{""trait_type"":""Snout"",""value"":""Snout Wide""},{""trait_type"":""Spots"",""value"":""Spots 3""},{""trait_type"":""Tail"",""value"":""Tail 3""},{""trait_type"":""Head Accessory"",""value"":""Grey Beanie""},{""trait_type"":""Eyes"",""value"":""Orange""},{""trait_type"":""Accessory"",""value"":""Mud Pit""}]"
721,5564899,0x46b97f1d62515fe7518396087987a765ee4d6d1e75cc1f7ff4a57dae8ccc876d,"[{""trait_type"":""Background"",""value"":""YEEEEET""},{""trait_type"":""Body"",""value"":""Bot""},{""trait_type"":""Snout"",""value"":""Snout Wide""},{""trait_type"":""Spots"",""value"":""Spots 2""},{""trait_type"":""Tail"",""value"":""Probe""},{""trait_type"":""Head Accessory"",""value"":""Orange Beanie""},{""trait_type"":""Eyes"",""value"":""Red""},{""trait_type"":""Accessory"",""value"":""Hover Board""}]"
720,5564956,0xeb9b5693aee3b93b00f9da95b60fc5872db5e02030f225ea48686b50a689c522,"[{""trait_type"":""Background"",""value"":""purple""},{""trait_type"":""Body"",""value"":""Mold""},{""trait_type"":""Snout"",""value"":""Regular Snout""},{""trait_type"":""Spots"",""value"":""Spots 3""},{""trait_type"":""Tail"",""value"":""Probe""},{""trait_type"":""Head Accessory"",""value"":""Dino""},{""trait_type"":""Eyes"",""value"":""Deal With It""},{""trait_type"":""Socks"",""value"":""White Socks""}]"
719,5565710,0x480891ea209ae488a1c6d905b9314bc4c1074a64c613637a42327aae349a2233,"[{""trait_type"":""Background"",""value"":""YEEEEET""},{""trait_type"":""Body"",""value"":""Dusty Pink""},{""trait_type"":""Snout"",""value"":""Regular Snout""},{""trait_type"":""Tail"",""value"":""Tail 1""},{""trait_type"":""Head Accessory"",""value"":""Cap Back Red""},{""trait_type"":""Eyes"",""value"":""Green""}]"
718,5567590,0x3d6586f1371afb5118d807278a83a95e6cb1c161e1721a81e774753de70d5588,"[{""trait_type"":""Background"",""value"":""Grey""},{""trait_type"":""Body"",""value"":""Pink""},{""trait_type"":""Snout"",""value"":""Snout Wide""},{""trait_type"":""Spots"",""value"":""Spots 3""},{""trait_type"":""Tail"",""value"":""Tail 3""},{""trait_type"":""Head Accessory"",""value"":""Cap Back Red""},{""trait_type"":""Eyes"",""value"":""Black""},{""trait_type"":""Accessory"",""value"":""Mud Pit""}]"
717,5565680,0x455dc9b115ba319354c5cfb69f014123744ab3b828490e28df2586976147703c,"[{""trait_type"":""Background"",""value"":""pisser""},{""trait_type"":""Body"",""value"":""Bot""},{""trait_type"":""Snout"",""value"":""Snout Wide""},{""trait_type"":""Spots"",""value"":""Spots 3""},{""trait_type"":""Tail"",""value"":""Tail 1""},{""trait_type"":""Eyes"",""value"":""Red""}]"
716,5565281,0xc9f9cd7f150232e24c1e4e83d6748c135722ef25123c5f7e5a929beb96ab393d,"[{""trait_type"":""Background"",""value"":""Pork Chart""},{""trait_type"":""Body"",""value"":""Bot""},{""trait_type"":""Snout"",""value"":""Regular Snout""},{""trait_type"":""Tail"",""value"":""Tail 2""},{""trait_type"":""Head Accessory"",""value"":""Blue Cap""},{""trait_type"":""Eyes"",""value"":""Blue""}]"
715,5566215,0x0bda3898553bb00e09030ae3c475a1f9809f481631f8ea14df2c4c761c2be2a7,"[{""trait_type"":""Background"",""value"":""Grey""},{""trait_type"":""Body"",""value"":""Mold""},{""trait_type"":""Snout"",""value"":""Regular Snout""},{""trait_type"":""Spots"",""value"":""Spots 1""},{""trait_type"":""Eyes"",""value"":""Patch""}]"
714,5566272,0xd0e0d47d5453817eb5f49e1d2768e993a22786a3b21a82b9a554ae05662c7b84,"[{""trait_type"":""Background"",""value"":""pisser""},{""trait_type"":""Body"",""value"":""Pink""},{""trait_type"":""Snout"",""value"":""Regular Snout""},{""trait_type"":""Spots"",""value"":""Spots 1""},{""trait_type"":""Tail"",""value"":""Tail 3""},{""trait_type"":""Head Accessory"",""value"":""Sad Cat""},{""trait_type"":""Eyes"",""value"":""Black""}]"
713,5564970,0x08c204731bd7d327cac242b911a615bf90e90d95e17a37e31aed1eddc359c6db,"[{""trait_type"":""Background"",""value"":""Sunny""},{""trait_type"":""Body"",""value"":""Zombie""},{""trait_type"":""Snout"",""value"":""Regular Snout""},{""trait_type"":""Tail"",""value"":""Tail 3""},{""trait_type"":""Head Accessory"",""value"":""Pepe""},{""trait_type"":""Eyes"",""value"":""Black""},{""trait_type"":""Accessory"",""value"":""SkateBoard""}]"
712,5567589,0x4d6085ba8e779bd12b59a047bdd9f79504b2be454692354e7c4d125b15b2d058,"[{""trait_type"":""Background"",""value"":""Pink""},{""trait_type"":""Body"",""value"":""Bot""},{""trait_type"":""Snout"",""value"":""Regular Snout""},{""trait_type"":""Eyes"",""value"":""Green""},{""trait_type"":""Socks"",""value"":""White Socks""},{""trait_type"":""Accessory"",""value"":""Mud Pit""}]"
711,5565217,0x2ddf158f6fbe0106933db9484c564d64cb4bd6e0784cfdc47cbcfdd765e68165,"[{""trait_type"":""Background"",""value"":""aqua""},{""trait_type"":""Body"",""value"":""Bot""},{""trait_type"":""Snout"",""value"":""Snout Snot""},{""trait_type"":""Spots"",""value"":""Spots 2""},{""trait_type"":""Tail"",""value"":""Tail 2""},{""trait_type"":""Head Accessory"",""value"":""Pepe""},{""trait_type"":""Eyes"",""value"":""Green""},{""trait_type"":""Socks"",""value"":""Grandpa Socks""}]"
710,5565130,0xf4e25365988fc658f38a0826beb5de08a3c5327c9ead1749d42a3dbdb4b65a7f,"[{""trait_type"":""Background"",""value"":""Grey""},{""trait_type"":""Body"",""value"":""Dusty Pink""},{""trait_type"":""Snout"",""value"":""Regular Snout""},{""trait_type"":""Head Accessory"",""value"":""Cowboy Hat""},{""trait_type"":""Eyes"",""value"":""Black""}]"
709,5565218,0x878cb622f05e9fb3a2d690a0534731f250a3e2f7e8e4b79c2a56f52d77b03746,"[{""trait_type"":""Background"",""value"":""aqua""},{""trait_type"":""Body"",""value"":""Bot""},{""trait_type"":""Snout"",""value"":""Regular Snout""},{""trait_type"":""Tail"",""value"":""Tail 3""},{""trait_type"":""Eyes"",""value"":""Viper""}]"
708,5565209,0x7252c7054d378ef73d33de398141d817f106ad04b63927a84c57df02692207a3,"[{""trait_type"":""Background"",""value"":""purple""},{""trait_type"":""Body"",""value"":""Mold""},{""trait_type"":""Snout"",""value"":""Regular Snout""},{""trait_type"":""Spots"",""value"":""Spots 1""},{""trait_type"":""Tail"",""value"":""Tail 3""},{""trait_type"":""Head Accessory"",""value"":""Crown""},{""trait_type"":""Eyes"",""value"":""Viper""},{""trait_type"":""Socks"",""value"":""Grandpa Socks""}]"
707,5565155,0x1aa4da37bb6b95674103cf2294e0a2977a6a731d3d814e68b08bf23c24604fa7,"[{""trait_type"":""Background"",""value"":""blue""},{""trait_type"":""Body"",""value"":""Zombie""},{""trait_type"":""Snout"",""value"":""Regular Snout""},{""trait_type"":""Spots"",""value"":""Spots 1""},{""trait_type"":""Tail"",""value"":""Tail 1""},{""trait_type"":""Head Accessory"",""value"":""Top Hat""},{""trait_type"":""Eyes"",""value"":""Black""},{""trait_type"":""Socks"",""value"":""Grandpa Socks""}]"
706,5566524,0xf0e65eaaae8ab29dc4530c6c9846d8117d020ce47323891b8f6e26e95e711299,"[{""trait_type"":""Background"",""value"":""blue""},{""trait_type"":""Body"",""value"":""Blood""},{""trait_type"":""Snout"",""value"":""Regular Snout""},{""trait_type"":""Spots"",""value"":""Spots 1""},{""trait_type"":""Tail"",""value"":""Tail 2""},{""trait_type"":""Head Accessory"",""value"":""Blue Beanie""},{""trait_type"":""Eyes"",""value"":""Viper""}]"
705,5565839,0x3758862a149e1a9a935e5f0c76fbc404042e1ceda3a3d654e72c556171101956,"[{""trait_type"":""Background"",""value"":""orange""},{""trait_type"":""Body"",""value"":""Dusty Pink""},{""trait_type"":""Snout"",""value"":""Regular Snout""},{""trait_type"":""Spots"",""value"":""Spots 3""},{""trait_type"":""Tail"",""value"":""Tail 1""},{""trait_type"":""Head Accessory"",""value"":""Skateboard Cat""},{""trait_type"":""Eyes"",""value"":""Blue""}]"
704,5567587,0xc349d74194b9f0649b988326d26cd4e9805b9dbaa3ff6bb8b0cb2a95eef3ab61,"[{""trait_type"":""Background"",""value"":""blue""},{""trait_type"":""Body"",""value"":""Purp""},{""trait_type"":""Snout"",""value"":""Snout Wide""},{""trait_type"":""Tail"",""value"":""Tail 1""},{""trait_type"":""Eyes"",""value"":""Blue""}]"
703,5566102,0xedba041b09db023e609c271075395093be2ad822a04f15da963dd720309273a6,"[{""trait_type"":""Background"",""value"":""Pink""},{""trait_type"":""Body"",""value"":""Bot""},{""trait_type"":""Snout"",""value"":""Snout Wide""},{""trait_type"":""Spots"",""value"":""Spots 3""},{""trait_type"":""Tail"",""value"":""Tail 3""},{""trait_type"":""Head Accessory"",""value"":""Grey Beanie""},{""trait_type"":""Eyes"",""value"":""Orange""},{""trait_type"":""Socks"",""value"":""White Socks""}]"
702,5565207,0x801e9048c32b6c50fcf59161a159f667b4752e0d8a4f48676a98b907637707e8,"[{""trait_type"":""Background"",""value"":""Not Sunny""},{""trait_type"":""Body"",""value"":""Bot""},{""trait_type"":""Snout"",""value"":""Snout Wide""},{""trait_type"":""Tail"",""value"":""Tail 3""},{""trait_type"":""Head Accessory"",""value"":""Grey Spinner""},{""trait_type"":""Eyes"",""value"":""Deal With It""},{""trait_type"":""Socks"",""value"":""Grandpa Socks""}]"
701,5565491,0x062f26a53209071d69d4fe623ba1e48f53b3a21a2b9220783ec41343038a5ff5,"[{""trait_type"":""Background"",""value"":""YEEEEET""},{""trait_type"":""Body"",""value"":""Dusty Pink""},{""trait_type"":""Snout"",""value"":""Snout Wide""},{""trait_type"":""Spots"",""value"":""Spots 1""},{""trait_type"":""Tail"",""value"":""Tail 3""},{""trait_type"":""Head Accessory"",""value"":""Top Hat""},{""trait_type"":""Eyes"",""value"":""Deal With It""},{""trait_type"":""Accessory"",""value"":""SkateBoard""}]"
700,5564922,0x475a4c8f00dd4a93000fba066a7ce7839563d5bc1e8b9a17c4e6f5622d2a0b8f,"[{""trait_type"":""Background"",""value"":""Not Sunny""},{""trait_type"":""Body"",""value"":""Gold""},{""trait_type"":""Snout"",""value"":""Regular Snout""},{""trait_type"":""Tail"",""value"":""Tail 3""},{""trait_type"":""Head Accessory"",""value"":""Dino""},{""trait_type"":""Eyes"",""value"":""Red""}]"
699,5566343,0x30083cc487b8637eba5c5f57f1d3dc88681a9e971cdb1a524ddeeedfa90a737b,"[{""trait_type"":""Background"",""value"":""aqua""},{""trait_type"":""Body"",""value"":""Mold""},{""trait_type"":""Snout"",""value"":""Snout Wide""},{""trait_type"":""Spots"",""value"":""Spots 2""},{""trait_type"":""Tail"",""value"":""Tail 3""},{""trait_type"":""Eyes"",""value"":""Viper""}]"
698,5567586,0x39532245c3a685d1906dd8dba1c08c4933517ed1691c64116e666febd3950a64,"[{""trait_type"":""Background"",""value"":""aqua""},{""trait_type"":""Body"",""value"":""Bot""},{""trait_type"":""Snout"",""value"":""Snout Wide""},{""trait_type"":""Tail"",""value"":""Tail 1""},{""trait_type"":""Head Accessory"",""value"":""Blue Cap""},{""trait_type"":""Eyes"",""value"":""Orange""}]"
697,5565098,0x8e8843855c2626a5a2358b280ebf94aff1b58f75c220ce957231e3f8542df195,"[{""trait_type"":""Background"",""value"":""blue""},{""trait_type"":""Body"",""value"":""Dusty Pink""},{""trait_type"":""Snout"",""value"":""Snout Snot""},{""trait_type"":""Tail"",""value"":""Tail 1""},{""trait_type"":""Head Accessory"",""value"":""Deal With It Pink Pepe""},{""trait_type"":""Eyes"",""value"":""Orange""}]"
696,5564920,0xf3f049ff7084f19dd443f5bda8b108449cf3e7032588d4828919f5640cdfba5a,"[{""trait_type"":""Background"",""value"":""Pink""},{""trait_type"":""Body"",""value"":""Dusty Pink""},{""trait_type"":""Snout"",""value"":""Regular Snout""},{""trait_type"":""Spots"",""value"":""Spots 3""},{""trait_type"":""Tail"",""value"":""Tail 3""},{""trait_type"":""Eyes"",""value"":""Green""}]"
695,5565508,0xa3001a083ee318f1e4dc20434802cf12446833efe864330fef5bbe6f4f1077ce,"[{""trait_type"":""Background"",""value"":""Field""},{""trait_type"":""Body"",""value"":""Blood""},{""trait_type"":""Snout"",""value"":""Snout Wide""},{""trait_type"":""Tail"",""value"":""Tail 2""},{""trait_type"":""Head Accessory"",""value"":""Pink Pepe""},{""trait_type"":""Eyes"",""value"":""Blue""}]"
694,5567583,0xdde293774a85430724f47cca323f38968d2d72094ac01ce68c6240ee47ae86b4,"[{""trait_type"":""Background"",""value"":""c3ff00""},{""trait_type"":""Body"",""value"":""Dusty Pink""},{""trait_type"":""Snout"",""value"":""Snout Snot""},{""trait_type"":""Tail"",""value"":""Tail 3""},{""trait_type"":""Head Accessory"",""value"":""Orange Beanie""},{""trait_type"":""Eyes"",""value"":""Black""}]"
693,5565312,0xe71576a58a311b9e78f524ff3931d2fec8b47d991800ca94648addc1e8cb9a89,"[{""trait_type"":""Background"",""value"":""Brown""},{""trait_type"":""Body"",""value"":""Dusty Pink""},{""trait_type"":""Snout"",""value"":""Regular Snout""},{""trait_type"":""Tail"",""value"":""Tail 3""},{""trait_type"":""Eyes"",""value"":""Deal With It""}]"
692,5565630,0x20a8a2613831e13299a6a6764371f6df2c447a955a8cc69dd723be7d4e5f7c1a,"[{""trait_type"":""Background"",""value"":""orange""},{""trait_type"":""Body"",""value"":""Dusty Pink""},{""trait_type"":""Snout"",""value"":""Regular Snout""},{""trait_type"":""Spots"",""value"":""Spots 1""},{""trait_type"":""Tail"",""value"":""Tail 2""},{""trait_type"":""Head Accessory"",""value"":""Orange Cat""},{""trait_type"":""Eyes"",""value"":""3D""}]"
691,5567584,0xbfbbfcfc1106ec1620b9d99aef6db5e1ccc60faf06a074e51fba12f585c66074,"[{""trait_type"":""Background"",""value"":""orange""},{""trait_type"":""Body"",""value"":""Dusty Pink""},{""trait_type"":""Snout"",""value"":""Snout Snot""},{""trait_type"":""Spots"",""value"":""Spots 3""},{""trait_type"":""Head Accessory"",""value"":""Grey Spinner""},{""trait_type"":""Eyes"",""value"":""Blue""}]"
690,5564869,0xb3d65a5f86e990c03901181478d3652b808b0d354fd0ca445efe72c42724394f,"[{""trait_type"":""Background"",""value"":""green""},{""trait_type"":""Body"",""value"":""Pink""},{""trait_type"":""Snout"",""value"":""Snout Wide""},{""trait_type"":""Tail"",""value"":""Tail 1""},{""trait_type"":""Head Accessory"",""value"":""Pepe""},{""trait_type"":""Eyes"",""value"":""Green""},{""trait_type"":""Socks"",""value"":""Grandpa Socks""}]"
689,5565219,0x2e3b82fe2ee46307d737316b1bccf5354e7619bbe3fd67930a86785aa07f114c,"[{""trait_type"":""Background"",""value"":""purple""},{""trait_type"":""Body"",""value"":""Pink""},{""trait_type"":""Snout"",""value"":""Snout Snot""},{""trait_type"":""Spots"",""value"":""Spots 3""},{""trait_type"":""Tail"",""value"":""Tail 3""},{""trait_type"":""Head Accessory"",""value"":""Dino""},{""trait_type"":""Eyes"",""value"":""Red""}]"
688,5565011,0xea349fcd6b711d9d2013c8f8ea997c6851533d202181f42b137642ba7e7253e4,"[{""trait_type"":""Background"",""value"":""YEEEEET""},{""trait_type"":""Body"",""value"":""Purp""},{""trait_type"":""Snout"",""value"":""Regular Snout""},{""trait_type"":""Tail"",""value"":""Tail 2""},{""trait_type"":""Head Accessory"",""value"":""Orange Beanie""},{""trait_type"":""Eyes"",""value"":""Orange""},{""trait_type"":""Accessory"",""value"":""Hover Board""}]"
687,5565560,0x7d2997556e43e515141cce30da885faa14faf9d385ca827102af03f3872eac33,"[{""trait_type"":""Background"",""value"":""aqua""},{""trait_type"":""Body"",""value"":""Mold""},{""trait_type"":""Snout"",""value"":""Snout Wide""},{""trait_type"":""Spots"",""value"":""Spots 2""},{""trait_type"":""Tail"",""value"":""Tail 1""},{""trait_type"":""Head Accessory"",""value"":""Grey Spinner""},{""trait_type"":""Eyes"",""value"":""Red""}]"
686,5565507,0x2f2037d42f8b53764bca3f94bfedf2ce0940dac5275839bb10bf3e5d1e69d74e,"[{""trait_type"":""Background"",""value"":""Brown""},{""trait_type"":""Body"",""value"":""Pink""},{""trait_type"":""Snout"",""value"":""Snout Wide""},{""trait_type"":""Tail"",""value"":""Tail 3""},{""trait_type"":""Head Accessory"",""value"":""Dino""},{""trait_type"":""Eyes"",""value"":""Viper""}]"
685,5567581,0xf145d0e5406bb9a197522c1cdd76cf8eff4936dd1a30b692c9d18815b65d9e24,"[{""trait_type"":""Background"",""value"":""orange""},{""trait_type"":""Body"",""value"":""Pink""},{""trait_type"":""Snout"",""value"":""Regular Snout""},{""trait_type"":""Spots"",""value"":""Spots 2""},{""trait_type"":""Tail"",""value"":""Tail 2""},{""trait_type"":""Head Accessory"",""value"":""Top Hat""},{""trait_type"":""Eyes"",""value"":""Green""},{""trait_type"":""Accessory"",""value"":""SkateBoard""}]"
684,5566101,0x1978443b3809420a502afb06dec852309bd7a0c7582ef75a428928c3be153d08,"[{""trait_type"":""Background"",""value"":""orange""},{""trait_type"":""Body"",""value"":""Mold""},{""trait_type"":""Snout"",""value"":""Snout Wide""},{""trait_type"":""Tail"",""value"":""Tail 3""},{""trait_type"":""Eyes"",""value"":""Black""}]"
683,5564898,0x32f7c0014d8efc5fd63a1839de9895efe532fb53318908ae5ea39b5b94f0dbc7,"[{""trait_type"":""Background"",""value"":""Not Sunny""},{""trait_type"":""Body"",""value"":""Bot""},{""trait_type"":""Snout"",""value"":""Regular Snout""},{""trait_type"":""Eyes"",""value"":""3D""}]"
682,5565348,0xd96cb6e8b1d21b57d2dc8de30a6dac9a8692ef4653eb471577e2e0b240de1433,"[{""trait_type"":""Background"",""value"":""green""},{""trait_type"":""Body"",""value"":""Pink""},{""trait_type"":""Snout"",""value"":""Snout Wide""},{""trait_type"":""Spots"",""value"":""Spots 3""},{""trait_type"":""Tail"",""value"":""Tail 2""},{""trait_type"":""Head Accessory"",""value"":""Crown""},{""trait_type"":""Eyes"",""value"":""Red""}]"
681,5564882,0x4aaab8b94640bea0ef3370339f20e480a5a4fd26e886128c479c2aaeebc91153,"[{""trait_type"":""Background"",""value"":""White""},{""trait_type"":""Body"",""value"":""Purp""},{""trait_type"":""Snout"",""value"":""Snout Wide""},{""trait_type"":""Spots"",""value"":""Spots 1""},{""trait_type"":""Tail"",""value"":""Tail 1""},{""trait_type"":""Head Accessory"",""value"":""Pepe""},{""trait_type"":""Eyes"",""value"":""Green""},{""trait_type"":""Wacky"",""value"":""Yes""}]"
680,5567580,0x64b6a1efd4c2061ed3916e5c95a790b809864ae03adf38b44a35957b743a4ef1,"[{""trait_type"":""Background"",""value"":""c3ff00""},{""trait_type"":""Body"",""value"":""Dusty Pink""},{""trait_type"":""Snout"",""value"":""Regular Snout""},{""trait_type"":""Spots"",""value"":""Spots 3""},{""trait_type"":""Tail"",""value"":""Tail 2""},{""trait_type"":""Head Accessory"",""value"":""White Beanie""},{""trait_type"":""Eyes"",""value"":""Patch""}]"
679,5565810,0x3b8164208763f0e7fd530074dd7c6b295a6287adeb324d69b42523da916ba919,"[{""trait_type"":""Background"",""value"":""c3ff00""},{""trait_type"":""Body"",""value"":""Blood""},{""trait_type"":""Snout"",""value"":""Snout Wide""},{""trait_type"":""Spots"",""value"":""Spots 3""},{""trait_type"":""Tail"",""value"":""Tail 2""},{""trait_type"":""Head Accessory"",""value"":""Orange Beanie""},{""trait_type"":""Eyes"",""value"":""Red""},{""trait_type"":""Accessory"",""value"":""Hover Board""}]"
678,5565720,0x16a25620c4cc5eec1c2509e06452c5abd50eb501a6c0eca2fe0ff71fdd034245,"[{""trait_type"":""Background"",""value"":""pisser""},{""trait_type"":""Body"",""value"":""Bot""},{""trait_type"":""Snout"",""value"":""Regular Snout""},{""trait_type"":""Spots"",""value"":""Spots 3""},{""trait_type"":""Tail"",""value"":""Tail 3""},{""trait_type"":""Head Accessory"",""value"":""Grey Beanie""},{""trait_type"":""Eyes"",""value"":""Red""}]"
677,5564877,0x3690d96163a4d1410ba6fc6b067c08898acedd0b6abea9a05204c0e4b059a7d6,"[{""trait_type"":""Background"",""value"":""Sunny""},{""trait_type"":""Body"",""value"":""Blood""},{""trait_type"":""Snout"",""value"":""Regular Snout""},{""trait_type"":""Spots"",""value"":""Spots 1""},{""trait_type"":""Tail"",""value"":""Tail 1""},{""trait_type"":""Head Accessory"",""value"":""Skateboard Cat""},{""trait_type"":""Eyes"",""value"":""Viper""}]"
676,5566053,0x23331cd0a2cfacdb64463e910bd380a0b26eaafcc50037183046cab0c44a5687,"[{""trait_type"":""Background"",""value"":""Grey 2""},{""trait_type"":""Body"",""value"":""Dusty Pink""},{""trait_type"":""Snout"",""value"":""Snout Wide""},{""trait_type"":""Tail"",""value"":""Tail 1""},{""trait_type"":""Eyes"",""value"":""Deal With It""},{""trait_type"":""Accessory"",""value"":""Mud Pit""}]"
675,5564948,0x3f431c4a696e0dfed09c03bc7af3fe800f3aea285a66577a858019b0efbe1b67,"[{""trait_type"":""Background"",""value"":""Field""},{""trait_type"":""Body"",""value"":""Pink""},{""trait_type"":""Snout"",""value"":""Regular Snout""},{""trait_type"":""Spots"",""value"":""Spots 3""},{""trait_type"":""Tail"",""value"":""Tail 1""},{""trait_type"":""Eyes"",""value"":""Viper""}]"
674,5564918,0xc613b75c1639fc63afc7c5ab5236d806eae21787e0166bba65000af66452dcfc,"[{""trait_type"":""Background"",""value"":""c3ff00""},{""trait_type"":""Body"",""value"":""Bot""},{""trait_type"":""Snout"",""value"":""Snout Wide""},{""trait_type"":""Spots"",""value"":""Spots 1""},{""trait_type"":""Tail"",""value"":""Tail 2""},{""trait_type"":""Head Accessory"",""value"":""Cap Back Red""},{""trait_type"":""Eyes"",""value"":""Blue""},{""trait_type"":""Accessory"",""value"":""SkateBoard""}]"
673,5564951,0x330a8d99919c40e937a86af5a56fbbf9d9e0fe61d37b66d961f55db645b1c660,"[{""trait_type"":""Background"",""value"":""Not Sunny""},{""trait_type"":""Body"",""value"":""Mold""},{""trait_type"":""Snout"",""value"":""Snout Wide""},{""trait_type"":""Spots"",""value"":""Spots 2""},{""trait_type"":""Tail"",""value"":""Tail 3""},{""trait_type"":""Head Accessory"",""value"":""Crown""},{""trait_type"":""Eyes"",""value"":""Green""}]"
672,5567579,0x9479041c806f80a2741dd111ddef6e371ee81c60d487dd80480c3e407fcf5f72,"[{""trait_type"":""Background"",""value"":""purple""},{""trait_type"":""Body"",""value"":""Purp""},{""trait_type"":""Snout"",""value"":""Regular Snout""},{""trait_type"":""Spots"",""value"":""Spots 3""},{""trait_type"":""Head Accessory"",""value"":""Cap Back Red""},{""trait_type"":""Eyes"",""value"":""Orange""},{""trait_type"":""Socks"",""value"":""Grandpa Socks""}]"
671,5567578,0x56a32bf9b6e72733ea4b1c3e1837ddff7d35eeb72623a36bea75c06b92ab1df2,"[{""trait_type"":""Background"",""value"":""Pink""},{""trait_type"":""Body"",""value"":""Mold""},{""trait_type"":""Snout"",""value"":""Snout Snot""},{""trait_type"":""Spots"",""value"":""Spots 1""},{""trait_type"":""Tail"",""value"":""Tail 2""},{""trait_type"":""Eyes"",""value"":""Green""},{""trait_type"":""Accessory"",""value"":""Hover Board""}]"
670,5565709,0xb7bcf46ac6c9af3e5cc21d80e520fc8c7a1049aff0fe937d338d4d970744ac1a,"[{""trait_type"":""Background"",""value"":""aqua""},{""trait_type"":""Body"",""value"":""Dusty Pink""},{""trait_type"":""Snout"",""value"":""Snout Wide""},{""trait_type"":""Tail"",""value"":""Tail 2""},{""trait_type"":""Head Accessory"",""value"":""Top Hat""},{""trait_type"":""Eyes"",""value"":""Deal With It""},{""trait_type"":""Accessory"",""value"":""SkateBoard""}]"
669,5566507,0xfefd435394c8360383cf14d0ea47f8697b38b833889d38a26446b8acce6ab259,"[{""trait_type"":""Background"",""value"":""Brown""},{""trait_type"":""Body"",""value"":""Mold""},{""trait_type"":""Snout"",""value"":""Regular Snout""},{""trait_type"":""Tail"",""value"":""Tail 1""},{""trait_type"":""Head Accessory"",""value"":""Blue Beanie""},{""trait_type"":""Eyes"",""value"":""Red""},{""trait_type"":""Socks"",""value"":""White Socks""}]"
668,5564915,0xda7846b24b2449599ff36e7f968a2200654e74792ef6acacac806705be44c53a,"[{""trait_type"":""Background"",""value"":""green""},{""trait_type"":""Body"",""value"":""Blood""},{""trait_type"":""Snout"",""value"":""Snout Wide""},{""trait_type"":""Head Accessory"",""value"":""Sad Cat""},{""trait_type"":""Eyes"",""value"":""Green""},{""trait_type"":""Accessory"",""value"":""SkateBoard""}]"
667,5564831,0x03e47b9c449b0855bb8ef8cd39e9541837c1309f0b57dda509f8f1eafd30d403,"[{""trait_type"":""Background"",""value"":""orange""},{""trait_type"":""Body"",""value"":""Alien""},{""trait_type"":""Snout"",""value"":""Regular Snout""},{""trait_type"":""Spots"",""value"":""Spots 3""},{""trait_type"":""Tail"",""value"":""Tail 1""},{""trait_type"":""Head Accessory"",""value"":""Blue Beanie""},{""trait_type"":""Eyes"",""value"":""Deal With It""},{""trait_type"":""Accessory"",""value"":""Explorer""}]"
666,5565859,0x23080e9249cabe3a82d81803cb8c82e8fd75f9947235a73fb84a2a06352ac7d8,"[{""trait_type"":""Background"",""value"":""orange""},{""trait_type"":""Body"",""value"":""Pink""},{""trait_type"":""Snout"",""value"":""Snout Snot""},{""trait_type"":""Tail"",""value"":""Tail 3""},{""trait_type"":""Eyes"",""value"":""Deal With It""},{""trait_type"":""Accessory"",""value"":""SkateBoard""}]"
665,5565788,0x8efbf716d39c7cdd250f8e0d1c6966d9c2918205d955a06df53b7767b2d5aebe,"[{""trait_type"":""Background"",""value"":""Brown""},{""trait_type"":""Body"",""value"":""Pink""},{""trait_type"":""Snout"",""value"":""Regular Snout""},{""trait_type"":""Spots"",""value"":""Spots 1""},{""trait_type"":""Tail"",""value"":""Tail 1""},{""trait_type"":""Head Accessory"",""value"":""Orange Beanie""},{""trait_type"":""Eyes"",""value"":""Blue""}]"
664,5565648,0x1136033abfe73450e29251ed0ce00fbfe611e9dca4f1efd97520ff798808ce9e,"[{""trait_type"":""Background"",""value"":""Brown""},{""trait_type"":""Body"",""value"":""Mold""},{""trait_type"":""Snout"",""value"":""Regular Snout""},{""trait_type"":""Spots"",""value"":""Spots 1""},{""trait_type"":""Tail"",""value"":""Tail 2""},{""trait_type"":""Eyes"",""value"":""Orange""},{""trait_type"":""Accessory"",""value"":""Explorer""}]"
663,5564819,0xdf6e45b9f9c02e9e76e52144c78dfedfaa204f828867ba9eafc2547030837934,"[{""trait_type"":""Background"",""value"":""blue""},{""trait_type"":""Body"",""value"":""Alien""},{""trait_type"":""Snout"",""value"":""Snout Snot""},{""trait_type"":""Spots"",""value"":""Spots 3""},{""trait_type"":""Tail"",""value"":""Tail 2""},{""trait_type"":""Head Accessory"",""value"":""Cap Back Red""},{""trait_type"":""Eyes"",""value"":""Alien""}]"
662,5565826,0x87c602550c14dfaa31a7d34010b8e7282f4b8a6dcf64cfb8ee9aca93bc9d7233,"[{""trait_type"":""Background"",""value"":""Rose""},{""trait_type"":""Body"",""value"":""Mold""},{""trait_type"":""Snout"",""value"":""Regular Snout""},{""trait_type"":""Tail"",""value"":""Tail 1""},{""trait_type"":""Head Accessory"",""value"":""Beanie""},{""trait_type"":""Eyes"",""value"":""Black""}]"
661,5564843,0x519982ea96d1a4804fd0a621185238c8c581a767b4d5af86ddc61568e964a3d3,"[{""trait_type"":""Background"",""value"":""Matrix""},{""trait_type"":""Body"",""value"":""Purp""},{""trait_type"":""Snout"",""value"":""Regular Snout""},{""trait_type"":""Spots"",""value"":""Spots 3""},{""trait_type"":""Tail"",""value"":""Tail 1""},{""trait_type"":""Eyes"",""value"":""Orange""},{""trait_type"":""Accessory"",""value"":""SkateBoard""}]"
660,5565619,0xff0b67d09669aaa9e3b4f083cc69a69ee2ae440492e3de7a97cda6c3aedc47aa,"[{""trait_type"":""Background"",""value"":""blue""},{""trait_type"":""Body"",""value"":""Bot""},{""trait_type"":""Snout"",""value"":""Snout Snot""},{""trait_type"":""Tail"",""value"":""Tail 3""},{""trait_type"":""Eyes"",""value"":""Blue""}]"
659,5569291,0x99db80a880b83fd2d5d25b474294547844c369c064c0f81c21f1a921cb6e3df8,"[{""trait_type"":""Background"",""value"":""purple""},{""trait_type"":""Body"",""value"":""Bot""},{""trait_type"":""Snout"",""value"":""Regular Snout""},{""trait_type"":""Spots"",""value"":""Spots 1""},{""trait_type"":""Head Accessory"",""value"":""Grey Beanie""},{""trait_type"":""Eyes"",""value"":""Orange""}]"
658,5564943,0x8bc6e387b5c44980ba471db2c83c59801ec9c5034c1eb5f2b25a5414c5505504,"[{""trait_type"":""Background"",""value"":""Grey""},{""trait_type"":""Body"",""value"":""Alien""},{""trait_type"":""Snout"",""value"":""Snout Wide""},{""trait_type"":""Spots"",""value"":""Spots 1""},{""trait_type"":""Tail"",""value"":""Tail 1""},{""trait_type"":""Head Accessory"",""value"":""Top Hat""},{""trait_type"":""Eyes"",""value"":""Alien""}]"
657,5564786,0x26d20d09c0c0658f58855939f0a206902cdb068e6ece1f5041080e3fff7a6171,"[{""trait_type"":""Background"",""value"":""Matrix""},{""trait_type"":""Body"",""value"":""Purp""},{""trait_type"":""Snout"",""value"":""Regular Snout""},{""trait_type"":""Spots"",""value"":""Spots 2""},{""trait_type"":""Tail"",""value"":""Tail 3""},{""trait_type"":""Eyes"",""value"":""Orange""},{""trait_type"":""Accessory"",""value"":""Explorer""}]"
656,5565607,0x699f7525a63852b7d440c1b1fbcaebb2aa7eafcdb0ed84e5a591ddf23dbc69d9,"[{""trait_type"":""Background"",""value"":""aqua""},{""trait_type"":""Body"",""value"":""Bot""},{""trait_type"":""Snout"",""value"":""Regular Snout""},{""trait_type"":""Spots"",""value"":""Spots 1""},{""trait_type"":""Head Accessory"",""value"":""Top Hat""},{""trait_type"":""Eyes"",""value"":""Patch""},{""trait_type"":""Socks"",""value"":""White Socks""}]"
655,5569346,0x998b7877d9aa4e8cd4cd7b9de1b8efb1f4044d4b2852c9784d1573451142b792,"[{""trait_type"":""Background"",""value"":""pisser""},{""trait_type"":""Body"",""value"":""Pink""},{""trait_type"":""Snout"",""value"":""Regular Snout""},{""trait_type"":""Spots"",""value"":""Spots 3""},{""trait_type"":""Tail"",""value"":""Tail 2""},{""trait_type"":""Eyes"",""value"":""3D""}]"
654,5566097,0x7f0cc73d40fe2bf0222c99180b7cb410723a65c39d75c34011c086e95327950d,"[{""trait_type"":""Background"",""value"":""orange""},{""trait_type"":""Body"",""value"":""Dusty Pink""},{""trait_type"":""Snout"",""value"":""Regular Snout""},{""trait_type"":""Spots"",""value"":""Spots 1""},{""trait_type"":""Tail"",""value"":""Tail 3""},{""trait_type"":""Eyes"",""value"":""Orange""},{""trait_type"":""Socks"",""value"":""White Socks""},{""trait_type"":""Accessory"",""value"":""Mud Pit""}]"
653,5566052,0x85b994a7b8271c1a0482f15f3fe1f46199c00c3fcab40455f00dcd51278fdc53,"[{""trait_type"":""Background"",""value"":""green""},{""trait_type"":""Body"",""value"":""Pink""},{""trait_type"":""Snout"",""value"":""Regular Snout""},{""trait_type"":""Spots"",""value"":""Spots 2""},{""trait_type"":""Tail"",""value"":""Tail 3""},{""trait_type"":""Head Accessory"",""value"":""Pink Pepe""},{""trait_type"":""Eyes"",""value"":""Black""}]"
652,5569347,0x7aa715f3e878b68a18fe1eb2b5812731a0de5a35fcee85ca3fab52312dbaffd6,"[{""trait_type"":""Background"",""value"":""blue""},{""trait_type"":""Body"",""value"":""Blood""},{""trait_type"":""Snout"",""value"":""Regular Snout""},{""trait_type"":""Spots"",""value"":""Spots 2""},{""trait_type"":""Tail"",""value"":""Tail 2""},{""trait_type"":""Eyes"",""value"":""Blue""},{""trait_type"":""Accessory"",""value"":""Mud Pit""}]"
651,5564996,0xba94de975bb59a3dcaa31ae77c6f916bdb1022e7f4602633aa4bdb7f295ec669,"[{""trait_type"":""Background"",""value"":""green""},{""trait_type"":""Body"",""value"":""Pink""},{""trait_type"":""Snout"",""value"":""Regular Snout""},{""trait_type"":""Spots"",""value"":""Spots 3""},{""trait_type"":""Tail"",""value"":""Tail 3""},{""trait_type"":""Head Accessory"",""value"":""Pepe""},{""trait_type"":""Eyes"",""value"":""3D""},{""trait_type"":""Accessory"",""value"":""SkateBoard""}]"
650,5566494,0x6ed35bf25926ade776638f06225953b7e8b908deea4fe3c3cdba64f459cfbd71,"[{""trait_type"":""Background"",""value"":""pisser""},{""trait_type"":""Body"",""value"":""Mold""},{""trait_type"":""Snout"",""value"":""Regular Snout""},{""trait_type"":""Spots"",""value"":""Spots 2""},{""trait_type"":""Tail"",""value"":""Tail 3""},{""trait_type"":""Head Accessory"",""value"":""Top Hat""},{""trait_type"":""Eyes"",""value"":""Viper""}]"
649,5564818,0x1ae99550711fa43510d33a63ec540b244fd331db8ad72260f7435c7f5f1db6f5,"[{""trait_type"":""Background"",""value"":""aqua""},{""trait_type"":""Body"",""value"":""Bot""},{""trait_type"":""Snout"",""value"":""Regular Snout""},{""trait_type"":""Spots"",""value"":""Spots 1""},{""trait_type"":""Tail"",""value"":""Tail 2""},{""trait_type"":""Head Accessory"",""value"":""Beanie""},{""trait_type"":""Eyes"",""value"":""Deal With It""}]"
648,5565066,0x08b9550b04c8b2108c88044c8b5631bd490229b08e94cb9f5e9c047a66d68062,"[{""trait_type"":""Background"",""value"":""c3ff00""},{""trait_type"":""Body"",""value"":""Dusty Pink""},{""trait_type"":""Snout"",""value"":""Regular Snout""},{""trait_type"":""Spots"",""value"":""Spots 2""},{""trait_type"":""Tail"",""value"":""Tail 2""},{""trait_type"":""Eyes"",""value"":""3D""},{""trait_type"":""Socks"",""value"":""White Socks""}]"
647,5565506,0x12ac9c5010fc7ed7ebbcfa7f57504cb041c66dba916381ff914fc1ff4583f049,"[{""trait_type"":""Background"",""value"":""Pork Chart""},{""trait_type"":""Body"",""value"":""Mold""},{""trait_type"":""Snout"",""value"":""Regular Snout""},{""trait_type"":""Spots"",""value"":""Spots 1""},{""trait_type"":""Tail"",""value"":""Tail 3""},{""trait_type"":""Eyes"",""value"":""Blue""}]"
646,5564852,0x1bd21e2831f5decc3532efd118cb69f3d6102954cf7962175939f827800c2d57,"[{""trait_type"":""Background"",""value"":""Matrix""},{""trait_type"":""Body"",""value"":""Dusty Pink""},{""trait_type"":""Snout"",""value"":""Snout Snot""},{""trait_type"":""Tail"",""value"":""Tail 1""},{""trait_type"":""Head Accessory"",""value"":""Sad Cat""},{""trait_type"":""Eyes"",""value"":""Green""}]"
645,5565204,0x23b59afc271eab0dabe658b1288a43418c04eba9303b60468d0af98e3db45acb,"[{""trait_type"":""Background"",""value"":""Pink""},{""trait_type"":""Body"",""value"":""Bot""},{""trait_type"":""Snout"",""value"":""Snout Wide""},{""trait_type"":""Spots"",""value"":""Spots 3""},{""trait_type"":""Tail"",""value"":""Tail 2""},{""trait_type"":""Eyes"",""value"":""Deal With It""}]"
644,5565693,0xd65917dd372ef8d295119fa0ed87926229a3bfdbdef83ec380944b3c2096fba7,"[{""trait_type"":""Background"",""value"":""green""},{""trait_type"":""Body"",""value"":""Dusty Pink""},{""trait_type"":""Snout"",""value"":""Regular Snout""},{""trait_type"":""Spots"",""value"":""Spots 1""},{""trait_type"":""Tail"",""value"":""Tail 3""},{""trait_type"":""Head Accessory"",""value"":""Dino""},{""trait_type"":""Eyes"",""value"":""Blue""}]"
643,5565687,0xc020c02a004018aff3ed855c9d090af915bf5703c8065dca8ee9b6678237866b,"[{""trait_type"":""Background"",""value"":""orange""},{""trait_type"":""Body"",""value"":""Pink""},{""trait_type"":""Snout"",""value"":""Regular Snout""},{""trait_type"":""Spots"",""value"":""Spots 3""},{""trait_type"":""Tail"",""value"":""Probe""},{""trait_type"":""Head Accessory"",""value"":""Sad Cat""},{""trait_type"":""Eyes"",""value"":""Green""},{""trait_type"":""Accessory"",""value"":""Explorer""}]"
642,5564880,0x3692c3b58abb9d5893c577f66eb1e681ba3e0d1859c41f0e2da86b54775c9d5d,"[{""trait_type"":""Background"",""value"":""Pork Chart""},{""trait_type"":""Body"",""value"":""Zombie""},{""trait_type"":""Snout"",""value"":""Regular Snout""},{""trait_type"":""Spots"",""value"":""Spots 1""},{""trait_type"":""Tail"",""value"":""Tail 1""},{""trait_type"":""Eyes"",""value"":""Viper""},{""trait_type"":""Accessory"",""value"":""Mud Pit""}]"
641,5564914,0x5c4ace89f3eedbb53beb3cdd212fcfe828f5d37cd02d9e3f5d573e78d4d928d5,"[{""trait_type"":""Background"",""value"":""Rose""},{""trait_type"":""Body"",""value"":""Pigdenza""},{""trait_type"":""Snout"",""value"":""Regular Snout""},{""trait_type"":""Spots"",""value"":""spots 2""},{""trait_type"":""Tail"",""value"":""tail 1""},{""trait_type"":""Head Accessory"",""value"":""Grey Spinner""},{""trait_type"":""Eyes"",""value"":""Black""}]"
640,5565061,0x4fd5744ca4bf78e61c0a5905b589483de581d0a99b6cf51c0ff4eb16acfddf2b,"[{""trait_type"":""Background"",""value"":""orange""},{""trait_type"":""Body"",""value"":""Blood""},{""trait_type"":""Snout"",""value"":""Snout Snot""},{""trait_type"":""Spots"",""value"":""Spots 1""},{""trait_type"":""Tail"",""value"":""Tail 2""},{""trait_type"":""Head Accessory"",""value"":""Deal With It Pink Pepe""},{""trait_type"":""Eyes"",""value"":""Black""}]"
639,5564817,0x3bf4db49063b24010aa591ca97723358152bb90002d5171df52d798c18e07db9,"[{""trait_type"":""Background"",""value"":""Matrix""},{""trait_type"":""Body"",""value"":""Dusty Pink""},{""trait_type"":""Snout"",""value"":""Regular Snout""},{""trait_type"":""Tail"",""value"":""Tail 2""},{""trait_type"":""Head Accessory"",""value"":""White Beanie""},{""trait_type"":""Eyes"",""value"":""Blue""}]"
638,5566050,0x01ef00dcb67d7f8fe1e449e3d026d0154b1cc5005bf5374180147d17b1c65fad,"[{""trait_type"":""Background"",""value"":""blue""},{""trait_type"":""Body"",""value"":""Purp""},{""trait_type"":""Snout"",""value"":""Regular Snout""},{""trait_type"":""Spots"",""value"":""Spots 2""},{""trait_type"":""Tail"",""value"":""Tail 2""},{""trait_type"":""Head Accessory"",""value"":""Grey Spinner""},{""trait_type"":""Eyes"",""value"":""3D""}]"
637,5564952,0xed4131c9b2acaee1bd9cc6c4ed3149d1cae86a7e184040958a812e960011310a,"[{""trait_type"":""Background"",""value"":""aqua""},{""trait_type"":""Body"",""value"":""Zombie""},{""trait_type"":""Snout"",""value"":""Snout Wide""},{""trait_type"":""Spots"",""value"":""Spots 2""},{""trait_type"":""Head Accessory"",""value"":""Grey Spinner""},{""trait_type"":""Eyes"",""value"":""Patch""}]"
636,5565935,0xe701294fd5224cd2db9c0c5201efc51514d40f897f6076560a74921c9f098298,"[{""trait_type"":""Background"",""value"":""Pink""},{""trait_type"":""Body"",""value"":""Mold""},{""trait_type"":""Snout"",""value"":""Snout Snot""},{""trait_type"":""Tail"",""value"":""Tail 3""},{""trait_type"":""Head Accessory"",""value"":""Blue Beanie""},{""trait_type"":""Eyes"",""value"":""Blue""},{""trait_type"":""Accessory"",""value"":""Mud Pit""}]"
635,5564813,0xb5bc022f03d888ed6a38798efd27082eb1abee9cdc8549229970fb8c93e45715,"[{""trait_type"":""Background"",""value"":""Rose""},{""trait_type"":""Body"",""value"":""Gold""},{""trait_type"":""Snout"",""value"":""Regular Snout""},{""trait_type"":""Spots"",""value"":""Spots 3""},{""trait_type"":""Eyes"",""value"":""Blue""},{""trait_type"":""Accessory"",""value"":""Mud Pit""}]"
634,5565828,0xe99017ec3c4769dc1e1caf2ee7f4585b296d68d044b81b100bdffa1d853c64ea,"[{""trait_type"":""Background"",""value"":""Rose""},{""trait_type"":""Body"",""value"":""Pink""},{""trait_type"":""Snout"",""value"":""Regular Snout""},{""trait_type"":""Tail"",""value"":""Tail 1""},{""trait_type"":""Head Accessory"",""value"":""Pink Pepe""},{""trait_type"":""Eyes"",""value"":""Orange""}]"
633,5566529,0x305a418e05e0008c64167fa2729e18c9ae2c28e8cff8e1a9a9a181beda79b386,"[{""trait_type"":""Background"",""value"":""blue""},{""trait_type"":""Body"",""value"":""Mold""},{""trait_type"":""Snout"",""value"":""Regular Snout""},{""trait_type"":""Eyes"",""value"":""Black""}]"
632,5566049,0x5782e548944ae4c2e869724df4b2a0a2febd12cbd72e96e63ce8be296f6785b0,"[{""trait_type"":""Background"",""value"":""blue""},{""trait_type"":""Body"",""value"":""Purp""},{""trait_type"":""Snout"",""value"":""Snout Wide""},{""trait_type"":""Tail"",""value"":""Tail 1""},{""trait_type"":""Eyes"",""value"":""Deal With It""},{""trait_type"":""Socks"",""value"":""Grandpa Socks""}]"
631,5569343,0x6eb88e29c0f3bed1bb8ebc4e6735ef6a198f7e13c0e47167e0f8095eb0ac7c0f,"[{""trait_type"":""Background"",""value"":""purple""},{""trait_type"":""Body"",""value"":""Dusty Pink""},{""trait_type"":""Snout"",""value"":""Snout Wide""},{""trait_type"":""Spots"",""value"":""Spots 1""},{""trait_type"":""Head Accessory"",""value"":""Blue Beanie""},{""trait_type"":""Eyes"",""value"":""Viper""},{""trait_type"":""Accessory"",""value"":""Hover Board""}]"
630,5566668,0xf038def26959c942135fe468781dd9f74091d89c63816580f64d3dc1e5911bad,"[{""trait_type"":""Background"",""value"":""c3ff00""},{""trait_type"":""Body"",""value"":""Bot""},{""trait_type"":""Snout"",""value"":""Snout Snot""},{""trait_type"":""Spots"",""value"":""Spots 2""},{""trait_type"":""Tail"",""value"":""Tail 2""},{""trait_type"":""Head Accessory"",""value"":""Blue Cap""},{""trait_type"":""Eyes"",""value"":""Green""},{""trait_type"":""Socks"",""value"":""White Socks""}]"
629,5564829,0xf3b223a8aec7acd777ad65aa3dc607a6d7db43a995f68315cae7cf5b066e86f9,"[{""trait_type"":""Background"",""value"":""YEEEEET""},{""trait_type"":""Body"",""value"":""Gold""},{""trait_type"":""Snout"",""value"":""Regular Snout""},{""trait_type"":""Spots"",""value"":""Spots 3""},{""trait_type"":""Tail"",""value"":""Tail 1""},{""trait_type"":""Eyes"",""value"":""Deal With It""}]"
628,5565068,0x30734d9f8cc1ec4109ddcebcfe883f436a0e7ab47618d62cb1e561cc7b90c717,"[{""trait_type"":""Background"",""value"":""pisser""},{""trait_type"":""Body"",""value"":""Dusty Pink""},{""trait_type"":""Snout"",""value"":""Regular Snout""},{""trait_type"":""Tail"",""value"":""Tail 1""},{""trait_type"":""Head Accessory"",""value"":""Beanie""},{""trait_type"":""Eyes"",""value"":""Green""}]"
627,5565848,0x31eac09a361eebfa757d1dc5da708931c665206d1c78ddd5c338796759be9167,"[{""trait_type"":""Background"",""value"":""blue""},{""trait_type"":""Body"",""value"":""Blood""},{""trait_type"":""Snout"",""value"":""Regular Snout""},{""trait_type"":""Tail"",""value"":""Tail 2""},{""trait_type"":""Eyes"",""value"":""3D""}]"
626,5565833,0x6250cda005f7328dfc8452ce71c44aa99ddbd1b67c753b4b4d1fe60a71f1cb7d,"[{""trait_type"":""Background"",""value"":""green""},{""trait_type"":""Body"",""value"":""Dusty Pink""},{""trait_type"":""Snout"",""value"":""Snout Wide""},{""trait_type"":""Tail"",""value"":""Tail 2""},{""trait_type"":""Eyes"",""value"":""Green""},{""trait_type"":""Socks"",""value"":""Grandpa Socks""},{""trait_type"":""Accessory"",""value"":""Explorer""}]"
625,5567547,0x7c5d5ebea6062bde468c91828f6b092624a6c38883ed2f0f5994f009bfc3afd9,"[{""trait_type"":""Background"",""value"":""Grey 2""},{""trait_type"":""Body"",""value"":""Purp""},{""trait_type"":""Snout"",""value"":""Regular Snout""},{""trait_type"":""Head Accessory"",""value"":""White Beanie""},{""trait_type"":""Eyes"",""value"":""Patch""},{""trait_type"":""Socks"",""value"":""Grandpa Socks""}]"
624,5566098,0xef3b9e5ab36a38714a988c1022c4d9b9665b3b68a40d3f9e3fe29ab6a2ba12a3,"[{""trait_type"":""Background"",""value"":""orange""},{""trait_type"":""Body"",""value"":""Dusty Pink""},{""trait_type"":""Snout"",""value"":""Snout Snot""},{""trait_type"":""Spots"",""value"":""Spots 3""},{""trait_type"":""Tail"",""value"":""Tail 3""},{""trait_type"":""Head Accessory"",""value"":""White Beanie""},{""trait_type"":""Eyes"",""value"":""Patch""}]"
623,5565869,0xf594cf27091db76d5eb63ee217c68c43c96f114bc5c819a4023de0dad40db765,"[{""trait_type"":""Background"",""value"":""Rose""},{""trait_type"":""Body"",""value"":""Dusty Pink""},{""trait_type"":""Snout"",""value"":""Snout Wide""},{""trait_type"":""Tail"",""value"":""Probe""},{""trait_type"":""Eyes"",""value"":""Black""}]"
622,5565875,0x1cc937fb8a2186af4c6cf29d7a178dddd0d336c77cd88c80c14ae827cc39e65c,"[{""trait_type"":""Background"",""value"":""purple""},{""trait_type"":""Body"",""value"":""Bot""},{""trait_type"":""Snout"",""value"":""Regular Snout""},{""trait_type"":""Tail"",""value"":""Tail 3""},{""trait_type"":""Head Accessory"",""value"":""Top Hat""},{""trait_type"":""Eyes"",""value"":""Red""}]"
621,5565844,0x9e039fd8a1fa0875fb6f2aaea607b6745487e5df864d53650425ed5a6f8011c9,"[{""trait_type"":""Background"",""value"":""blue""},{""trait_type"":""Body"",""value"":""Pink""},{""trait_type"":""Snout"",""value"":""Regular Snout""},{""trait_type"":""Spots"",""value"":""Spots 3""},{""trait_type"":""Tail"",""value"":""Tail 1""},{""trait_type"":""Head Accessory"",""value"":""Pink Pepe""},{""trait_type"":""Eyes"",""value"":""Black""}]"
620,5565818,0xb0ff26225ee4aa406731ca75ecdeded32b1cfa07bd6452e1014cf6cab63db5ae,"[{""trait_type"":""Background"",""value"":""pisser""},{""trait_type"":""Body"",""value"":""Dusty Pink""},{""trait_type"":""Snout"",""value"":""Snout Wide""},{""trait_type"":""Tail"",""value"":""Tail 3""},{""trait_type"":""Eyes"",""value"":""Black""}]"
619,5564857,0x8beb672598be5bd049bb23d749ca27cdef9174760ee51609717359756e8a7b12,"[{""trait_type"":""Background"",""value"":""green""},{""trait_type"":""Body"",""value"":""Mold""},{""trait_type"":""Snout"",""value"":""Regular Snout""},{""trait_type"":""Spots"",""value"":""Spots 2""},{""trait_type"":""Tail"",""value"":""Tail 2""},{""trait_type"":""Head Accessory"",""value"":""Dino""},{""trait_type"":""Eyes"",""value"":""Viper""},{""trait_type"":""Accessory"",""value"":""Mud Pit""}]"
618,5566473,0xf84b533395007a22ad307c85e2f1e3c47b42a254c7abd50e928c18caa6528417,"[{""trait_type"":""Background"",""value"":""Brown""},{""trait_type"":""Body"",""value"":""Purp""},{""trait_type"":""Snout"",""value"":""Snout Snot""},{""trait_type"":""Tail"",""value"":""Tail 3""},{""trait_type"":""Eyes"",""value"":""Deal With It""},{""trait_type"":""Accessory"",""value"":""SkateBoard""}]"
617,5566140,0xd40f44a47817d20232fb2e1a7b8be837488a7237e3b4638bc0278fbe3df8e6ab,"[{""trait_type"":""Background"",""value"":""aqua""},{""trait_type"":""Body"",""value"":""Blood""},{""trait_type"":""Snout"",""value"":""Regular Snout""},{""trait_type"":""Spots"",""value"":""Spots 1""},{""trait_type"":""Tail"",""value"":""Tail 2""},{""trait_type"":""Head Accessory"",""value"":""Orange Beanie""},{""trait_type"":""Eyes"",""value"":""3D""},{""trait_type"":""Accessory"",""value"":""Mud Pit""}]"
616,5565775,0xc406034801d151e04828ff54813ce8576cf27df27cd37f3f9d0dac5a02f6c1d9,"[{""trait_type"":""Background"",""value"":""Grey 2""},{""trait_type"":""Body"",""value"":""Purp""},{""trait_type"":""Snout"",""value"":""Regular Snout""},{""trait_type"":""Head Accessory"",""value"":""Top Hat""},{""trait_type"":""Eyes"",""value"":""3D""},{""trait_type"":""Socks"",""value"":""Grandpa Socks""}]"
615,5567542,0xf869f2ab320757b6aa6252c294892cadb36e7f5e989abba739b3643ba642cbae,"[{""trait_type"":""Background"",""value"":""Grey 2""},{""trait_type"":""Body"",""value"":""Dusty Pink""},{""trait_type"":""Snout"",""value"":""Snout Wide""},{""trait_type"":""Spots"",""value"":""Spots 3""},{""trait_type"":""Eyes"",""value"":""Blue""}]"
614,5565164,0x0f68945970551683d5174f962b85ec80b25aa2cb0078756da67c32749f93a68e,"[{""trait_type"":""Background"",""value"":""Pork Chart""},{""trait_type"":""Body"",""value"":""Pink""},{""trait_type"":""Snout"",""value"":""Snout Wide""},{""trait_type"":""Tail"",""value"":""Tail 1""},{""trait_type"":""Eyes"",""value"":""Viper""}]"
613,5564830,0x30cfbbfc7e3ed0046b7786efdbc2e8374bfe5f526c6c8aa000118a919fd28f24,"[{""trait_type"":""Background"",""value"":""Pink""},{""trait_type"":""Body"",""value"":""Mold""},{""trait_type"":""Snout"",""value"":""Snout Wide""},{""trait_type"":""Spots"",""value"":""Spots 3""},{""trait_type"":""Tail"",""value"":""Tail 3""},{""trait_type"":""Eyes"",""value"":""Orange""}]"
612,5565055,0x17103510acf09fc17d8316cc823faf3263e4ce0e37beecbd381fd3beda04681f,"[{""trait_type"":""Background"",""value"":""orange""},{""trait_type"":""Body"",""value"":""Pink""},{""trait_type"":""Snout"",""value"":""Regular Snout""},{""trait_type"":""Spots"",""value"":""Spots 1""},{""trait_type"":""Tail"",""value"":""Tail 2""},{""trait_type"":""Head Accessory"",""value"":""Deal With It Pepe""},{""trait_type"":""Eyes"",""value"":""Black""}]"
611,5565838,0x770e4d70f426706b6b7cda961c6665309442374e65529b3b3e08c4117be03812,"[{""trait_type"":""Background"",""value"":""green""},{""trait_type"":""Body"",""value"":""Pink""},{""trait_type"":""Snout"",""value"":""Regular Snout""},{""trait_type"":""Tail"",""value"":""Tail 2""},{""trait_type"":""Eyes"",""value"":""Deal With It""},{""trait_type"":""Socks"",""value"":""Grandpa Socks""}]"
610,5564811,0x7361ed43f07b845e9791ad9d12a72683cf658f25d4818aa09b680714dc089ff7,"[{""trait_type"":""Background"",""value"":""purple""},{""trait_type"":""Body"",""value"":""Bot""},{""trait_type"":""Snout"",""value"":""Snout Wide""},{""trait_type"":""Tail"",""value"":""Tail 1""},{""trait_type"":""Head Accessory"",""value"":""Pepe""},{""trait_type"":""Eyes"",""value"":""Black""},{""trait_type"":""Accessory"",""value"":""Explorer""}]"
609,5565771,0xd9da50d3eb4745e7044c734104f5703870ed552df46f91fa79a2096844b67d64,"[{""trait_type"":""Background"",""value"":""Pink""},{""trait_type"":""Body"",""value"":""Purp""},{""trait_type"":""Snout"",""value"":""Snout Wide""},{""trait_type"":""Tail"",""value"":""Tail 1""},{""trait_type"":""Head Accessory"",""value"":""Beanie""},{""trait_type"":""Eyes"",""value"":""Green""}]"
608,5564859,0xcf4afd81731c26ed3fc0ab8286217ad87e9f7134fae49061096dafc41be40c25,"[{""trait_type"":""Background"",""value"":""White""},{""trait_type"":""Body"",""value"":""Zombie""},{""trait_type"":""Snout"",""value"":""Regular Snout""},{""trait_type"":""Spots"",""value"":""Spots 2""},{""trait_type"":""Tail"",""value"":""Tail 3""},{""trait_type"":""Eyes"",""value"":""Patch""},{""trait_type"":""Wacky"",""value"":""Yes""},{""trait_type"":""Accessory"",""value"":""Hover Board""}]"
607,5565843,0x564bd00cbabbc2449e2c226fd4979c62aa0befd60f4abe21d33a6996d7e9e7bc,"[{""trait_type"":""Background"",""value"":""Grey 2""},{""trait_type"":""Body"",""value"":""Dusty Pink""},{""trait_type"":""Snout"",""value"":""Regular Snout""},{""trait_type"":""Spots"",""value"":""Spots 3""},{""trait_type"":""Tail"",""value"":""Tail 3""},{""trait_type"":""Head Accessory"",""value"":""Dino""},{""trait_type"":""Eyes"",""value"":""Orange""}]"
606,5566046,0x0cea10822972e27628a36fcaeb5b082eb532055c10d81e8326f659e2356291ec,"[{""trait_type"":""Background"",""value"":""Field""},{""trait_type"":""Body"",""value"":""Purp""},{""trait_type"":""Snout"",""value"":""Regular Snout""},{""trait_type"":""Spots"",""value"":""Spots 3""},{""trait_type"":""Tail"",""value"":""Tail 3""},{""trait_type"":""Eyes"",""value"":""3D""}]"
605,5566075,0xec2c535698b44490b5924895efc8d86f5a00b311ae1b4a5d0ec2e0f020126db0,"[{""trait_type"":""Background"",""value"":""Field""},{""trait_type"":""Body"",""value"":""Pink""},{""trait_type"":""Snout"",""value"":""Snout Wide""},{""trait_type"":""Tail"",""value"":""Tail 1""},{""trait_type"":""Head Accessory"",""value"":""Grey Spinner""},{""trait_type"":""Eyes"",""value"":""Red""}]"
604,5564801,0x3bcdf5aa5d8737fc30b7c5bb354633a5449df07b94c2a883e8593260d91dd564,"[{""trait_type"":""Background"",""value"":""Matrix""},{""trait_type"":""Body"",""value"":""Blood""},{""trait_type"":""Snout"",""value"":""Snout Wide""},{""trait_type"":""Tail"",""value"":""Tail 2""},{""trait_type"":""Head Accessory"",""value"":""Sad Cat""},{""trait_type"":""Eyes"",""value"":""Black""}]"
603,5567541,0x184621102f8eaaeaa877c7ba6cea4ed0cc3b3d5d2126fdc8eac0126ed5faf78f,"[{""trait_type"":""Background"",""value"":""c3ff00""},{""trait_type"":""Body"",""value"":""Dusty Pink""},{""trait_type"":""Snout"",""value"":""Regular Snout""},{""trait_type"":""Tail"",""value"":""Tail 1""},{""trait_type"":""Head Accessory"",""value"":""Top Hat""},{""trait_type"":""Eyes"",""value"":""Deal With It""}]"
602,5564853,0x3324b20c7f9db038afe0b78a19d28d82280ab89721fa0c2545e860fc390d6f56,"[{""trait_type"":""Background"",""value"":""pisser""},{""trait_type"":""Body"",""value"":""Pink""},{""trait_type"":""Snout"",""value"":""Regular Snout""},{""trait_type"":""Spots"",""value"":""Spots 1""},{""trait_type"":""Tail"",""value"":""Probe""},{""trait_type"":""Head Accessory"",""value"":""Blue Cap""},{""trait_type"":""Eyes"",""value"":""Green""},{""trait_type"":""Accessory"",""value"":""Explorer""}]"
601,5566559,0x5f374d5a87a73f15ba22fa61e3296bc8a3b508b1ec637f352e3f0e888355f2d6,"[{""trait_type"":""Background"",""value"":""green""},{""trait_type"":""Body"",""value"":""Dusty Pink""},{""trait_type"":""Snout"",""value"":""Snout Wide""},{""trait_type"":""Tail"",""value"":""Tail 1""},{""trait_type"":""Eyes"",""value"":""Black""}]"
600,5565060,0xb4d9da5d56880f20167fefb2ea176a7214ecc1a41c9aaad8e1cccb5edba452ee,"[{""trait_type"":""Background"",""value"":""pisser""},{""trait_type"":""Body"",""value"":""Dusty Pink""},{""trait_type"":""Snout"",""value"":""Snout Wide""},{""trait_type"":""Spots"",""value"":""Spots 3""},{""trait_type"":""Tail"",""value"":""Tail 1""},{""trait_type"":""Head Accessory"",""value"":""Deal With It Pepe""},{""trait_type"":""Eyes"",""value"":""Black""}]"
599,5565757,0x14cde5e65e0ce43ba45da99d53bfc1913eb0c9db635b536ed6ec04d200e63e78,"[{""trait_type"":""Background"",""value"":""Brown""},{""trait_type"":""Body"",""value"":""Blood""},{""trait_type"":""Snout"",""value"":""Snout Wide""},{""trait_type"":""Tail"",""value"":""Tail 1""},{""trait_type"":""Head Accessory"",""value"":""Grey Spinner""},{""trait_type"":""Eyes"",""value"":""Deal With It""},{""trait_type"":""Socks"",""value"":""Grandpa Socks""}]"
598,5565551,0xea46497db9f13449c81150a114aba2cc6c0c0b56bace2a8aeb2b7963957f3657,"[{""trait_type"":""Background"",""value"":""orange""},{""trait_type"":""Body"",""value"":""Mold""},{""trait_type"":""Snout"",""value"":""Regular Snout""},{""trait_type"":""Spots"",""value"":""Spots 3""},{""trait_type"":""Head Accessory"",""value"":""Turd Cat""},{""trait_type"":""Eyes"",""value"":""Red""}]"
597,5565781,0xa0428274ca5c6d69687bcafd8fd9e73efae2cea762364b5c1d3e82e0392a4739,"[{""trait_type"":""Background"",""value"":""blue""},{""trait_type"":""Body"",""value"":""Bot""},{""trait_type"":""Snout"",""value"":""Regular Snout""},{""trait_type"":""Tail"",""value"":""Tail 3""},{""trait_type"":""Eyes"",""value"":""Black""}]"
596,5565565,0xd1d1dd20d3cdb107b5f3734e6f9e99070a6f123348c2af7a4081e26fbcba21d4,"[{""trait_type"":""Background"",""value"":""Field""},{""trait_type"":""Body"",""value"":""Purp""},{""trait_type"":""Snout"",""value"":""Regular Snout""},{""trait_type"":""Spots"",""value"":""Spots 3""},{""trait_type"":""Tail"",""value"":""Tail 1""},{""trait_type"":""Head Accessory"",""value"":""Pepe""},{""trait_type"":""Eyes"",""value"":""Black""},{""trait_type"":""Socks"",""value"":""White Socks""}]"
595,5565153,0x2373357a1f1662aa630316b99bb3753ed1542cd2b7df27f7c49bd9fb24e648a8,"[{""trait_type"":""Background"",""value"":""blue""},{""trait_type"":""Body"",""value"":""Pink""},{""trait_type"":""Snout"",""value"":""Regular Snout""},{""trait_type"":""Tail"",""value"":""Tail 1""},{""trait_type"":""Head Accessory"",""value"":""Dino""},{""trait_type"":""Eyes"",""value"":""Red""}]"
594,5565829,0xb6a0a71b227734534784dbf66fde64a50e8206fc50f98a36cdb68f7855c4419d,"[{""trait_type"":""Background"",""value"":""YEEEEET""},{""trait_type"":""Body"",""value"":""Bot""},{""trait_type"":""Snout"",""value"":""Regular Snout""},{""trait_type"":""Spots"",""value"":""Spots 1""},{""trait_type"":""Tail"",""value"":""Tail 1""},{""trait_type"":""Eyes"",""value"":""Red""}]"
593,5565264,0xd0a0872923af44a35b6b00dbde2414497de4ed49bc58a7d593a1ed1d83217f13,"[{""trait_type"":""Background"",""value"":""Not Sunny""},{""trait_type"":""Body"",""value"":""Mold""},{""trait_type"":""Snout"",""value"":""Regular Snout""},{""trait_type"":""Spots"",""value"":""Spots 1""},{""trait_type"":""Tail"",""value"":""Tail 1""},{""trait_type"":""Eyes"",""value"":""Viper""}]"
592,5564812,0xc275f1ae5a4344849140e8fbf47854229d73f0613e785510ea16fe172ab5d16b,"[{""trait_type"":""Background"",""value"":""orange""},{""trait_type"":""Body"",""value"":""Pigdenza""},{""trait_type"":""Snout"",""value"":""Snout Snot""},{""trait_type"":""Tail"",""value"":""tail 1""},{""trait_type"":""Head Accessory"",""value"":""Skateboard Cat""},{""trait_type"":""Eyes"",""value"":""Viper""}]"
591,5566100,0xad9ac2ec973a1f675f7e7e07d4e43fd13d1e106ad1ccbeeafa2a87dd32a3bc09,"[{""trait_type"":""Background"",""value"":""pisser""},{""trait_type"":""Body"",""value"":""Pink""},{""trait_type"":""Snout"",""value"":""Regular Snout""},{""trait_type"":""Spots"",""value"":""Spots 3""},{""trait_type"":""Tail"",""value"":""Tail 3""},{""trait_type"":""Eyes"",""value"":""Orange""}]"
590,5566074,0x607096b3761b81e6890f83651e9f5d1722ac6d96c41f9d8429e084c6654be999,"[{""trait_type"":""Background"",""value"":""c3ff00""},{""trait_type"":""Body"",""value"":""Dusty Pink""},{""trait_type"":""Snout"",""value"":""Regular Snout""},{""trait_type"":""Tail"",""value"":""Tail 1""},{""trait_type"":""Head Accessory"",""value"":""White Beanie""},{""trait_type"":""Eyes"",""value"":""Deal With It""}]"
589,5566249,0x196d0001d181d56701373d9dac8c60d5b3b57408133b405dec8263a87107158b,"[{""trait_type"":""Background"",""value"":""YEEEEET""},{""trait_type"":""Body"",""value"":""Pink""},{""trait_type"":""Snout"",""value"":""Snout Snot""},{""trait_type"":""Spots"",""value"":""Spots 3""},{""trait_type"":""Tail"",""value"":""Tail 2""},{""trait_type"":""Head Accessory"",""value"":""Cap Back Red""},{""trait_type"":""Eyes"",""value"":""3D""}]"
588,5565046,0x2aaa14844764c734f4328536d059ba3421b6265113aa2459d2da88bc215e377d,"[{""trait_type"":""Background"",""value"":""Grey""},{""trait_type"":""Body"",""value"":""Blood""},{""trait_type"":""Snout"",""value"":""Regular Snout""},{""trait_type"":""Spots"",""value"":""Spots 3""},{""trait_type"":""Tail"",""value"":""Tail 1""},{""trait_type"":""Head Accessory"",""value"":""Deal With It Pepe""},{""trait_type"":""Eyes"",""value"":""3D""},{""trait_type"":""Accessory"",""value"":""Hover Board""}]"
587,5565283,0xbd8152753dd2336ea0977ceb4d919a448f4784f3ea83ef7b1828483fa3842822,"[{""trait_type"":""Background"",""value"":""Field""},{""trait_type"":""Body"",""value"":""Purp""},{""trait_type"":""Snout"",""value"":""Snout Wide""},{""trait_type"":""Spots"",""value"":""Spots 3""},{""trait_type"":""Tail"",""value"":""Tail 3""},{""trait_type"":""Head Accessory"",""value"":""Crown""},{""trait_type"":""Eyes"",""value"":""Orange""}]"
586,5565042,0x6dbe692daf5f543235b7ea7f9d5c074a5174c15fe3c24dcc8751f661a4bb98cf,"[{""trait_type"":""Background"",""value"":""c3ff00""},{""trait_type"":""Body"",""value"":""Dusty Pink""},{""trait_type"":""Snout"",""value"":""Regular Snout""},{""trait_type"":""Tail"",""value"":""Tail 1""},{""trait_type"":""Head Accessory"",""value"":""Deal With It Pink Pepe""},{""trait_type"":""Eyes"",""value"":""Orange""}]"
585,5568120,0xccd5cc7fa490d0b6024bca37e5ed64a3789b11b4068fc826f3c2a7d33688a8cb,"[{""trait_type"":""Background"",""value"":""Grey 2""},{""trait_type"":""Body"",""value"":""Blood""},{""trait_type"":""Snout"",""value"":""Snout Wide""},{""trait_type"":""Tail"",""value"":""Tail 3""},{""trait_type"":""Eyes"",""value"":""Black""}]"
584,5566592,0x8b3ee8e5dae12f5a4fbce938fa75ca064039af7e4b6ae9fad5dd515a95ad1cc3,"[{""trait_type"":""Background"",""value"":""c3ff00""},{""trait_type"":""Body"",""value"":""Purp""},{""trait_type"":""Snout"",""value"":""Regular Snout""},{""trait_type"":""Tail"",""value"":""Tail 1""},{""trait_type"":""Head Accessory"",""value"":""Cowboy Hat""},{""trait_type"":""Eyes"",""value"":""Red""}]"
583,5565824,0xed2bd5a5c8d5ed74636af385c9367035e9379ee6afcef6063687ff82a2da853a,"[{""trait_type"":""Background"",""value"":""aqua""},{""trait_type"":""Body"",""value"":""Pigdenza""},{""trait_type"":""Snout"",""value"":""Snout Wide""},{""trait_type"":""Tail"",""value"":""tail 1""},{""trait_type"":""Head Accessory"",""value"":""Grey Spinner""},{""trait_type"":""Eyes"",""value"":""Green""}]"
582,5565063,0x3a9e0c331070b847951d92892c4abe464e3ee7d39d0192c2579078f21dc7d374,"[{""trait_type"":""Background"",""value"":""pisser""},{""trait_type"":""Body"",""value"":""Dusty Pink""},{""trait_type"":""Snout"",""value"":""Snout Wide""},{""trait_type"":""Spots"",""value"":""Spots 3""},{""trait_type"":""Tail"",""value"":""Tail 2""},{""trait_type"":""Head Accessory"",""value"":""Crown""},{""trait_type"":""Eyes"",""value"":""Blue""},{""trait_type"":""Accessory"",""value"":""Mud Pit""}]"
581,5565915,0x102d58617a3342a01f99b232316f86fe256031e1290cb10900443effe26e87c6,"[{""trait_type"":""Background"",""value"":""green""},{""trait_type"":""Body"",""value"":""Pink""},{""trait_type"":""Snout"",""value"":""Snout Wide""},{""trait_type"":""Spots"",""value"":""Spots 1""},{""trait_type"":""Tail"",""value"":""Tail 1""},{""trait_type"":""Head Accessory"",""value"":""Orange Beanie""},{""trait_type"":""Eyes"",""value"":""Blue""}]"
580,5566096,0xe1a6b9ec717a06f046062a75526abe6fbb22680e0ae1c1094c464e6bfe6fdc97,"[{""trait_type"":""Background"",""value"":""orange""},{""trait_type"":""Body"",""value"":""Mold""},{""trait_type"":""Snout"",""value"":""Regular Snout""},{""trait_type"":""Tail"",""value"":""Tail 3""},{""trait_type"":""Eyes"",""value"":""Black""}]"
579,5566591,0x1f5efad8ea680a26be7a94836eb637d19a51a27e3493c2b8c50e2c6d5ab572dd,"[{""trait_type"":""Background"",""value"":""Pink""},{""trait_type"":""Body"",""value"":""Blood""},{""trait_type"":""Snout"",""value"":""Snout Wide""},{""trait_type"":""Spots"",""value"":""Spots 2""},{""trait_type"":""Tail"",""value"":""Tail 2""},{""trait_type"":""Head Accessory"",""value"":""White Beanie""},{""trait_type"":""Eyes"",""value"":""Patch""},{""trait_type"":""Accessory"",""value"":""Hover Board""}]"
578,5566186,0x5d649e549e5115efb70f0a4b3e7f890728c7a3a944f32077f1fd5d8f4b7d0dc2,"[{""trait_type"":""Background"",""value"":""orange""},{""trait_type"":""Body"",""value"":""Mold""},{""trait_type"":""Snout"",""value"":""Snout Snot""},{""trait_type"":""Spots"",""value"":""Spots 3""},{""trait_type"":""Tail"",""value"":""Tail 3""},{""trait_type"":""Head Accessory"",""value"":""Orange Beanie""},{""trait_type"":""Eyes"",""value"":""Viper""}]"
577,5565714,0x49e87ed53aa06fd07f896c0bc9c7accb0701b70af5efd2be30ba144e5ae9ebc7,"[{""trait_type"":""Background"",""value"":""Field""},{""trait_type"":""Body"",""value"":""Bot""},{""trait_type"":""Snout"",""value"":""Snout Wide""},{""trait_type"":""Spots"",""value"":""Spots 1""},{""trait_type"":""Tail"",""value"":""Tail 3""},{""trait_type"":""Eyes"",""value"":""Patch""},{""trait_type"":""Socks"",""value"":""Grandpa Socks""}]"
576,5566582,0xf2758aaf083b7c59e089b3ad18346b10fc86adc9dc4da8a2b1165fe0910109b3,"[{""trait_type"":""Background"",""value"":""orange""},{""trait_type"":""Body"",""value"":""Purp""},{""trait_type"":""Snout"",""value"":""Snout Snot""},{""trait_type"":""Spots"",""value"":""Spots 3""},{""trait_type"":""Tail"",""value"":""Tail 1""},{""trait_type"":""Head Accessory"",""value"":""Grey Spinner""},{""trait_type"":""Eyes"",""value"":""Black""},{""trait_type"":""Socks"",""value"":""White Socks""}]"
575,5565057,0x19c8b604e6911a20713166ad62a4838be5145dae06d8f2accb319486a3ec0025,"[{""trait_type"":""Background"",""value"":""White""},{""trait_type"":""Body"",""value"":""Mold""},{""trait_type"":""Snout"",""value"":""Snout Wide""},{""trait_type"":""Spots"",""value"":""spots 3""},{""trait_type"":""Tail"",""value"":""Tail 3""},{""trait_type"":""Head Accessory"",""value"":""White Beanie""},{""trait_type"":""Eyes"",""value"":""Blue""},{""trait_type"":""Wacky"",""value"":""Yes""},{""trait_type"":""Socks"",""value"":""Grandpa Socks""}]"
574,5564858,0xddc88dc989ac5b50ce266ef328a8da42626f82343a077e4e4f3ae52c834bae9f,"[{""trait_type"":""Background"",""value"":""Not Sunny""},{""trait_type"":""Body"",""value"":""Blood""},{""trait_type"":""Snout"",""value"":""Regular Snout""},{""trait_type"":""Head Accessory"",""value"":""Deal With It Pepe""},{""trait_type"":""Eyes"",""value"":""Orange""}]"
573,5565266,0xfe074650e9ac0c76506a99f5f6c21f4e5d35482d617d84d02e3c2ca525791801,"[{""trait_type"":""Background"",""value"":""blue""},{""trait_type"":""Body"",""value"":""Bot""},{""trait_type"":""Snout"",""value"":""Regular Snout""},{""trait_type"":""Spots"",""value"":""Spots 2""},{""trait_type"":""Tail"",""value"":""Tail 1""},{""trait_type"":""Head Accessory"",""value"":""White Beanie""},{""trait_type"":""Eyes"",""value"":""Green""}]"
572,5565553,0x69b626f66cbc0682b7052fb7e77f58602f08c17f9aa24b9f490c68e4661d16de,"[{""trait_type"":""Background"",""value"":""aqua""},{""trait_type"":""Body"",""value"":""Pigdenza""},{""trait_type"":""Snout"",""value"":""Regular Snout""},{""trait_type"":""Tail"",""value"":""tail 2""},{""trait_type"":""Head Accessory"",""value"":""Crown""},{""trait_type"":""Eyes"",""value"":""Black""}]"
571,5564916,0x89bac18926d7b7775ed67856ad4a40eeaf99593296296e437d6334ab8bde4401,"[{""trait_type"":""Background"",""value"":""White""},{""trait_type"":""Body"",""value"":""Bot""},{""trait_type"":""Snout"",""value"":""Snout Wide""},{""trait_type"":""Spots"",""value"":""spots 3""},{""trait_type"":""Tail"",""value"":""tail 1""},{""trait_type"":""Eyes"",""value"":""3D""},{""trait_type"":""Wacky"",""value"":""Yes""}]"
570,5566265,0x0dc39bbeb4d32cfcf7a203f5415a165f33ddf210a16074b6084b5d04be83ddfa,"[{""trait_type"":""Background"",""value"":""Grey""},{""trait_type"":""Body"",""value"":""Purp""},{""trait_type"":""Snout"",""value"":""Regular Snout""},{""trait_type"":""Spots"",""value"":""Spots 1""},{""trait_type"":""Tail"",""value"":""Tail 3""},{""trait_type"":""Head Accessory"",""value"":""Orange Cat""},{""trait_type"":""Eyes"",""value"":""Patch""}]"
569,5565555,0xa3ede768b28f0f8af795e76ef36ac5a1e44eaed12eef1fc30577648a9cbc9cf7,"[{""trait_type"":""Background"",""value"":""green""},{""trait_type"":""Body"",""value"":""Pigdenza""},{""trait_type"":""Snout"",""value"":""Snout Wide""},{""trait_type"":""Tail"",""value"":""tail 3""},{""trait_type"":""Eyes"",""value"":""Viper""}]"
568,5566342,0x747befed81c5a7cace60faddd0f4f15d92c09342d7d6756dab334e257bda253e,"[{""trait_type"":""Background"",""value"":""Pink""},{""trait_type"":""Body"",""value"":""Pink""},{""trait_type"":""Snout"",""value"":""Regular Snout""},{""trait_type"":""Spots"",""value"":""Spots 3""},{""trait_type"":""Tail"",""value"":""Probe""},{""trait_type"":""Eyes"",""value"":""Orange""},{""trait_type"":""Socks"",""value"":""White Socks""}]"
567,5566217,0x02ae74ba9b1553e99e6fd6ceb602f06c535833874f1917c4f60226e63fc28f10,"[{""trait_type"":""Background"",""value"":""Rose""},{""trait_type"":""Body"",""value"":""Purp""},{""trait_type"":""Snout"",""value"":""Snout Snot""},{""trait_type"":""Tail"",""value"":""Probe""},{""trait_type"":""Head Accessory"",""value"":""Top Hat""},{""trait_type"":""Eyes"",""value"":""Orange""}]"
566,5566015,0xf8440f9d45697a71339c7c992058c13239cf04f77ec7f586a269a0d08376a70b,"[{""trait_type"":""Background"",""value"":""pisser""},{""trait_type"":""Body"",""value"":""Dusty Pink""},{""trait_type"":""Snout"",""value"":""Snout Wide""},{""trait_type"":""Spots"",""value"":""Spots 1""},{""trait_type"":""Tail"",""value"":""Tail 3""},{""trait_type"":""Head Accessory"",""value"":""Orange Cat""},{""trait_type"":""Eyes"",""value"":""Black""},{""trait_type"":""Socks"",""value"":""White Socks""},{""trait_type"":""Accessory"",""value"":""Mud Pit""}]"
565,5565808,0xd82c2080e9e6b1a278ff9ac3be3cf58134fe1dde9307639e5a9e394513fe4ac5,"[{""trait_type"":""Background"",""value"":""Grey""},{""trait_type"":""Body"",""value"":""Blood""},{""trait_type"":""Snout"",""value"":""Snout Wide""},{""trait_type"":""Spots"",""value"":""Spots 2""},{""trait_type"":""Tail"",""value"":""Tail 1""},{""trait_type"":""Head Accessory"",""value"":""Dino""},{""trait_type"":""Eyes"",""value"":""Black""},{""trait_type"":""Accessory"",""value"":""Mud Pit""}]"
564,5565263,0x770c8d68a363717e52a8df018006fdd7041313ec37966ba02b5a336cb21eb6e0,"[{""trait_type"":""Background"",""value"":""Rose""},{""trait_type"":""Body"",""value"":""Bot""},{""trait_type"":""Snout"",""value"":""Regular Snout""},{""trait_type"":""Spots"",""value"":""Spots 3""},{""trait_type"":""Tail"",""value"":""Tail 3""},{""trait_type"":""Head Accessory"",""value"":""Pepe""},{""trait_type"":""Eyes"",""value"":""Orange""},{""trait_type"":""Accessory"",""value"":""Mud Pit""}]"
563,5566499,0x7b05a3d13ebfed19cb5ca2070a30e0df54062b9553496f429647b36293a6302b,"[{""trait_type"":""Background"",""value"":""Grey 2""},{""trait_type"":""Body"",""value"":""Dusty Pink""},{""trait_type"":""Snout"",""value"":""Regular Snout""},{""trait_type"":""Tail"",""value"":""Tail 1""},{""trait_type"":""Head Accessory"",""value"":""Blue Beanie""},{""trait_type"":""Eyes"",""value"":""Green""},{""trait_type"":""Accessory"",""value"":""SkateBoard""}]"
562,5565599,0x55e4516992aff629d3da757d4886aa8e89caf314b2406765fe829563b8d84143,"[{""trait_type"":""Background"",""value"":""Pork Chart""},{""trait_type"":""Body"",""value"":""Dusty Pink""},{""trait_type"":""Snout"",""value"":""Snout Wide""},{""trait_type"":""Tail"",""value"":""Tail 2""},{""trait_type"":""Head Accessory"",""value"":""White Beanie""},{""trait_type"":""Eyes"",""value"":""Deal With It""}]"
561,5565776,0x2bdc7f5426f0388a63b07aa1d7277b838014a3abd2a59517c7cbb9d03cb742e2,"[{""trait_type"":""Background"",""value"":""Pink""},{""trait_type"":""Body"",""value"":""Bot""},{""trait_type"":""Snout"",""value"":""Snout Snot""},{""trait_type"":""Tail"",""value"":""Tail 1""},{""trait_type"":""Eyes"",""value"":""Deal With It""},{""trait_type"":""Accessory"",""value"":""Mud Pit""}]"
560,5565755,0x9e235873003c7f09d85321b7ac16b3e6278445db9d39f76b628f1336f4ccaa26,"[{""trait_type"":""Background"",""value"":""Rose""},{""trait_type"":""Body"",""value"":""Mold""},{""trait_type"":""Snout"",""value"":""Regular Snout""},{""trait_type"":""Spots"",""value"":""Spots 3""},{""trait_type"":""Tail"",""value"":""Tail 3""},{""trait_type"":""Head Accessory"",""value"":""Crown""},{""trait_type"":""Eyes"",""value"":""Black""},{""trait_type"":""Socks"",""value"":""White Socks""}]"
559,5566590,0x579d07fd8a25fd8349d079beeb173247dc67680f13dfcc7791f80b33f63c9dd0,"[{""trait_type"":""Background"",""value"":""green""},{""trait_type"":""Body"",""value"":""Pink""},{""trait_type"":""Snout"",""value"":""Regular Snout""},{""trait_type"":""Spots"",""value"":""Spots 2""},{""trait_type"":""Tail"",""value"":""Tail 3""},{""trait_type"":""Head Accessory"",""value"":""Grey Beanie""},{""trait_type"":""Eyes"",""value"":""Viper""}]"
558,5565830,0x414e2eaea12d72441ac56de34c0f14ad9791006efdb9b0bf86647c1d4115fdf6,"[{""trait_type"":""Background"",""value"":""aqua""},{""trait_type"":""Body"",""value"":""Purp""},{""trait_type"":""Snout"",""value"":""Regular Snout""},{""trait_type"":""Tail"",""value"":""Tail 3""},{""trait_type"":""Head Accessory"",""value"":""Pepe""},{""trait_type"":""Eyes"",""value"":""Black""},{""trait_type"":""Socks"",""value"":""White Socks""}]"
557,5565701,0x1271aaf9eececbdf5b95a2b44286030eba935eff8bdf03c6d1ea73e6d930d2ed,"[{""trait_type"":""Background"",""value"":""Grey""},{""trait_type"":""Body"",""value"":""Mold""},{""trait_type"":""Snout"",""value"":""Snout Snot""},{""trait_type"":""Head Accessory"",""value"":""Orange Beanie""},{""trait_type"":""Eyes"",""value"":""Orange""},{""trait_type"":""Accessory"",""value"":""Hover Board""}]"
556,5564838,0xb17436683eb08aee99dd4feedd63e7f43ea559476e9282ca76c51d841c29b99a,"[{""trait_type"":""Background"",""value"":""c3ff00""},{""trait_type"":""Body"",""value"":""Ghost""},{""trait_type"":""Snout"",""value"":""Snout Wide""},{""trait_type"":""Spots"",""value"":""Spots 1""},{""trait_type"":""Tail"",""value"":""Tail 2""},{""trait_type"":""Head Accessory"",""value"":""Crown""},{""trait_type"":""Eyes"",""value"":""Viper""},{""trait_type"":""Accessory"",""value"":""Hover Board""}]"
555,5564896,0xe54c91098673848411233b05fb83bfa99fadbbad051e93c911262fedc248f726,"[{""trait_type"":""Background"",""value"":""aqua""},{""trait_type"":""Body"",""value"":""Zombie""},{""trait_type"":""Snout"",""value"":""Snout Wide""},{""trait_type"":""Spots"",""value"":""Spots 3""},{""trait_type"":""Tail"",""value"":""Probe""},{""trait_type"":""Eyes"",""value"":""Deal With It""},{""trait_type"":""Accessory"",""value"":""Hover Board""}]"
554,5565886,0xbfad4430e4a488a85548afd964c9388673a012479db17a6d6a89f89d93a24514,"[{""trait_type"":""Background"",""value"":""aqua""},{""trait_type"":""Body"",""value"":""Dusty Pink""},{""trait_type"":""Snout"",""value"":""Snout Wide""},{""trait_type"":""Tail"",""value"":""Tail 1""},{""trait_type"":""Head Accessory"",""value"":""Top Hat""},{""trait_type"":""Eyes"",""value"":""Green""}]"
553,5564868,0x73c056403a8ddcc09fe992623bb50b19268d5893a68dcfef5412745b1da85407,"[{""trait_type"":""Background"",""value"":""c3ff00""},{""trait_type"":""Body"",""value"":""Dusty Pink""},{""trait_type"":""Snout"",""value"":""Regular Snout""},{""trait_type"":""Spots"",""value"":""Spots 1""},{""trait_type"":""Tail"",""value"":""Tail 3""},{""trait_type"":""Head Accessory"",""value"":""Orange Cat""},{""trait_type"":""Eyes"",""value"":""Green""}]"
552,5565276,0x792106484b0dd9a66aba1ac5013b5665b2fa1aae0c3b5f197080d12870b0441b,"[{""trait_type"":""Background"",""value"":""Field""},{""trait_type"":""Body"",""value"":""Purp""},{""trait_type"":""Snout"",""value"":""Snout Snot""},{""trait_type"":""Spots"",""value"":""Spots 3""},{""trait_type"":""Tail"",""value"":""Tail 2""},{""trait_type"":""Head Accessory"",""value"":""Crown""},{""trait_type"":""Eyes"",""value"":""Patch""}]"
551,5565224,0xf88516faf06e9dec00ae3f947222cbb5f093743f50d0e10b50e4ae6535d601f7,"[{""trait_type"":""Background"",""value"":""Field""},{""trait_type"":""Body"",""value"":""Pigdenza""},{""trait_type"":""Snout"",""value"":""Regular Snout""},{""trait_type"":""Head Accessory"",""value"":""Grey Spinner""},{""trait_type"":""Eyes"",""value"":""Blue""}]"
550,5565524,0x196be4ae7081f33b81e5596d38eecf2323846d8cc3b7ff36cb5b621100b45855,"[{""trait_type"":""Background"",""value"":""White""},{""trait_type"":""Body"",""value"":""Mold""},{""trait_type"":""Snout"",""value"":""Snout Snot""},{""trait_type"":""Spots"",""value"":""Spots 3""},{""trait_type"":""Tail"",""value"":""Tail 3""},{""trait_type"":""Eyes"",""value"":""Red""},{""trait_type"":""Wacky"",""value"":""Yes""}]"
549,5565047,0xaa9c024fce430559a3ca3e265207fd4066bbf90d757de19e017acddbb36d4542,"[{""trait_type"":""Background"",""value"":""green""},{""trait_type"":""Body"",""value"":""Blood""},{""trait_type"":""Snout"",""value"":""Snout Wide""},{""trait_type"":""Tail"",""value"":""Tail 1""},{""trait_type"":""Head Accessory"",""value"":""Skateboard Cat""},{""trait_type"":""Eyes"",""value"":""Black""},{""trait_type"":""Accessory"",""value"":""Hover Board""}]"
548,5565876,0x6be7bca2d4681b6a1b0404408eb43c08eeec9386f022c26b0263e010c97683e8,"[{""trait_type"":""Background"",""value"":""Sunny""},{""trait_type"":""Body"",""value"":""Mold""},{""trait_type"":""Snout"",""value"":""Snout Wide""},{""trait_type"":""Spots"",""value"":""Spots 1""},{""trait_type"":""Tail"",""value"":""Tail 1""},{""trait_type"":""Eyes"",""value"":""Black""}]"
547,5565625,0x953358f25e399b5478fd6e1b5d1098af56cfaf1f7a677dd5ae9dde518f90fc2f,"[{""trait_type"":""Background"",""value"":""Field""},{""trait_type"":""Body"",""value"":""Dusty Pink""},{""trait_type"":""Snout"",""value"":""Regular Snout""},{""trait_type"":""Spots"",""value"":""Spots 3""},{""trait_type"":""Tail"",""value"":""Tail 1""},{""trait_type"":""Head Accessory"",""value"":""Pepe""},{""trait_type"":""Eyes"",""value"":""Blue""}]"
546,5566222,0xbc83ce07d0ca4f98746d6c108850122bb41a63bb042d5dfcdd3b17fdc59a9863,"[{""trait_type"":""Background"",""value"":""c3ff00""},{""trait_type"":""Body"",""value"":""Dusty Pink""},{""trait_type"":""Snout"",""value"":""Snout Snot""},{""trait_type"":""Tail"",""value"":""Tail 3""},{""trait_type"":""Head Accessory"",""value"":""Orange Cat""},{""trait_type"":""Eyes"",""value"":""Black""}]"
545,5565862,0x97ced67cd357197fef1aa84bf809206f24111a6dc7c7e68678415e0fc8be9d47,"[{""trait_type"":""Background"",""value"":""Grey 2""},{""trait_type"":""Body"",""value"":""Bot""},{""trait_type"":""Snout"",""value"":""Snout Snot""},{""trait_type"":""Spots"",""value"":""Spots 1""},{""trait_type"":""Tail"",""value"":""Tail 1""},{""trait_type"":""Eyes"",""value"":""Blue""}]"
544,5564820,0x4d17b667650243512f1be963a7af27a1663df4c4712b490207694ac1407aed6a,"[{""trait_type"":""Background"",""value"":""orange""},{""trait_type"":""Body"",""value"":""Mold""},{""trait_type"":""Snout"",""value"":""Regular Snout""},{""trait_type"":""Tail"",""value"":""Tail 1""},{""trait_type"":""Head Accessory"",""value"":""Grey Spinner""},{""trait_type"":""Eyes"",""value"":""Viper""},{""trait_type"":""Socks"",""value"":""Grandpa Socks""}]"
543,5564893,0x09226fe2788ffd8cdde5cff64ca1129555422fa260e9bdfa3599d430480ffdc6,"[{""trait_type"":""Background"",""value"":""Grey 2""},{""trait_type"":""Body"",""value"":""Bot""},{""trait_type"":""Snout"",""value"":""Snout Wide""},{""trait_type"":""Spots"",""value"":""Spots 2""},{""trait_type"":""Tail"",""value"":""Tail 2""},{""trait_type"":""Eyes"",""value"":""3D""},{""trait_type"":""Socks"",""value"":""White Socks""}]"
542,5565485,0x713a3f8acf778b70be96ee0112ff04814a728f80d44ff35d0e8a9e64bf9e235d,"[{""trait_type"":""Background"",""value"":""Brown""},{""trait_type"":""Body"",""value"":""Pink""},{""trait_type"":""Snout"",""value"":""Regular Snout""},{""trait_type"":""Spots"",""value"":""Spots 2""},{""trait_type"":""Tail"",""value"":""Tail 3""},{""trait_type"":""Head Accessory"",""value"":""Crown""},{""trait_type"":""Eyes"",""value"":""Blue""},{""trait_type"":""Accessory"",""value"":""Mud Pit""}]"
541,5565262,0x28c3d6da948cbe62cce9aea3397e7126d4430e64d913b82834960d187d92d1fe,"[{""trait_type"":""Background"",""value"":""Sunny""},{""trait_type"":""Body"",""value"":""Dusty Pink""},{""trait_type"":""Snout"",""value"":""Snout Wide""},{""trait_type"":""Tail"",""value"":""Tail 3""},{""trait_type"":""Head Accessory"",""value"":""Pepe""},{""trait_type"":""Eyes"",""value"":""Blue""}]"
540,5566171,0xe38a978e5c2a2fdc2cde1df4f680bc81db690c7655f99d138786ee27c3e0ac5c,"[{""trait_type"":""Background"",""value"":""Grey 2""},{""trait_type"":""Body"",""value"":""Bot""},{""trait_type"":""Snout"",""value"":""Regular Snout""},{""trait_type"":""Tail"",""value"":""Tail 2""},{""trait_type"":""Eyes"",""value"":""Blue""}]"
539,5565549,0x50f68ddd1380d99752ca192c049b691ae3fc5fd4e4cb550d1dcefa2d101f93ce,"[{""trait_type"":""Background"",""value"":""aqua""},{""trait_type"":""Body"",""value"":""Purp""},{""trait_type"":""Snout"",""value"":""Regular Snout""},{""trait_type"":""Tail"",""value"":""Tail 3""},{""trait_type"":""Head Accessory"",""value"":""Cap Back Red""},{""trait_type"":""Eyes"",""value"":""Viper""}]"
538,5565888,0x7b5cbc3d4eca29e8d70370af17121aaf0e394fcc79dac969dedaf828debfce54,"[{""trait_type"":""Background"",""value"":""aqua""},{""trait_type"":""Body"",""value"":""Purp""},{""trait_type"":""Snout"",""value"":""Regular Snout""},{""trait_type"":""Tail"",""value"":""Tail 2""},{""trait_type"":""Head Accessory"",""value"":""Grey Beanie""},{""trait_type"":""Eyes"",""value"":""Deal With It""}]"
537,5565852,0x28d4029e90929956281c727444d5c488f84ea3dd3fcd6f2137e3d77beee418a7,"[{""trait_type"":""Background"",""value"":""green""},{""trait_type"":""Body"",""value"":""Pink""},{""trait_type"":""Snout"",""value"":""Snout Snot""},{""trait_type"":""Tail"",""value"":""Tail 1""},{""trait_type"":""Head Accessory"",""value"":""Pink Pepe""},{""trait_type"":""Eyes"",""value"":""Black""}]"
536,5566587,0x870b1782b25e7213aea8a2cd0093c52c5ee65e4305c3fac7823bb23d7957cb7e,"[{""trait_type"":""Background"",""value"":""Rose""},{""trait_type"":""Body"",""value"":""Pink""},{""trait_type"":""Snout"",""value"":""Snout Wide""},{""trait_type"":""Spots"",""value"":""Spots 3""},{""trait_type"":""Head Accessory"",""value"":""Top Hat""},{""trait_type"":""Eyes"",""value"":""Blue""},{""trait_type"":""Accessory"",""value"":""Hover Board""}]"
535,5564835,0x747d7f9b02f2260cfe5221bd19e088ffc10371c3aafdefc701be3a9316ae42a9,"[{""trait_type"":""Background"",""value"":""Grey""},{""trait_type"":""Body"",""value"":""Pigdenza""},{""trait_type"":""Snout"",""value"":""Snout Wide""},{""trait_type"":""Tail"",""value"":""tail 2""},{""trait_type"":""Head Accessory"",""value"":""Crown""},{""trait_type"":""Eyes"",""value"":""Deal With It""}]"
534,5565936,0xcb20edfb7352168390f51a80d693715634165717e33d302e2e3ada21e4c2ac35,"[{""trait_type"":""Background"",""value"":""orange""},{""trait_type"":""Body"",""value"":""Bot""},{""trait_type"":""Snout"",""value"":""Snout Wide""},{""trait_type"":""Head Accessory"",""value"":""Orange Cat""},{""trait_type"":""Eyes"",""value"":""Black""}]"
533,5568119,0x6d02198b73f89869749fe0c6e3d8b2e2641df3e58ad654be8ab23c503aa0ba8a,"[{""trait_type"":""Background"",""value"":""YEEEEET""},{""trait_type"":""Body"",""value"":""Blood""},{""trait_type"":""Snout"",""value"":""Regular Snout""},{""trait_type"":""Spots"",""value"":""Spots 1""},{""trait_type"":""Tail"",""value"":""Tail 2""},{""trait_type"":""Head Accessory"",""value"":""Orange Beanie""},{""trait_type"":""Eyes"",""value"":""Blue""},{""trait_type"":""Accessory"",""value"":""Hover Board""}]"
532,5566576,0x529facaec3c2f415c156b6e8ff76d36f183245864a83d1af0109f7f2230742cd,"[{""trait_type"":""Background"",""value"":""green""},{""trait_type"":""Body"",""value"":""Dusty Pink""},{""trait_type"":""Snout"",""value"":""Snout Snot""},{""trait_type"":""Spots"",""value"":""Spots 3""},{""trait_type"":""Tail"",""value"":""Tail 1""},{""trait_type"":""Head Accessory"",""value"":""Grey Spinner""},{""trait_type"":""Eyes"",""value"":""Green""}]"
531,5564908,0x5abda569fc65df034ad461401b93d5beb8fcde206e5500623d3111d6ffd1ca3f,"[{""trait_type"":""Background"",""value"":""c3ff00""},{""trait_type"":""Body"",""value"":""Purp""},{""trait_type"":""Snout"",""value"":""Snout Wide""},{""trait_type"":""Spots"",""value"":""Spots 1""},{""trait_type"":""Tail"",""value"":""Tail 2""},{""trait_type"":""Head Accessory"",""value"":""Cap Back Red""},{""trait_type"":""Eyes"",""value"":""Green""},{""trait_type"":""Accessory"",""value"":""Mud Pit""}]"
530,5565332,0x88c6158196da35bd24c9de9ffc505b51d8b8fea10125f23a18fca5ed674f171e,"[{""trait_type"":""Background"",""value"":""White""},{""trait_type"":""Body"",""value"":""Gold""},{""trait_type"":""Snout"",""value"":""Snout Snot""},{""trait_type"":""Spots"",""value"":""Spots 1""},{""trait_type"":""Tail"",""value"":""Tail 2""},{""trait_type"":""Eyes"",""value"":""Patch""},{""trait_type"":""Wacky"",""value"":""Yes""}]"
529,5566498,0xd27659a5a4049ebebd9035faeaa1e5f9e0cf491d6a1ed9e715248299d60f4377,"[{""trait_type"":""Background"",""value"":""c3ff00""},{""trait_type"":""Body"",""value"":""Blood""},{""trait_type"":""Snout"",""value"":""Snout Wide""},{""trait_type"":""Head Accessory"",""value"":""Orange Beanie""},{""trait_type"":""Eyes"",""value"":""Green""},{""trait_type"":""Accessory"",""value"":""SkateBoard""}]"
528,5569519,0xff105512488c446f7cd6eef6090644aca16a24e2b53f384885d659eb91399bbe,"[{""trait_type"":""Background"",""value"":""Rose""},{""trait_type"":""Body"",""value"":""Purp""},{""trait_type"":""Snout"",""value"":""Regular Snout""},{""trait_type"":""Tail"",""value"":""Tail 2""},{""trait_type"":""Head Accessory"",""value"":""Grey Spinner""},{""trait_type"":""Eyes"",""value"":""Deal With It""}]"
527,5566250,0xf09663a9a54c678d1a7cf30b30e8c1109c5123d97c2318660ba549f0636dffcf,"[{""trait_type"":""Background"",""value"":""Pink""},{""trait_type"":""Body"",""value"":""Blood""},{""trait_type"":""Snout"",""value"":""Snout Snot""},{""trait_type"":""Spots"",""value"":""Spots 1""},{""trait_type"":""Tail"",""value"":""Tail 3""},{""trait_type"":""Head Accessory"",""value"":""Sad Cat""},{""trait_type"":""Eyes"",""value"":""Orange""}]"
526,5565837,0xadb0706bbf6c8904c78b490a776ba0aac48fba0eadfd70b5e098feed87d92791,"[{""trait_type"":""Background"",""value"":""Brown""},{""trait_type"":""Body"",""value"":""Pink""},{""trait_type"":""Snout"",""value"":""Snout Wide""},{""trait_type"":""Tail"",""value"":""Tail 1""},{""trait_type"":""Head Accessory"",""value"":""Dino""},{""trait_type"":""Eyes"",""value"":""Blue""}]"
525,5566255,0x77c621897d4df65b4b540f4596f93f5d36fc57d6f3e9c6d04ea4a1ffeaf830f8,"[{""trait_type"":""Background"",""value"":""green""},{""trait_type"":""Body"",""value"":""Bot""},{""trait_type"":""Snout"",""value"":""Snout Wide""},{""trait_type"":""Head Accessory"",""value"":""Top Hat""},{""trait_type"":""Eyes"",""value"":""Red""}]"
524,5564824,0x0bab86b6973b2fe3c1da6736e763226e348a575058709b84c0a5cda46699dfe3,"[{""trait_type"":""Background"",""value"":""Matrix""},{""trait_type"":""Body"",""value"":""Pink""},{""trait_type"":""Snout"",""value"":""Snout Wide""},{""trait_type"":""Tail"",""value"":""Tail 1""},{""trait_type"":""Head Accessory"",""value"":""Crown""},{""trait_type"":""Eyes"",""value"":""Black""},{""trait_type"":""Socks"",""value"":""Grandpa Socks""}]"
523,5565503,0x30c0f23f6ce5d3138f8009d60a2022935c81d1c5a7876c5381e06a34e99010b1,"[{""trait_type"":""Background"",""value"":""Field""},{""trait_type"":""Body"",""value"":""Mold""},{""trait_type"":""Snout"",""value"":""Snout Wide""},{""trait_type"":""Tail"",""value"":""Tail 3""},{""trait_type"":""Head Accessory"",""value"":""Orange Beanie""},{""trait_type"":""Eyes"",""value"":""Red""},{""trait_type"":""Socks"",""value"":""Grandpa Socks""},{""trait_type"":""Accessory"",""value"":""SkateBoard""}]"
522,5564909,0x19f727222a632b74d234f7b7c55542f92df44d018604c49ea8548cc41a323276,"[{""trait_type"":""Background"",""value"":""YEEEEET""},{""trait_type"":""Body"",""value"":""Blood""},{""trait_type"":""Snout"",""value"":""Snout Snot""},{""trait_type"":""Spots"",""value"":""Spots 1""},{""trait_type"":""Tail"",""value"":""Probe""},{""trait_type"":""Head Accessory"",""value"":""Orange Beanie""},{""trait_type"":""Eyes"",""value"":""Viper""},{""trait_type"":""Socks"",""value"":""White Socks""},{""trait_type"":""Accessory"",""value"":""Explorer""}]"
521,5565906,0x7f8fadbecfde44c5ddba4820378501226130f6c752372a1d686a976d5a35efd6,"[{""trait_type"":""Background"",""value"":""Grey 2""},{""trait_type"":""Body"",""value"":""Pink""},{""trait_type"":""Snout"",""value"":""Snout Snot""},{""trait_type"":""Spots"",""value"":""Spots 3""},{""trait_type"":""Tail"",""value"":""Tail 1""},{""trait_type"":""Eyes"",""value"":""Red""},{""trait_type"":""Accessory"",""value"":""Mud Pit""}]"
520,5565239,0x779cd54519568334238bf95c57021867f19ad20947380df308ad19ac6b023c6f,"[{""trait_type"":""Background"",""value"":""Pork Chart""},{""trait_type"":""Body"",""value"":""Purp""},{""trait_type"":""Snout"",""value"":""Snout Wide""},{""trait_type"":""Eyes"",""value"":""Green""}]"
519,5566078,0x8e62a0bd8abe66f16f090ad7df2fe9a6b9ab989f60de51525e8d4c5c6311fd1c,"[{""trait_type"":""Background"",""value"":""aqua""},{""trait_type"":""Body"",""value"":""Pink""},{""trait_type"":""Snout"",""value"":""Regular Snout""},{""trait_type"":""Spots"",""value"":""Spots 3""},{""trait_type"":""Tail"",""value"":""Tail 1""},{""trait_type"":""Head Accessory"",""value"":""Cowboy Hat""},{""trait_type"":""Eyes"",""value"":""Black""},{""trait_type"":""Accessory"",""value"":""Hover Board""}]"
518,5565747,0x1dee86ad3d383bb5ee2abf8da5a0cf60d138066bb49206385772147701cc32ec,"[{""trait_type"":""Background"",""value"":""purple""},{""trait_type"":""Body"",""value"":""Dusty Pink""},{""trait_type"":""Snout"",""value"":""Snout Wide""},{""trait_type"":""Spots"",""value"":""Spots 3""},{""trait_type"":""Tail"",""value"":""Tail 2""},{""trait_type"":""Eyes"",""value"":""Deal With It""}]"
517,5565917,0xe0e216c620d81ef532ca8b9f777a842afd4bcc251948bc59f8d45957fa490be7,"[{""trait_type"":""Background"",""value"":""Rose""},{""trait_type"":""Body"",""value"":""Dusty Pink""},{""trait_type"":""Snout"",""value"":""Regular Snout""},{""trait_type"":""Spots"",""value"":""Spots 2""},{""trait_type"":""Tail"",""value"":""Tail 1""},{""trait_type"":""Head Accessory"",""value"":""Grey Spinner""},{""trait_type"":""Eyes"",""value"":""Blue""},{""trait_type"":""Accessory"",""value"":""Mud Pit""}]"
516,5566319,0x3084435d22d72a2d43b3684d011166ee2e317e4fd5d02d92a1dba58e33eba85e,"[{""trait_type"":""Background"",""value"":""blue""},{""trait_type"":""Body"",""value"":""Dusty Pink""},{""trait_type"":""Snout"",""value"":""Snout Wide""},{""trait_type"":""Spots"",""value"":""Spots 1""},{""trait_type"":""Tail"",""value"":""Tail 1""},{""trait_type"":""Head Accessory"",""value"":""Cap Back Red""},{""trait_type"":""Eyes"",""value"":""Green""}]"
515,5566586,0x62a6e736542fe528c36c696e57993e7f90b9b789910cd44ce014c9bd7da5f84e,"[{""trait_type"":""Background"",""value"":""YEEEEET""},{""trait_type"":""Body"",""value"":""Blood""},{""trait_type"":""Snout"",""value"":""Snout Snot""},{""trait_type"":""Spots"",""value"":""Spots 1""},{""trait_type"":""Tail"",""value"":""Tail 2""},{""trait_type"":""Eyes"",""value"":""Patch""}]"
514,5565288,0x17b6feda147c462d840c68c7dce60afca11961f082de6bf144f552686435d830,"[{""trait_type"":""Background"",""value"":""orange""},{""trait_type"":""Body"",""value"":""Dusty Pink""},{""trait_type"":""Snout"",""value"":""Regular Snout""},{""trait_type"":""Tail"",""value"":""Tail 2""},{""trait_type"":""Head Accessory"",""value"":""Cap Back Red""},{""trait_type"":""Eyes"",""value"":""Blue""}]"
513,5565813,0x38535173316785845a91938f1fec1277adf70705f919f2aa50fd9b1c77caf947,"[{""trait_type"":""Background"",""value"":""aqua""},{""trait_type"":""Body"",""value"":""Pink""},{""trait_type"":""Snout"",""value"":""Snout Wide""},{""trait_type"":""Tail"",""value"":""Tail 3""},{""trait_type"":""Head Accessory"",""value"":""Pink Pepe""},{""trait_type"":""Eyes"",""value"":""Viper""},{""trait_type"":""Accessory"",""value"":""Hover Board""}]"
512,5565825,0xc4b10b987cd7ff83bf253aa67eea2bf9f20bdedc1fd677170fc95e7bd984a358,"[{""trait_type"":""Background"",""value"":""Pink""},{""trait_type"":""Body"",""value"":""Bot""},{""trait_type"":""Snout"",""value"":""Snout Wide""},{""trait_type"":""Spots"",""value"":""Spots 3""},{""trait_type"":""Tail"",""value"":""Tail 2""},{""trait_type"":""Head Accessory"",""value"":""Grey Spinner""},{""trait_type"":""Eyes"",""value"":""Viper""}]"
511,5565754,0xf97e503c229199b8bcdac6ab43338cc2cb19b2ff093aae091afab11359b11285,"[{""trait_type"":""Background"",""value"":""YEEEEET""},{""trait_type"":""Body"",""value"":""Bot""},{""trait_type"":""Snout"",""value"":""Snout Wide""},{""trait_type"":""Spots"",""value"":""Spots 3""},{""trait_type"":""Tail"",""value"":""Tail 2""},{""trait_type"":""Head Accessory"",""value"":""Dino""},{""trait_type"":""Eyes"",""value"":""Black""}]"
510,5565040,0xd8e99e72fbf70cc006ee98de43dd9a07b0e08a20e2743730042d02c304ba6d5b,"[{""trait_type"":""Background"",""value"":""Grey 2""},{""trait_type"":""Body"",""value"":""Ghost""},{""trait_type"":""Snout"",""value"":""Snout Regular""},{""trait_type"":""Spots"",""value"":""Spots 2""},{""trait_type"":""Tail"",""value"":""Tail 2""},{""trait_type"":""Head Accessory"",""value"":""White Beanie""},{""trait_type"":""Eyes"",""value"":""Patch""}]"
509,5565196,0x47e7fd0e2f160e73bcd260f8ad69179d40a561d93ef674c2046862549c7d82b5,"[{""trait_type"":""Background"",""value"":""YEEEEET""},{""trait_type"":""Body"",""value"":""Ghost""},{""trait_type"":""Snout"",""value"":""Snout Wide""},{""trait_type"":""Spots"",""value"":""Spots 1""},{""trait_type"":""Tail"",""value"":""Tail 3""},{""trait_type"":""Head Accessory"",""value"":""Blue Cap""},{""trait_type"":""Eyes"",""value"":""Black""},{""trait_type"":""Socks"",""value"":""Grandpa Socks""},{""trait_type"":""Accessory"",""value"":""SkateBoard""}]"
508,5565805,0x3e4f0420d60eeb99de6414482b09b41cfd1b6902e29c00a6093df0568fb02440,"[{""trait_type"":""Background"",""value"":""Field""},{""trait_type"":""Body"",""value"":""Dusty Pink""},{""trait_type"":""Snout"",""value"":""Regular Snout""},{""trait_type"":""Tail"",""value"":""Tail 2""},{""trait_type"":""Eyes"",""value"":""Blue""}]"
507,5564825,0x0b15c8ae3b22e25e2e4cb9e48c0611944392f96426a479527f550e3deab5e2be,"[{""trait_type"":""Background"",""value"":""c3ff00""},{""trait_type"":""Body"",""value"":""Ghost""},{""trait_type"":""Snout"",""value"":""Snout Regular""},{""trait_type"":""Spots"",""value"":""Spots 2""},{""trait_type"":""Tail"",""value"":""Tail 3""},{""trait_type"":""Head Accessory"",""value"":""Cap Back Red""},{""trait_type"":""Eyes"",""value"":""Red""},{""trait_type"":""Accessory"",""value"":""Explorer""}]"
506,5566379,0x4d82adb136b31dfe66c8d02678747a3b97c0e3c56908985f729ee309479e1b03,"[{""trait_type"":""Background"",""value"":""aqua""},{""trait_type"":""Body"",""value"":""Pink""},{""trait_type"":""Snout"",""value"":""Snout Wide""},{""trait_type"":""Spots"",""value"":""Spots 3""},{""trait_type"":""Tail"",""value"":""Tail 1""},{""trait_type"":""Eyes"",""value"":""Blue""}]"
505,5566324,0x1959a3696dbd7fee46c6f1ad7af2622ab076f82db5785b3d34b35e25420f6940,"[{""trait_type"":""Background"",""value"":""Grey 2""},{""trait_type"":""Body"",""value"":""Dusty Pink""},{""trait_type"":""Snout"",""value"":""Snout Snot""},{""trait_type"":""Spots"",""value"":""Spots 3""},{""trait_type"":""Tail"",""value"":""Tail 3""},{""trait_type"":""Head Accessory"",""value"":""White Beanie""},{""trait_type"":""Eyes"",""value"":""Viper""}]"
504,5565812,0xdc5dd0ec1aea66c6ce4474d2f86ed784d2937cd1de48c20235628debaaada993,"[{""trait_type"":""Background"",""value"":""YEEEEET""},{""trait_type"":""Body"",""value"":""Bot""},{""trait_type"":""Snout"",""value"":""Snout Wide""},{""trait_type"":""Tail"",""value"":""Probe""},{""trait_type"":""Eyes"",""value"":""Red""},{""trait_type"":""Accessory"",""value"":""Mud Pit""}]"
503,5566161,0x9c62fb850c3c6f9f27cd23e7d51874b20245c10b4821debeae9b08b0719b10cf,"[{""trait_type"":""Background"",""value"":""Brown""},{""trait_type"":""Body"",""value"":""Bot""},{""trait_type"":""Snout"",""value"":""Regular Snout""},{""trait_type"":""Spots"",""value"":""Spots 1""},{""trait_type"":""Head Accessory"",""value"":""Grey Spinner""},{""trait_type"":""Eyes"",""value"":""Orange""}]"
502,5565089,0x73d9c773dc3ff5d18e478c9215e84066f48629019d812320e786272cfb58433e,"[{""trait_type"":""Background"",""value"":""Grey 2""},{""trait_type"":""Body"",""value"":""Ghost""},{""trait_type"":""Snout"",""value"":""Snout Snot""},{""trait_type"":""Spots"",""value"":""Spots 3""},{""trait_type"":""Tail"",""value"":""Tail 3""},{""trait_type"":""Head Accessory"",""value"":""Top Hat""},{""trait_type"":""Eyes"",""value"":""Black""}]"
501,5565854,0xfd4cd337f83216643bb2af47304e0c70cfb9f5b8a90c2b5f23469ffe5e6f7a59,"[{""trait_type"":""Background"",""value"":""Pink""},{""trait_type"":""Body"",""value"":""Pink""},{""trait_type"":""Snout"",""value"":""Snout Wide""},{""trait_type"":""Spots"",""value"":""Spots 3""},{""trait_type"":""Tail"",""value"":""Tail 3""},{""trait_type"":""Eyes"",""value"":""3D""},{""trait_type"":""Socks"",""value"":""White Socks""}]"
500,5566162,0x8fce91d4d523f9143dc95e15cacff097468da031cd4d8f01f2d8a5b1aeeb5e6e,"[{""trait_type"":""Background"",""value"":""Pink""},{""trait_type"":""Body"",""value"":""Pink""},{""trait_type"":""Snout"",""value"":""Regular Snout""},{""trait_type"":""Tail"",""value"":""Tail 2""},{""trait_type"":""Head Accessory"",""value"":""Orange Cat""},{""trait_type"":""Eyes"",""value"":""Black""}]"
499,5565195,0xd4e68520160a90fb5c79f39f10d8585ff858fac56aff05e0b2e9269b793981bf,"[{""trait_type"":""Background"",""value"":""blue""},{""trait_type"":""Body"",""value"":""Zombie""},{""trait_type"":""Snout"",""value"":""Regular Snout""},{""trait_type"":""Spots"",""value"":""Spots 3""},{""trait_type"":""Tail"",""value"":""Tail 2""},{""trait_type"":""Head Accessory"",""value"":""Blue Cap""},{""trait_type"":""Eyes"",""value"":""Black""},{""trait_type"":""Accessory"",""value"":""Explorer""}]"
498,5567492,0x258a029074794a8c030b2306880620389bd779a92e37fd140f9310bbd85f8228,"[{""trait_type"":""Background"",""value"":""blue""},{""trait_type"":""Body"",""value"":""Pink""},{""trait_type"":""Snout"",""value"":""Regular Snout""},{""trait_type"":""Tail"",""value"":""Tail 2""},{""trait_type"":""Head Accessory"",""value"":""Orange Beanie""},{""trait_type"":""Eyes"",""value"":""Black""},{""trait_type"":""Socks"",""value"":""White Socks""}]"
497,5564997,0xe6a99b976335adb79d8d8b02c7ba2b974145c4c52e87f2dcfa31a2970e648991,"[{""trait_type"":""Background"",""value"":""Pork Chart""},{""trait_type"":""Body"",""value"":""Mold""},{""trait_type"":""Snout"",""value"":""Regular Snout""},{""trait_type"":""Spots"",""value"":""Spots 2""},{""trait_type"":""Tail"",""value"":""Tail 3""},{""trait_type"":""Eyes"",""value"":""Green""}]"
496,5565215,0xac2f4968bd85cd09581b3daf53136d11acfe6e0770701482093d2b751f4bf141,"[{""trait_type"":""Background"",""value"":""purple""},{""trait_type"":""Body"",""value"":""Bot""},{""trait_type"":""Snout"",""value"":""Snout Wide""},{""trait_type"":""Spots"",""value"":""Spots 1""},{""trait_type"":""Tail"",""value"":""Tail 2""},{""trait_type"":""Head Accessory"",""value"":""Top Hat""},{""trait_type"":""Eyes"",""value"":""Green""},{""trait_type"":""Accessory"",""value"":""Explorer""}]"
495,5566516,0xf349d8a96dcebab2e60794f29de35a01795c018dd358eb5897dfac1a43930a6d,"[{""trait_type"":""Background"",""value"":""Grey""},{""trait_type"":""Body"",""value"":""Dusty Pink""},{""trait_type"":""Snout"",""value"":""Regular Snout""},{""trait_type"":""Spots"",""value"":""Spots 3""},{""trait_type"":""Tail"",""value"":""Tail 1""},{""trait_type"":""Eyes"",""value"":""Viper""}]"
494,5565605,0xc933439a2c8dcd20ab3f1377bc0e073081d668ff51b3822eeead1eeb716e6c85,"[{""trait_type"":""Background"",""value"":""Sunny""},{""trait_type"":""Body"",""value"":""Mold""},{""trait_type"":""Snout"",""value"":""Regular Snout""},{""trait_type"":""Tail"",""value"":""Tail 1""},{""trait_type"":""Head Accessory"",""value"":""Cap Back Red""},{""trait_type"":""Eyes"",""value"":""3D""}]"
493,5566163,0xfc1ccb1dc5c7482d0128549d897c5e0896c1fa234ca282846384224e171407f1,"[{""trait_type"":""Background"",""value"":""green""},{""trait_type"":""Body"",""value"":""Pink""},{""trait_type"":""Snout"",""value"":""Regular Snout""},{""trait_type"":""Tail"",""value"":""Tail 2""},{""trait_type"":""Eyes"",""value"":""Green""},{""trait_type"":""Accessory"",""value"":""Hover Board""}]"
492,5565049,0x6e6ddfe31f9788dbb62e70a71a5ffc21e42b324a0bb7128f87a92cda0735976a,"[{""trait_type"":""Background"",""value"":""Pork Chart""},{""trait_type"":""Body"",""value"":""Bot""},{""trait_type"":""Snout"",""value"":""Snout Wide""},{""trait_type"":""Tail"",""value"":""Tail 1""},{""trait_type"":""Head Accessory"",""value"":""Dino""},{""trait_type"":""Eyes"",""value"":""Deal With It""},{""trait_type"":""Accessory"",""value"":""Explorer""}]"
491,5565744,0x2a9c32c110e87ddec1638f6e30f0286ac81db3db5cb53797f883e72cffa526b7,"[{""trait_type"":""Background"",""value"":""blue""},{""trait_type"":""Body"",""value"":""Blood""},{""trait_type"":""Snout"",""value"":""Regular Snout""},{""trait_type"":""Tail"",""value"":""Tail 1""},{""trait_type"":""Head Accessory"",""value"":""Skateboard Cat""},{""trait_type"":""Eyes"",""value"":""Green""}]"
490,5566532,0x85645bcb8bc76ea883dab20e82c867a8b9657e95d2da797b0971ee45fa48c679,"[{""trait_type"":""Background"",""value"":""purple""},{""trait_type"":""Body"",""value"":""Dusty Pink""},{""trait_type"":""Snout"",""value"":""Regular Snout""},{""trait_type"":""Spots"",""value"":""Spots 3""},{""trait_type"":""Tail"",""value"":""Tail 3""},{""trait_type"":""Head Accessory"",""value"":""Grey Beanie""},{""trait_type"":""Eyes"",""value"":""3D""}]"
489,5565699,0x1235dd9185577402a029fa3d34ae6324180ecce54a224f4cf90cf9a1fb5205ad,"[{""trait_type"":""Background"",""value"":""Grey""},{""trait_type"":""Body"",""value"":""Blood""},{""trait_type"":""Snout"",""value"":""Regular Snout""},{""trait_type"":""Tail"",""value"":""Tail 3""},{""trait_type"":""Head Accessory"",""value"":""Skateboard Cat""},{""trait_type"":""Eyes"",""value"":""3D""},{""trait_type"":""Accessory"",""value"":""SkateBoard""}]"
488,5565617,0x3aaadf3ed89b141439c225d7c809cb4cf08214017d6fb0700936756e27d54f39,"[{""trait_type"":""Background"",""value"":""c3ff00""},{""trait_type"":""Body"",""value"":""Dusty Pink""},{""trait_type"":""Snout"",""value"":""Snout Wide""},{""trait_type"":""Tail"",""value"":""Tail 1""},{""trait_type"":""Head Accessory"",""value"":""Cowboy Hat""},{""trait_type"":""Eyes"",""value"":""Black""}]"
487,5565703,0x46ac97d71dbdbf813269bfab5f1a3207e2f4282659bbc0ca59df635de75284dd,"[{""trait_type"":""Background"",""value"":""aqua""},{""trait_type"":""Body"",""value"":""Pigdenza""},{""trait_type"":""Snout"",""value"":""Snout Snot""},{""trait_type"":""Spots"",""value"":""spots 1""},{""trait_type"":""Tail"",""value"":""tail 1""},{""trait_type"":""Head Accessory"",""value"":""Orange Beanie""},{""trait_type"":""Eyes"",""value"":""3D""},{""trait_type"":""Accessory"",""value"":""Hover Board""}]"
486,5565708,0x553bcf79de87a7548b84363ac16226a59ec7e416f605c59cb611cea70a8f9f75,"[{""trait_type"":""Background"",""value"":""Brown""},{""trait_type"":""Body"",""value"":""Bot""},{""trait_type"":""Snout"",""value"":""Snout Snot""},{""trait_type"":""Spots"",""value"":""Spots 1""},{""trait_type"":""Tail"",""value"":""Tail 3""},{""trait_type"":""Head Accessory"",""value"":""Sad Cat""},{""trait_type"":""Eyes"",""value"":""3D""},{""trait_type"":""Accessory"",""value"":""Mud Pit""}]"
485,5565853,0x75a0799397103efe3c1835d907ebc9d9eac4dd6276113526f02582f6d6609d12,"[{""trait_type"":""Background"",""value"":""orange""},{""trait_type"":""Body"",""value"":""Blood""},{""trait_type"":""Snout"",""value"":""Regular Snout""},{""trait_type"":""Spots"",""value"":""Spots 1""},{""trait_type"":""Tail"",""value"":""Tail 1""},{""trait_type"":""Eyes"",""value"":""Black""}]"
484,5566089,0xee432e873118eba541cf57da5f62359216c0968db27addd47a1117b1afcb20eb,"[{""trait_type"":""Background"",""value"":""orange""},{""trait_type"":""Body"",""value"":""Bot""},{""trait_type"":""Snout"",""value"":""Regular Snout""},{""trait_type"":""Spots"",""value"":""Spots 1""},{""trait_type"":""Tail"",""value"":""Tail 1""},{""trait_type"":""Head Accessory"",""value"":""Top Hat""},{""trait_type"":""Eyes"",""value"":""Patch""}]"
483,5565564,0xfbb25058d883d978200d0ed123bf037015f4f674199a29326ce244230b70abea,"[{""trait_type"":""Background"",""value"":""YEEEEET""},{""trait_type"":""Body"",""value"":""Pigdenza""},{""trait_type"":""Snout"",""value"":""Regular Snout""},{""trait_type"":""Spots"",""value"":""spots 3""},{""trait_type"":""Tail"",""value"":""tail 2""},{""trait_type"":""Eyes"",""value"":""Green""}]"
482,5566466,0x24f3e701802feddf1720671d99044f8f6a5f3dd5d1d64768c6aca8d9649f4d2f,"[{""trait_type"":""Background"",""value"":""c3ff00""},{""trait_type"":""Body"",""value"":""Bot""},{""trait_type"":""Snout"",""value"":""Snout Wide""},{""trait_type"":""Tail"",""value"":""Tail 3""},{""trait_type"":""Eyes"",""value"":""Green""}]"
481,5569340,0xb97915076c536b0ca85fcf8f6101b297bae229524729ea13db7fa116e483d9cc,"[{""trait_type"":""Background"",""value"":""YEEEEET""},{""trait_type"":""Body"",""value"":""Blood""},{""trait_type"":""Snout"",""value"":""Regular Snout""},{""trait_type"":""Spots"",""value"":""Spots 3""},{""trait_type"":""Tail"",""value"":""Tail 1""},{""trait_type"":""Head Accessory"",""value"":""Cap Back Red""},{""trait_type"":""Eyes"",""value"":""Blue""}]"
480,5565814,0xcd776acc3d43f3d0da55e4b0a8e28f7427481c2104f70c9fc8297de38a2e06a8,"[{""trait_type"":""Background"",""value"":""Brown""},{""trait_type"":""Body"",""value"":""Bot""},{""trait_type"":""Snout"",""value"":""Snout Wide""},{""trait_type"":""Spots"",""value"":""Spots 1""},{""trait_type"":""Eyes"",""value"":""3D""}]"
479,5565900,0xac2cfcec596bf0a6052b19bb06a0fed362b9a75a32ea8c10a6ba077e05a125c4,"[{""trait_type"":""Background"",""value"":""blue""},{""trait_type"":""Body"",""value"":""Mold""},{""trait_type"":""Snout"",""value"":""Regular Snout""},{""trait_type"":""Spots"",""value"":""Spots 1""},{""trait_type"":""Tail"",""value"":""Tail 1""},{""trait_type"":""Head Accessory"",""value"":""White Beanie""},{""trait_type"":""Eyes"",""value"":""Green""}]"
478,5565978,0xdd05bfbb8c9dde8abeb9fd353e692bab7ed02256df1c058d342a911c2d4afc15,"[{""trait_type"":""Background"",""value"":""Pink""},{""trait_type"":""Body"",""value"":""Bot""},{""trait_type"":""Snout"",""value"":""Snout Wide""},{""trait_type"":""Spots"",""value"":""Spots 3""},{""trait_type"":""Tail"",""value"":""Tail 1""},{""trait_type"":""Head Accessory"",""value"":""Orange Beanie""},{""trait_type"":""Eyes"",""value"":""Green""},{""trait_type"":""Accessory"",""value"":""SkateBoard""}]"
477,5565724,0xd8269e9070fb8baee69f3492773c4aaea7117b7ec0ef07bbc6924fbae80f6fe0,"[{""trait_type"":""Background"",""value"":""Field""},{""trait_type"":""Body"",""value"":""Mold""},{""trait_type"":""Snout"",""value"":""Snout Wide""},{""trait_type"":""Spots"",""value"":""Spots 3""},{""trait_type"":""Tail"",""value"":""Tail 2""},{""trait_type"":""Eyes"",""value"":""Blue""}]"
476,5565020,0x4b24361994aa6436c3db57969f77e2edb2bd3cbf307becac6203d1672b6545a5,"[{""trait_type"":""Background"",""value"":""blue""},{""trait_type"":""Body"",""value"":""Dusty Pink""},{""trait_type"":""Snout"",""value"":""Snout Snot""},{""trait_type"":""Spots"",""value"":""Spots 3""},{""trait_type"":""Tail"",""value"":""Tail 3""},{""trait_type"":""Head Accessory"",""value"":""Deal With It Pepe""},{""trait_type"":""Eyes"",""value"":""Black""}]"
475,5565742,0xbbad5e1af4d70b32a7e81ce74e8b7abb4124749873286654b188614f5d7adc5b,"[{""trait_type"":""Background"",""value"":""YEEEEET""},{""trait_type"":""Body"",""value"":""Dusty Pink""},{""trait_type"":""Snout"",""value"":""Snout Wide""},{""trait_type"":""Spots"",""value"":""Spots 2""},{""trait_type"":""Tail"",""value"":""Tail 3""},{""trait_type"":""Eyes"",""value"":""Red""},{""trait_type"":""Accessory"",""value"":""SkateBoard""}]"
474,5565973,0x88eb5c94cd8c00f5ca053e63fd4b83ab0579693c3626b282742d1272efb49757,"[{""trait_type"":""Background"",""value"":""pisser""},{""trait_type"":""Body"",""value"":""Blood""},{""trait_type"":""Snout"",""value"":""Snout Wide""},{""trait_type"":""Spots"",""value"":""Spots 1""},{""trait_type"":""Tail"",""value"":""Tail 3""},{""trait_type"":""Eyes"",""value"":""Deal With It""},{""trait_type"":""Accessory"",""value"":""SkateBoard""}]"
473,5565940,0xb539c8ea34521f5486abb43d76713fec9f86f25263e0ddfda582df918c9cd4c2,"[{""trait_type"":""Background"",""value"":""Field""},{""trait_type"":""Body"",""value"":""Pink""},{""trait_type"":""Snout"",""value"":""Snout Wide""},{""trait_type"":""Spots"",""value"":""Spots 3""},{""trait_type"":""Tail"",""value"":""Tail 3""},{""trait_type"":""Eyes"",""value"":""Blue""}]"
472,5565616,0x55a8122c90a0caacac0a7e7581800e9368b22b10e4f11578d9a1f26efeb6d26b,"[{""trait_type"":""Background"",""value"":""c3ff00""},{""trait_type"":""Body"",""value"":""Mold""},{""trait_type"":""Snout"",""value"":""Snout Wide""},{""trait_type"":""Spots"",""value"":""Spots 1""},{""trait_type"":""Tail"",""value"":""Tail 2""},{""trait_type"":""Head Accessory"",""value"":""Top Hat""},{""trait_type"":""Eyes"",""value"":""Red""}]"
471,5565753,0xa39dc6b91f4e248ee53851e05e7fa99eace6fb5c17c50e6981e057a26981512c,"[{""trait_type"":""Background"",""value"":""blue""},{""trait_type"":""Body"",""value"":""Bot""},{""trait_type"":""Snout"",""value"":""Regular Snout""},{""trait_type"":""Tail"",""value"":""Tail 1""},{""trait_type"":""Eyes"",""value"":""Patch""},{""trait_type"":""Accessory"",""value"":""Explorer""}]"
470,5565085,0x274a1577e407d74e738b08f73f6cb469b8ef168237db5d1a37414c7dd832bdf8,"[{""trait_type"":""Background"",""value"":""orange""},{""trait_type"":""Body"",""value"":""Ghost""},{""trait_type"":""Snout"",""value"":""Snout Snot""},{""trait_type"":""Spots"",""value"":""Spots 2""},{""trait_type"":""Tail"",""value"":""Tail 1""},{""trait_type"":""Head Accessory"",""value"":""Blue Cap""},{""trait_type"":""Eyes"",""value"":""Red""}]"
469,5565611,0x453e7244378a1cf29bc8e338f1bed2be88b98d9e168ed95f95cc001b82380fb3,"[{""trait_type"":""Background"",""value"":""Brown""},{""trait_type"":""Body"",""value"":""Blood""},{""trait_type"":""Snout"",""value"":""Snout Wide""},{""trait_type"":""Spots"",""value"":""Spots 2""},{""trait_type"":""Tail"",""value"":""Tail 2""},{""trait_type"":""Head Accessory"",""value"":""Pink Pepe""},{""trait_type"":""Eyes"",""value"":""Green""}]"
468,5565904,0xa6da69a5ea42be8a08ab2e72e9b7ec102d72c6139b4dde890dfaa61b78c5e40c,"[{""trait_type"":""Background"",""value"":""Grey""},{""trait_type"":""Body"",""value"":""Dusty Pink""},{""trait_type"":""Snout"",""value"":""Regular Snout""},{""trait_type"":""Spots"",""value"":""Spots 1""},{""trait_type"":""Tail"",""value"":""Tail 2""},{""trait_type"":""Eyes"",""value"":""Red""}]"
467,5565548,0x2b43efe87dd598083a337ef69f652a1b3180fe70ca7f85ce742f6eded13a0384,"[{""trait_type"":""Background"",""value"":""White""},{""trait_type"":""Body"",""value"":""Pigdenza""},{""trait_type"":""Snout"",""value"":""Snout Snot""},{""trait_type"":""Spots"",""value"":""Spots 2""},{""trait_type"":""Tail"",""value"":""Tail 1""},{""trait_type"":""Eyes"",""value"":""Patch""},{""trait_type"":""Wacky"",""value"":""Yes""}]"
466,5566488,0xa4fdbc1b92e143af98ed2f14c301426c55ddce6636c295a08ad8d541af1d564a,"[{""trait_type"":""Background"",""value"":""YEEEEET""},{""trait_type"":""Body"",""value"":""Mold""},{""trait_type"":""Snout"",""value"":""Snout Wide""},{""trait_type"":""Tail"",""value"":""Tail 3""},{""trait_type"":""Head Accessory"",""value"":""Grey Beanie""},{""trait_type"":""Eyes"",""value"":""Green""}]"
465,5565539,0x4bc88dfbfa1252cb97dbf5093cf71b17a025ee18333091c792e5c09769806ca5,"[{""trait_type"":""Background"",""value"":""Grey""},{""trait_type"":""Body"",""value"":""Mold""},{""trait_type"":""Snout"",""value"":""Snout Wide""},{""trait_type"":""Tail"",""value"":""Tail 2""},{""trait_type"":""Head Accessory"",""value"":""Crown""},{""trait_type"":""Eyes"",""value"":""Green""}]"
464,5564992,0xce0fb46f8f6082954c4cc3c73c35e8e7722e78288e43107ca77dfa6aca480226,"[{""trait_type"":""Background"",""value"":""blue""},{""trait_type"":""Body"",""value"":""Gold""},{""trait_type"":""Snout"",""value"":""Regular Snout""},{""trait_type"":""Tail"",""value"":""Tail 1""},{""trait_type"":""Head Accessory"",""value"":""Pepe""},{""trait_type"":""Eyes"",""value"":""Orange""},{""trait_type"":""Socks"",""value"":""White Socks""},{""trait_type"":""Accessory"",""value"":""SkateBoard""}]"
463,5564803,0x793ff86de60f8f96d342e3d6289a8f102969f198166d3284b80e6cbec0b8c6cf,"[{""trait_type"":""Background"",""value"":""Grey 2""},{""trait_type"":""Body"",""value"":""Ghost""},{""trait_type"":""Snout"",""value"":""Snout Snot""},{""trait_type"":""Spots"",""value"":""Spots 1""},{""trait_type"":""Tail"",""value"":""Tail 1""},{""trait_type"":""Head Accessory"",""value"":""Pink Pepe""},{""trait_type"":""Eyes"",""value"":""Orange""}]"
462,5565734,0x1360a743ea12ac2c215c398424fa04cc9c95cdd73af3ce36237dfb553ced8376,"[{""trait_type"":""Background"",""value"":""c3ff00""},{""trait_type"":""Body"",""value"":""Dusty Pink""},{""trait_type"":""Snout"",""value"":""Regular Snout""},{""trait_type"":""Tail"",""value"":""Tail 3""},{""trait_type"":""Head Accessory"",""value"":""Orange Beanie""},{""trait_type"":""Eyes"",""value"":""Black""},{""trait_type"":""Accessory"",""value"":""Mud Pit""}]"
461,5565995,0x11d2dedd92d465bfc504060e61b224a59a9c0daaae88409b20001a08c5d97845,"[{""trait_type"":""Background"",""value"":""Grey""},{""trait_type"":""Body"",""value"":""Purp""},{""trait_type"":""Snout"",""value"":""Snout Wide""},{""trait_type"":""Spots"",""value"":""Spots 1""},{""trait_type"":""Tail"",""value"":""Tail 3""},{""trait_type"":""Head Accessory"",""value"":""Cap Back Red""},{""trait_type"":""Eyes"",""value"":""Black""}]"
460,5565013,0xc1ac57afe95da997459d558def16be1224379c1771ab1cd883d719891b87f4f5,"[{""trait_type"":""Background"",""value"":""Rose""},{""trait_type"":""Body"",""value"":""Pink""},{""trait_type"":""Snout"",""value"":""Regular Snout""},{""trait_type"":""Tail"",""value"":""Tail 2""},{""trait_type"":""Head Accessory"",""value"":""Crown""},{""trait_type"":""Eyes"",""value"":""Deal With It""}]"
459,5565527,0xe2e6cf2684acadde40a32b55339e0cc83c201e71134e7b71b97ce2967e2cb7f8,"[{""trait_type"":""Background"",""value"":""blue""},{""trait_type"":""Body"",""value"":""Mold""},{""trait_type"":""Snout"",""value"":""Snout Wide""},{""trait_type"":""Spots"",""value"":""Spots 3""},{""trait_type"":""Tail"",""value"":""Tail 2""},{""trait_type"":""Head Accessory"",""value"":""Dino""},{""trait_type"":""Eyes"",""value"":""Blue""}]"
458,5565304,0x7b17a76f6dfd9d87d56ff26166e258a72e76658a80a0c922e4f96443c3ed62f8,"[{""trait_type"":""Background"",""value"":""aqua""},{""trait_type"":""Body"",""value"":""Zombie""},{""trait_type"":""Snout"",""value"":""Regular Snout""},{""trait_type"":""Spots"",""value"":""Spots 2""},{""trait_type"":""Tail"",""value"":""Tail 3""},{""trait_type"":""Eyes"",""value"":""Orange""},{""trait_type"":""Socks"",""value"":""White Socks""}]"
457,5566013,0xe27a81a987c42c766624b6a02c5946a4f1120877c90eae0989f201fcbe27d9ed,"[{""trait_type"":""Background"",""value"":""Brown""},{""trait_type"":""Body"",""value"":""Mold""},{""trait_type"":""Snout"",""value"":""Regular Snout""},{""trait_type"":""Spots"",""value"":""Spots 1""},{""trait_type"":""Tail"",""value"":""Tail 1""},{""trait_type"":""Eyes"",""value"":""Red""}]"
456,5566244,0x5d9a9702f8b4fbdbbc7d7375229897ec653a6f06d0c7b6409e6a72c62b6f7bf2,"[{""trait_type"":""Background"",""value"":""YEEEEET""},{""trait_type"":""Body"",""value"":""Bot""},{""trait_type"":""Snout"",""value"":""Snout Wide""},{""trait_type"":""Tail"",""value"":""Tail 3""},{""trait_type"":""Head Accessory"",""value"":""Cap Back Red""},{""trait_type"":""Eyes"",""value"":""Deal With It""}]"
455,5565014,0xd777d191983bffdfb570efcd9a2f0dfb4500692336faa3a4a5e4b341f9c84aab,"[{""trait_type"":""Background"",""value"":""Brown""},{""trait_type"":""Body"",""value"":""Bot""},{""trait_type"":""Snout"",""value"":""Snout Snot""},{""trait_type"":""Spots"",""value"":""Spots 1""},{""trait_type"":""Tail"",""value"":""Tail 2""},{""trait_type"":""Head Accessory"",""value"":""Crown""},{""trait_type"":""Eyes"",""value"":""Viper""},{""trait_type"":""Socks"",""value"":""White Socks""}]"
454,5565809,0x817f574d7a9970fbb5bb1c359f8e28f8f5d92297b27a4c6962b4894952ab1c55,"[{""trait_type"":""Background"",""value"":""purple""},{""trait_type"":""Body"",""value"":""Pink""},{""trait_type"":""Snout"",""value"":""Snout Wide""},{""trait_type"":""Tail"",""value"":""Tail 3""},{""trait_type"":""Head Accessory"",""value"":""Grey Spinner""},{""trait_type"":""Eyes"",""value"":""3D""},{""trait_type"":""Accessory"",""value"":""Mud Pit""}]"
453,5566095,0x112e4f9a59b6b7c648f9848953dd574dd9c95229ecf20663e3e3b1a8b8418e8f,"[{""trait_type"":""Background"",""value"":""aqua""},{""trait_type"":""Body"",""value"":""Pink""},{""trait_type"":""Snout"",""value"":""Regular Snout""},{""trait_type"":""Spots"",""value"":""Spots 2""},{""trait_type"":""Head Accessory"",""value"":""Orange Cat""},{""trait_type"":""Eyes"",""value"":""Orange""},{""trait_type"":""Accessory"",""value"":""Mud Pit""}]"
452,5565971,0xed08d3a86d6a36ac717f114e62ef8ea779d5556d27e14567ddbe8a224bc61cf5,"[{""trait_type"":""Background"",""value"":""Rose""},{""trait_type"":""Body"",""value"":""Purp""},{""trait_type"":""Snout"",""value"":""Snout Snot""},{""trait_type"":""Spots"",""value"":""Spots 1""},{""trait_type"":""Tail"",""value"":""Tail 1""},{""trait_type"":""Eyes"",""value"":""Deal With It""}]"
451,5565970,0x6d8dcb1da50dccbe4ce581716307aa66c75d44e60b260686f33b33b867fe7d5d,"[{""trait_type"":""Background"",""value"":""Rose""},{""trait_type"":""Body"",""value"":""Zombie""},{""trait_type"":""Snout"",""value"":""Regular Snout""},{""trait_type"":""Tail"",""value"":""Tail 3""},{""trait_type"":""Eyes"",""value"":""Black""}]"
450,5565079,0xefb3a2e3f99065f477a86cf35f91e1e3bcc378054823c5f2294b9da67dee914c,"[{""trait_type"":""Background"",""value"":""Pink""},{""trait_type"":""Body"",""value"":""Blood""},{""trait_type"":""Snout"",""value"":""Snout Wide""},{""trait_type"":""Spots"",""value"":""Spots 3""},{""trait_type"":""Tail"",""value"":""Probe""},{""trait_type"":""Eyes"",""value"":""Deal With It""}]"
449,5565674,0xc38fcd93541bce099eb6a9af3bf09769a403781f6517098fb831b5a94cd5d64f,"[{""trait_type"":""Background"",""value"":""green""},{""trait_type"":""Body"",""value"":""Zombie""},{""trait_type"":""Snout"",""value"":""Regular Snout""},{""trait_type"":""Head Accessory"",""value"":""Blue Beanie""},{""trait_type"":""Eyes"",""value"":""Black""},{""trait_type"":""Accessory"",""value"":""Mud Pit""}]"
448,5564913,0x647ec43f1f11926a4ef15ef0923c9a13fc1ae4c41228546977c2a47b74ec7a34,"[{""trait_type"":""Background"",""value"":""YEEEEET""},{""trait_type"":""Body"",""value"":""Ghost""},{""trait_type"":""Snout"",""value"":""Snout Wide""},{""trait_type"":""Spots"",""value"":""Spots 1""},{""trait_type"":""Tail"",""value"":""Tail 1""},{""trait_type"":""Head Accessory"",""value"":""Grey Spinner""},{""trait_type"":""Eyes"",""value"":""Red""},{""trait_type"":""Socks"",""value"":""White Socks""}]"
447,5565892,0x72d9460d3701b131357dc43c1c4b4b549570db3209bed8e663193adfa9370911,"[{""trait_type"":""Background"",""value"":""Grey""},{""trait_type"":""Body"",""value"":""Bot""},{""trait_type"":""Snout"",""value"":""Snout Wide""},{""trait_type"":""Spots"",""value"":""Spots 3""},{""trait_type"":""Head Accessory"",""value"":""Turd Cat""},{""trait_type"":""Eyes"",""value"":""Blue""},{""trait_type"":""Accessory"",""value"":""SkateBoard""}]"
446,5565952,0xe4d8e07b1541142701b354bd0a9993f6a7381e5d4d8314db2afdabc334f889da,"[{""trait_type"":""Background"",""value"":""Rose""},{""trait_type"":""Body"",""value"":""Pink""},{""trait_type"":""Snout"",""value"":""Snout Wide""},{""trait_type"":""Spots"",""value"":""Spots 3""},{""trait_type"":""Tail"",""value"":""Tail 1""},{""trait_type"":""Head Accessory"",""value"":""Blue Cap""},{""trait_type"":""Eyes"",""value"":""Green""}]"
445,5565117,0x5b5b728aef80c3b3fc79b537c561fd7ea302c41ff356ba0bca35b9c054c3701c,"[{""trait_type"":""Background"",""value"":""orange""},{""trait_type"":""Body"",""value"":""Pigdenza""},{""trait_type"":""Snout"",""value"":""Regular Snout""},{""trait_type"":""Tail"",""value"":""tail 3""},{""trait_type"":""Eyes"",""value"":""Blue""},{""trait_type"":""Accessory"",""value"":""Hover Board""}]"
444,5565069,0x99713b85f9c27f1fb145aaf168f36f984826b2d7c1ae034de3f83ea282a8b28a,"[{""trait_type"":""Background"",""value"":""orange""},{""trait_type"":""Body"",""value"":""Zombie""},{""trait_type"":""Snout"",""value"":""Regular Snout""},{""trait_type"":""Spots"",""value"":""Spots 2""},{""trait_type"":""Tail"",""value"":""Tail 1""},{""trait_type"":""Head Accessory"",""value"":""Sad Cat""},{""trait_type"":""Eyes"",""value"":""Black""}]"
443,5565021,0x45bd021e5fa6f810472c2f7cf360ce23d803b269ed39865d6626379508b403c2,"[{""trait_type"":""Background"",""value"":""YEEEEET""},{""trait_type"":""Body"",""value"":""Pigdenza""},{""trait_type"":""Snout"",""value"":""Regular Snout""},{""trait_type"":""Tail"",""value"":""tail 3""},{""trait_type"":""Eyes"",""value"":""Black""}]"
442,5566094,0x802554c75f8f43a54f2877e0d665633809e458615766cd9b3079d6057b1da814,"[{""trait_type"":""Background"",""value"":""pisser""},{""trait_type"":""Body"",""value"":""Pink""},{""trait_type"":""Snout"",""value"":""Snout Wide""},{""trait_type"":""Tail"",""value"":""Tail 1""},{""trait_type"":""Eyes"",""value"":""Viper""}]"
441,5564939,0x4c337e1f4d104d0383aa36d9464d341a21530c6b27eefb98e46307f9bfdcfdd3,"[{""trait_type"":""Background"",""value"":""c3ff00""},{""trait_type"":""Body"",""value"":""Pigdenza""},{""trait_type"":""Snout"",""value"":""Snout Snot""},{""trait_type"":""Tail"",""value"":""tail 2""},{""trait_type"":""Head Accessory"",""value"":""Orange Beanie""},{""trait_type"":""Eyes"",""value"":""3D""}]"
440,5565595,0x5a2d806f95cb761a81afdfc50db72adfd5fc21c139509009dbc1868791e31d63,"[{""trait_type"":""Background"",""value"":""Pink""},{""trait_type"":""Body"",""value"":""Dusty Pink""},{""trait_type"":""Snout"",""value"":""Regular Snout""},{""trait_type"":""Tail"",""value"":""Tail 2""},{""trait_type"":""Head Accessory"",""value"":""Blue Beanie""},{""trait_type"":""Eyes"",""value"":""Green""},{""trait_type"":""Accessory"",""value"":""Explorer""}]"
439,5565242,0x37b95c4d3ae240b24086b2d01cab6e2c32a00d397072464f5866b5bbd0597e9d,"[{""trait_type"":""Background"",""value"":""blue""},{""trait_type"":""Body"",""value"":""Bot""},{""trait_type"":""Snout"",""value"":""Snout Wide""},{""trait_type"":""Spots"",""value"":""Spots 1""},{""trait_type"":""Tail"",""value"":""Tail 2""},{""trait_type"":""Head Accessory"",""value"":""Crown""},{""trait_type"":""Eyes"",""value"":""Green""},{""trait_type"":""Accessory"",""value"":""Explorer""}]"
438,5565686,0x9942ef3f11bb6d8a72168869782d1ba8219d308090724d5892d3ea4cd13ebeed,"[{""trait_type"":""Background"",""value"":""green""},{""trait_type"":""Body"",""value"":""Bot""},{""trait_type"":""Snout"",""value"":""Snout Wide""},{""trait_type"":""Spots"",""value"":""Spots 1""},{""trait_type"":""Tail"",""value"":""Tail 2""},{""trait_type"":""Head Accessory"",""value"":""Cowboy Hat""},{""trait_type"":""Eyes"",""value"":""Blue""},{""trait_type"":""Accessory"",""value"":""Mud Pit""}]"
437,5565210,0xe1be567b5fa4264b26199e836b07d3918911df2473e872dfb95abb91f9cfd01d,"[{""trait_type"":""Background"",""value"":""Grey 2""},{""trait_type"":""Body"",""value"":""Pink""},{""trait_type"":""Snout"",""value"":""Regular Snout""},{""trait_type"":""Spots"",""value"":""Spots 1""},{""trait_type"":""Head Accessory"",""value"":""Dino""},{""trait_type"":""Eyes"",""value"":""Black""},{""trait_type"":""Socks"",""value"":""Grandpa Socks""}]"
436,5565303,0x3054de6be3c51fb3fa2e7a1202589faeb84721d6b509b5ddc9b8d1d76bbb4eea,"[{""trait_type"":""Background"",""value"":""green""},{""trait_type"":""Body"",""value"":""Bot""},{""trait_type"":""Snout"",""value"":""Regular Snout""},{""trait_type"":""Spots"",""value"":""Spots 1""},{""trait_type"":""Tail"",""value"":""Tail 3""},{""trait_type"":""Head Accessory"",""value"":""Blue Beanie""},{""trait_type"":""Eyes"",""value"":""Red""},{""trait_type"":""Accessory"",""value"":""Explorer""}]"
435,5565361,0x3c7e201543fecb50f838df267fd694a375d52456834a640b70aa6b92a8397353,"[{""trait_type"":""Background"",""value"":""aqua""},{""trait_type"":""Body"",""value"":""Purp""},{""trait_type"":""Snout"",""value"":""Regular Snout""},{""trait_type"":""Tail"",""value"":""Tail 2""},{""trait_type"":""Eyes"",""value"":""Viper""},{""trait_type"":""Accessory"",""value"":""Explorer""}]"
434,5565594,0x74a63247f48d215ea2f2f689ba080124ccc853e57b8e5688e20c60578ffe6874,"[{""trait_type"":""Background"",""value"":""Grey 2""},{""trait_type"":""Body"",""value"":""Bot""},{""trait_type"":""Snout"",""value"":""Regular Snout""},{""trait_type"":""Spots"",""value"":""Spots 1""},{""trait_type"":""Tail"",""value"":""Tail 2""},{""trait_type"":""Eyes"",""value"":""Orange""},{""trait_type"":""Accessory"",""value"":""SkateBoard""}]"
433,5565774,0x0f2a269430a3ec0fc697ec6a1062b1bbbb567df0ddb8551646dbdde930c4e67d,"[{""trait_type"":""Background"",""value"":""pisser""},{""trait_type"":""Body"",""value"":""Purp""},{""trait_type"":""Snout"",""value"":""Snout Wide""},{""trait_type"":""Spots"",""value"":""Spots 3""},{""trait_type"":""Tail"",""value"":""Tail 3""},{""trait_type"":""Eyes"",""value"":""Green""},{""trait_type"":""Socks"",""value"":""Grandpa Socks""},{""trait_type"":""Accessory"",""value"":""SkateBoard""}]"
432,5565966,0xefdf9a012adf5c7bd824ba59c70d32289b462fd29e57417fd68f30ce5499e2e1,"[{""trait_type"":""Background"",""value"":""blue""},{""trait_type"":""Body"",""value"":""Purp""},{""trait_type"":""Snout"",""value"":""Snout Wide""},{""trait_type"":""Spots"",""value"":""Spots 2""},{""trait_type"":""Tail"",""value"":""Tail 1""},{""trait_type"":""Eyes"",""value"":""Deal With It""}]"
431,5566289,0xb871c1e5c92bb33a82be9193d74c8591aa4797c11ca0f1482c417e52c76b55b2,"[{""trait_type"":""Background"",""value"":""aqua""},{""trait_type"":""Body"",""value"":""Dusty Pink""},{""trait_type"":""Snout"",""value"":""Regular Snout""},{""trait_type"":""Spots"",""value"":""Spots 1""},{""trait_type"":""Tail"",""value"":""Tail 3""},{""trait_type"":""Head Accessory"",""value"":""Grey Spinner""},{""trait_type"":""Eyes"",""value"":""Orange""},{""trait_type"":""Socks"",""value"":""Grandpa Socks""}]"
430,5565059,0xe01cd556415106bf077b2f7c257b294e06ead4668e136bbc24a5b59882a2c0ca,"[{""trait_type"":""Background"",""value"":""Rose""},{""trait_type"":""Body"",""value"":""Mold""},{""trait_type"":""Snout"",""value"":""Snout Wide""},{""trait_type"":""Spots"",""value"":""Spots 1""},{""trait_type"":""Tail"",""value"":""Tail 1""},{""trait_type"":""Head Accessory"",""value"":""Deal With It Pink Pepe""},{""trait_type"":""Eyes"",""value"":""Patch""},{""trait_type"":""Socks"",""value"":""Grandpa Socks""},{""trait_type"":""Accessory"",""value"":""Hover Board""}]"
429,5566514,0x79a8f1fdf782f7fef13c4a19a76e1b464feb8bb3097f77e6a8a70c4c548743a7,"[{""trait_type"":""Background"",""value"":""orange""},{""trait_type"":""Body"",""value"":""Pink""},{""trait_type"":""Snout"",""value"":""Snout Wide""},{""trait_type"":""Head Accessory"",""value"":""Blue Beanie""},{""trait_type"":""Eyes"",""value"":""Red""}]"
428,5565467,0x4b5eb9a04f268343539509ff8744bb2d34c9bac837e2f03d083229527f2fe559,"[{""trait_type"":""Background"",""value"":""purple""},{""trait_type"":""Body"",""value"":""Dusty Pink""},{""trait_type"":""Snout"",""value"":""Regular Snout""},{""trait_type"":""Tail"",""value"":""Tail 2""},{""trait_type"":""Head Accessory"",""value"":""Pink Pepe""},{""trait_type"":""Eyes"",""value"":""Red""},{""trait_type"":""Accessory"",""value"":""Mud Pit""}]"
427,5565964,0xfee8d12ad106efd14bbc3c368260a165198588c76834af74356dca26276b6cef,"[{""trait_type"":""Background"",""value"":""pisser""},{""trait_type"":""Body"",""value"":""Bot""},{""trait_type"":""Snout"",""value"":""Snout Wide""},{""trait_type"":""Tail"",""value"":""Tail 1""},{""trait_type"":""Head Accessory"",""value"":""Blue Cap""},{""trait_type"":""Eyes"",""value"":""3D""}]"
426,5565620,0x141eb8a1dfdbd4ad26ed6a8b45d7963409568730d4e77cf3a0620c1b92f2595e,"[{""trait_type"":""Background"",""value"":""Grey 2""},{""trait_type"":""Body"",""value"":""Pink""},{""trait_type"":""Snout"",""value"":""Snout Wide""},{""trait_type"":""Tail"",""value"":""Tail 3""},{""trait_type"":""Eyes"",""value"":""Green""}]"
425,5564942,0xb2b0628cb491c8619bea3b47f5ef27cf80d1adde300d0bff9005670a0c2c0992,"[{""trait_type"":""Background"",""value"":""White""},{""trait_type"":""Body"",""value"":""Bot""},{""trait_type"":""Snout"",""value"":""Snout Wide""},{""trait_type"":""Spots"",""value"":""Spots 2""},{""trait_type"":""Tail"",""value"":""Tail 1""},{""trait_type"":""Head Accessory"",""value"":""Sad Cat""},{""trait_type"":""Eyes"",""value"":""Red""},{""trait_type"":""Wacky"",""value"":""Yes""},{""trait_type"":""Accessory"",""value"":""Hover Board""}]"
424,5565342,0x8c9dd7077f607eac42f1ad38c062682f7b3ebf588af60f8c7ea9652bdf22f6c9,"[{""trait_type"":""Background"",""value"":""Field""},{""trait_type"":""Body"",""value"":""Dusty Pink""},{""trait_type"":""Snout"",""value"":""Regular Snout""},{""trait_type"":""Spots"",""value"":""Spots 1""},{""trait_type"":""Tail"",""value"":""Tail 3""},{""trait_type"":""Head Accessory"",""value"":""Orange Cat""},{""trait_type"":""Eyes"",""value"":""Deal With It""}]"
423,5566472,0x3f689536635c4a32eda4fda260776d92fc430b52f581bcb16290a9bc6e1cefb8,"[{""trait_type"":""Background"",""value"":""pisser""},{""trait_type"":""Body"",""value"":""Mold""},{""trait_type"":""Snout"",""value"":""Snout Wide""},{""trait_type"":""Spots"",""value"":""Spots 3""},{""trait_type"":""Tail"",""value"":""Tail 3""},{""trait_type"":""Head Accessory"",""value"":""Top Hat""},{""trait_type"":""Eyes"",""value"":""Black""}]"
422,5565325,0x68942277067cdddb2f013e060d04ce7580cd5e4540d4a7c2c8382ab9c0b06f89,"[{""trait_type"":""Background"",""value"":""White""},{""trait_type"":""Body"",""value"":""Blood""},{""trait_type"":""Snout"",""value"":""Snout Wide""},{""trait_type"":""Spots"",""value"":""Spots 2""},{""trait_type"":""Tail"",""value"":""Tail 2""},{""trait_type"":""Eyes"",""value"":""3D""},{""trait_type"":""Wacky"",""value"":""Yes""},{""trait_type"":""Socks"",""value"":""White Socks""},{""trait_type"":""Accessory"",""value"":""Hover Board""}]"
421,5565955,0xd2d7b0608f0f0dc229ea8c9d01f88d233b5311f7431ccf77d8bee3a4da05cee8,"[{""trait_type"":""Background"",""value"":""YEEEEET""},{""trait_type"":""Body"",""value"":""Bot""},{""trait_type"":""Snout"",""value"":""Snout Wide""},{""trait_type"":""Spots"",""value"":""Spots 3""},{""trait_type"":""Tail"",""value"":""Tail 1""},{""trait_type"":""Head Accessory"",""value"":""Beanie""},{""trait_type"":""Eyes"",""value"":""Green""}]"
420,5565691,0x81c1cd6320b659e2e13a65804eb88387ffd57c5fee65ebce922bc9216293d53a,"[{""trait_type"":""Background"",""value"":""blue""},{""trait_type"":""Body"",""value"":""Purp""},{""trait_type"":""Snout"",""value"":""Snout Snot""},{""trait_type"":""Spots"",""value"":""Spots 1""},{""trait_type"":""Tail"",""value"":""Tail 1""},{""trait_type"":""Head Accessory"",""value"":""Blue Cap""},{""trait_type"":""Eyes"",""value"":""Orange""}]"
419,5565187,0xffbb3ad12bb7fd617cfa4a99bad6e8adfec884e687d6f9ec3d38f8d0c29b448e,"[{""trait_type"":""Background"",""value"":""Grey 2""},{""trait_type"":""Body"",""value"":""Bot""},{""trait_type"":""Snout"",""value"":""Snout Wide""},{""trait_type"":""Tail"",""value"":""Tail 1""},{""trait_type"":""Head Accessory"",""value"":""Top Hat""},{""trait_type"":""Eyes"",""value"":""Green""}]"
418,5564989,0xb71dabcdda17257cb2ad019384298a047f894f8a17d5424cfa004ccf41d4f03a,"[{""trait_type"":""Background"",""value"":""Not Sunny""},{""trait_type"":""Body"",""value"":""Dusty Pink""},{""trait_type"":""Snout"",""value"":""Snout Wide""},{""trait_type"":""Spots"",""value"":""Spots 3""},{""trait_type"":""Tail"",""value"":""Tail 2""},{""trait_type"":""Head Accessory"",""value"":""Pink Pepe""},{""trait_type"":""Eyes"",""value"":""Viper""},{""trait_type"":""Accessory"",""value"":""Mud Pit""}]"
417,5565993,0x660198832e3d84b429019cb40ab8bf0f77e8930b1a436912b49d4fc09614aaa0,"[{""trait_type"":""Background"",""value"":""orange""},{""trait_type"":""Body"",""value"":""Pink""},{""trait_type"":""Snout"",""value"":""Snout Snot""},{""trait_type"":""Spots"",""value"":""Spots 2""},{""trait_type"":""Tail"",""value"":""Tail 3""},{""trait_type"":""Eyes"",""value"":""Black""}]"
416,5569339,0xd8f3a7ac78e53ce73b32ae749670766530032bbd1d62ccf8dbdd617de3b68ddf,"[{""trait_type"":""Background"",""value"":""Rose""},{""trait_type"":""Body"",""value"":""Purp""},{""trait_type"":""Snout"",""value"":""Snout Wide""},{""trait_type"":""Tail"",""value"":""Tail 2""},{""trait_type"":""Head Accessory"",""value"":""Orange Beanie""},{""trait_type"":""Eyes"",""value"":""Black""}]"
415,5565075,0x9f8d51a20d2ac5964b6bc4b237982438a1c93c361b4013420b3a9a257a911fff,"[{""trait_type"":""Background"",""value"":""White""},{""trait_type"":""Body"",""value"":""Bot""},{""trait_type"":""Snout"",""value"":""Snout Wide""},{""trait_type"":""Spots"",""value"":""Spots 3""},{""trait_type"":""Tail"",""value"":""Tail 2""},{""trait_type"":""Head Accessory"",""value"":""Sad Cat""},{""trait_type"":""Eyes"",""value"":""Patch""},{""trait_type"":""Wacky"",""value"":""Yes""}]"
414,5565827,0xc9213dcece21d2a418cd84d74210ce44650d265d803317a0527b90912f572f99,"[{""trait_type"":""Background"",""value"":""orange""},{""trait_type"":""Body"",""value"":""Pink""},{""trait_type"":""Snout"",""value"":""Snout Wide""},{""trait_type"":""Tail"",""value"":""Tail 1""},{""trait_type"":""Head Accessory"",""value"":""Pink Pepe""},{""trait_type"":""Eyes"",""value"":""Black""}]"
413,5566055,0x80475f64f9f8f80eb90d394082d91ad0c600f56cbafbb5e38dec40d3aa67423c,"[{""trait_type"":""Background"",""value"":""White""},{""trait_type"":""Body"",""value"":""Blood""},{""trait_type"":""Snout"",""value"":""Regular Snout""},{""trait_type"":""Spots"",""value"":""Spots 2""},{""trait_type"":""Tail"",""value"":""tail 2""},{""trait_type"":""Head Accessory"",""value"":""Blue Cap""},{""trait_type"":""Eyes"",""value"":""Green""},{""trait_type"":""Wacky"",""value"":""Yes""}]"
412,5565115,0xa3107cfe28dd08462a0b733b3431c99721fb82cacef08600fea359bdad273635,"[{""trait_type"":""Background"",""value"":""Grey 2""},{""trait_type"":""Body"",""value"":""Mold""},{""trait_type"":""Snout"",""value"":""Snout Wide""},{""trait_type"":""Eyes"",""value"":""Patch""}]"
411,5565427,0x3abcf80feca7c89bbbe420df9313da11e0b8f13752e56686771ce498f9781ca6,"[{""trait_type"":""Background"",""value"":""Grey""},{""trait_type"":""Body"",""value"":""Purp""},{""trait_type"":""Snout"",""value"":""Snout Wide""},{""trait_type"":""Spots"",""value"":""Spots 3""},{""trait_type"":""Tail"",""value"":""Tail 1""},{""trait_type"":""Head Accessory"",""value"":""Dino""},{""trait_type"":""Eyes"",""value"":""3D""}]"
410,5565188,0xbdb7a2908eceb7968c46cde1fe3f9ead5d778b8bb89acb4f11a8a37016e4e7b6,"[{""trait_type"":""Background"",""value"":""Field""},{""trait_type"":""Body"",""value"":""Dusty Pink""},{""trait_type"":""Snout"",""value"":""Regular Snout""},{""trait_type"":""Tail"",""value"":""Tail 1""},{""trait_type"":""Head Accessory"",""value"":""Crown""},{""trait_type"":""Eyes"",""value"":""Deal With It""}]"
409,5564993,0x21d2357fc2ab768132adebf4a17e8a9e27d881ce8b0a0fee3c371c3b4c6f43d6,"[{""trait_type"":""Background"",""value"":""purple""},{""trait_type"":""Body"",""value"":""Dusty Pink""},{""trait_type"":""Snout"",""value"":""Regular Snout""},{""trait_type"":""Spots"",""value"":""Spots 1""},{""trait_type"":""Tail"",""value"":""Tail 2""},{""trait_type"":""Head Accessory"",""value"":""Deal With It Pepe""},{""trait_type"":""Eyes"",""value"":""Deal With It""},{""trait_type"":""Accessory"",""value"":""SkateBoard""}]"
408,5565074,0xe86bec422b0209761a2532a5148b5c71d29ece61dfac05e1a6387e96b3a3d3c2,"[{""trait_type"":""Background"",""value"":""YEEEEET""},{""trait_type"":""Body"",""value"":""Alien""},{""trait_type"":""Snout"",""value"":""Regular Snout""},{""trait_type"":""Spots"",""value"":""Spots 1""},{""trait_type"":""Tail"",""value"":""Tail 1""},{""trait_type"":""Head Accessory"",""value"":""Dino""},{""trait_type"":""Eyes"",""value"":""Alien""}]"
407,5565481,0x8b0443451496b55094b0d7572d18d8ce8ac7cb8f95c7cdfc1266be7c6313d055,"[{""trait_type"":""Background"",""value"":""YEEEEET""},{""trait_type"":""Body"",""value"":""Bot""},{""trait_type"":""Snout"",""value"":""Snout Wide""},{""trait_type"":""Spots"",""value"":""Spots 1""},{""trait_type"":""Tail"",""value"":""Tail 3""},{""trait_type"":""Eyes"",""value"":""Red""}]"
406,5565598,0xa7af1ed73dda93419658b5dcdc1fccbad45651168164f904b38dbcda3262ec73,"[{""trait_type"":""Background"",""value"":""Brown""},{""trait_type"":""Body"",""value"":""Pink""},{""trait_type"":""Snout"",""value"":""Regular Snout""},{""trait_type"":""Tail"",""value"":""Tail 2""},{""trait_type"":""Head Accessory"",""value"":""Grey Spinner""},{""trait_type"":""Eyes"",""value"":""Green""},{""trait_type"":""Accessory"",""value"":""Explorer""}]"
405,5566245,0x2a998bfc3ed76dc091a1c0b0bbbb45f845c460e6cb887f16c8c18a1d37aabcf6,"[{""trait_type"":""Background"",""value"":""Grey""},{""trait_type"":""Body"",""value"":""Mold""},{""trait_type"":""Snout"",""value"":""Snout Wide""},{""trait_type"":""Spots"",""value"":""Spots 1""},{""trait_type"":""Tail"",""value"":""Tail 1""},{""trait_type"":""Head Accessory"",""value"":""White Beanie""},{""trait_type"":""Eyes"",""value"":""Red""}]"
404,5565934,0xbf2454fff39b89714d8b2080b7a9820433dd2e0f4836f1063be346c71c8614b1,"[{""trait_type"":""Background"",""value"":""Sunny""},{""trait_type"":""Body"",""value"":""Pink""},{""trait_type"":""Snout"",""value"":""Regular Snout""},{""trait_type"":""Spots"",""value"":""Spots 3""},{""trait_type"":""Tail"",""value"":""Tail 2""},{""trait_type"":""Eyes"",""value"":""Orange""}]"
403,5564973,0xf58210f4f5713ada8a0552bf6604c191ace43202c4a6efe369643c50c01c06cc,"[{""trait_type"":""Background"",""value"":""Grey 2""},{""trait_type"":""Body"",""value"":""Alien""},{""trait_type"":""Snout"",""value"":""Snout Wide""},{""trait_type"":""Spots"",""value"":""Spots 1""},{""trait_type"":""Head Accessory"",""value"":""Blue Cap""},{""trait_type"":""Eyes"",""value"":""Deal With It""},{""trait_type"":""Socks"",""value"":""White Socks""},{""trait_type"":""Accessory"",""value"":""Mud Pit""}]"
402,5565726,0xc8b58e6f6ece460adf24a857d88ef126a7d7db98dd7e0c159f178e8b963d2947,"[{""trait_type"":""Background"",""value"":""pisser""},{""trait_type"":""Body"",""value"":""Pink""},{""trait_type"":""Snout"",""value"":""Regular Snout""},{""trait_type"":""Spots"",""value"":""Spots 2""},{""trait_type"":""Tail"",""value"":""Tail 3""},{""trait_type"":""Eyes"",""value"":""Green""},{""trait_type"":""Accessory"",""value"":""Hover Board""}]"
401,5566287,0xdb792cb442abf6a38cfcbed99874b4d50f70a986c3ff1ae71ee333b37ed69b2b,"[{""trait_type"":""Background"",""value"":""Grey 2""},{""trait_type"":""Body"",""value"":""Blood""},{""trait_type"":""Snout"",""value"":""Snout Wide""},{""trait_type"":""Spots"",""value"":""Spots 3""},{""trait_type"":""Tail"",""value"":""Tail 1""},{""trait_type"":""Head Accessory"",""value"":""Cap Back Red""},{""trait_type"":""Eyes"",""value"":""Black""}]"
400,5565048,0x355bd839f2bffc1ce18258091ee1270a766f66e84181b8ea9ac444c4e451b492,"[{""trait_type"":""Background"",""value"":""green""},{""trait_type"":""Body"",""value"":""Dusty Pink""},{""trait_type"":""Snout"",""value"":""Snout Wide""},{""trait_type"":""Spots"",""value"":""Spots 1""},{""trait_type"":""Tail"",""value"":""Tail 1""},{""trait_type"":""Head Accessory"",""value"":""Deal With It Pepe""},{""trait_type"":""Eyes"",""value"":""Red""},{""trait_type"":""Socks"",""value"":""White Socks""}]"
399,5565834,0x64e3925d2176c733ed99130bbcab256268d1737c7cb149b5f5449a9a6176771f,"[{""trait_type"":""Background"",""value"":""purple""},{""trait_type"":""Body"",""value"":""Blood""},{""trait_type"":""Snout"",""value"":""Regular Snout""},{""trait_type"":""Tail"",""value"":""Tail 1""},{""trait_type"":""Head Accessory"",""value"":""Sad Cat""},{""trait_type"":""Eyes"",""value"":""Orange""}]"
398,5569338,0xc3f11619abddeba59fdaf5e2e9cf7aeaf034eacbf7e31f22b494c2b988837ca2,"[{""trait_type"":""Background"",""value"":""orange""},{""trait_type"":""Body"",""value"":""Pink""},{""trait_type"":""Snout"",""value"":""Snout Snot""},{""trait_type"":""Spots"",""value"":""Spots 1""},{""trait_type"":""Tail"",""value"":""Tail 1""},{""trait_type"":""Eyes"",""value"":""3D""}]"
397,5565284,0x4f1440cda83cef0f7e7fab43257861ef51a55afe049a291fdbeba4a6ebee720d,"[{""trait_type"":""Background"",""value"":""Not Sunny""},{""trait_type"":""Body"",""value"":""Dusty Pink""},{""trait_type"":""Snout"",""value"":""Snout Wide""},{""trait_type"":""Tail"",""value"":""Tail 1""},{""trait_type"":""Head Accessory"",""value"":""Crown""},{""trait_type"":""Eyes"",""value"":""Black""},{""trait_type"":""Socks"",""value"":""White Socks""},{""trait_type"":""Accessory"",""value"":""Hover Board""}]"
396,5565399,0xab23fd2c9264b2ec59ffe9defb76e0971e97b4346d09333a4f5c0c3c44040e7a,"[{""trait_type"":""Background"",""value"":""Pork Chart""},{""trait_type"":""Body"",""value"":""Dusty Pink""},{""trait_type"":""Snout"",""value"":""Snout Wide""},{""trait_type"":""Spots"",""value"":""Spots 1""},{""trait_type"":""Tail"",""value"":""Tail 2""},{""trait_type"":""Head Accessory"",""value"":""Orange Cat""},{""trait_type"":""Eyes"",""value"":""Patch""}]"
395,5565038,0xc38883b5ae474b9cd2fe1c08fda81551230008a94eeed048be6be9b304d5baf1,"[{""trait_type"":""Background"",""value"":""orange""},{""trait_type"":""Body"",""value"":""Pink""},{""trait_type"":""Snout"",""value"":""Snout Wide""},{""trait_type"":""Spots"",""value"":""Spots 1""},{""trait_type"":""Head Accessory"",""value"":""Pepe""},{""trait_type"":""Eyes"",""value"":""Deal With It""}]"
394,5565039,0xccb212b04197617b0585fdd5c28f8c61431ceb8210627f3330e599fa65ad1716,"[{""trait_type"":""Background"",""value"":""aqua""},{""trait_type"":""Body"",""value"":""Pink""},{""trait_type"":""Snout"",""value"":""Snout Snot""},{""trait_type"":""Spots"",""value"":""Spots 2""},{""trait_type"":""Tail"",""value"":""Tail 1""},{""trait_type"":""Head Accessory"",""value"":""Deal With It Pink Pepe""},{""trait_type"":""Eyes"",""value"":""Orange""}]"
393,5566371,0x845e3a2f79101233fb33dc9b6d7eae2c0f8b9104657f500291a785f6d4ad742e,"[{""trait_type"":""Background"",""value"":""YEEEEET""},{""trait_type"":""Body"",""value"":""Mold""},{""trait_type"":""Snout"",""value"":""Regular Snout""},{""trait_type"":""Tail"",""value"":""Tail 3""},{""trait_type"":""Head Accessory"",""value"":""Grey Beanie""},{""trait_type"":""Eyes"",""value"":""Black""}]"
392,5565232,0x0f2556850e8ef6fbdbf763b93e564f21f479782f6c82a0f6a5cfaa270b32bb6f,"[{""trait_type"":""Background"",""value"":""Field""},{""trait_type"":""Body"",""value"":""Dusty Pink""},{""trait_type"":""Snout"",""value"":""Snout Snot""},{""trait_type"":""Spots"",""value"":""Spots 2""},{""trait_type"":""Tail"",""value"":""Tail 2""},{""trait_type"":""Head Accessory"",""value"":""Turd Cat""},{""trait_type"":""Eyes"",""value"":""Orange""},{""trait_type"":""Accessory"",""value"":""Hover Board""}]"
391,5565891,0xeab4dc048375bcc9357c88e0c9169c1d06c7b38eb08b50c988187693596a2318,"[{""trait_type"":""Background"",""value"":""Brown""},{""trait_type"":""Body"",""value"":""Dusty Pink""},{""trait_type"":""Snout"",""value"":""Snout Wide""},{""trait_type"":""Spots"",""value"":""Spots 1""},{""trait_type"":""Tail"",""value"":""Probe""},{""trait_type"":""Head Accessory"",""value"":""Blue Cap""},{""trait_type"":""Eyes"",""value"":""Red""}]"
390,5565334,0xc9b806d4f9a5cdf9c80937709b41bed12810328eb4d2174dfce947c5fa2e1304,"[{""trait_type"":""Background"",""value"":""White""},{""trait_type"":""Body"",""value"":""Blood""},{""trait_type"":""Snout"",""value"":""Regular Snout""},{""trait_type"":""Spots"",""value"":""Spots 2""},{""trait_type"":""Tail"",""value"":""Tail 1""},{""trait_type"":""Head Accessory"",""value"":""Blue Cap""},{""trait_type"":""Eyes"",""value"":""Blue""},{""trait_type"":""Wacky"",""value"":""Yes""},{""trait_type"":""Socks"",""value"":""White Socks""}]"
389,5565996,0x38b7d51ce8a18498c566780fcf492d70f210395f08ce0ee2878ef30ddc46ff16,"[{""trait_type"":""Background"",""value"":""Rose""},{""trait_type"":""Body"",""value"":""Pink""},{""trait_type"":""Snout"",""value"":""Snout Wide""},{""trait_type"":""Spots"",""value"":""Spots 1""},{""trait_type"":""Head Accessory"",""value"":""Grey Spinner""},{""trait_type"":""Eyes"",""value"":""Orange""}]"
388,5565495,0xb69ebe0a23620e6bda89d34b3672229eb97ef1a351d64280e58fcd62f1e30fa0,"[{""trait_type"":""Background"",""value"":""Grey""},{""trait_type"":""Body"",""value"":""Dusty Pink""},{""trait_type"":""Snout"",""value"":""Regular Snout""},{""trait_type"":""Tail"",""value"":""Tail 1""},{""trait_type"":""Head Accessory"",""value"":""Top Hat""},{""trait_type"":""Eyes"",""value"":""Deal With It""},{""trait_type"":""Socks"",""value"":""White Socks""}]"
387,5565132,0x5782dc9b046a21f095df1456c46870f813970c8b3f7cc20e981311c42b7d3b1b,"[{""trait_type"":""Background"",""value"":""Rose""},{""trait_type"":""Body"",""value"":""Purp""},{""trait_type"":""Snout"",""value"":""Snout Wide""},{""trait_type"":""Spots"",""value"":""Spots 3""},{""trait_type"":""Tail"",""value"":""Tail 1""},{""trait_type"":""Head Accessory"",""value"":""Cowboy Hat""},{""trait_type"":""Eyes"",""value"":""Patch""},{""trait_type"":""Accessory"",""value"":""Hover Board""}]"
386,5565027,0xf24fa03de95ca5f0657e52846f7724df2021fe176a010cd72725a5fd2c15fae5,"[{""trait_type"":""Background"",""value"":""Brown""},{""trait_type"":""Body"",""value"":""Pink""},{""trait_type"":""Snout"",""value"":""Regular Snout""},{""trait_type"":""Spots"",""value"":""Spots 1""},{""trait_type"":""Tail"",""value"":""Tail 3""},{""trait_type"":""Head Accessory"",""value"":""Deal With It Pepe""},{""trait_type"":""Eyes"",""value"":""Blue""}]"
385,5565927,0xaa9806f310f79747ec6002181efd6fd21a757d8e689afb3f303575441d0baf70,"[{""trait_type"":""Background"",""value"":""green""},{""trait_type"":""Body"",""value"":""Bot""},{""trait_type"":""Snout"",""value"":""Snout Wide""},{""trait_type"":""Tail"",""value"":""Tail 2""},{""trait_type"":""Head Accessory"",""value"":""Cowboy Hat""},{""trait_type"":""Eyes"",""value"":""Red""},{""trait_type"":""Accessory"",""value"":""Hover Board""}]"
384,5565492,0x81be7b38926de71b03393f3b43e9995dcc746337580154d0b850a67af5c82ebc,"[{""trait_type"":""Background"",""value"":""Field""},{""trait_type"":""Body"",""value"":""Purp""},{""trait_type"":""Snout"",""value"":""Regular Snout""},{""trait_type"":""Spots"",""value"":""Spots 1""},{""trait_type"":""Tail"",""value"":""Tail 1""},{""trait_type"":""Eyes"",""value"":""Black""}]"
383,5565443,0xacc04f7c27f26d4cd87595e2d438f4f163a39f3cf1c162785c0863ddddbdedf9,"[{""trait_type"":""Background"",""value"":""aqua""},{""trait_type"":""Body"",""value"":""Zombie""},{""trait_type"":""Snout"",""value"":""Regular Snout""},{""trait_type"":""Tail"",""value"":""Tail 3""},{""trait_type"":""Head Accessory"",""value"":""Skateboard Cat""},{""trait_type"":""Eyes"",""value"":""Red""}]"
382,5565718,0x72f9d670cf7ed4390bea6fa2462dae55b3124b9c96c965c21f95c2147ba2f2b6,"[{""trait_type"":""Background"",""value"":""White""},{""trait_type"":""Body"",""value"":""Dusty Pink""},{""trait_type"":""Snout"",""value"":""Snout Wide""},{""trait_type"":""Spots"",""value"":""Spots 2""},{""trait_type"":""Tail"",""value"":""Tail 2""},{""trait_type"":""Head Accessory"",""value"":""Deal With It Pink Pepe""},{""trait_type"":""Eyes"",""value"":""Blue""},{""trait_type"":""Wacky"",""value"":""Yes""}]"
381,5565362,0xef9bfae38e4a6bb8f407df478e90ee4790c9f40ec000d52dee97ba0b785fb668,"[{""trait_type"":""Background"",""value"":""Grey""},{""trait_type"":""Body"",""value"":""Pink""},{""trait_type"":""Snout"",""value"":""Regular Snout""},{""trait_type"":""Spots"",""value"":""Spots 3""},{""trait_type"":""Tail"",""value"":""Tail 1""},{""trait_type"":""Head Accessory"",""value"":""Crown""},{""trait_type"":""Eyes"",""value"":""Red""}]"
380,5564806,0x052cccba2e8189a741fc915b148ea2669d1c5c996ad1795be21ae16a2cb0d639,"[{""trait_type"":""Background"",""value"":""Pork Chart""},{""trait_type"":""Body"",""value"":""Gold""},{""trait_type"":""Snout"",""value"":""Snout Wide""},{""trait_type"":""Tail"",""value"":""Tail 2""},{""trait_type"":""Head Accessory"",""value"":""Crown""},{""trait_type"":""Eyes"",""value"":""Blue""}]"
379,5566584,0x58030002103cb968c74096fa44bc35943197242c824b872db82abb8b4a8d6e9f,"[{""trait_type"":""Background"",""value"":""Brown""},{""trait_type"":""Body"",""value"":""Blood""},{""trait_type"":""Snout"",""value"":""Regular Snout""},{""trait_type"":""Tail"",""value"":""Tail 3""},{""trait_type"":""Head Accessory"",""value"":""Orange Beanie""},{""trait_type"":""Eyes"",""value"":""Red""}]"
378,5565723,0x3388bab2cf7e7c41fa87254a032e0205d679a08d874a0fd2e3272163423addc5,"[{""trait_type"":""Background"",""value"":""Grey 2""},{""trait_type"":""Body"",""value"":""Dusty Pink""},{""trait_type"":""Snout"",""value"":""Regular Snout""},{""trait_type"":""Tail"",""value"":""Tail 1""},{""trait_type"":""Head Accessory"",""value"":""Turd Cat""},{""trait_type"":""Eyes"",""value"":""Green""},{""trait_type"":""Socks"",""value"":""Grandpa Socks""},{""trait_type"":""Accessory"",""value"":""Mud Pit""}]"
377,5564805,0xae15a70b03021fde894059a193b2d61ca25ab17a41bbe67e682cae16f2347805,"[{""trait_type"":""Background"",""value"":""green""},{""trait_type"":""Body"",""value"":""Bot""},{""trait_type"":""Snout"",""value"":""Snout Snot""},{""trait_type"":""Tail"",""value"":""Tail 1""},{""trait_type"":""Head Accessory"",""value"":""Top Hat""},{""trait_type"":""Eyes"",""value"":""Viper""}]"
376,5566286,0x3d48e002d27249758633700401b11f56b37fc072c08e8003680372f0861eb149,"[{""trait_type"":""Background"",""value"":""pisser""},{""trait_type"":""Body"",""value"":""Pink""},{""trait_type"":""Snout"",""value"":""Snout Wide""},{""trait_type"":""Spots"",""value"":""Spots 3""},{""trait_type"":""Tail"",""value"":""Tail 3""},{""trait_type"":""Eyes"",""value"":""Red""},{""trait_type"":""Accessory"",""value"":""Hover Board""}]"
375,5565956,0x5653cd4874401481a4bfee350df14836890fd906746edec3c1065eadd9870550,"[{""trait_type"":""Background"",""value"":""Grey 2""},{""trait_type"":""Body"",""value"":""Dusty Pink""},{""trait_type"":""Snout"",""value"":""Snout Wide""},{""trait_type"":""Spots"",""value"":""Spots 3""},{""trait_type"":""Tail"",""value"":""Tail 3""},{""trait_type"":""Eyes"",""value"":""Orange""},{""trait_type"":""Socks"",""value"":""White Socks""}]"
374,5565235,0xa8785d95b9f4538168e409fd02831de3ca6281a65ba43ad369cc9457c3173cd6,"[{""trait_type"":""Background"",""value"":""orange""},{""trait_type"":""Body"",""value"":""Alien""},{""trait_type"":""Snout"",""value"":""Regular Snout""},{""trait_type"":""Spots"",""value"":""Spots 1""},{""trait_type"":""Tail"",""value"":""Probe""},{""trait_type"":""Head Accessory"",""value"":""Blue Cap""},{""trait_type"":""Eyes"",""value"":""Viper""}]"
373,5566157,0x644ff71f219d1a8e935489ed921edec0af5b6a335f7a7a77cf4e3bb2c73a72fe,"[{""trait_type"":""Background"",""value"":""aqua""},{""trait_type"":""Body"",""value"":""Dusty Pink""},{""trait_type"":""Snout"",""value"":""Snout Wide""},{""trait_type"":""Tail"",""value"":""Tail 1""},{""trait_type"":""Head Accessory"",""value"":""Grey Spinner""},{""trait_type"":""Eyes"",""value"":""3D""}]"
372,5565367,0xe8b06186fc9c2ae4515f0789d12572579049e91227fc07679b92f5a4639354b1,"[{""trait_type"":""Background"",""value"":""aqua""},{""trait_type"":""Body"",""value"":""Pigdenza""},{""trait_type"":""Snout"",""value"":""Regular Snout""},{""trait_type"":""Spots"",""value"":""spots 2""},{""trait_type"":""Head Accessory"",""value"":""Grey Spinner""},{""trait_type"":""Eyes"",""value"":""Deal With It""}]"
371,5566092,0x86a08de40ca8f1a640a8598fa6b725495757c42879ac3441582702eecc4ab43e,"[{""trait_type"":""Background"",""value"":""Brown""},{""trait_type"":""Body"",""value"":""Mold""},{""trait_type"":""Snout"",""value"":""Regular Snout""},{""trait_type"":""Spots"",""value"":""Spots 1""},{""trait_type"":""Tail"",""value"":""Tail 2""},{""trait_type"":""Eyes"",""value"":""Black""},{""trait_type"":""Socks"",""value"":""Grandpa Socks""},{""trait_type"":""Accessory"",""value"":""Mud Pit""}]"
370,5565969,0xdfa0a9a8fe22b56f09d061af8b6de08f2c5176f542e37bbbf68e02cae2be1e48,"[{""trait_type"":""Background"",""value"":""Pink""},{""trait_type"":""Body"",""value"":""Dusty Pink""},{""trait_type"":""Snout"",""value"":""Snout Wide""},{""trait_type"":""Spots"",""value"":""Spots 1""},{""trait_type"":""Tail"",""value"":""Tail 2""},{""trait_type"":""Head Accessory"",""value"":""Turd Cat""},{""trait_type"":""Eyes"",""value"":""Red""},{""trait_type"":""Accessory"",""value"":""Hover Board""}]"
369,5565136,0x891b644f10072efd3eec441ca1883fcdd43323bd9c67a1b16e2ed9361b0914b4,"[{""trait_type"":""Background"",""value"":""Pork Chart""},{""trait_type"":""Body"",""value"":""Mold""},{""trait_type"":""Snout"",""value"":""Regular Snout""},{""trait_type"":""Spots"",""value"":""Spots 3""},{""trait_type"":""Tail"",""value"":""Tail 1""},{""trait_type"":""Head Accessory"",""value"":""Cowboy Hat""},{""trait_type"":""Eyes"",""value"":""3D""}]"
368,5565124,0xf1a922de2105c3055222d9717845ef095dc41fc1616029b93aff85a599ba8503,"[{""trait_type"":""Background"",""value"":""YEEEEET""},{""trait_type"":""Body"",""value"":""Blood""},{""trait_type"":""Snout"",""value"":""Regular Snout""},{""trait_type"":""Tail"",""value"":""Tail 1""},{""trait_type"":""Head Accessory"",""value"":""Orange Beanie""},{""trait_type"":""Eyes"",""value"":""Viper""}]"
367,5566048,0xc866ab1245272c6897b3a626f1b842b5f77e87ebcfc0b64ba7c902cefd14dd31,"[{""trait_type"":""Background"",""value"":""green""},{""trait_type"":""Body"",""value"":""Dusty Pink""},{""trait_type"":""Snout"",""value"":""Snout Wide""},{""trait_type"":""Spots"",""value"":""Spots 3""},{""trait_type"":""Tail"",""value"":""Tail 1""},{""trait_type"":""Head Accessory"",""value"":""Grey Spinner""},{""trait_type"":""Eyes"",""value"":""Green""},{""trait_type"":""Socks"",""value"":""White Socks""},{""trait_type"":""Accessory"",""value"":""Mud Pit""}]"
366,5565789,0x960158789be029f48c5b3ed22b5ab0ed0913fa9853fc646a99545a63f8b67529,"[{""trait_type"":""Background"",""value"":""blue""},{""trait_type"":""Body"",""value"":""Pink""},{""trait_type"":""Snout"",""value"":""Regular Snout""},{""trait_type"":""Spots"",""value"":""Spots 2""},{""trait_type"":""Tail"",""value"":""Tail 2""},{""trait_type"":""Head Accessory"",""value"":""Orange Cat""},{""trait_type"":""Eyes"",""value"":""Green""},{""trait_type"":""Accessory"",""value"":""Hover Board""}]"
365,5565997,0xb44359e1263b949f3dde7df1118e7e3e5d82aeb57986b3e0f958bf2ba406591a,"[{""trait_type"":""Background"",""value"":""c3ff00""},{""trait_type"":""Body"",""value"":""Zombie""},{""trait_type"":""Snout"",""value"":""Snout Snot""},{""trait_type"":""Tail"",""value"":""Tail 3""},{""trait_type"":""Eyes"",""value"":""Blue""},{""trait_type"":""Accessory"",""value"":""Mud Pit""}]"
364,5566156,0x8cc255bd4092e2ee4654001ac2be59bbaee4eb4788e0ae5cceeb7d3cc2cc4c63,"[{""trait_type"":""Background"",""value"":""Pink""},{""trait_type"":""Body"",""value"":""Mold""},{""trait_type"":""Snout"",""value"":""Snout Wide""},{""trait_type"":""Tail"",""value"":""Tail 2""},{""trait_type"":""Eyes"",""value"":""Black""}]"
363,5565943,0xee885c378540cc1703f5657ac6c9c63c86c33a4afe436b64dd340f11b0e34db8,"[{""trait_type"":""Background"",""value"":""Grey 2""},{""trait_type"":""Body"",""value"":""Bot""},{""trait_type"":""Snout"",""value"":""Snout Wide""},{""trait_type"":""Spots"",""value"":""Spots 2""},{""trait_type"":""Tail"",""value"":""Tail 2""},{""trait_type"":""Eyes"",""value"":""Black""}]"
362,5565606,0xfe0d4615643d27d0ec6259540ff1a09686d3fbdcf58b9be872732679e5579df2,"[{""trait_type"":""Background"",""value"":""orange""},{""trait_type"":""Body"",""value"":""Mold""},{""trait_type"":""Snout"",""value"":""Regular Snout""},{""trait_type"":""Tail"",""value"":""Tail 2""},{""trait_type"":""Eyes"",""value"":""Red""},{""trait_type"":""Accessory"",""value"":""Hover Board""}]"
361,5565942,0xf2bc589b2b2782476ec709ed33a690b724e8a85095a13fb92fb9682264f4c525,"[{""trait_type"":""Background"",""value"":""Grey""},{""trait_type"":""Body"",""value"":""Bot""},{""trait_type"":""Snout"",""value"":""Snout Wide""},{""trait_type"":""Spots"",""value"":""Spots 3""},{""trait_type"":""Tail"",""value"":""Tail 3""},{""trait_type"":""Eyes"",""value"":""Black""},{""trait_type"":""Accessory"",""value"":""Mud Pit""}]"
360,5565537,0x1ef8b1eafa1e3c4ebafe01b794dd84440343f9165ca86dec58c76061a21f2929,"[{""trait_type"":""Background"",""value"":""c3ff00""},{""trait_type"":""Body"",""value"":""Blood""},{""trait_type"":""Snout"",""value"":""Regular Snout""},{""trait_type"":""Spots"",""value"":""Spots 1""},{""trait_type"":""Tail"",""value"":""Tail 1""},{""trait_type"":""Head Accessory"",""value"":""Crown""},{""trait_type"":""Eyes"",""value"":""Orange""}]"
359,5566042,0x7c837bca376df15b2390f26016504a032e69aadc89823f14bd2d6334b92a9f0e,"[{""trait_type"":""Background"",""value"":""c3ff00""},{""trait_type"":""Body"",""value"":""Pink""},{""trait_type"":""Snout"",""value"":""Regular Snout""},{""trait_type"":""Tail"",""value"":""Tail 1""},{""trait_type"":""Head Accessory"",""value"":""White Beanie""},{""trait_type"":""Eyes"",""value"":""Black""}]"
358,5565466,0x0432a0454b1529563de51e81156495a17e4a405d3209970761a720b26e8675a8,"[{""trait_type"":""Background"",""value"":""Grey""},{""trait_type"":""Body"",""value"":""Dusty Pink""},{""trait_type"":""Snout"",""value"":""Regular Snout""},{""trait_type"":""Spots"",""value"":""Spots 1""},{""trait_type"":""Head Accessory"",""value"":""Grey Spinner""},{""trait_type"":""Eyes"",""value"":""Viper""}]"
357,5566271,0x05f6d5e56c3d62b517ba7c0a29b9c3dad9049cd2545f49c503248075e89340c4,"[{""trait_type"":""Background"",""value"":""orange""},{""trait_type"":""Body"",""value"":""Dusty Pink""},{""trait_type"":""Snout"",""value"":""Snout Snot""},{""trait_type"":""Tail"",""value"":""Tail 3""},{""trait_type"":""Head Accessory"",""value"":""Blue Cap""},{""trait_type"":""Eyes"",""value"":""Black""}]"
356,5565772,0xd599fb983fdae13b4475a89556014917cee221dce83b68991190b1c71b665c7f,"[{""trait_type"":""Background"",""value"":""Pork Chart""},{""trait_type"":""Body"",""value"":""Pink""},{""trait_type"":""Snout"",""value"":""Snout Snot""},{""trait_type"":""Tail"",""value"":""Tail 2""},{""trait_type"":""Eyes"",""value"":""Orange""}]"
355,5565445,0xd0e2a001a429bae809b93455c700e7560b8dc4287cfe89f32ff777b8ba77f5e1,"[{""trait_type"":""Background"",""value"":""Brown""},{""trait_type"":""Body"",""value"":""Blood""},{""trait_type"":""Snout"",""value"":""Regular Snout""},{""trait_type"":""Spots"",""value"":""Spots 3""},{""trait_type"":""Tail"",""value"":""Tail 3""},{""trait_type"":""Head Accessory"",""value"":""Crown""},{""trait_type"":""Eyes"",""value"":""3D""},{""trait_type"":""Accessory"",""value"":""SkateBoard""}]"
354,5565678,0xad3ac82264a97e4853cc6737f9130ac0190c4dac9881b66add4cbd12a0e20308,"[{""trait_type"":""Background"",""value"":""green""},{""trait_type"":""Body"",""value"":""Purp""},{""trait_type"":""Snout"",""value"":""Snout Snot""},{""trait_type"":""Spots"",""value"":""Spots 2""},{""trait_type"":""Tail"",""value"":""Tail 3""},{""trait_type"":""Head Accessory"",""value"":""Cap Back Red""},{""trait_type"":""Eyes"",""value"":""Black""},{""trait_type"":""Accessory"",""value"":""Explorer""}]"
353,5566008,0xdb0f148884ae798430f2986bfdc688889571acbde9e22d3f6e45aec3b350a52b,"[{""trait_type"":""Background"",""value"":""pisser""},{""trait_type"":""Body"",""value"":""Pink""},{""trait_type"":""Snout"",""value"":""Regular Snout""},{""trait_type"":""Spots"",""value"":""Spots 1""},{""trait_type"":""Tail"",""value"":""Tail 3""},{""trait_type"":""Head Accessory"",""value"":""Orange Beanie""},{""trait_type"":""Eyes"",""value"":""3D""},{""trait_type"":""Socks"",""value"":""White Socks""}]"
352,5564874,0x885b1d033a4dffd682211e3b2a2b3dbf9937911d97cbd5670b7f83b8726c5f29,"[{""trait_type"":""Background"",""value"":""Not Sunny""},{""trait_type"":""Body"",""value"":""Bot""},{""trait_type"":""Snout"",""value"":""Regular Snout""},{""trait_type"":""Tail"",""value"":""Probe""},{""trait_type"":""Head Accessory"",""value"":""Orange Beanie""},{""trait_type"":""Eyes"",""value"":""Red""}]"
351,5565998,0xeae7063f9739f099129b19502f2194eba694eda105040b9d6cad7ad1d62af60a,"[{""trait_type"":""Background"",""value"":""YEEEEET""},{""trait_type"":""Body"",""value"":""Bot""},{""trait_type"":""Snout"",""value"":""Snout Snot""},{""trait_type"":""Head Accessory"",""value"":""Grey Spinner""},{""trait_type"":""Eyes"",""value"":""Black""}]"
350,5565999,0xcea86c92941cc813f2a230163aa8903839862c9bf21ab4c84fcce372c1f9fe2a,"[{""trait_type"":""Background"",""value"":""blue""},{""trait_type"":""Body"",""value"":""Purp""},{""trait_type"":""Snout"",""value"":""Snout Wide""},{""trait_type"":""Spots"",""value"":""Spots 1""},{""trait_type"":""Head Accessory"",""value"":""Top Hat""},{""trait_type"":""Eyes"",""value"":""Black""},{""trait_type"":""Accessory"",""value"":""Mud Pit""}]"
349,5566153,0x6c225bd89e5491dc98cdfb7ea6bee3d8e72162ae457181c033010a69a7119b73,"[{""trait_type"":""Background"",""value"":""orange""},{""trait_type"":""Body"",""value"":""Pink""},{""trait_type"":""Snout"",""value"":""Snout Wide""},{""trait_type"":""Spots"",""value"":""Spots 1""},{""trait_type"":""Tail"",""value"":""Tail 3""},{""trait_type"":""Head Accessory"",""value"":""Top Hat""},{""trait_type"":""Eyes"",""value"":""Orange""}]"
348,5566285,0xe356de7566b2ec38ef118acae53f48ffc4d87b8e886716c7f872f00c6d06ace5,"[{""trait_type"":""Background"",""value"":""Grey 2""},{""trait_type"":""Body"",""value"":""Purp""},{""trait_type"":""Snout"",""value"":""Snout Wide""},{""trait_type"":""Head Accessory"",""value"":""Sad Cat""},{""trait_type"":""Eyes"",""value"":""Orange""},{""trait_type"":""Socks"",""value"":""White Socks""}]"
347,5564927,0xe3e77fbecfe862011219b32c037716ef093180ea370888ca3a811bcc5802f14e,"[{""trait_type"":""Background"",""value"":""orange""},{""trait_type"":""Body"",""value"":""Gold""},{""trait_type"":""Snout"",""value"":""Regular Snout""},{""trait_type"":""Spots"",""value"":""Spots 3""},{""trait_type"":""Tail"",""value"":""Tail 2""},{""trait_type"":""Head Accessory"",""value"":""Pepe""},{""trait_type"":""Eyes"",""value"":""Viper""}]"
346,5565354,0xba84d032f2ace26c58b0b2e1f65cb28dbf3b4ef7b432403295c33e4f70aba4ab,"[{""trait_type"":""Background"",""value"":""White""},{""trait_type"":""Body"",""value"":""Gold""},{""trait_type"":""Snout"",""value"":""Snout Wide""},{""trait_type"":""Spots"",""value"":""Spots 1""},{""trait_type"":""Tail"",""value"":""Tail 2""},{""trait_type"":""Head Accessory"",""value"":""Top Hat""},{""trait_type"":""Eyes"",""value"":""Green""},{""trait_type"":""Wacky"",""value"":""Yes""}]"
345,5565600,0x8853e4901bf73a18f0e0beb4c3ac628aeebe31bddda47c48fce4467e848ea585,"[{""trait_type"":""Background"",""value"":""Pink""},{""trait_type"":""Body"",""value"":""Mold""},{""trait_type"":""Snout"",""value"":""Regular Snout""},{""trait_type"":""Spots"",""value"":""Spots 3""},{""trait_type"":""Tail"",""value"":""Tail 2""},{""trait_type"":""Head Accessory"",""value"":""Turd Cat""},{""trait_type"":""Eyes"",""value"":""Red""}]"
344,5564926,0xfed24620ef07575e12fa79e4d81e5a05c97db5112a8da486813b43488e8d30e0,"[{""trait_type"":""Background"",""value"":""Brown""},{""trait_type"":""Body"",""value"":""Gold""},{""trait_type"":""Snout"",""value"":""Snout Wide""},{""trait_type"":""Spots"",""value"":""Spots 1""},{""trait_type"":""Tail"",""value"":""Tail 3""},{""trait_type"":""Head Accessory"",""value"":""Dino""},{""trait_type"":""Eyes"",""value"":""Viper""}]"
343,5564851,0x44aa541a0bfd3bfb87385883705735625e65c16603fe42918772f9d11c22b51c,"[{""trait_type"":""Background"",""value"":""Pink""},{""trait_type"":""Body"",""value"":""Blood""},{""trait_type"":""Snout"",""value"":""Snout Wide""},{""trait_type"":""Spots"",""value"":""Spots 3""},{""trait_type"":""Tail"",""value"":""Tail 3""},{""trait_type"":""Head Accessory"",""value"":""Blue Cap""},{""trait_type"":""Eyes"",""value"":""Viper""}]"
342,5565330,0x4e6ff59bbe9e882c34b24fdb3d3e1bd6330e61fe41f1a8aaab680122609addf6,"[{""trait_type"":""Background"",""value"":""Pink""},{""trait_type"":""Body"",""value"":""Pink""},{""trait_type"":""Snout"",""value"":""Snout Snot""},{""trait_type"":""Spots"",""value"":""Spots 3""},{""trait_type"":""Head Accessory"",""value"":""Cap Back Red""},{""trait_type"":""Eyes"",""value"":""Viper""}]"
341,5565646,0x031b2bfacd7acaed816be1724905440edc71d8d4c72c6adae12a1c7cc419ba8d,"[{""trait_type"":""Background"",""value"":""Field""},{""trait_type"":""Body"",""value"":""Pink""},{""trait_type"":""Snout"",""value"":""Regular Snout""},{""trait_type"":""Spots"",""value"":""Spots 3""},{""trait_type"":""Tail"",""value"":""Tail 1""},{""trait_type"":""Head Accessory"",""value"":""Blue Cap""},{""trait_type"":""Eyes"",""value"":""Green""}]"
340,5565793,0xfe6f7c368b52679afd2544e4ef6462ca69c3c811e910005d9d15600c2ef082ba,"[{""trait_type"":""Background"",""value"":""orange""},{""trait_type"":""Body"",""value"":""Blood""},{""trait_type"":""Snout"",""value"":""Snout Snot""},{""trait_type"":""Spots"",""value"":""Spots 3""},{""trait_type"":""Tail"",""value"":""Tail 1""},{""trait_type"":""Eyes"",""value"":""Patch""},{""trait_type"":""Accessory"",""value"":""Mud Pit""}]"
339,5566152,0x4ba2ae75c027f443f4ae360180d808374d0d4d981866597ebc072b905173185f,"[{""trait_type"":""Background"",""value"":""aqua""},{""trait_type"":""Body"",""value"":""Mold""},{""trait_type"":""Snout"",""value"":""Snout Snot""},{""trait_type"":""Tail"",""value"":""Tail 2""},{""trait_type"":""Head Accessory"",""value"":""White Beanie""},{""trait_type"":""Eyes"",""value"":""Blue""},{""trait_type"":""Accessory"",""value"":""SkateBoard""}]"
338,5565763,0x346219d01e6d1a220b87c44653fe679bcf02e52e822ac31d9c136aacc605dd82,"[{""trait_type"":""Background"",""value"":""Grey 2""},{""trait_type"":""Body"",""value"":""Pink""},{""trait_type"":""Snout"",""value"":""Regular Snout""},{""trait_type"":""Tail"",""value"":""Tail 1""},{""trait_type"":""Head Accessory"",""value"":""Pink Pepe""},{""trait_type"":""Eyes"",""value"":""Patch""}]"
337,5565944,0x7ef9aa74f151cb174970ffae17c488ed908f3bb8d4ebd51c25bcf4bee86ec5e3,"[{""trait_type"":""Background"",""value"":""purple""},{""trait_type"":""Body"",""value"":""Pink""},{""trait_type"":""Snout"",""value"":""Snout Snot""},{""trait_type"":""Spots"",""value"":""Spots 3""},{""trait_type"":""Eyes"",""value"":""Viper""}]"
336,5566682,0x60592bdb66d99a2f171abd61739518158a267bd005cbf226b7650056e522e78e,"[{""trait_type"":""Background"",""value"":""pisser""},{""trait_type"":""Body"",""value"":""Dusty Pink""},{""trait_type"":""Snout"",""value"":""Regular Snout""},{""trait_type"":""Tail"",""value"":""Tail 3""},{""trait_type"":""Eyes"",""value"":""Red""},{""trait_type"":""Accessory"",""value"":""SkateBoard""}]"
335,5565406,0x23af0df4b35d926821fa00cc4348abdfcbb4e8eae52b60013d2d24cb03f90274,"[{""trait_type"":""Background"",""value"":""pisser""},{""trait_type"":""Body"",""value"":""Dusty Pink""},{""trait_type"":""Snout"",""value"":""Snout Wide""},{""trait_type"":""Tail"",""value"":""Tail 2""},{""trait_type"":""Eyes"",""value"":""Deal With It""}]"
334,5566007,0x3527b0defbaaa00dcd0bb2bfd692f19c5fb8524b37bf480cc095f0a761fff485,"[{""trait_type"":""Background"",""value"":""Grey""},{""trait_type"":""Body"",""value"":""Purp""},{""trait_type"":""Snout"",""value"":""Snout Snot""},{""trait_type"":""Tail"",""value"":""Tail 3""},{""trait_type"":""Eyes"",""value"":""Viper""}]"
333,5565180,0x2c6c2aa19f8eec00ea80a9b63a1bc81cb79b9bf826709fe17522ed53a5a8f940,"[{""trait_type"":""Background"",""value"":""Grey""},{""trait_type"":""Body"",""value"":""Dusty Pink""},{""trait_type"":""Snout"",""value"":""Regular Snout""},{""trait_type"":""Spots"",""value"":""Spots 1""},{""trait_type"":""Tail"",""value"":""Tail 1""},{""trait_type"":""Head Accessory"",""value"":""Dino""},{""trait_type"":""Eyes"",""value"":""Green""}]"
332,5566041,0x47e6c6662dfd339b910f5c93872b0b6e1328ebfb5ffac999383ec6dabba4e4b1,"[{""trait_type"":""Background"",""value"":""Rose""},{""trait_type"":""Body"",""value"":""Mold""},{""trait_type"":""Snout"",""value"":""Snout Wide""},{""trait_type"":""Tail"",""value"":""Tail 1""},{""trait_type"":""Eyes"",""value"":""Blue""}]"
331,5565657,0xf6ea949d78aba81ce515708f189a9bd5dc8f0d31f2739e92be68da09080c2e7b,"[{""trait_type"":""Background"",""value"":""Not Sunny""},{""trait_type"":""Body"",""value"":""Blood""},{""trait_type"":""Snout"",""value"":""Regular Snout""},{""trait_type"":""Spots"",""value"":""Spots 3""},{""trait_type"":""Tail"",""value"":""Tail 1""},{""trait_type"":""Eyes"",""value"":""Blue""},{""trait_type"":""Socks"",""value"":""White Socks""},{""trait_type"":""Accessory"",""value"":""Mud Pit""}]"
330,5565165,0xd96e5a4b5b52f74de1469089c65b11d16726621ce109d608e8f9f20b2135f36a,"[{""trait_type"":""Background"",""value"":""blue""},{""trait_type"":""Body"",""value"":""Gold""},{""trait_type"":""Snout"",""value"":""Regular Snout""},{""trait_type"":""Spots"",""value"":""Spots 1""},{""trait_type"":""Tail"",""value"":""Tail 1""},{""trait_type"":""Eyes"",""value"":""Blue""}]"
329,5565872,0xf16ae89006250cd297f6efd75a64419440d6464468cba8347e2dad4cc5fad81e,"[{""trait_type"":""Background"",""value"":""Rose""},{""trait_type"":""Body"",""value"":""Blood""},{""trait_type"":""Snout"",""value"":""Snout Snot""},{""trait_type"":""Spots"",""value"":""Spots 1""},{""trait_type"":""Tail"",""value"":""Tail 2""},{""trait_type"":""Eyes"",""value"":""Viper""},{""trait_type"":""Socks"",""value"":""White Socks""}]"
328,5565668,0x6ddeea95b1dea0173d372cae25db93ff6ae01b64e17a493fb75651adb1d3b78a,"[{""trait_type"":""Background"",""value"":""green""},{""trait_type"":""Body"",""value"":""Dusty Pink""},{""trait_type"":""Snout"",""value"":""Regular Snout""},{""trait_type"":""Spots"",""value"":""Spots 1""},{""trait_type"":""Tail"",""value"":""Probe""},{""trait_type"":""Head Accessory"",""value"":""Top Hat""},{""trait_type"":""Eyes"",""value"":""Patch""}]"
327,5565166,0x819cb602e82ee9ec50e12b4410ef2a81c4d39fa6992d0ba833497cef7bc7f705,"[{""trait_type"":""Background"",""value"":""orange""},{""trait_type"":""Body"",""value"":""Pink""},{""trait_type"":""Snout"",""value"":""Regular Snout""},{""trait_type"":""Tail"",""value"":""Tail 3""},{""trait_type"":""Head Accessory"",""value"":""Blue Cap""},{""trait_type"":""Eyes"",""value"":""Black""}]"
326,5564849,0x1a5d56ea60aaed3914ac6ec2d5ad97f6d220a7456bcf782aa2eb32d21e15d0df,"[{""trait_type"":""Background"",""value"":""Not Sunny""},{""trait_type"":""Body"",""value"":""Pink""},{""trait_type"":""Snout"",""value"":""Regular Snout""},{""trait_type"":""Spots"",""value"":""Spots 1""},{""trait_type"":""Tail"",""value"":""Probe""},{""trait_type"":""Head Accessory"",""value"":""Crown""},{""trait_type"":""Eyes"",""value"":""Viper""},{""trait_type"":""Accessory"",""value"":""SkateBoard""}]"
325,5565300,0xb1358736d02751823b4b25b9eabd40d84dc8bc700ca48da2f55375358d0724a4,"[{""trait_type"":""Background"",""value"":""Pink""},{""trait_type"":""Body"",""value"":""Pigdenza""},{""trait_type"":""Snout"",""value"":""Snout Wide""},{""trait_type"":""Spots"",""value"":""spots 1""},{""trait_type"":""Tail"",""value"":""tail 3""},{""trait_type"":""Eyes"",""value"":""Deal With It""}]"
324,5565127,0x5caeaaacebbaa834dbfa3aefe9153fb8507eec5d4223a81eac4f53a409e6b21c,"[{""trait_type"":""Background"",""value"":""Rose""},{""trait_type"":""Body"",""value"":""Mold""},{""trait_type"":""Snout"",""value"":""Regular Snout""},{""trait_type"":""Spots"",""value"":""Spots 3""},{""trait_type"":""Tail"",""value"":""Tail 1""},{""trait_type"":""Head Accessory"",""value"":""Deal With It Pepe""},{""trait_type"":""Eyes"",""value"":""Patch""}]"
323,5565815,0xcf949c56dc8acfc2814d457ef0ad53d6251c0025fed7db8532745942dcb1242f,"[{""trait_type"":""Background"",""value"":""Grey 2""},{""trait_type"":""Body"",""value"":""Blood""},{""trait_type"":""Snout"",""value"":""Regular Snout""},{""trait_type"":""Tail"",""value"":""Tail 3""},{""trait_type"":""Eyes"",""value"":""Green""}]"
322,5564929,0xa64e44444e1fc6f53aae9d9bdca99258ed463e38af1a1f2f9fb6242d828b2045,"[{""trait_type"":""Background"",""value"":""Grey 2""},{""trait_type"":""Body"",""value"":""Gold""},{""trait_type"":""Snout"",""value"":""Regular Snout""},{""trait_type"":""Spots"",""value"":""Spots 1""},{""trait_type"":""Tail"",""value"":""Tail 1""},{""trait_type"":""Eyes"",""value"":""Green""},{""trait_type"":""Accessory"",""value"":""Mud Pit""}]"
321,5566039,0x31f69e9347882688a407ccb03d783f4828f9d8bed6e582176ebe6a96c64b4259,"[{""trait_type"":""Background"",""value"":""aqua""},{""trait_type"":""Body"",""value"":""Mold""},{""trait_type"":""Snout"",""value"":""Snout Snot""},{""trait_type"":""Spots"",""value"":""Spots 1""},{""trait_type"":""Tail"",""value"":""Tail 3""},{""trait_type"":""Head Accessory"",""value"":""Blue Beanie""},{""trait_type"":""Eyes"",""value"":""Blue""}]"
320,5564855,0x8b263c743253a689c6e9df3419be42b154adf5efe0ac7d3a02eeda74af5f0fe6,"[{""trait_type"":""Background"",""value"":""Matrix""},{""trait_type"":""Body"",""value"":""Pink""},{""trait_type"":""Snout"",""value"":""Snout Snot""},{""trait_type"":""Spots"",""value"":""Spots 1""},{""trait_type"":""Tail"",""value"":""Tail 3""},{""trait_type"":""Head Accessory"",""value"":""Grey Beanie""},{""trait_type"":""Eyes"",""value"":""Viper""}]"
319,5565661,0x0fe2e88360d0abfafa4834fba0d712203a98ac03af33ace5ebfc8e71c6c1ac08,"[{""trait_type"":""Background"",""value"":""Pork Chart""},{""trait_type"":""Body"",""value"":""Mold""},{""trait_type"":""Snout"",""value"":""Regular Snout""},{""trait_type"":""Spots"",""value"":""Spots 1""},{""trait_type"":""Tail"",""value"":""Tail 3""},{""trait_type"":""Head Accessory"",""value"":""Blue Beanie""},{""trait_type"":""Eyes"",""value"":""Orange""},{""trait_type"":""Socks"",""value"":""Grandpa Socks""}]"
318,5565800,0x03f2c49c716db390d01123feba5ecbf164b86dc1356c0e42b9fa3d35ea9da5fc,"[{""trait_type"":""Background"",""value"":""Grey""},{""trait_type"":""Body"",""value"":""Purp""},{""trait_type"":""Snout"",""value"":""Snout Snot""},{""trait_type"":""Tail"",""value"":""Tail 2""},{""trait_type"":""Eyes"",""value"":""Viper""}]"
317,5565502,0xb7ce3e547c9597797bc9ca8b77bfc3a7cfeaaf4fa1ce4a87020182346613503b,"[{""trait_type"":""Background"",""value"":""Pink""},{""trait_type"":""Body"",""value"":""Pink""},{""trait_type"":""Snout"",""value"":""Regular Snout""},{""trait_type"":""Spots"",""value"":""Spots 3""},{""trait_type"":""Tail"",""value"":""Probe""},{""trait_type"":""Eyes"",""value"":""Deal With It""},{""trait_type"":""Accessory"",""value"":""Mud Pit""}]"
316,5564856,0x19f3a936093b2c2e7f43840d423b325e473c6ddd38d59b073c93f1cd7535f63a,"[{""trait_type"":""Background"",""value"":""Sunny""},{""trait_type"":""Body"",""value"":""Dusty Pink""},{""trait_type"":""Snout"",""value"":""Snout Snot""},{""trait_type"":""Spots"",""value"":""Spots 1""},{""trait_type"":""Tail"",""value"":""Tail 3""},{""trait_type"":""Head Accessory"",""value"":""Orange Beanie""},{""trait_type"":""Eyes"",""value"":""Viper""}]"
315,5564958,0x62c8f3fa8ff01a3c8bdcb741b66768fba29aab86ce5e77e17fab19fa63ddbb1d,"[{""trait_type"":""Background"",""value"":""Grey""},{""trait_type"":""Body"",""value"":""Alien""},{""trait_type"":""Snout"",""value"":""Regular Snout""},{""trait_type"":""Spots"",""value"":""Spots 1""},{""trait_type"":""Tail"",""value"":""Tail 2""},{""trait_type"":""Eyes"",""value"":""Deal With It""}]"
314,5565299,0x746aeab6bdb8d039d4bb999198d192c11ae5caed948df685fec94256d8cd507e,"[{""trait_type"":""Background"",""value"":""Pink""},{""trait_type"":""Body"",""value"":""Pink""},{""trait_type"":""Snout"",""value"":""Regular Snout""},{""trait_type"":""Spots"",""value"":""Spots 2""},{""trait_type"":""Tail"",""value"":""Tail 3""},{""trait_type"":""Eyes"",""value"":""Black""}]"
313,5564968,0xe7f2e7083167465b91d5b0665ea69f7d1f631b1099925f4c288c55d4ef2fb224,"[{""trait_type"":""Background"",""value"":""Brown""},{""trait_type"":""Body"",""value"":""Mold""},{""trait_type"":""Snout"",""value"":""Snout Snot""},{""trait_type"":""Tail"",""value"":""Tail 3""},{""trait_type"":""Head Accessory"",""value"":""Crown""},{""trait_type"":""Eyes"",""value"":""Deal With It""},{""trait_type"":""Socks"",""value"":""Grandpa Socks""}]"
312,5565863,0x2b293b57ff6d4d14ed0b6e384cc1d6585ca1c21078e1315c4d9d562eedc38d9f,"[{""trait_type"":""Background"",""value"":""green""},{""trait_type"":""Body"",""value"":""Mold""},{""trait_type"":""Snout"",""value"":""Regular Snout""},{""trait_type"":""Spots"",""value"":""Spots 3""},{""trait_type"":""Head Accessory"",""value"":""Orange Cat""},{""trait_type"":""Eyes"",""value"":""Green""},{""trait_type"":""Socks"",""value"":""Grandpa Socks""}]"
311,5564884,0x0dc57437f2c6c2ae0e80c6e45bbaea6e49979bb08748eb1a00e137d08e81106d,"[{""trait_type"":""Background"",""value"":""YEEEEET""},{""trait_type"":""Body"",""value"":""Gold""},{""trait_type"":""Snout"",""value"":""Regular Snout""},{""trait_type"":""Tail"",""value"":""Tail 1""},{""trait_type"":""Eyes"",""value"":""Deal With It""}]"
310,5564912,0xd56e50489a42fa0589d357b90b0869ea71b7ca91fb40ad9c3b9fe3bc466ab5ee,"[{""trait_type"":""Background"",""value"":""Matrix""},{""trait_type"":""Body"",""value"":""Pink""},{""trait_type"":""Snout"",""value"":""Snout Wide""},{""trait_type"":""Spots"",""value"":""Spots 1""},{""trait_type"":""Tail"",""value"":""Tail 3""},{""trait_type"":""Eyes"",""value"":""Black""}]"
309,5564923,0x1a83b4e2dd8be8ef1916c1422fe38046332d0cc068fd1523ff8969b2bf5696e3,"[{""trait_type"":""Background"",""value"":""Matrix""},{""trait_type"":""Body"",""value"":""Mold""},{""trait_type"":""Snout"",""value"":""Regular Snout""},{""trait_type"":""Tail"",""value"":""Tail 3""},{""trait_type"":""Head Accessory"",""value"":""Top Hat""},{""trait_type"":""Eyes"",""value"":""Red""}]"
308,5565107,0x0199dfc6d0be665cfc28be7946bfd828b2fbccde656d4c38e32ae1841bd2c07d,"[{""trait_type"":""Background"",""value"":""green""},{""trait_type"":""Body"",""value"":""Zombie""},{""trait_type"":""Snout"",""value"":""Snout Wide""},{""trait_type"":""Spots"",""value"":""Spots 1""},{""trait_type"":""Tail"",""value"":""Tail 1""},{""trait_type"":""Head Accessory"",""value"":""Pink Pepe""},{""trait_type"":""Eyes"",""value"":""Black""},{""trait_type"":""Socks"",""value"":""White Socks""}]"
307,5566006,0x8526b564d6e269ef0327253c529260207e15ced1422791f26e62d2a9370587e8,"[{""trait_type"":""Background"",""value"":""Rose""},{""trait_type"":""Body"",""value"":""Mold""},{""trait_type"":""Snout"",""value"":""Regular Snout""},{""trait_type"":""Spots"",""value"":""Spots 1""},{""trait_type"":""Tail"",""value"":""Tail 1""},{""trait_type"":""Eyes"",""value"":""Orange""}]"
306,5565122,0xb9cfd132835660d97ea62fcaaf502117e17ff6a1d2001c470140f439b28cf770,"[{""trait_type"":""Background"",""value"":""purple""},{""trait_type"":""Body"",""value"":""Blood""},{""trait_type"":""Snout"",""value"":""Snout Wide""},{""trait_type"":""Spots"",""value"":""Spots 3""},{""trait_type"":""Tail"",""value"":""Tail 2""},{""trait_type"":""Head Accessory"",""value"":""Top Hat""},{""trait_type"":""Eyes"",""value"":""Patch""},{""trait_type"":""Accessory"",""value"":""Mud Pit""}]"
305,5564879,0xc4dc07ac6722f1cf203600aae74c6124a852fe0b8c70d4edf53e66b94b42dfdb,"[{""trait_type"":""Background"",""value"":""blue""},{""trait_type"":""Body"",""value"":""Zombie""},{""trait_type"":""Snout"",""value"":""Regular Snout""},{""trait_type"":""Spots"",""value"":""Spots 2""},{""trait_type"":""Tail"",""value"":""Tail 3""},{""trait_type"":""Eyes"",""value"":""Orange""},{""trait_type"":""Accessory"",""value"":""Mud Pit""}]"
304,5564872,0xe6f1deda2cdbea6ce1fe04568d1e36016c28ef6641bfca9dead3556aba656017,"[{""trait_type"":""Background"",""value"":""Brown""},{""trait_type"":""Body"",""value"":""Gold""},{""trait_type"":""Snout"",""value"":""Snout Wide""},{""trait_type"":""Spots"",""value"":""Spots 3""},{""trait_type"":""Tail"",""value"":""Tail 3""},{""trait_type"":""Eyes"",""value"":""Blue""},{""trait_type"":""Socks"",""value"":""White Socks""},{""trait_type"":""Accessory"",""value"":""Explorer""}]"
303,5565310,0xc260e8cf0ab3de3c6aa815bfab77180b7f0defa1c976d9a9e0d5841d3799ac8d,"[{""trait_type"":""Background"",""value"":""orange""},{""trait_type"":""Body"",""value"":""Blood""},{""trait_type"":""Snout"",""value"":""Snout Wide""},{""trait_type"":""Tail"",""value"":""Tail 2""},{""trait_type"":""Head Accessory"",""value"":""Pink Pepe""},{""trait_type"":""Eyes"",""value"":""Deal With It""}]"
302,5565045,0x0f08d63b6cd345be1e8d0c1aa253230bcb39926e120577c8e7371e611ae4010a,"[{""trait_type"":""Background"",""value"":""Grey 2""},{""trait_type"":""Body"",""value"":""Bot""},{""trait_type"":""Snout"",""value"":""Snout Snot""},{""trait_type"":""Head Accessory"",""value"":""Deal With It Pink Pepe""},{""trait_type"":""Eyes"",""value"":""Red""}]"
301,5565736,0x46487010a5fb09226b0f4c43616b3bebdac63bb2d07ff2e4d62bad45e200fbe7,"[{""trait_type"":""Background"",""value"":""green""},{""trait_type"":""Body"",""value"":""Blood""},{""trait_type"":""Snout"",""value"":""Snout Wide""},{""trait_type"":""Tail"",""value"":""Tail 1""},{""trait_type"":""Head Accessory"",""value"":""Crown""},{""trait_type"":""Eyes"",""value"":""Black""}]"
300,5564947,0x1a8f642d6ae70dee31f356a2572309c1e73021cf2af47c23d50d7fc424b269f7,"[{""trait_type"":""Background"",""value"":""Rose""},{""trait_type"":""Body"",""value"":""Pink""},{""trait_type"":""Snout"",""value"":""Snout Wide""},{""trait_type"":""Spots"",""value"":""Spots 1""},{""trait_type"":""Tail"",""value"":""Tail 1""},{""trait_type"":""Head Accessory"",""value"":""Grey Spinner""},{""trait_type"":""Eyes"",""value"":""3D""}]"
299,5565738,0x08e9eacc194ef14422a485498c3bf4a56e08af4bfa6099a14faad9eb79daf52e,"[{""trait_type"":""Background"",""value"":""purple""},{""trait_type"":""Body"",""value"":""Mold""},{""trait_type"":""Snout"",""value"":""Snout Wide""},{""trait_type"":""Spots"",""value"":""Spots 1""},{""trait_type"":""Tail"",""value"":""Tail 2""},{""trait_type"":""Head Accessory"",""value"":""Pepe""},{""trait_type"":""Eyes"",""value"":""Black""}]"
298,5566534,0xf1abe9e8474dd1abce9e69af052244595606b1c23f851a074fdc108d5eb868da,"[{""trait_type"":""Background"",""value"":""Grey 2""},{""trait_type"":""Body"",""value"":""Blood""},{""trait_type"":""Snout"",""value"":""Snout Wide""},{""trait_type"":""Tail"",""value"":""Tail 2""},{""trait_type"":""Eyes"",""value"":""Green""},{""trait_type"":""Socks"",""value"":""Grandpa Socks""}]"
297,5564963,0x44ceb79bf78fa00e548221a601da7c13cc24ab04c9deec0ca6158a809a778343,"[{""trait_type"":""Background"",""value"":""White""},{""trait_type"":""Body"",""value"":""Purp""},{""trait_type"":""Snout"",""value"":""Snout Snot""},{""trait_type"":""Spots"",""value"":""Spots 1""},{""trait_type"":""Tail"",""value"":""Tail 1""},{""trait_type"":""Head Accessory"",""value"":""Blue Cap""},{""trait_type"":""Eyes"",""value"":""Black""},{""trait_type"":""Wacky"",""value"":""Yes""}]"
296,5566151,0xf14e10955b09721f7e5759db764070ed121515b6bb5ffdd0ebbaf1eed2206040,"[{""trait_type"":""Background"",""value"":""c3ff00""},{""trait_type"":""Body"",""value"":""Bot""},{""trait_type"":""Snout"",""value"":""Snout Wide""},{""trait_type"":""Tail"",""value"":""Tail 2""},{""trait_type"":""Eyes"",""value"":""Orange""}]"
295,5565298,0xf6c388ef837234c7c6549b18141c07387ff93890b3ad0f1c15f068a8013d14cc,"[{""trait_type"":""Background"",""value"":""Grey 2""},{""trait_type"":""Body"",""value"":""Mold""},{""trait_type"":""Snout"",""value"":""Snout Wide""},{""trait_type"":""Spots"",""value"":""Spots 1""},{""trait_type"":""Tail"",""value"":""Tail 3""},{""trait_type"":""Head Accessory"",""value"":""Skateboard Cat""},{""trait_type"":""Eyes"",""value"":""3D""}]"
294,5566146,0x76e09b253e7d544e75d0025c9f3ee62bc6a8a3a5bc16817f8ce904bbecc1dabe,"[{""trait_type"":""Background"",""value"":""Brown""},{""trait_type"":""Body"",""value"":""Blood""},{""trait_type"":""Snout"",""value"":""Snout Wide""},{""trait_type"":""Spots"",""value"":""Spots 2""},{""trait_type"":""Tail"",""value"":""Tail 2""},{""trait_type"":""Eyes"",""value"":""Blue""}]"
293,5565792,0x6e07d5c757b663734bfaa6c7fda646831357f631e6e145adffe8bd3c34c1608a,"[{""trait_type"":""Background"",""value"":""blue""},{""trait_type"":""Body"",""value"":""Purp""},{""trait_type"":""Snout"",""value"":""Snout Wide""},{""trait_type"":""Tail"",""value"":""Tail 1""},{""trait_type"":""Head Accessory"",""value"":""Orange Cat""},{""trait_type"":""Eyes"",""value"":""3D""},{""trait_type"":""Accessory"",""value"":""Mud Pit""}]"
292,5565275,0xc7447ce628c098d8a3c67a605878d3c857e4788f1e0b25c4da42e2703ce62d8b,"[{""trait_type"":""Background"",""value"":""Grey""},{""trait_type"":""Body"",""value"":""Zombie""},{""trait_type"":""Snout"",""value"":""Regular Snout""},{""trait_type"":""Spots"",""value"":""Spots 1""},{""trait_type"":""Tail"",""value"":""Tail 3""},{""trait_type"":""Head Accessory"",""value"":""Sad Cat""},{""trait_type"":""Eyes"",""value"":""Green""}]"
291,5565146,0x68117fdc0d3da8d714e3a23bf7a393c75799b6cf66562f7981fde6e661369025,"[{""trait_type"":""Background"",""value"":""YEEEEET""},{""trait_type"":""Body"",""value"":""Bot""},{""trait_type"":""Snout"",""value"":""Snout Wide""},{""trait_type"":""Spots"",""value"":""Spots 3""},{""trait_type"":""Tail"",""value"":""Tail 1""},{""trait_type"":""Head Accessory"",""value"":""Orange Cat""},{""trait_type"":""Eyes"",""value"":""Blue""}]"
290,5565177,0x0bf1e9071ce01aee3e7be2ef2b2e34b1318e15247aa7ed029ad3eed58969e515,"[{""trait_type"":""Background"",""value"":""Field""},{""trait_type"":""Body"",""value"":""Pink""},{""trait_type"":""Snout"",""value"":""Regular Snout""},{""trait_type"":""Tail"",""value"":""Tail 2""},{""trait_type"":""Eyes"",""value"":""Red""},{""trait_type"":""Accessory"",""value"":""Mud Pit""}]"
289,5564950,0x8177674e90096beaf8b559464074137447ae6767cc6fe2107a4dc3f902999f56,"[{""trait_type"":""Background"",""value"":""green""},{""trait_type"":""Body"",""value"":""Mold""},{""trait_type"":""Snout"",""value"":""Regular Snout""},{""trait_type"":""Spots"",""value"":""Spots 1""},{""trait_type"":""Tail"",""value"":""Tail 3""},{""trait_type"":""Head Accessory"",""value"":""Deal With It Pink Pepe""},{""trait_type"":""Eyes"",""value"":""Black""},{""trait_type"":""Socks"",""value"":""Grandpa Socks""},{""trait_type"":""Accessory"",""value"":""SkateBoard""}]"
288,5565567,0xdf010e3dcee54302b01767d1b9853cfea2897dc17fbbabf4e77e23142f3c5242,"[{""trait_type"":""Background"",""value"":""Grey""},{""trait_type"":""Body"",""value"":""Blood""},{""trait_type"":""Snout"",""value"":""Snout Wide""},{""trait_type"":""Tail"",""value"":""Tail 2""},{""trait_type"":""Head Accessory"",""value"":""Dino""},{""trait_type"":""Eyes"",""value"":""Blue""},{""trait_type"":""Accessory"",""value"":""Mud Pit""}]"
287,5565597,0xfafd3e518337f4589050a84f6e9f6e2586161f7e11166e52fb0fec4a40598c03,"[{""trait_type"":""Background"",""value"":""blue""},{""trait_type"":""Body"",""value"":""Purp""},{""trait_type"":""Snout"",""value"":""Regular Snout""},{""trait_type"":""Spots"",""value"":""Spots 3""},{""trait_type"":""Tail"",""value"":""Tail 3""},{""trait_type"":""Head Accessory"",""value"":""Crown""},{""trait_type"":""Eyes"",""value"":""Red""}]"
286,5566019,0xed6e65e9a0b459cfaaa83147817eb5927031d2d1d84cc67343b5e04c9e5b5f45,"[{""trait_type"":""Background"",""value"":""Rose""},{""trait_type"":""Body"",""value"":""Pink""},{""trait_type"":""Snout"",""value"":""Regular Snout""},{""trait_type"":""Spots"",""value"":""Spots 1""},{""trait_type"":""Head Accessory"",""value"":""White Beanie""},{""trait_type"":""Eyes"",""value"":""Patch""},{""trait_type"":""Socks"",""value"":""White Socks""}]"
285,5566133,0xcb2cc779d5db4d254d344cc845e096caebaba9c73c4f787bb409b932020432ae,"[{""trait_type"":""Background"",""value"":""Grey""},{""trait_type"":""Body"",""value"":""Pink""},{""trait_type"":""Snout"",""value"":""Regular Snout""},{""trait_type"":""Spots"",""value"":""Spots 1""},{""trait_type"":""Tail"",""value"":""Tail 2""},{""trait_type"":""Head Accessory"",""value"":""Top Hat""},{""trait_type"":""Eyes"",""value"":""Orange""},{""trait_type"":""Accessory"",""value"":""SkateBoard""}]"
284,5565157,0x6444c06d1bfaf29c81a8158d64a63d68d90fc3b1230b275fb91d26f98d9945eb,"[{""trait_type"":""Background"",""value"":""pisser""},{""trait_type"":""Body"",""value"":""Zombie""},{""trait_type"":""Snout"",""value"":""Snout Wide""},{""trait_type"":""Tail"",""value"":""Tail 2""},{""trait_type"":""Head Accessory"",""value"":""Blue Beanie""},{""trait_type"":""Eyes"",""value"":""Blue""},{""trait_type"":""Accessory"",""value"":""Explorer""}]"
283,5565858,0x50de81ad02e0868676290bc34820e516954e93bd6fcc59af552a783a4d697db5,"[{""trait_type"":""Background"",""value"":""Brown""},{""trait_type"":""Body"",""value"":""Dusty Pink""},{""trait_type"":""Snout"",""value"":""Regular Snout""},{""trait_type"":""Tail"",""value"":""Tail 2""},{""trait_type"":""Head Accessory"",""value"":""Orange Cat""},{""trait_type"":""Eyes"",""value"":""3D""}]"
282,5566030,0xd796f78a717151079242dfc71f4fb2fcedcd17bbbde45b2f060c8a19b2d45e6b,"[{""trait_type"":""Background"",""value"":""Grey""},{""trait_type"":""Body"",""value"":""Bot""},{""trait_type"":""Snout"",""value"":""Regular Snout""},{""trait_type"":""Spots"",""value"":""Spots 1""},{""trait_type"":""Tail"",""value"":""Tail 3""},{""trait_type"":""Head Accessory"",""value"":""Cap Back Red""},{""trait_type"":""Eyes"",""value"":""Red""}]"
281,5564961,0xab91620066c5b4576576ba2cf9e2b5e7f5b984ef786b48236db87d80452bbe9a,"[{""trait_type"":""Background"",""value"":""Pork Chart""},{""trait_type"":""Body"",""value"":""Gold""},{""trait_type"":""Snout"",""value"":""Snout Wide""},{""trait_type"":""Tail"",""value"":""Tail 3""},{""trait_type"":""Head Accessory"",""value"":""Grey Beanie""},{""trait_type"":""Eyes"",""value"":""Black""}]"
280,5565243,0xbb9f8ec0605a78bee44058c786039ae13dd21f667e887c553e17dd45106ad08a,"[{""trait_type"":""Background"",""value"":""White""},{""trait_type"":""Body"",""value"":""Blood""},{""trait_type"":""Snout"",""value"":""Snout Snot""},{""trait_type"":""Spots"",""value"":""Spots 2""},{""trait_type"":""Tail"",""value"":""Tail 3""},{""trait_type"":""Head Accessory"",""value"":""Pink Pepe""},{""trait_type"":""Eyes"",""value"":""Orange""},{""trait_type"":""Wacky"",""value"":""Yes""},{""trait_type"":""Socks"",""value"":""Grandpa Socks""}]"
279,5564850,0x64a06b70cb4fef7843e3519caa7472077bba7bc2c0127bdb28f3220c6ccc5cc8,"[{""trait_type"":""Background"",""value"":""Matrix""},{""trait_type"":""Body"",""value"":""Dusty Pink""},{""trait_type"":""Snout"",""value"":""Snout Wide""},{""trait_type"":""Spots"",""value"":""Spots 1""},{""trait_type"":""Tail"",""value"":""Tail 1""},{""trait_type"":""Head Accessory"",""value"":""Pink Pepe""},{""trait_type"":""Eyes"",""value"":""Red""}]"
278,5565706,0xee0f567c647e40478805d8b1c6a12c06a2678f97773c37dc30e2fb06816b0a93,"[{""trait_type"":""Background"",""value"":""pisser""},{""trait_type"":""Body"",""value"":""Dusty Pink""},{""trait_type"":""Snout"",""value"":""Regular Snout""},{""trait_type"":""Tail"",""value"":""Tail 1""},{""trait_type"":""Head Accessory"",""value"":""Orange Cat""},{""trait_type"":""Eyes"",""value"":""Patch""}]"
277,5565476,0x697fee35eeaba32365f2785cdcbd32120ff77c4ad9635672eaf0edabb7e2092b,"[{""trait_type"":""Background"",""value"":""Pork Chart""},{""trait_type"":""Body"",""value"":""Blood""},{""trait_type"":""Snout"",""value"":""Regular Snout""},{""trait_type"":""Head Accessory"",""value"":""Pink Pepe""},{""trait_type"":""Eyes"",""value"":""Green""}]"
276,5565694,0xe079e256bd0eadb8e746a9c4a5b64126da8ec345a73f4aa4cd351a8cb7de42b3,"[{""trait_type"":""Background"",""value"":""Brown""},{""trait_type"":""Body"",""value"":""Blood""},{""trait_type"":""Snout"",""value"":""Regular Snout""},{""trait_type"":""Spots"",""value"":""Spots 3""},{""trait_type"":""Tail"",""value"":""Tail 1""},{""trait_type"":""Eyes"",""value"":""3D""},{""trait_type"":""Accessory"",""value"":""Mud Pit""}]"
275,5565296,0x20b97249859bd7ad57e0cc80181debdefca37efe55b57f7e4e55ccd0387c4170,"[{""trait_type"":""Background"",""value"":""c3ff00""},{""trait_type"":""Body"",""value"":""Mold""},{""trait_type"":""Snout"",""value"":""Snout Wide""},{""trait_type"":""Tail"",""value"":""Tail 2""},{""trait_type"":""Eyes"",""value"":""Patch""}]"
274,5565705,0x4616e7927c4d351e67f19cd4f82be36b00c6eedbf265b22b23105343bd3cb95b,"[{""trait_type"":""Background"",""value"":""Pork Chart""},{""trait_type"":""Body"",""value"":""Purp""},{""trait_type"":""Snout"",""value"":""Regular Snout""},{""trait_type"":""Tail"",""value"":""Tail 1""},{""trait_type"":""Head Accessory"",""value"":""Top Hat""},{""trait_type"":""Eyes"",""value"":""Green""}]"
273,5566335,0x4e3a837d8a8cef8e080656e0c630809e87960ef1af7fe1587b00c9552632b5ab,"[{""trait_type"":""Background"",""value"":""Grey 2""},{""trait_type"":""Body"",""value"":""Purp""},{""trait_type"":""Snout"",""value"":""Regular Snout""},{""trait_type"":""Spots"",""value"":""Spots 3""},{""trait_type"":""Tail"",""value"":""Tail 1""},{""trait_type"":""Eyes"",""value"":""Orange""},{""trait_type"":""Accessory"",""value"":""Mud Pit""}]"
272,5565255,0x515281178eb30fc35f5779220851d62d35378bd806af6b235c8f54c83564599a,"[{""trait_type"":""Background"",""value"":""Grey 2""},{""trait_type"":""Body"",""value"":""Gold""},{""trait_type"":""Snout"",""value"":""Regular Snout""},{""trait_type"":""Spots"",""value"":""Spots 1""},{""trait_type"":""Tail"",""value"":""Probe""},{""trait_type"":""Eyes"",""value"":""Green""},{""trait_type"":""Socks"",""value"":""White Socks""}]"
271,5565317,0xe35accd60889e388e7a20af90604c0e210ccbf843ee3b4e4c1e3f2909b0ef0b8,"[{""trait_type"":""Background"",""value"":""YEEEEET""},{""trait_type"":""Body"",""value"":""Gold""},{""trait_type"":""Snout"",""value"":""Snout Wide""},{""trait_type"":""Tail"",""value"":""Tail 3""},{""trait_type"":""Head Accessory"",""value"":""Skateboard Cat""},{""trait_type"":""Eyes"",""value"":""Viper""},{""trait_type"":""Accessory"",""value"":""Mud Pit""}]"
270,5565690,0x0645cfdefb462d1149c72c14da16c218dbc99d84f0ddb51d46fe9592390c2f5e,"[{""trait_type"":""Background"",""value"":""aqua""},{""trait_type"":""Body"",""value"":""Purp""},{""trait_type"":""Snout"",""value"":""Regular Snout""},{""trait_type"":""Spots"",""value"":""Spots 1""},{""trait_type"":""Tail"",""value"":""Tail 3""},{""trait_type"":""Head Accessory"",""value"":""Dino""},{""trait_type"":""Eyes"",""value"":""Patch""}]"
269,5565358,0x4197026a5ec544ad5c69402db823054b3106f48c56ae5d8df77b7e1580a536f5,"[{""trait_type"":""Background"",""value"":""YEEEEET""},{""trait_type"":""Body"",""value"":""Blood""},{""trait_type"":""Snout"",""value"":""Snout Snot""},{""trait_type"":""Spots"",""value"":""Spots 1""},{""trait_type"":""Tail"",""value"":""Tail 1""},{""trait_type"":""Head Accessory"",""value"":""Cap Back Red""},{""trait_type"":""Eyes"",""value"":""Deal With It""}]"
268,5566000,0x8577eec86bbc38da647a0ad9bb4ffbffc242409c5f5226c3f6d052e018769583,"[{""trait_type"":""Background"",""value"":""Brown""},{""trait_type"":""Body"",""value"":""Pink""},{""trait_type"":""Snout"",""value"":""Regular Snout""},{""trait_type"":""Eyes"",""value"":""Blue""},{""trait_type"":""Accessory"",""value"":""SkateBoard""}]"
267,5565307,0xf2a33140a60f14d32e1ec81d0fdb52ebb3c7049c6fc06615d72a0816a4b839a7,"[{""trait_type"":""Background"",""value"":""Grey 2""},{""trait_type"":""Body"",""value"":""Purp""},{""trait_type"":""Snout"",""value"":""Snout Snot""},{""trait_type"":""Tail"",""value"":""Tail 1""},{""trait_type"":""Head Accessory"",""value"":""Blue Beanie""},{""trait_type"":""Eyes"",""value"":""Green""}]"
266,5565840,0x93f310beee82aa8964ee22aa0e36d904fe05c2541b7be43d0f66de26ac56a5ae,"[{""trait_type"":""Background"",""value"":""Pink""},{""trait_type"":""Body"",""value"":""Pink""},{""trait_type"":""Snout"",""value"":""Regular Snout""},{""trait_type"":""Tail"",""value"":""Tail 1""},{""trait_type"":""Head Accessory"",""value"":""Orange Cat""},{""trait_type"":""Eyes"",""value"":""Red""}]"
265,5565295,0x270f673ed1fd000417d63365176935a35f6c7a6208af71ff7d54db7fda3e35b5,"[{""trait_type"":""Background"",""value"":""Not Sunny""},{""trait_type"":""Body"",""value"":""Purp""},{""trait_type"":""Snout"",""value"":""Snout Snot""},{""trait_type"":""Spots"",""value"":""Spots 3""},{""trait_type"":""Tail"",""value"":""Tail 1""},{""trait_type"":""Eyes"",""value"":""3D""},{""trait_type"":""Accessory"",""value"":""Mud Pit""}]"
264,5565308,0xbe6965b350461a753159413c03d602b504f7cd1aa7e38aab6156f441b7aa3ee5,"[{""trait_type"":""Background"",""value"":""Not Sunny""},{""trait_type"":""Body"",""value"":""Pink""},{""trait_type"":""Snout"",""value"":""Snout Snot""},{""trait_type"":""Tail"",""value"":""Tail 3""},{""trait_type"":""Head Accessory"",""value"":""Top Hat""},{""trait_type"":""Eyes"",""value"":""Viper""}]"
263,5565526,0xa834627055bba9bb6cc46dad23bc407980fdac5d9a40ea580619e31d34964031,"[{""trait_type"":""Background"",""value"":""Grey 2""},{""trait_type"":""Body"",""value"":""Mold""},{""trait_type"":""Snout"",""value"":""Regular Snout""},{""trait_type"":""Spots"",""value"":""Spots 2""},{""trait_type"":""Tail"",""value"":""Tail 3""},{""trait_type"":""Head Accessory"",""value"":""White Beanie""},{""trait_type"":""Eyes"",""value"":""Deal With It""}]"
262,5565823,0x5e710f419ff57c0548b2cc8aa7483961d64d4ea1e862ea6019d85680e861c034,"[{""trait_type"":""Background"",""value"":""blue""},{""trait_type"":""Body"",""value"":""Bot""},{""trait_type"":""Snout"",""value"":""Snout Wide""},{""trait_type"":""Spots"",""value"":""Spots 2""},{""trait_type"":""Tail"",""value"":""Tail 3""},{""trait_type"":""Head Accessory"",""value"":""Top Hat""},{""trait_type"":""Eyes"",""value"":""Green""},{""trait_type"":""Accessory"",""value"":""Hover Board""}]"
261,5564919,0x034fa154b6e4d171715ea093e3fa1a99355f28b067add8f303e388609488e650,"[{""trait_type"":""Background"",""value"":""Grey 2""},{""trait_type"":""Body"",""value"":""Gold""},{""trait_type"":""Snout"",""value"":""Regular Snout""},{""trait_type"":""Spots"",""value"":""Spots 2""},{""trait_type"":""Tail"",""value"":""Tail 1""},{""trait_type"":""Head Accessory"",""value"":""Top Hat""},{""trait_type"":""Eyes"",""value"":""Patch""}]"
260,5565806,0xfee02513f499cc23497070e980543cf31585b8bc80971da038b7b7f4a7a1e09e,"[{""trait_type"":""Background"",""value"":""blue""},{""trait_type"":""Body"",""value"":""Dusty Pink""},{""trait_type"":""Snout"",""value"":""Snout Snot""},{""trait_type"":""Spots"",""value"":""Spots 3""},{""trait_type"":""Tail"",""value"":""Tail 1""},{""trait_type"":""Head Accessory"",""value"":""Top Hat""},{""trait_type"":""Eyes"",""value"":""Black""}]"
259,5565579,0x5afd790cda7b81b098000265ab74d3678f561f4db1c4cdec4226c2432387976f,"[{""trait_type"":""Background"",""value"":""Pink""},{""trait_type"":""Body"",""value"":""Dusty Pink""},{""trait_type"":""Snout"",""value"":""Regular Snout""},{""trait_type"":""Spots"",""value"":""Spots 1""},{""trait_type"":""Tail"",""value"":""Tail 3""},{""trait_type"":""Head Accessory"",""value"":""Pepe""},{""trait_type"":""Eyes"",""value"":""Orange""}]"
258,5565733,0x2056d1ee09bb8f8d4d825859aa34d99a2c05f20c5cabc0c293311fdf5830c3f0,"[{""trait_type"":""Background"",""value"":""green""},{""trait_type"":""Body"",""value"":""Blood""},{""trait_type"":""Snout"",""value"":""Snout Wide""},{""trait_type"":""Tail"",""value"":""Tail 3""},{""trait_type"":""Head Accessory"",""value"":""Sad Cat""},{""trait_type"":""Eyes"",""value"":""Orange""},{""trait_type"":""Accessory"",""value"":""Mud Pit""}]"
257,5569520,0x67fdb043606937d24b90d2d7003452df0f62653a92478c116cfafb2c9b85e05b,"[{""trait_type"":""Background"",""value"":""Rose""},{""trait_type"":""Body"",""value"":""Blood""},{""trait_type"":""Snout"",""value"":""Snout Wide""},{""trait_type"":""Spots"",""value"":""Spots 3""},{""trait_type"":""Tail"",""value"":""Tail 1""},{""trait_type"":""Head Accessory"",""value"":""Top Hat""},{""trait_type"":""Eyes"",""value"":""Blue""},{""trait_type"":""Socks"",""value"":""Grandpa Socks""}]"
256,5564925,0x20fd5a5e9b37ba681bf53bbe9156cc41a199a6dcdff3c6f9eee097ffdf1d4a49,"[{""trait_type"":""Background"",""value"":""Grey""},{""trait_type"":""Body"",""value"":""Zombie""},{""trait_type"":""Snout"",""value"":""Snout Snot""},{""trait_type"":""Spots"",""value"":""Spots 1""},{""trait_type"":""Tail"",""value"":""Tail 2""},{""trait_type"":""Eyes"",""value"":""Red""}]"
255,5566022,0x42fd855f4c0897dfbd12b5cffaa6598f0a8fc87eef9f1388d9b50d8b71b558d2,"[{""trait_type"":""Background"",""value"":""pisser""},{""trait_type"":""Body"",""value"":""Dusty Pink""},{""trait_type"":""Snout"",""value"":""Snout Wide""},{""trait_type"":""Spots"",""value"":""Spots 1""},{""trait_type"":""Tail"",""value"":""Tail 2""},{""trait_type"":""Head Accessory"",""value"":""Blue Beanie""},{""trait_type"":""Eyes"",""value"":""Blue""},{""trait_type"":""Accessory"",""value"":""Mud Pit""}]"
254,5564793,0x9db10c5e146c5dbd1195a0018a8703ba1972d5e3f15c2cf42dc613ef985c4894,"[{""trait_type"":""Background"",""value"":""YEEEEET""},{""trait_type"":""Body"",""value"":""Ghost""},{""trait_type"":""Snout"",""value"":""Snout Wide""},{""trait_type"":""Spots"",""value"":""Spots 1""},{""trait_type"":""Tail"",""value"":""Tail 3""},{""trait_type"":""Head Accessory"",""value"":""Skateboard Cat""},{""trait_type"":""Eyes"",""value"":""Patch""},{""trait_type"":""Accessory"",""value"":""Hover Board""}]"
253,5565786,0x01d57bd5ae5ce651349c9c9c6e8bbdb6222cb1d7c2f28eaaea8956d4d33701c3,"[{""trait_type"":""Background"",""value"":""pisser""},{""trait_type"":""Body"",""value"":""Mold""},{""trait_type"":""Snout"",""value"":""Regular Snout""},{""trait_type"":""Tail"",""value"":""Tail 2""},{""trait_type"":""Head Accessory"",""value"":""Orange Cat""},{""trait_type"":""Eyes"",""value"":""Black""}]"
252,5565302,0x6cbf24d9101e660b38ce56fcefe66249ab1f09c8ddad0bc5c28a09e6bf0519fd,"[{""trait_type"":""Background"",""value"":""pisser""},{""trait_type"":""Body"",""value"":""Blood""},{""trait_type"":""Snout"",""value"":""Regular Snout""},{""trait_type"":""Tail"",""value"":""Tail 2""},{""trait_type"":""Head Accessory"",""value"":""Pepe""},{""trait_type"":""Eyes"",""value"":""Viper""}]"
251,5565536,0xe43ab7ea79c5b37f4f465599e3a6d86d53e875bfc524e0c38fafb0a51bb5a304,"[{""trait_type"":""Background"",""value"":""Rose""},{""trait_type"":""Body"",""value"":""Purp""},{""trait_type"":""Snout"",""value"":""Regular Snout""},{""trait_type"":""Tail"",""value"":""Tail 3""},{""trait_type"":""Head Accessory"",""value"":""Orange Beanie""},{""trait_type"":""Eyes"",""value"":""3D""},{""trait_type"":""Accessory"",""value"":""Explorer""}]"
250,5564814,0x8d12277d7fe7b74d5c8963cfd65489e73150de64d78c1c81fb58b0f4093e21c2,"[{""trait_type"":""Background"",""value"":""Grey 2""},{""trait_type"":""Body"",""value"":""Bot""},{""trait_type"":""Snout"",""value"":""Regular Snout""},{""trait_type"":""Spots"",""value"":""Spots 1""},{""trait_type"":""Tail"",""value"":""Tail 1""},{""trait_type"":""Head Accessory"",""value"":""Dino""},{""trait_type"":""Eyes"",""value"":""Patch""}]"
249,5566317,0x6e3f4ba9a66482a77d598a58aa4515eb550fd1d55d75f934b431efaf258953fd,"[{""trait_type"":""Background"",""value"":""Pink""},{""trait_type"":""Body"",""value"":""Dusty Pink""},{""trait_type"":""Snout"",""value"":""Snout Wide""},{""trait_type"":""Spots"",""value"":""Spots 3""},{""trait_type"":""Head Accessory"",""value"":""Grey Spinner""},{""trait_type"":""Eyes"",""value"":""Black""},{""trait_type"":""Accessory"",""value"":""SkateBoard""}]"
248,5564987,0x81dd0964de929e1884fdf4889a32765406d70329647f35070f5c3f51d174f0d9,"[{""trait_type"":""Background"",""value"":""Field""},{""trait_type"":""Body"",""value"":""Dusty Pink""},{""trait_type"":""Snout"",""value"":""Regular Snout""},{""trait_type"":""Spots"",""value"":""Spots 3""},{""trait_type"":""Tail"",""value"":""Tail 3""},{""trait_type"":""Head Accessory"",""value"":""Dino""},{""trait_type"":""Eyes"",""value"":""Orange""}]"
247,5565170,0xf2d504b7529f9d4c59e74aa3be72a23162c4cb3987e3a12f9126be727bd2c310,"[{""trait_type"":""Background"",""value"":""White""},{""trait_type"":""Body"",""value"":""Alien""},{""trait_type"":""Snout"",""value"":""Snout Wide""},{""trait_type"":""Spots"",""value"":""Spots 2""},{""trait_type"":""Tail"",""value"":""Tail 1""},{""trait_type"":""Eyes"",""value"":""Red""},{""trait_type"":""Wacky"",""value"":""Yes""},{""trait_type"":""Accessory"",""value"":""Explorer""}]"
246,5564964,0x25f277fd05357d53b8fec4fef4d73dde7ab97d914284b25af6cdf487390ae67e,"[{""trait_type"":""Background"",""value"":""White""},{""trait_type"":""Body"",""value"":""Ghost""},{""trait_type"":""Snout"",""value"":""Snout Snot""},{""trait_type"":""Spots"",""value"":""Spots 3""},{""trait_type"":""Tail"",""value"":""Tail 3""},{""trait_type"":""Eyes"",""value"":""Orange""},{""trait_type"":""Wacky"",""value"":""Yes""},{""trait_type"":""Socks"",""value"":""White Socks""}]"
245,5565353,0xda83b7f05eb9b925adb05d6df29281c28a21da7ad3f1d0ddb26e502bc22cd7cc,"[{""trait_type"":""Background"",""value"":""orange""},{""trait_type"":""Body"",""value"":""Pink""},{""trait_type"":""Snout"",""value"":""Regular Snout""},{""trait_type"":""Spots"",""value"":""Spots 1""},{""trait_type"":""Tail"",""value"":""Tail 3""},{""trait_type"":""Head Accessory"",""value"":""Pink Pepe""},{""trait_type"":""Eyes"",""value"":""Black""},{""trait_type"":""Accessory"",""value"":""Explorer""}]"
244,5565702,0x24b96e6be70291c95cb449c203dd3eda8a792fe590e154c4d78acb53f5df4d14,"[{""trait_type"":""Background"",""value"":""c3ff00""},{""trait_type"":""Body"",""value"":""Pink""},{""trait_type"":""Snout"",""value"":""Snout Snot""},{""trait_type"":""Spots"",""value"":""Spots 1""},{""trait_type"":""Tail"",""value"":""Tail 2""},{""trait_type"":""Head Accessory"",""value"":""Blue Beanie""},{""trait_type"":""Eyes"",""value"":""Patch""},{""trait_type"":""Accessory"",""value"":""Mud Pit""}]"
243,5564809,0x68d331c101731ff98356e5194e006f4ab24d4339126943457d292ffd20a7b96d,"[{""trait_type"":""Background"",""value"":""Pork Chart""},{""trait_type"":""Body"",""value"":""Alien""},{""trait_type"":""Snout"",""value"":""Regular Snout""},{""trait_type"":""Spots"",""value"":""Spots 3""},{""trait_type"":""Tail"",""value"":""Tail 2""},{""trait_type"":""Eyes"",""value"":""Viper""}]"
242,5565472,0xa7e7f762d3b3d0a6ddd0bf09c8312b7a8a3983d88b1bca00c1e6c6fa9fb74d45,"[{""trait_type"":""Background"",""value"":""Not Sunny""},{""trait_type"":""Body"",""value"":""Pink""},{""trait_type"":""Snout"",""value"":""Snout Snot""},{""trait_type"":""Spots"",""value"":""Spots 1""},{""trait_type"":""Tail"",""value"":""Tail 3""},{""trait_type"":""Head Accessory"",""value"":""Blue Cap""},{""trait_type"":""Eyes"",""value"":""Orange""}]"
241,5566033,0x3391b2de64718d352e9c141514837bc34509da56d52bf44fba7cf319b30484d8,"[{""trait_type"":""Background"",""value"":""Grey""},{""trait_type"":""Body"",""value"":""Mold""},{""trait_type"":""Snout"",""value"":""Regular Snout""},{""trait_type"":""Head Accessory"",""value"":""Grey Spinner""},{""trait_type"":""Eyes"",""value"":""3D""}]"
240,5566034,0xe5397f5ceca21b11f2e58b6e98c1cd984791f7b36359989f2144102fa65ed598,"[{""trait_type"":""Background"",""value"":""orange""},{""trait_type"":""Body"",""value"":""Purp""},{""trait_type"":""Snout"",""value"":""Snout Wide""},{""trait_type"":""Spots"",""value"":""Spots 3""},{""trait_type"":""Tail"",""value"":""Tail 3""},{""trait_type"":""Head Accessory"",""value"":""Top Hat""},{""trait_type"":""Eyes"",""value"":""Patch""}]"
239,5565513,0x8052a97626e68f74bf9692792c6cd692a282ff477817a149e52da77555b91593,"[{""trait_type"":""Background"",""value"":""c3ff00""},{""trait_type"":""Body"",""value"":""Pigdenza""},{""trait_type"":""Snout"",""value"":""Regular Snout""},{""trait_type"":""Eyes"",""value"":""Red""}]"
238,5565700,0x2824f33577f86d2b06b2fe6727c4d0b8f8f0bf7fb59ce072d0c65222b12ed807,"[{""trait_type"":""Background"",""value"":""YEEEEET""},{""trait_type"":""Body"",""value"":""Pink""},{""trait_type"":""Snout"",""value"":""Snout Snot""},{""trait_type"":""Spots"",""value"":""Spots 2""},{""trait_type"":""Tail"",""value"":""Tail 2""},{""trait_type"":""Eyes"",""value"":""Black""}]"
237,5566407,0xaef8d2ec70e2bf96587d302f06c9f28f64a85ee3a457ccb6808af3850dd0d83a,"[{""trait_type"":""Background"",""value"":""Rose""},{""trait_type"":""Body"",""value"":""Purp""},{""trait_type"":""Snout"",""value"":""Snout Wide""},{""trait_type"":""Tail"",""value"":""Tail 3""},{""trait_type"":""Head Accessory"",""value"":""Blue Cap""},{""trait_type"":""Eyes"",""value"":""Deal With It""}]"
236,5565835,0x82e54ba97e2ce890a9c9bf9361537acf8942774290c1fe3ae70b6e531aaf3148,"[{""trait_type"":""Background"",""value"":""purple""},{""trait_type"":""Body"",""value"":""Dusty Pink""},{""trait_type"":""Snout"",""value"":""Regular Snout""},{""trait_type"":""Spots"",""value"":""Spots 1""},{""trait_type"":""Tail"",""value"":""Tail 2""},{""trait_type"":""Eyes"",""value"":""Deal With It""},{""trait_type"":""Socks"",""value"":""White Socks""}]"
235,5565910,0xe84a0a9a9102b6c8b32b33a77cc7e55095422ca295370f21088bfb5f14a88770,"[{""trait_type"":""Background"",""value"":""Rose""},{""trait_type"":""Body"",""value"":""Dusty Pink""},{""trait_type"":""Snout"",""value"":""Regular Snout""},{""trait_type"":""Tail"",""value"":""Tail 3""},{""trait_type"":""Head Accessory"",""value"":""Top Hat""},{""trait_type"":""Eyes"",""value"":""Orange""}]"
234,5566345,0x3cdc6f70fbac5f30b8d6385fff9819682ee7cfd5b3cfc2fd210969228e39013d,"[{""trait_type"":""Background"",""value"":""purple""},{""trait_type"":""Body"",""value"":""Bot""},{""trait_type"":""Snout"",""value"":""Regular Snout""},{""trait_type"":""Spots"",""value"":""Spots 3""},{""trait_type"":""Tail"",""value"":""Tail 2""},{""trait_type"":""Eyes"",""value"":""Orange""}]"
233,5565877,0x470ce55ec93d360e9aaa41eac5c6e1b9d40b529c38e0b080482c59f81e6839e3,"[{""trait_type"":""Background"",""value"":""Rose""},{""trait_type"":""Body"",""value"":""Pink""},{""trait_type"":""Snout"",""value"":""Regular Snout""},{""trait_type"":""Spots"",""value"":""Spots 1""},{""trait_type"":""Tail"",""value"":""Tail 3""},{""trait_type"":""Head Accessory"",""value"":""Sad Cat""},{""trait_type"":""Eyes"",""value"":""Deal With It""},{""trait_type"":""Accessory"",""value"":""SkateBoard""}]"
232,5565403,0x6ec7a581bbc8fba9ed77e702788aba8e659daf7ca42cb65ac6067a5adf367c27,"[{""trait_type"":""Background"",""value"":""YEEEEET""},{""trait_type"":""Body"",""value"":""Pink""},{""trait_type"":""Snout"",""value"":""Regular Snout""},{""trait_type"":""Spots"",""value"":""Spots 1""},{""trait_type"":""Tail"",""value"":""Tail 1""},{""trait_type"":""Head Accessory"",""value"":""Grey Beanie""},{""trait_type"":""Eyes"",""value"":""Green""}]"
231,5566124,0x38a92c98da1061dfd1ef7589da042aee74a94e077a18882fa6223c670273b469,"[{""trait_type"":""Background"",""value"":""Grey 2""},{""trait_type"":""Body"",""value"":""Purp""},{""trait_type"":""Snout"",""value"":""Regular Snout""},{""trait_type"":""Eyes"",""value"":""Deal With It""},{""trait_type"":""Accessory"",""value"":""Mud Pit""}]"
230,5564979,0x21df32fe723d910f6dde5250a5bbf022e46e0df52295a8bd2d3b5b5749420b74,"[{""trait_type"":""Background"",""value"":""green""},{""trait_type"":""Body"",""value"":""Alien""},{""trait_type"":""Snout"",""value"":""Regular Snout""},{""trait_type"":""Spots"",""value"":""Spots 3""},{""trait_type"":""Head Accessory"",""value"":""Cap Back Red""},{""trait_type"":""Eyes"",""value"":""3D""}]"
229,5565398,0xf72c29c8974366a1eacf5da40070c6b2202e41d2c75eac6b3f3b97d8ee098471,"[{""trait_type"":""Background"",""value"":""YEEEEET""},{""trait_type"":""Body"",""value"":""Pink""},{""trait_type"":""Snout"",""value"":""Regular Snout""},{""trait_type"":""Tail"",""value"":""Tail 3""},{""trait_type"":""Head Accessory"",""value"":""Crown""},{""trait_type"":""Eyes"",""value"":""3D""}]"
228,5565421,0xc9b5381ddbaeffbbcaaac3e7ca9cb607cd8e81f3809d4ba8d992e252c6fe6a68,"[{""trait_type"":""Background"",""value"":""c3ff00""},{""trait_type"":""Body"",""value"":""Dusty Pink""},{""trait_type"":""Snout"",""value"":""Snout Wide""},{""trait_type"":""Spots"",""value"":""Spots 2""},{""trait_type"":""Tail"",""value"":""Tail 1""},{""trait_type"":""Head Accessory"",""value"":""Cowboy Hat""},{""trait_type"":""Eyes"",""value"":""Red""},{""trait_type"":""Accessory"",""value"":""Hover Board""}]"
227,5564866,0x1eb420181b52499a0260bc6fc1441906704956423931e9800773e3184ab57b67,"[{""trait_type"":""Background"",""value"":""c3ff00""},{""trait_type"":""Body"",""value"":""Alien""},{""trait_type"":""Snout"",""value"":""Regular Snout""},{""trait_type"":""Spots"",""value"":""Spots 3""},{""trait_type"":""Tail"",""value"":""Tail 3""},{""trait_type"":""Eyes"",""value"":""Deal With It""}]"
226,5564944,0xbbd6c350bc4065ce8d081fab7def7ffead518c1fc767d0d5c6acfbcd8898b656,"[{""trait_type"":""Background"",""value"":""Pink""},{""trait_type"":""Body"",""value"":""Blood""},{""trait_type"":""Snout"",""value"":""Snout Snot""},{""trait_type"":""Spots"",""value"":""Spots 1""},{""trait_type"":""Tail"",""value"":""Tail 1""},{""trait_type"":""Head Accessory"",""value"":""Deal With It Pepe""},{""trait_type"":""Eyes"",""value"":""Deal With It""},{""trait_type"":""Accessory"",""value"":""Mud Pit""}]"
225,5565909,0x6545ec0e6fa9826a14182499a96ce7cab081f2c157a2349e9767d1c0bfbf5ace,"[{""trait_type"":""Background"",""value"":""aqua""},{""trait_type"":""Body"",""value"":""Dusty Pink""},{""trait_type"":""Snout"",""value"":""Snout Wide""},{""trait_type"":""Tail"",""value"":""Tail 1""},{""trait_type"":""Eyes"",""value"":""Blue""}]"
224,5565240,0x9a7705e90fbb8da917a130a7fdd73dcc040dfe32fc64fadfcc1d30b6da968da4,"[{""trait_type"":""Background"",""value"":""blue""},{""trait_type"":""Body"",""value"":""Purp""},{""trait_type"":""Snout"",""value"":""Snout Snot""},{""trait_type"":""Spots"",""value"":""Spots 2""},{""trait_type"":""Tail"",""value"":""Tail 2""},{""trait_type"":""Head Accessory"",""value"":""Grey Spinner""},{""trait_type"":""Eyes"",""value"":""Black""},{""trait_type"":""Socks"",""value"":""White Socks""},{""trait_type"":""Accessory"",""value"":""Explorer""}]"
223,5565666,0x7d1a5e9ec6a6927e0c9ccf023527906aed3cd85508cf5855d8107b910532ae93,"[{""trait_type"":""Background"",""value"":""c3ff00""},{""trait_type"":""Body"",""value"":""Dusty Pink""},{""trait_type"":""Snout"",""value"":""Snout Wide""},{""trait_type"":""Tail"",""value"":""Tail 1""},{""trait_type"":""Eyes"",""value"":""3D""},{""trait_type"":""Socks"",""value"":""White Socks""}]"
222,5565357,0x0b46752bd89f28cfaf20144d9579cd2c92b76a867fc9bf1dac85d66af61fb86f,"[{""trait_type"":""Background"",""value"":""c3ff00""},{""trait_type"":""Body"",""value"":""Purp""},{""trait_type"":""Snout"",""value"":""Snout Wide""},{""trait_type"":""Head Accessory"",""value"":""Cap Back Red""},{""trait_type"":""Eyes"",""value"":""Blue""}]"
221,5565908,0x299d62032a5286d233fae9db8fc3da7239ee0e32f0d93ae26f343825a67bfb83,"[{""trait_type"":""Background"",""value"":""Rose""},{""trait_type"":""Body"",""value"":""Pink""},{""trait_type"":""Snout"",""value"":""Snout Wide""},{""trait_type"":""Spots"",""value"":""Spots 3""},{""trait_type"":""Tail"",""value"":""Tail 2""},{""trait_type"":""Head Accessory"",""value"":""Grey Spinner""},{""trait_type"":""Eyes"",""value"":""Black""},{""trait_type"":""Socks"",""value"":""Grandpa Socks""},{""trait_type"":""Accessory"",""value"":""Mud Pit""}]"
220,5564870,0x658bd146f894f9ce1ece9501b3ed6bc70de90e618545c8c85b0e69b5ba15ac09,"[{""trait_type"":""Background"",""value"":""Pork Chart""},{""trait_type"":""Body"",""value"":""Alien""},{""trait_type"":""Snout"",""value"":""Regular Snout""},{""trait_type"":""Spots"",""value"":""Spots 2""},{""trait_type"":""Tail"",""value"":""Tail 2""},{""trait_type"":""Eyes"",""value"":""Alien""}]"
219,5565903,0xf52f02176bacc23c04dad392fe92e49d23f9abfe95ce87e3c7cad3f42fa38558,"[{""trait_type"":""Background"",""value"":""c3ff00""},{""trait_type"":""Body"",""value"":""Pink""},{""trait_type"":""Snout"",""value"":""Regular Snout""},{""trait_type"":""Spots"",""value"":""Spots 2""},{""trait_type"":""Tail"",""value"":""Tail 1""},{""trait_type"":""Eyes"",""value"":""Red""}]"
218,5565355,0x53dd6b252af8e4b8b06f23030d1d788d903a936abfeaa32b9da395eda6ebff98,"[{""trait_type"":""Background"",""value"":""YEEEEET""},{""trait_type"":""Body"",""value"":""Pink""},{""trait_type"":""Snout"",""value"":""Snout Wide""},{""trait_type"":""Tail"",""value"":""Tail 2""},{""trait_type"":""Eyes"",""value"":""Black""}]"
217,5565672,0x5fc2968a5a3b717ca2bb0dad53f1573559e538b63a4df5d9b9b98fec202f3e9a,"[{""trait_type"":""Background"",""value"":""c3ff00""},{""trait_type"":""Body"",""value"":""Blood""},{""trait_type"":""Snout"",""value"":""Regular Snout""},{""trait_type"":""Spots"",""value"":""Spots 1""},{""trait_type"":""Tail"",""value"":""Tail 3""},{""trait_type"":""Head Accessory"",""value"":""Orange Beanie""},{""trait_type"":""Eyes"",""value"":""Red""},{""trait_type"":""Accessory"",""value"":""Mud Pit""}]"
216,5565794,0x5a6c105384cf847b1ef7d2f6662f1540f6fa67e1e25531dc0bd1c59666dc3b99,"[{""trait_type"":""Background"",""value"":""aqua""},{""trait_type"":""Body"",""value"":""Purp""},{""trait_type"":""Snout"",""value"":""Regular Snout""},{""trait_type"":""Spots"",""value"":""Spots 3""},{""trait_type"":""Head Accessory"",""value"":""Dino""},{""trait_type"":""Eyes"",""value"":""Blue""},{""trait_type"":""Accessory"",""value"":""Mud Pit""}]"
215,5566002,0x2942ff2aa490aef102b2574c1fd50351acdf24bc8322fb31ba376857c2eb31cb,"[{""trait_type"":""Background"",""value"":""purple""},{""trait_type"":""Body"",""value"":""Mold""},{""trait_type"":""Snout"",""value"":""Regular Snout""},{""trait_type"":""Spots"",""value"":""Spots 3""},{""trait_type"":""Tail"",""value"":""Tail 1""},{""trait_type"":""Head Accessory"",""value"":""Sad Cat""},{""trait_type"":""Eyes"",""value"":""Viper""}]"
214,5565914,0xd84150a51eafbe25e691d9262c33f81325e8e7c1485707e842ef4ad1aae9b32b,"[{""trait_type"":""Background"",""value"":""aqua""},{""trait_type"":""Body"",""value"":""Pink""},{""trait_type"":""Snout"",""value"":""Regular Snout""},{""trait_type"":""Spots"",""value"":""Spots 3""},{""trait_type"":""Tail"",""value"":""Tail 3""},{""trait_type"":""Head Accessory"",""value"":""Skateboard Cat""},{""trait_type"":""Eyes"",""value"":""Deal With It""}]"
213,5566037,0x43d7e7971545f8ecb1d5d7fa4e380872801814087dbb94bf8e6a674e8069e745,"[{""trait_type"":""Background"",""value"":""green""},{""trait_type"":""Body"",""value"":""Blood""},{""trait_type"":""Snout"",""value"":""Regular Snout""},{""trait_type"":""Spots"",""value"":""Spots 3""},{""trait_type"":""Tail"",""value"":""Tail 1""},{""trait_type"":""Head Accessory"",""value"":""Sad Cat""},{""trait_type"":""Eyes"",""value"":""Red""}]"
212,5564804,0x39002022194d64e9cca9eea0ccf0aa0843f0cc533843a738b30f9ae9cbcc67ee,"[{""trait_type"":""Background"",""value"":""YEEEEET""},{""trait_type"":""Body"",""value"":""Ghost""},{""trait_type"":""Snout"",""value"":""Snout Snot""},{""trait_type"":""Spots"",""value"":""Spots 2""},{""trait_type"":""Tail"",""value"":""Tail 1""},{""trait_type"":""Eyes"",""value"":""Patch""}]"
211,5565167,0x00235fb4f3172dc05c46b21789cc7fafa38fc6542d3e3567a39f18c83f30c1a3,"[{""trait_type"":""Background"",""value"":""Grey""},{""trait_type"":""Body"",""value"":""Zombie""},{""trait_type"":""Snout"",""value"":""Regular Snout""},{""trait_type"":""Spots"",""value"":""Spots 3""},{""trait_type"":""Tail"",""value"":""Tail 1""},{""trait_type"":""Eyes"",""value"":""Orange""},{""trait_type"":""Accessory"",""value"":""Hover Board""}]"
210,5565244,0x51252a6e4bb3b4cdd854be78438d2ecc5db7433157fcd95f4299b66fd83bff66,"[{""trait_type"":""Background"",""value"":""Brown""},{""trait_type"":""Body"",""value"":""Pink""},{""trait_type"":""Snout"",""value"":""Snout Wide""},{""trait_type"":""Tail"",""value"":""Tail 1""},{""trait_type"":""Head Accessory"",""value"":""Pepe""},{""trait_type"":""Eyes"",""value"":""Red""}]"
209,5565338,0xa03e1f242ff11a610833c1ce186fd8a2e9e03c80a619bfcee95c38cce2fa0981,"[{""trait_type"":""Background"",""value"":""green""},{""trait_type"":""Body"",""value"":""Blood""},{""trait_type"":""Snout"",""value"":""Regular Snout""},{""trait_type"":""Spots"",""value"":""Spots 1""},{""trait_type"":""Tail"",""value"":""Tail 3""},{""trait_type"":""Head Accessory"",""value"":""Dino""},{""trait_type"":""Eyes"",""value"":""Black""},{""trait_type"":""Socks"",""value"":""White Socks""},{""trait_type"":""Accessory"",""value"":""Mud Pit""}]"
208,5565743,0xb51d932f39ef02d1b1255d932d8b8ad9f056301f52abddfdc6587ef919c2d275,"[{""trait_type"":""Background"",""value"":""pisser""},{""trait_type"":""Body"",""value"":""Purp""},{""trait_type"":""Snout"",""value"":""Regular Snout""},{""trait_type"":""Tail"",""value"":""Tail 1""},{""trait_type"":""Head Accessory"",""value"":""Beanie""},{""trait_type"":""Eyes"",""value"":""Green""}]"
207,5565632,0xb3c0a9bb9c24938b6ac234048579aa0f602112cba66cf750cd384d314a7edc8a,"[{""trait_type"":""Background"",""value"":""Grey""},{""trait_type"":""Body"",""value"":""Blood""},{""trait_type"":""Snout"",""value"":""Snout Wide""},{""trait_type"":""Tail"",""value"":""Probe""},{""trait_type"":""Eyes"",""value"":""Viper""},{""trait_type"":""Socks"",""value"":""White Socks""},{""trait_type"":""Accessory"",""value"":""SkateBoard""}]"
206,5566533,0xcc1bb444e6503796a9501919b96e668363dbb2dc997c27f32f3183b46f5a93c8,"[{""trait_type"":""Background"",""value"":""Brown""},{""trait_type"":""Body"",""value"":""Pink""},{""trait_type"":""Snout"",""value"":""Regular Snout""},{""trait_type"":""Spots"",""value"":""Spots 1""},{""trait_type"":""Tail"",""value"":""Tail 1""},{""trait_type"":""Head Accessory"",""value"":""Blue Cap""},{""trait_type"":""Eyes"",""value"":""Blue""},{""trait_type"":""Socks"",""value"":""Grandpa Socks""},{""trait_type"":""Accessory"",""value"":""SkateBoard""}]"
205,5565684,0xf8c498e7e8fa42aa68ec615895af12d441e2bb048b61c80befffb197d245ca7d,"[{""trait_type"":""Background"",""value"":""aqua""},{""trait_type"":""Body"",""value"":""Mold""},{""trait_type"":""Snout"",""value"":""Snout Wide""},{""trait_type"":""Spots"",""value"":""Spots 1""},{""trait_type"":""Tail"",""value"":""Tail 1""},{""trait_type"":""Head Accessory"",""value"":""Grey Spinner""},{""trait_type"":""Eyes"",""value"":""Viper""},{""trait_type"":""Socks"",""value"":""White Socks""}]"
204,5565118,0xddf628bda411c459165c50d1c2b66a10047dfd34886225cbc8c1db564d31fdf7,"[{""trait_type"":""Background"",""value"":""c3ff00""},{""trait_type"":""Body"",""value"":""Gold""},{""trait_type"":""Snout"",""value"":""Snout Snot""},{""trait_type"":""Spots"",""value"":""Spots 2""},{""trait_type"":""Tail"",""value"":""Tail 2""},{""trait_type"":""Eyes"",""value"":""Green""},{""trait_type"":""Accessory"",""value"":""SkateBoard""}]"
203,5564810,0x0664617bf679e4c96e6cc710be4859b5d84c5c7bd46f9de1fadb8d9d0a3c915e,"[{""trait_type"":""Background"",""value"":""Field""},{""trait_type"":""Body"",""value"":""Blood""},{""trait_type"":""Snout"",""value"":""Regular Snout""},{""trait_type"":""Tail"",""value"":""Probe""},{""trait_type"":""Eyes"",""value"":""Red""},{""trait_type"":""Socks"",""value"":""White Socks""}]"
202,5565683,0x999a43cab2b08de6f38e6c7f89451916cdd5306636197af2c51fb406ea45066d,"[{""trait_type"":""Background"",""value"":""green""},{""trait_type"":""Body"",""value"":""Dusty Pink""},{""trait_type"":""Snout"",""value"":""Snout Wide""},{""trait_type"":""Spots"",""value"":""Spots 1""},{""trait_type"":""Tail"",""value"":""Tail 2""},{""trait_type"":""Head Accessory"",""value"":""Top Hat""},{""trait_type"":""Eyes"",""value"":""Viper""},{""trait_type"":""Accessory"",""value"":""Mud Pit""}]"
201,5565383,0xe6211d4cf963870a617eaeaabdce00bd095dc85cd8e4de21bc2c2b2f74c2f9a7,"[{""trait_type"":""Background"",""value"":""Rose""},{""trait_type"":""Body"",""value"":""Blood""},{""trait_type"":""Snout"",""value"":""Snout Wide""},{""trait_type"":""Spots"",""value"":""Spots 3""},{""trait_type"":""Tail"",""value"":""Tail 3""},{""trait_type"":""Head Accessory"",""value"":""Deal With It Pepe""},{""trait_type"":""Eyes"",""value"":""Red""}]"
200,5565874,0xbd726642bc59aeb35f523a0831e8f403e08d50f3dba0840d9e4f219635fdbefa,"[{""trait_type"":""Background"",""value"":""Grey 2""},{""trait_type"":""Body"",""value"":""Bot""},{""trait_type"":""Snout"",""value"":""Snout Snot""},{""trait_type"":""Tail"",""value"":""Tail 1""},{""trait_type"":""Head Accessory"",""value"":""Cap Back Red""},{""trait_type"":""Eyes"",""value"":""Blue""},{""trait_type"":""Socks"",""value"":""Grandpa Socks""}]"
199,5565169,0x1ab047d8a820e1a69ea925ad9f81bef9a04017e0d066143f6fe3d0424f482343,"[{""trait_type"":""Background"",""value"":""orange""},{""trait_type"":""Body"",""value"":""Zombie""},{""trait_type"":""Snout"",""value"":""Snout Snot""},{""trait_type"":""Spots"",""value"":""Spots 3""},{""trait_type"":""Tail"",""value"":""Tail 1""},{""trait_type"":""Eyes"",""value"":""Viper""},{""trait_type"":""Socks"",""value"":""Grandpa Socks""}]"
198,5565783,0x47afab224f13b04279225a0228e2fed58ee8bb8b9149650d7a138da3804b36a5,"[{""trait_type"":""Background"",""value"":""green""},{""trait_type"":""Body"",""value"":""Mold""},{""trait_type"":""Snout"",""value"":""Snout Wide""},{""trait_type"":""Tail"",""value"":""Tail 2""},{""trait_type"":""Eyes"",""value"":""3D""},{""trait_type"":""Accessory"",""value"":""Mud Pit""}]"
197,5566021,0x4da0596487778dc985a2089dde477fbcfc4a8a85c5c4632b3c2ab6fb0d1627c5,"[{""trait_type"":""Background"",""value"":""Grey 2""},{""trait_type"":""Body"",""value"":""Purp""},{""trait_type"":""Snout"",""value"":""Snout Wide""},{""trait_type"":""Tail"",""value"":""Tail 3""},{""trait_type"":""Head Accessory"",""value"":""Orange Beanie""},{""trait_type"":""Eyes"",""value"":""Red""},{""trait_type"":""Accessory"",""value"":""SkateBoard""}]"
196,5565162,0x089eb4feb6ef39d32eb5abef76306cb762b99a7126beadf21f6fdb0b8dcf3366,"[{""trait_type"":""Background"",""value"":""purple""},{""trait_type"":""Body"",""value"":""Zombie""},{""trait_type"":""Snout"",""value"":""Snout Wide""},{""trait_type"":""Spots"",""value"":""Spots 3""},{""trait_type"":""Tail"",""value"":""Probe""},{""trait_type"":""Head Accessory"",""value"":""Orange Beanie""},{""trait_type"":""Eyes"",""value"":""Orange""}]"
195,5566220,0x7072600427de5763fd32600be3a0cd55fce3a5411873ee04f6068a1fb2561e3a,"[{""trait_type"":""Background"",""value"":""green""},{""trait_type"":""Body"",""value"":""Purp""},{""trait_type"":""Snout"",""value"":""Snout Wide""},{""trait_type"":""Spots"",""value"":""Spots 1""},{""trait_type"":""Tail"",""value"":""Tail 1""},{""trait_type"":""Head Accessory"",""value"":""Grey Spinner""},{""trait_type"":""Eyes"",""value"":""3D""}]"
194,5565832,0xadc872ec3f55b1bc85df12f4dc777f071a0723232f892bc57c02c8cb10f3817f,"[{""trait_type"":""Background"",""value"":""blue""},{""trait_type"":""Body"",""value"":""Bot""},{""trait_type"":""Snout"",""value"":""Snout Snot""},{""trait_type"":""Spots"",""value"":""Spots 3""},{""trait_type"":""Tail"",""value"":""Tail 2""},{""trait_type"":""Head Accessory"",""value"":""Blue Cap""},{""trait_type"":""Eyes"",""value"":""Black""}]"
193,5567895,0x96fd92bac6e192e34f3abbd431c94881ff2fdba447303b9870733feee77ad142,"[{""trait_type"":""Background"",""value"":""Pink""},{""trait_type"":""Body"",""value"":""Pink""},{""trait_type"":""Snout"",""value"":""Regular Snout""},{""trait_type"":""Tail"",""value"":""Tail 1""},{""trait_type"":""Eyes"",""value"":""Green""}]"
192,5565512,0x5682b305ca6666ce163ef23dbd8567d41fe9b00ff5a62c688989e8b92742142d,"[{""trait_type"":""Background"",""value"":""Pink""},{""trait_type"":""Body"",""value"":""Pigdenza""},{""trait_type"":""Snout"",""value"":""Snout Wide""},{""trait_type"":""Head Accessory"",""value"":""Blue Beanie""},{""trait_type"":""Eyes"",""value"":""Red""}]"
191,5565494,0xe52ceb89289d4201f84371e935448de05adaaad36921bac1891a5c069e9c1456,"[{""trait_type"":""Background"",""value"":""Pink""},{""trait_type"":""Body"",""value"":""Pink""},{""trait_type"":""Snout"",""value"":""Snout Snot""},{""trait_type"":""Tail"",""value"":""Tail 1""},{""trait_type"":""Head Accessory"",""value"":""Pink Pepe""},{""trait_type"":""Eyes"",""value"":""Blue""},{""trait_type"":""Accessory"",""value"":""Mud Pit""}]"
190,5565645,0x51039fac6457820bf4ad254eea0400ca1598bf3a9aa86b01f4c6c67c617d5cd9,"[{""trait_type"":""Background"",""value"":""YEEEEET""},{""trait_type"":""Body"",""value"":""Mold""},{""trait_type"":""Snout"",""value"":""Regular Snout""},{""trait_type"":""Tail"",""value"":""Tail 1""},{""trait_type"":""Head Accessory"",""value"":""Turd Cat""},{""trait_type"":""Eyes"",""value"":""Red""}]"
189,5564891,0xe5dd557691246f6f223a98c01c3f8d452be004f647df247faa2bae5ed051d76d,"[{""trait_type"":""Background"",""value"":""purple""},{""trait_type"":""Body"",""value"":""Mold""},{""trait_type"":""Snout"",""value"":""Regular Snout""},{""trait_type"":""Spots"",""value"":""Spots 1""},{""trait_type"":""Tail"",""value"":""Tail 1""},{""trait_type"":""Head Accessory"",""value"":""Orange Beanie""},{""trait_type"":""Eyes"",""value"":""Viper""},{""trait_type"":""Accessory"",""value"":""Mud Pit""}]"
188,5565129,0xad3ca5e93b71df5df3b4a593aba275877d7626cc3b7d5726d8174e0884dbf609,"[{""trait_type"":""Background"",""value"":""White""},{""trait_type"":""Body"",""value"":""Mold""},{""trait_type"":""Snout"",""value"":""Snout Wide""},{""trait_type"":""Spots"",""value"":""Spots 2""},{""trait_type"":""Tail"",""value"":""Tail 2""},{""trait_type"":""Eyes"",""value"":""3D""},{""trait_type"":""Wacky"",""value"":""Yes""},{""trait_type"":""Accessory"",""value"":""Hover Board""}]"
187,5566580,0x46296a8d7559522d532b5f87ee84d2a84d56c922b48a0062287f06f2e9219d8c,"[{""trait_type"":""Background"",""value"":""pisser""},{""trait_type"":""Body"",""value"":""Blood""},{""trait_type"":""Snout"",""value"":""Regular Snout""},{""trait_type"":""Spots"",""value"":""Spots 2""},{""trait_type"":""Tail"",""value"":""Tail 3""},{""trait_type"":""Head Accessory"",""value"":""Blue Cap""},{""trait_type"":""Eyes"",""value"":""Blue""}]"
186,5566315,0xeb2c12bb347fa154e95886da4a25b18f4214ce3e2ef59b5de47bb8f782c8cc83,"[{""trait_type"":""Background"",""value"":""Rose""},{""trait_type"":""Body"",""value"":""Dusty Pink""},{""trait_type"":""Snout"",""value"":""Regular Snout""},{""trait_type"":""Spots"",""value"":""Spots 3""},{""trait_type"":""Tail"",""value"":""Tail 2""},{""trait_type"":""Eyes"",""value"":""3D""}]"
185,5565778,0x8faaa1ef82e83d1163b39bab6800dda1a61c0eb220ae21da6853cb347ac12df5,"[{""trait_type"":""Background"",""value"":""Sunny""},{""trait_type"":""Body"",""value"":""Pink""},{""trait_type"":""Snout"",""value"":""Snout Wide""},{""trait_type"":""Spots"",""value"":""Spots 3""},{""trait_type"":""Tail"",""value"":""Tail 3""},{""trait_type"":""Eyes"",""value"":""Patch""}]"
184,5565566,0xb0431c839c1371478dc75f80ad2178071d5713cfe210848a39236b228f5038ea,"[{""trait_type"":""Background"",""value"":""green""},{""trait_type"":""Body"",""value"":""Bot""},{""trait_type"":""Snout"",""value"":""Regular Snout""},{""trait_type"":""Spots"",""value"":""Spots 1""},{""trait_type"":""Tail"",""value"":""Tail 2""},{""trait_type"":""Head Accessory"",""value"":""Sad Cat""},{""trait_type"":""Eyes"",""value"":""Black""}]"
183,5565194,0x42013f7def764459c01619e6b33406a37918be19648fe7656ef6b2451255bec0,"[{""trait_type"":""Background"",""value"":""Grey 2""},{""trait_type"":""Body"",""value"":""Zombie""},{""trait_type"":""Snout"",""value"":""Snout Wide""},{""trait_type"":""Spots"",""value"":""Spots 1""},{""trait_type"":""Tail"",""value"":""Tail 3""},{""trait_type"":""Head Accessory"",""value"":""Top Hat""},{""trait_type"":""Eyes"",""value"":""Red""},{""trait_type"":""Accessory"",""value"":""Hover Board""}]"
182,5565007,0xd768fc83f8255d17bb88468dc75f7c2458f31a15bbf48dbd90396183e4fa497d,"[{""trait_type"":""Background"",""value"":""YEEEEET""},{""trait_type"":""Body"",""value"":""Ghost""},{""trait_type"":""Snout"",""value"":""Snout Wide""},{""trait_type"":""Spots"",""value"":""Spots 1""},{""trait_type"":""Tail"",""value"":""Tail 3""},{""trait_type"":""Eyes"",""value"":""Orange""},{""trait_type"":""Accessory"",""value"":""Hover Board""}]"
181,5565871,0x3439ea2956cd041a223d6946ea4aa920b6110e1797408525cd8f31adf16335d4,"[{""trait_type"":""Background"",""value"":""Sunny""},{""trait_type"":""Body"",""value"":""Dusty Pink""},{""trait_type"":""Snout"",""value"":""Snout Wide""},{""trait_type"":""Spots"",""value"":""Spots 1""},{""trait_type"":""Tail"",""value"":""Tail 1""},{""trait_type"":""Head Accessory"",""value"":""Top Hat""},{""trait_type"":""Eyes"",""value"":""3D""}]"
180,5566104,0x777976def69bc6b69d5e0e6ab8b79168f88a1ec95d4067ef2ce8fedf780b08ad,"[{""trait_type"":""Background"",""value"":""YEEEEET""},{""trait_type"":""Body"",""value"":""Purp""},{""trait_type"":""Snout"",""value"":""Regular Snout""},{""trait_type"":""Tail"",""value"":""Tail 2""},{""trait_type"":""Head Accessory"",""value"":""Blue Cap""},{""trait_type"":""Eyes"",""value"":""Deal With It""}]"
179,5565208,0x65f14329765513e1eeaef3f9c086d50c67bb341c054cc0ccecd1a9694a9b7e7c,"[{""trait_type"":""Background"",""value"":""Sunny""},{""trait_type"":""Body"",""value"":""Bot""},{""trait_type"":""Snout"",""value"":""Regular Snout""},{""trait_type"":""Spots"",""value"":""Spots 3""},{""trait_type"":""Tail"",""value"":""Tail 1""},{""trait_type"":""Eyes"",""value"":""Black""}]"
178,5565884,0xd975acf7cea7ef86205d70a7759396c57021b1947679f95e4571481faf5fc65f,"[{""trait_type"":""Background"",""value"":""Grey 2""},{""trait_type"":""Body"",""value"":""Dusty Pink""},{""trait_type"":""Snout"",""value"":""Snout Wide""},{""trait_type"":""Spots"",""value"":""Spots 1""},{""trait_type"":""Tail"",""value"":""Tail 1""},{""trait_type"":""Head Accessory"",""value"":""Orange Beanie""},{""trait_type"":""Eyes"",""value"":""Blue""}]"
177,5565797,0x27804cb0dca971ac9a16af5feee7dce28fa4e10ba988691b8fc64edc09145a66,"[{""trait_type"":""Background"",""value"":""blue""},{""trait_type"":""Body"",""value"":""Pigdenza""},{""trait_type"":""Snout"",""value"":""Snout Wide""},{""trait_type"":""Spots"",""value"":""spots 3""},{""trait_type"":""Tail"",""value"":""tail 3""},{""trait_type"":""Eyes"",""value"":""Black""},{""trait_type"":""Socks"",""value"":""Grandpa Socks""}]"
176,5566129,0xcfa964f087e7ba3513f719514f33d99d0bfa062dcafb94d691276016b1802296,"[{""trait_type"":""Background"",""value"":""Rose""},{""trait_type"":""Body"",""value"":""Bot""},{""trait_type"":""Snout"",""value"":""Regular Snout""},{""trait_type"":""Tail"",""value"":""Tail 2""},{""trait_type"":""Eyes"",""value"":""Patch""}]"
175,5565870,0x4dc31c2909b15972370f14a0d13592a2d369ab3a3c2b29031fe6eccd79269cf4,"[{""trait_type"":""Background"",""value"":""purple""},{""trait_type"":""Body"",""value"":""Bot""},{""trait_type"":""Snout"",""value"":""Snout Wide""},{""trait_type"":""Tail"",""value"":""Tail 3""},{""trait_type"":""Head Accessory"",""value"":""Top Hat""},{""trait_type"":""Eyes"",""value"":""Blue""}]"
174,5565314,0x92d7b2a4e6e58c5f478c07f37fcd56fed50eeba958560f52f07ca53df9c7e1fa,"[{""trait_type"":""Background"",""value"":""orange""},{""trait_type"":""Body"",""value"":""Dusty Pink""},{""trait_type"":""Snout"",""value"":""Regular Snout""},{""trait_type"":""Spots"",""value"":""Spots 3""},{""trait_type"":""Tail"",""value"":""Tail 3""},{""trait_type"":""Head Accessory"",""value"":""Crown""},{""trait_type"":""Eyes"",""value"":""Red""},{""trait_type"":""Accessory"",""value"":""SkateBoard""}]"
173,5564785,0x3b56949bffe9b60fe62ff74a6819aa1c90b9f2d5fc69fa8709910b37d03b752f,"[{""trait_type"":""Background"",""value"":""Matrix""},{""trait_type"":""Body"",""value"":""Gold""},{""trait_type"":""Snout"",""value"":""Regular Snout""},{""trait_type"":""Spots"",""value"":""Spots 1""},{""trait_type"":""Tail"",""value"":""Tail 2""},{""trait_type"":""Head Accessory"",""value"":""Grey Spinner""},{""trait_type"":""Eyes"",""value"":""Black""}]"
172,5565583,0xecaccf669856df416ad815471fc3bdbc75c62c231a4af9bad0f8e875b601e5cf,"[{""trait_type"":""Background"",""value"":""Pork Chart""},{""trait_type"":""Body"",""value"":""Pink""},{""trait_type"":""Snout"",""value"":""Regular Snout""},{""trait_type"":""Spots"",""value"":""Spots 2""},{""trait_type"":""Tail"",""value"":""Tail 2""},{""trait_type"":""Eyes"",""value"":""Green""}]"
171,5565593,0xd06508f0c72b1140ac7053322e4eafea8d5cae526b1f964ca2552dd30208e48c,"[{""trait_type"":""Background"",""value"":""Sunny""},{""trait_type"":""Body"",""value"":""Mold""},{""trait_type"":""Snout"",""value"":""Regular Snout""},{""trait_type"":""Spots"",""value"":""Spots 3""},{""trait_type"":""Tail"",""value"":""Tail 2""},{""trait_type"":""Eyes"",""value"":""Viper""}]"
170,5566579,0xd47ee8879df3264ee9c894fedd44b3809a836a937578d57fcc0ec5d3d08783de,"[{""trait_type"":""Background"",""value"":""Brown""},{""trait_type"":""Body"",""value"":""Dusty Pink""},{""trait_type"":""Snout"",""value"":""Snout Snot""},{""trait_type"":""Spots"",""value"":""Spots 2""},{""trait_type"":""Tail"",""value"":""Tail 3""},{""trait_type"":""Head Accessory"",""value"":""Blue Beanie""},{""trait_type"":""Eyes"",""value"":""Patch""}]"
169,5566134,0x1d5169c1d610c10924fedb4c50b95135d11bc850e675b9b06959c30862a011ea,"[{""trait_type"":""Background"",""value"":""YEEEEET""},{""trait_type"":""Body"",""value"":""Mold""},{""trait_type"":""Snout"",""value"":""Snout Wide""},{""trait_type"":""Spots"",""value"":""Spots 1""},{""trait_type"":""Tail"",""value"":""Tail 2""},{""trait_type"":""Head Accessory"",""value"":""Blue Cap""},{""trait_type"":""Eyes"",""value"":""Blue""},{""trait_type"":""Socks"",""value"":""Grandpa Socks""}]"
168,5564794,0x73bbad372b7634e7255ed32d56aa58e6c793d0b6228b567b093ad6c3699c1b89,"[{""trait_type"":""Background"",""value"":""Matrix""},{""trait_type"":""Body"",""value"":""Bot""},{""trait_type"":""Snout"",""value"":""Snout Wide""},{""trait_type"":""Spots"",""value"":""Spots 3""},{""trait_type"":""Head Accessory"",""value"":""Turd Cat""},{""trait_type"":""Eyes"",""value"":""Green""},{""trait_type"":""Accessory"",""value"":""Mud Pit""}]"
167,5565328,0x108c122f3d95f66ad21bf37adc96d4db84f5d0559125fe60ca18f9c1d74ac6cf,"[{""trait_type"":""Background"",""value"":""White""},{""trait_type"":""Body"",""value"":""Gold""},{""trait_type"":""Snout"",""value"":""Snout Snot""},{""trait_type"":""Spots"",""value"":""Spots 3""},{""trait_type"":""Tail"",""value"":""tail 1""},{""trait_type"":""Head Accessory"",""value"":""White Beanie""},{""trait_type"":""Eyes"",""value"":""3D""},{""trait_type"":""Wacky"",""value"":""Yes""},{""trait_type"":""Accessory"",""value"":""Hover Board""}]"
166,5565898,0xd7a855c34457034ede9d3cf3f04c4c6b4c13ee516351ba896f1bd3c5117aedae,"[{""trait_type"":""Background"",""value"":""YEEEEET""},{""trait_type"":""Body"",""value"":""Bot""},{""trait_type"":""Snout"",""value"":""Regular Snout""},{""trait_type"":""Head Accessory"",""value"":""Cap Back Red""},{""trait_type"":""Eyes"",""value"":""Patch""}]"
165,5565268,0x5e7d087fa87709223c9a51f9d0013128be5c463a75b355d86df501afa456d49c,"[{""trait_type"":""Background"",""value"":""purple""},{""trait_type"":""Body"",""value"":""Zombie""},{""trait_type"":""Snout"",""value"":""Regular Snout""},{""trait_type"":""Spots"",""value"":""Spots 3""},{""trait_type"":""Tail"",""value"":""Tail 2""},{""trait_type"":""Head Accessory"",""value"":""Top Hat""},{""trait_type"":""Eyes"",""value"":""Blue""},{""trait_type"":""Socks"",""value"":""Grandpa Socks""},{""trait_type"":""Accessory"",""value"":""Mud Pit""}]"
164,5566314,0xcd913d36226df330ef397551d5a8b2e4d3b7ce95761f45b2b27cb493d215c6b8,"[{""trait_type"":""Background"",""value"":""green""},{""trait_type"":""Body"",""value"":""Pink""},{""trait_type"":""Snout"",""value"":""Snout Wide""},{""trait_type"":""Spots"",""value"":""Spots 1""},{""trait_type"":""Tail"",""value"":""Tail 2""},{""trait_type"":""Eyes"",""value"":""Black""}]"
163,5564946,0x9ad4d9b569464dfe48890d02eab0421daa90fd69bd332a4579b227c0448061cf,"[{""trait_type"":""Background"",""value"":""green""},{""trait_type"":""Body"",""value"":""Alien""},{""trait_type"":""Snout"",""value"":""Regular Snout""},{""trait_type"":""Spots"",""value"":""Spots 1""},{""trait_type"":""Tail"",""value"":""Tail 1""},{""trait_type"":""Head Accessory"",""value"":""Grey Spinner""},{""trait_type"":""Eyes"",""value"":""3D""}]"
162,5565041,0xb221a6be4b745bbac1b44c57d6844aaf864e8aa6ef06b03ef2af907741d6fdc1,"[{""trait_type"":""Background"",""value"":""Grey 2""},{""trait_type"":""Body"",""value"":""Purp""},{""trait_type"":""Snout"",""value"":""Regular Snout""},{""trait_type"":""Tail"",""value"":""Tail 1""},{""trait_type"":""Head Accessory"",""value"":""Crown""},{""trait_type"":""Eyes"",""value"":""Green""}]"
161,5565279,0xcdd74020a20ad010feeef4652346a3dbad883b4f78efdbc7d371f6e712ecfdde,"[{""trait_type"":""Background"",""value"":""YEEEEET""},{""trait_type"":""Body"",""value"":""Dusty Pink""},{""trait_type"":""Snout"",""value"":""Snout Wide""},{""trait_type"":""Spots"",""value"":""Spots 2""},{""trait_type"":""Tail"",""value"":""Tail 3""},{""trait_type"":""Head Accessory"",""value"":""Pepe""},{""trait_type"":""Eyes"",""value"":""Patch""}]"
160,5565728,0xd9179c62d50b6f80b650127fefa906fb9f32e69fb50ad89a1e50f9db251e5ddf,"[{""trait_type"":""Background"",""value"":""Not Sunny""},{""trait_type"":""Body"",""value"":""Dusty Pink""},{""trait_type"":""Snout"",""value"":""Regular Snout""},{""trait_type"":""Spots"",""value"":""Spots 1""},{""trait_type"":""Tail"",""value"":""Tail 2""},{""trait_type"":""Head Accessory"",""value"":""Blue Cap""},{""trait_type"":""Eyes"",""value"":""Patch""}]"
159,5565582,0x8274d5209ff3297510500ac81bd20b00935b6f3485e8fd8939e90ce13d288437,"[{""trait_type"":""Background"",""value"":""orange""},{""trait_type"":""Body"",""value"":""Dusty Pink""},{""trait_type"":""Snout"",""value"":""Snout Wide""},{""trait_type"":""Tail"",""value"":""Tail 2""},{""trait_type"":""Head Accessory"",""value"":""Crown""},{""trait_type"":""Eyes"",""value"":""Black""}]"
158,5565842,0x8d2f8c1f8e80606c7c3317d7ba81cd587c6a5890cfa5e92a9009fc6a5b35be9d,"[{""trait_type"":""Background"",""value"":""green""},{""trait_type"":""Body"",""value"":""Dusty Pink""},{""trait_type"":""Snout"",""value"":""Snout Snot""},{""trait_type"":""Tail"",""value"":""Tail 3""},{""trait_type"":""Eyes"",""value"":""Orange""}]"
157,5565201,0x3c8ae5b1f4545be6fa1316ada4f124168edccc4e9238fe6715038e77217c0b8d,"[{""trait_type"":""Background"",""value"":""YEEEEET""},{""trait_type"":""Body"",""value"":""Alien""},{""trait_type"":""Snout"",""value"":""Snout Wide""},{""trait_type"":""Spots"",""value"":""Spots 3""},{""trait_type"":""Tail"",""value"":""Tail 3""},{""trait_type"":""Eyes"",""value"":""Patch""}]"
156,5564911,0xa92d3b1c9b23697d3c2286ea50ecf07b972db839bd542630b7a9960b5748d9cc,"[{""trait_type"":""Background"",""value"":""Pink""},{""trait_type"":""Body"",""value"":""Dusty Pink""},{""trait_type"":""Snout"",""value"":""Regular Snout""},{""trait_type"":""Tail"",""value"":""Tail 2""},{""trait_type"":""Head Accessory"",""value"":""Pepe""},{""trait_type"":""Eyes"",""value"":""Red""},{""trait_type"":""Accessory"",""value"":""Explorer""}]"
155,5565441,0x78894d01a08a04065242fc7cc70986c5189b6ae8fee1b56136c45ce8cbd061d7,"[{""trait_type"":""Background"",""value"":""pisser""},{""trait_type"":""Body"",""value"":""Blood""},{""trait_type"":""Snout"",""value"":""Snout Wide""},{""trait_type"":""Tail"",""value"":""Tail 2""},{""trait_type"":""Head Accessory"",""value"":""Pepe""},{""trait_type"":""Eyes"",""value"":""Black""}]"
154,5565639,0x6610e467b74de792d8b6cfa6769d2b6cfe21e34c42b9e88276d47eb468a8c9d2,"[{""trait_type"":""Background"",""value"":""pisser""},{""trait_type"":""Body"",""value"":""Pink""},{""trait_type"":""Snout"",""value"":""Regular Snout""},{""trait_type"":""Tail"",""value"":""Tail 2""},{""trait_type"":""Head Accessory"",""value"":""Orange Beanie""},{""trait_type"":""Eyes"",""value"":""Red""},{""trait_type"":""Accessory"",""value"":""Hover Board""}]"
153,5564934,0xc723b1989f037e1e400350e072fbe927de4a2b960e1162e9e69582efc323c35a,"[{""trait_type"":""Background"",""value"":""Pork Chart""},{""trait_type"":""Body"",""value"":""Pink""},{""trait_type"":""Snout"",""value"":""Snout Wide""},{""trait_type"":""Spots"",""value"":""Spots 1""},{""trait_type"":""Tail"",""value"":""Tail 3""},{""trait_type"":""Head Accessory"",""value"":""Orange Beanie""},{""trait_type"":""Eyes"",""value"":""3D""}]"
152,5569321,0x89674be6eead1923b9fc4ffd58e3f3d338362a74b8c9bd2f330236656cd2f4a0,"[{""trait_type"":""Background"",""value"":""blue""},{""trait_type"":""Body"",""value"":""Mold""},{""trait_type"":""Snout"",""value"":""Regular Snout""},{""trait_type"":""Tail"",""value"":""Tail 1""},{""trait_type"":""Eyes"",""value"":""Black""}]"
151,5564936,0xc85505eb43a164c4a95f40cb32ea68c32efe955f2c942e4a44797b064d9e9e23,"[{""trait_type"":""Background"",""value"":""blue""},{""trait_type"":""Body"",""value"":""Blood""},{""trait_type"":""Snout"",""value"":""Snout Wide""},{""trait_type"":""Spots"",""value"":""Spots 3""},{""trait_type"":""Tail"",""value"":""Tail 2""},{""trait_type"":""Head Accessory"",""value"":""Pepe""},{""trait_type"":""Eyes"",""value"":""Viper""},{""trait_type"":""Accessory"",""value"":""SkateBoard""}]"
150,5565946,0xd921a72b78956b1c71962a9b8174658b1568727ed40398a47aef3754166fc05a,"[{""trait_type"":""Background"",""value"":""green""},{""trait_type"":""Body"",""value"":""Mold""},{""trait_type"":""Snout"",""value"":""Snout Wide""},{""trait_type"":""Spots"",""value"":""Spots 3""},{""trait_type"":""Tail"",""value"":""Tail 1""},{""trait_type"":""Eyes"",""value"":""Black""}]"
149,5565945,0xfb636e7f53548386634f5e8ba668ccbb2d19e956507a4a8aa28c014207db1b4f,"[{""trait_type"":""Background"",""value"":""Rose""},{""trait_type"":""Body"",""value"":""Mold""},{""trait_type"":""Snout"",""value"":""Regular Snout""},{""trait_type"":""Spots"",""value"":""Spots 2""},{""trait_type"":""Tail"",""value"":""Tail 1""},{""trait_type"":""Eyes"",""value"":""Patch""}]"
148,5566058,0xea9c3e9ca6c11619450f6e597a457eebaf6b9a351b2a8f2d5725738d051a9665,"[{""trait_type"":""Background"",""value"":""aqua""},{""trait_type"":""Body"",""value"":""Dusty Pink""},{""trait_type"":""Snout"",""value"":""Snout Snot""},{""trait_type"":""Tail"",""value"":""Tail 2""},{""trait_type"":""Head Accessory"",""value"":""Top Hat""},{""trait_type"":""Eyes"",""value"":""Viper""},{""trait_type"":""Accessory"",""value"":""SkateBoard""}]"
147,5565992,0x0d679f2fb95443989f10acc0a1373cb6b894b1fee4039dc8e88d2da4b6ca1935,"[{""trait_type"":""Background"",""value"":""pisser""},{""trait_type"":""Body"",""value"":""Pink""},{""trait_type"":""Snout"",""value"":""Regular Snout""},{""trait_type"":""Tail"",""value"":""Tail 2""},{""trait_type"":""Head Accessory"",""value"":""Top Hat""},{""trait_type"":""Eyes"",""value"":""Red""},{""trait_type"":""Socks"",""value"":""Grandpa Socks""},{""trait_type"":""Accessory"",""value"":""Hover Board""}]"
146,5564972,0x26e956df3870ff493d7c3af816aa9cb8e43e92af4817ae08824781b1d3068558,"[{""trait_type"":""Background"",""value"":""Grey""},{""trait_type"":""Body"",""value"":""Zombie""},{""trait_type"":""Snout"",""value"":""Snout Wide""},{""trait_type"":""Spots"",""value"":""Spots 1""},{""trait_type"":""Eyes"",""value"":""Orange""},{""trait_type"":""Socks"",""value"":""White Socks""},{""trait_type"":""Accessory"",""value"":""Hover Board""}]"
145,5565692,0x98ecdf71b282ac0fcb4364216b7e1762589b6a13318dea9627bab944abc06bf6,"[{""trait_type"":""Background"",""value"":""Rose""},{""trait_type"":""Body"",""value"":""Purp""},{""trait_type"":""Snout"",""value"":""Regular Snout""},{""trait_type"":""Spots"",""value"":""Spots 2""},{""trait_type"":""Tail"",""value"":""Tail 3""},{""trait_type"":""Head Accessory"",""value"":""White Beanie""},{""trait_type"":""Eyes"",""value"":""Black""},{""trait_type"":""Socks"",""value"":""Grandpa Socks""}]"
144,5564935,0x480267900e2b4d233d37caf62af6163e0304172a4884081b059a03313f5d5ee2,"[{""trait_type"":""Background"",""value"":""YEEEEET""},{""trait_type"":""Body"",""value"":""Pink""},{""trait_type"":""Snout"",""value"":""Regular Snout""},{""trait_type"":""Tail"",""value"":""Tail 2""},{""trait_type"":""Head Accessory"",""value"":""Crown""},{""trait_type"":""Eyes"",""value"":""3D""}]"
143,5565845,0xde9c105003dc3acefeec78090e264185378c0688c2115b2d9cbe2574abe61074,"[{""trait_type"":""Background"",""value"":""Pink""},{""trait_type"":""Body"",""value"":""Blood""},{""trait_type"":""Snout"",""value"":""Snout Snot""},{""trait_type"":""Spots"",""value"":""Spots 3""},{""trait_type"":""Tail"",""value"":""Tail 1""},{""trait_type"":""Eyes"",""value"":""Viper""},{""trait_type"":""Accessory"",""value"":""Mud Pit""}]"
142,5565108,0xd93863151cfffef8e4b65053e5fdacf03a51caff52599e06aa71f521b2d58506,"[{""trait_type"":""Background"",""value"":""Grey 2""},{""trait_type"":""Body"",""value"":""Ghost""},{""trait_type"":""Snout"",""value"":""Snout Snot""},{""trait_type"":""Spots"",""value"":""Spots 3""},{""trait_type"":""Tail"",""value"":""Tail 2""},{""trait_type"":""Head Accessory"",""value"":""Cap Back Red""},{""trait_type"":""Eyes"",""value"":""Green""},{""trait_type"":""Socks"",""value"":""White Socks""},{""trait_type"":""Accessory"",""value"":""Mud Pit""}]"
141,5566390,0x412570fa45688318069b54cc2b50dcb7a4f96a1dc6e98a637173847eee91bdf1,"[{""trait_type"":""Background"",""value"":""Rose""},{""trait_type"":""Body"",""value"":""Bot""},{""trait_type"":""Snout"",""value"":""Regular Snout""},{""trait_type"":""Spots"",""value"":""Spots 1""},{""trait_type"":""Tail"",""value"":""Tail 1""},{""trait_type"":""Head Accessory"",""value"":""White Beanie""},{""trait_type"":""Eyes"",""value"":""Black""}]"
140,5565026,0x847a5d819ed50f23d2f70be80b9578432f60c480ae2e7ec7952605cbcf956885,"[{""trait_type"":""Background"",""value"":""aqua""},{""trait_type"":""Body"",""value"":""Blood""},{""trait_type"":""Snout"",""value"":""Regular Snout""},{""trait_type"":""Tail"",""value"":""Probe""},{""trait_type"":""Head Accessory"",""value"":""Dino""},{""trait_type"":""Eyes"",""value"":""Green""}]"
139,5565580,0x4dbf449cc5a41071c4cec7bae3df829af26765a889f3fdbdab6ef6957af9c0ab,"[{""trait_type"":""Background"",""value"":""orange""},{""trait_type"":""Body"",""value"":""Pink""},{""trait_type"":""Snout"",""value"":""Snout Snot""},{""trait_type"":""Spots"",""value"":""Spots 2""},{""trait_type"":""Tail"",""value"":""Tail 3""},{""trait_type"":""Eyes"",""value"":""Black""},{""trait_type"":""Accessory"",""value"":""Explorer""}]"
138,5565200,0xfa7bb3e35d625e7feff949c8b18b81bbc556f36b72f3ddd101c1e2c6bc602978,"[{""trait_type"":""Background"",""value"":""pisser""},{""trait_type"":""Body"",""value"":""Blood""},{""trait_type"":""Snout"",""value"":""Snout Wide""},{""trait_type"":""Tail"",""value"":""Tail 2""},{""trait_type"":""Eyes"",""value"":""3D""}]"
137,5565670,0xee1905e5714b542efb0ef9a35e30395128a1402e0166940bc1413567190d2b11,"[{""trait_type"":""Background"",""value"":""Grey""},{""trait_type"":""Body"",""value"":""Pink""},{""trait_type"":""Snout"",""value"":""Snout Wide""},{""trait_type"":""Tail"",""value"":""Tail 1""},{""trait_type"":""Eyes"",""value"":""Blue""}]"
136,5566419,0xbb896ad4b6446790ec7a1b6bfcf622822ed34c012b1446a3551b601ec4a80c6e,"[{""trait_type"":""Background"",""value"":""Brown""},{""trait_type"":""Body"",""value"":""Pink""},{""trait_type"":""Snout"",""value"":""Snout Wide""},{""trait_type"":""Tail"",""value"":""Tail 1""},{""trait_type"":""Head Accessory"",""value"":""Top Hat""},{""trait_type"":""Eyes"",""value"":""Viper""},{""trait_type"":""Socks"",""value"":""White Socks""}]"
135,5565669,0x320b19cd5cfe9e21616e5197dbcabb240ef44e8c3197fda5ceac126e12aa39ee,"[{""trait_type"":""Background"",""value"":""Grey""},{""trait_type"":""Body"",""value"":""Blood""},{""trait_type"":""Snout"",""value"":""Snout Wide""},{""trait_type"":""Tail"",""value"":""Tail 3""},{""trait_type"":""Head Accessory"",""value"":""Orange Cat""},{""trait_type"":""Eyes"",""value"":""Blue""}]"
134,5565643,0x294a6af760e80b2cb1e38e2d5990745becc99df0477d48ff6f423226279953f0,"[{""trait_type"":""Background"",""value"":""Pink""},{""trait_type"":""Body"",""value"":""Purp""},{""trait_type"":""Snout"",""value"":""Snout Wide""},{""trait_type"":""Spots"",""value"":""Spots 3""},{""trait_type"":""Tail"",""value"":""Tail 2""},{""trait_type"":""Eyes"",""value"":""Red""},{""trait_type"":""Socks"",""value"":""White Socks""}]"
133,5566577,0x328544c9102af526fdbde2a7b680f80c9496fd67800ede5cc99ae0f277ab2d1b,"[{""trait_type"":""Background"",""value"":""pisser""},{""trait_type"":""Body"",""value"":""Pink""},{""trait_type"":""Snout"",""value"":""Regular Snout""},{""trait_type"":""Tail"",""value"":""Tail 1""},{""trait_type"":""Head Accessory"",""value"":""Grey Spinner""},{""trait_type"":""Eyes"",""value"":""Orange""}]"
132,5566438,0x58240c1f5b6dbc1d7cef02c808eb54245b3c03fe0dbe9c4de89b52af82da3816,"[{""trait_type"":""Background"",""value"":""Pink""},{""trait_type"":""Body"",""value"":""Pink""},{""trait_type"":""Snout"",""value"":""Snout Wide""},{""trait_type"":""Spots"",""value"":""Spots 1""},{""trait_type"":""Eyes"",""value"":""Black""}]"
131,5566652,0xe01e710d97987ab240b69d821f857a970a44b451ab956117ec3fe5f8a14569cb,"[{""trait_type"":""Background"",""value"":""c3ff00""},{""trait_type"":""Body"",""value"":""Mold""},{""trait_type"":""Snout"",""value"":""Snout Wide""},{""trait_type"":""Tail"",""value"":""Tail 2""},{""trait_type"":""Eyes"",""value"":""Green""},{""trait_type"":""Accessory"",""value"":""Mud Pit""}]"
130,5566437,0x046896892aa0ea974835f972ae10b602b539cf265a5d5c2637dc01165410ef01,"[{""trait_type"":""Background"",""value"":""green""},{""trait_type"":""Body"",""value"":""Pink""},{""trait_type"":""Snout"",""value"":""Regular Snout""},{""trait_type"":""Spots"",""value"":""Spots 1""},{""trait_type"":""Tail"",""value"":""Tail 2""},{""trait_type"":""Eyes"",""value"":""Green""},{""trait_type"":""Socks"",""value"":""Grandpa Socks""},{""trait_type"":""Accessory"",""value"":""Mud Pit""}]"
129,5565577,0xbb89029e846c3080a938605bc40b01bf475321ef5de9d101dcf7edca5ffc8141,"[{""trait_type"":""Background"",""value"":""Pork Chart""},{""trait_type"":""Body"",""value"":""Pink""},{""trait_type"":""Snout"",""value"":""Snout Wide""},{""trait_type"":""Tail"",""value"":""Tail 2""},{""trait_type"":""Eyes"",""value"":""Blue""}]"
128,5564930,0x1186846dfba98c633118081877bf054087d2bf61d89f0f2987495a51f0970dc6,"[{""trait_type"":""Background"",""value"":""Pink""},{""trait_type"":""Body"",""value"":""Gold""},{""trait_type"":""Snout"",""value"":""Snout Wide""},{""trait_type"":""Tail"",""value"":""Tail 2""},{""trait_type"":""Head Accessory"",""value"":""Grey Spinner""},{""trait_type"":""Eyes"",""value"":""Deal With It""}]"
127,5564937,0x9d1e6be08c084e444ede1c7839f2f0bf900194bc926a94e881f5194e50678139,"[{""trait_type"":""Background"",""value"":""Brown""},{""trait_type"":""Body"",""value"":""Dusty Pink""},{""trait_type"":""Snout"",""value"":""Snout Wide""},{""trait_type"":""Spots"",""value"":""Spots 1""},{""trait_type"":""Tail"",""value"":""Tail 2""},{""trait_type"":""Head Accessory"",""value"":""Turd Cat""},{""trait_type"":""Eyes"",""value"":""Black""}]"
126,5565198,0x26031206487629d2d2fe2c15a7b85bf38b71eb52e821145c715f2eac77a427c2,"[{""trait_type"":""Background"",""value"":""Field""},{""trait_type"":""Body"",""value"":""Blood""},{""trait_type"":""Snout"",""value"":""Snout Snot""},{""trait_type"":""Spots"",""value"":""Spots 1""},{""trait_type"":""Tail"",""value"":""Probe""},{""trait_type"":""Head Accessory"",""value"":""Turd Cat""},{""trait_type"":""Eyes"",""value"":""Red""}]"
125,5565609,0xe6dd2f0d053f6b0a2293ca38da082f45c4a04b2198681de75661eb2c5aa2eaf8,"[{""trait_type"":""Background"",""value"":""Pink""},{""trait_type"":""Body"",""value"":""Blood""},{""trait_type"":""Snout"",""value"":""Snout Snot""},{""trait_type"":""Tail"",""value"":""Tail 1""},{""trait_type"":""Head Accessory"",""value"":""Grey Spinner""},{""trait_type"":""Eyes"",""value"":""Viper""}]"
124,5566001,0xe3cd066890a503cc2e34194cf9ba1b5f1fff6076dcdccabad2cef0b2d95d992f,"[{""trait_type"":""Background"",""value"":""Grey 2""},{""trait_type"":""Body"",""value"":""Purp""},{""trait_type"":""Snout"",""value"":""Regular Snout""},{""trait_type"":""Spots"",""value"":""Spots 1""},{""trait_type"":""Tail"",""value"":""Tail 3""},{""trait_type"":""Head Accessory"",""value"":""Grey Beanie""},{""trait_type"":""Eyes"",""value"":""Blue""},{""trait_type"":""Accessory"",""value"":""Hover Board""}]"
123,5565591,0x5b4b5e1675cceb330b5bbd3497ffd194e3e3cf9fa0957ca2366007fde04f1582,"[{""trait_type"":""Background"",""value"":""aqua""},{""trait_type"":""Body"",""value"":""Mold""},{""trait_type"":""Snout"",""value"":""Regular Snout""},{""trait_type"":""Tail"",""value"":""Tail 1""},{""trait_type"":""Head Accessory"",""value"":""Pepe""},{""trait_type"":""Eyes"",""value"":""Viper""}]"
122,5566395,0xa30ed592b1bebf231ac0a79f013970cd2502855b9063a09c35fe5b03cba7820c,"[{""trait_type"":""Background"",""value"":""Pink""},{""trait_type"":""Body"",""value"":""Dusty Pink""},{""trait_type"":""Snout"",""value"":""Regular Snout""},{""trait_type"":""Head Accessory"",""value"":""Grey Spinner""},{""trait_type"":""Eyes"",""value"":""Blue""}]"
121,5565471,0x1054ebf390dd5d35635d74e0d692caace7d85774149521c437089c2fcc2c4398,"[{""trait_type"":""Background"",""value"":""Pork Chart""},{""trait_type"":""Body"",""value"":""Blood""},{""trait_type"":""Snout"",""value"":""Snout Wide""},{""trait_type"":""Spots"",""value"":""Spots 3""},{""trait_type"":""Tail"",""value"":""Tail 3""},{""trait_type"":""Eyes"",""value"":""Deal With It""},{""trait_type"":""Socks"",""value"":""Grandpa Socks""},{""trait_type"":""Accessory"",""value"":""Mud Pit""}]"
120,5565453,0xe543de2422769bee90bef0397f6aa65f7a83dcd3c489a9da6017ffc184cb238b,"[{""trait_type"":""Background"",""value"":""Grey""},{""trait_type"":""Body"",""value"":""Bot""},{""trait_type"":""Snout"",""value"":""Regular Snout""},{""trait_type"":""Tail"",""value"":""Tail 1""},{""trait_type"":""Head Accessory"",""value"":""Cowboy Hat""},{""trait_type"":""Eyes"",""value"":""Patch""}]"
119,5565850,0xd3555fcc7612a8a4c51b2c7ac01cb816b0403a3ffa5933e510fe64a533d208d9,"[{""trait_type"":""Background"",""value"":""Rose""},{""trait_type"":""Body"",""value"":""Dusty Pink""},{""trait_type"":""Snout"",""value"":""Snout Wide""},{""trait_type"":""Spots"",""value"":""Spots 3""},{""trait_type"":""Tail"",""value"":""Tail 1""},{""trait_type"":""Eyes"",""value"":""Black""}]"
118,5565947,0xd0673a66bfae8cd3635a124c763e1c27f0dd6aabf2b92378548f00c95ccaa0dc,"[{""trait_type"":""Background"",""value"":""green""},{""trait_type"":""Body"",""value"":""Pink""},{""trait_type"":""Snout"",""value"":""Snout Wide""},{""trait_type"":""Tail"",""value"":""Tail 3""},{""trait_type"":""Head Accessory"",""value"":""Cowboy Hat""},{""trait_type"":""Eyes"",""value"":""Black""}]"
117,5565468,0xe840ba4deedc51cbf22d35d866b1f3fe61cee096045ad85bdc0dd035715aabb6,"[{""trait_type"":""Background"",""value"":""aqua""},{""trait_type"":""Body"",""value"":""Mold""},{""trait_type"":""Snout"",""value"":""Regular Snout""},{""trait_type"":""Spots"",""value"":""Spots 1""},{""trait_type"":""Tail"",""value"":""Tail 1""},{""trait_type"":""Head Accessory"",""value"":""Beanie""},{""trait_type"":""Eyes"",""value"":""Black""},{""trait_type"":""Accessory"",""value"":""Mud Pit""}]"
116,5564828,0xc8ef6038b5829475b24a468d73e6a90e460c1edfff018c1bdb3a46a27a418f90,"[{""trait_type"":""Background"",""value"":""Matrix""},{""trait_type"":""Body"",""value"":""Mold""},{""trait_type"":""Snout"",""value"":""Regular Snout""},{""trait_type"":""Spots"",""value"":""Spots 1""},{""trait_type"":""Tail"",""value"":""Tail 3""},{""trait_type"":""Eyes"",""value"":""Black""}]"
115,5565765,0x7dd346c55a848b15016aadcf7addf2ea8ab62255b72f1dfcaddb3774349fabc0,"[{""trait_type"":""Background"",""value"":""Brown""},{""trait_type"":""Body"",""value"":""Dusty Pink""},{""trait_type"":""Snout"",""value"":""Snout Snot""},{""trait_type"":""Spots"",""value"":""Spots 3""},{""trait_type"":""Tail"",""value"":""Tail 2""},{""trait_type"":""Eyes"",""value"":""Blue""},{""trait_type"":""Accessory"",""value"":""Mud Pit""}]"
114,5565360,0xe526f1e08a7c59ebda340a93378e8feb64d314d0ebefc216971f1ead1f2ea70f,"[{""trait_type"":""Background"",""value"":""Grey 2""},{""trait_type"":""Body"",""value"":""Dusty Pink""},{""trait_type"":""Snout"",""value"":""Snout Snot""},{""trait_type"":""Tail"",""value"":""Tail 2""},{""trait_type"":""Head Accessory"",""value"":""Grey Beanie""},{""trait_type"":""Eyes"",""value"":""Deal With It""}]"
113,5564900,0x8486ba2ef545352bb16bec31d7ba210de3a9b0a30fd1b61a662903172fa94339,"[{""trait_type"":""Background"",""value"":""Pork Chart""},{""trait_type"":""Body"",""value"":""Gold""},{""trait_type"":""Snout"",""value"":""Snout Wide""},{""trait_type"":""Tail"",""value"":""Tail 3""},{""trait_type"":""Eyes"",""value"":""3D""},{""trait_type"":""Socks"",""value"":""White Socks""}]"
112,5565948,0xbbe5eaa121e17e80f1e71241a7458d941709500bcbf22ffe79b17399b74dada4,"[{""trait_type"":""Background"",""value"":""pisser""},{""trait_type"":""Body"",""value"":""Dusty Pink""},{""trait_type"":""Snout"",""value"":""Snout Wide""},{""trait_type"":""Tail"",""value"":""Tail 3""},{""trait_type"":""Head Accessory"",""value"":""Grey Beanie""},{""trait_type"":""Eyes"",""value"":""Black""}]"
111,5565766,0x2c6258fe2849d8f6a191a7a589664bd762eeb79f657fe4b3408a608014cf64bf,"[{""trait_type"":""Background"",""value"":""blue""},{""trait_type"":""Body"",""value"":""Bot""},{""trait_type"":""Snout"",""value"":""Regular Snout""},{""trait_type"":""Spots"",""value"":""Spots 3""},{""trait_type"":""Tail"",""value"":""Tail 3""},{""trait_type"":""Head Accessory"",""value"":""Grey Spinner""},{""trait_type"":""Eyes"",""value"":""Orange""},{""trait_type"":""Accessory"",""value"":""SkateBoard""}]"
110,5565452,0xcd6973c8a925b7843d8f510bbb25255d556cb12b76c49844369884a8f04e9c2e,"[{""trait_type"":""Background"",""value"":""Rose""},{""trait_type"":""Body"",""value"":""Mold""},{""trait_type"":""Snout"",""value"":""Regular Snout""},{""trait_type"":""Tail"",""value"":""Tail 2""},{""trait_type"":""Head Accessory"",""value"":""Top Hat""},{""trait_type"":""Eyes"",""value"":""Red""},{""trait_type"":""Accessory"",""value"":""SkateBoard""}]"
109,5565988,0x3ff90da8a88307f47c6a84fd107cb6985ce14509ed86f3428a22ffa28ce4081e,"[{""trait_type"":""Background"",""value"":""orange""},{""trait_type"":""Body"",""value"":""Blood""},{""trait_type"":""Snout"",""value"":""Snout Wide""},{""trait_type"":""Spots"",""value"":""Spots 3""},{""trait_type"":""Tail"",""value"":""Tail 2""},{""trait_type"":""Eyes"",""value"":""Blue""},{""trait_type"":""Accessory"",""value"":""SkateBoard""}]"
108,5565290,0x1409da9d46022d3b34b402b3e13ee424239b6bc935d9b3c19b8d5c8957ce70c2,"[{""trait_type"":""Background"",""value"":""Pink""},{""trait_type"":""Body"",""value"":""Mold""},{""trait_type"":""Snout"",""value"":""Snout Snot""},{""trait_type"":""Spots"",""value"":""Spots 1""},{""trait_type"":""Tail"",""value"":""Tail 2""},{""trait_type"":""Head Accessory"",""value"":""Pink Pepe""},{""trait_type"":""Eyes"",""value"":""Black""}]"
107,5566397,0xaa2a86f23e3ec4771a75f1321f4fd3b58c6e07f9eee643559c526411d5e86d03,"[{""trait_type"":""Background"",""value"":""Rose""},{""trait_type"":""Body"",""value"":""Mold""},{""trait_type"":""Snout"",""value"":""Snout Snot""},{""trait_type"":""Spots"",""value"":""Spots 3""},{""trait_type"":""Tail"",""value"":""Tail 3""},{""trait_type"":""Head Accessory"",""value"":""Grey Beanie""},{""trait_type"":""Eyes"",""value"":""Blue""}]"
106,5565881,0x2501aeb5e38a2deb36462aa4b904ab382c31f3b628f351c2cf2379f86f342548,"[{""trait_type"":""Background"",""value"":""White""},{""trait_type"":""Body"",""value"":""Bot""},{""trait_type"":""Snout"",""value"":""Snout Snot""},{""trait_type"":""Spots"",""value"":""Spots 2""},{""trait_type"":""Tail"",""value"":""Tail 3""},{""trait_type"":""Head Accessory"",""value"":""Blue Beanie""},{""trait_type"":""Eyes"",""value"":""3D""},{""trait_type"":""Wacky"",""value"":""Yes""}]"
105,5566205,0x8b6ee66f455ab2a2da782bed10742e65a30ad74c59a493f526e1386464a291ee,"[{""trait_type"":""Background"",""value"":""purple""},{""trait_type"":""Body"",""value"":""Mold""},{""trait_type"":""Snout"",""value"":""Regular Snout""},{""trait_type"":""Tail"",""value"":""Tail 1""},{""trait_type"":""Head Accessory"",""value"":""Blue Cap""},{""trait_type"":""Eyes"",""value"":""Viper""}]"
104,5566490,0xc7991d9c04573d12deb0b55c8820e305d8dc878d0aa8353c5f742f734be0cf9c,"[{""trait_type"":""Background"",""value"":""purple""},{""trait_type"":""Body"",""value"":""Dusty Pink""},{""trait_type"":""Snout"",""value"":""Snout Snot""},{""trait_type"":""Tail"",""value"":""Tail 1""},{""trait_type"":""Head Accessory"",""value"":""Orange Beanie""},{""trait_type"":""Eyes"",""value"":""Black""},{""trait_type"":""Accessory"",""value"":""SkateBoard""}]"
103,5565464,0xa2386a0553f21db66589ca0fc0d1d973240ec89325a87661c32a27d070e10b30,"[{""trait_type"":""Background"",""value"":""White""},{""trait_type"":""Body"",""value"":""Purp""},{""trait_type"":""Snout"",""value"":""Regular Snout""},{""trait_type"":""Spots"",""value"":""Spots 1""},{""trait_type"":""Tail"",""value"":""Tail 2""},{""trait_type"":""Eyes"",""value"":""Deal With It""},{""trait_type"":""Wacky"",""value"":""Yes""}]"
102,5565932,0xb41fe103d43632d0fceda7753c238b89ac2dbc0c4169a46719b83768cedc9b0b,"[{""trait_type"":""Background"",""value"":""blue""},{""trait_type"":""Body"",""value"":""Pink""},{""trait_type"":""Snout"",""value"":""Snout Wide""},{""trait_type"":""Spots"",""value"":""Spots 2""},{""trait_type"":""Tail"",""value"":""Tail 2""},{""trait_type"":""Head Accessory"",""value"":""White Beanie""},{""trait_type"":""Eyes"",""value"":""Patch""},{""trait_type"":""Accessory"",""value"":""Mud Pit""}]"
101,5566396,0x8814c7c60a8751194b15db070bb29f4b3e70018071ea7de9afae15ee3a0392ed,"[{""trait_type"":""Background"",""value"":""aqua""},{""trait_type"":""Body"",""value"":""Pink""},{""trait_type"":""Snout"",""value"":""Regular Snout""},{""trait_type"":""Spots"",""value"":""Spots 2""},{""trait_type"":""Tail"",""value"":""Tail 1""},{""trait_type"":""Head Accessory"",""value"":""Blue Cap""},{""trait_type"":""Eyes"",""value"":""Orange""},{""trait_type"":""Socks"",""value"":""Grandpa Socks""},{""trait_type"":""Accessory"",""value"":""Mud Pit""}]"
100,5565381,0x49f59942491976eee69572aa34c79a01b6b9ac0a879b14aab8ea12f09add0d00,"[{""trait_type"":""Background"",""value"":""Pink""},{""trait_type"":""Body"",""value"":""Dusty Pink""},{""trait_type"":""Snout"",""value"":""Regular Snout""},{""trait_type"":""Tail"",""value"":""Tail 1""},{""trait_type"":""Head Accessory"",""value"":""Skateboard Cat""},{""trait_type"":""Eyes"",""value"":""Green""}]"
99,5565379,0x4107b6b36bdf55c5080358e016ef109f6524f59830824bbf0178dbb531572091,"[{""trait_type"":""Background"",""value"":""blue""},{""trait_type"":""Body"",""value"":""Mold""},{""trait_type"":""Snout"",""value"":""Snout Wide""},{""trait_type"":""Spots"",""value"":""Spots 3""},{""trait_type"":""Tail"",""value"":""Tail 1""},{""trait_type"":""Head Accessory"",""value"":""Grey Spinner""},{""trait_type"":""Eyes"",""value"":""Blue""},{""trait_type"":""Accessory"",""value"":""Mud Pit""}]"
98,5564995,0x657361b27789af1242c9f74c6b8b793ae8e75776ff9ca427a9683c92e9439bc9,"[{""trait_type"":""Background"",""value"":""Sunny""},{""trait_type"":""Body"",""value"":""Dusty Pink""},{""trait_type"":""Snout"",""value"":""Snout Snot""},{""trait_type"":""Spots"",""value"":""Spots 3""},{""trait_type"":""Tail"",""value"":""Tail 1""},{""trait_type"":""Eyes"",""value"":""3D""},{""trait_type"":""Accessory"",""value"":""Mud Pit""}]"
97,5565135,0x1356ea76cc2edf78fe217017371436f83da3f090749d794c4db2c450c4dd265b,"[{""trait_type"":""Background"",""value"":""Rose""},{""trait_type"":""Body"",""value"":""Pink""},{""trait_type"":""Snout"",""value"":""Regular Snout""},{""trait_type"":""Tail"",""value"":""Tail 3""},{""trait_type"":""Head Accessory"",""value"":""Top Hat""},{""trait_type"":""Eyes"",""value"":""3D""}]"
96,5565030,0x8c756fa4c22804c84de1d308e604bc77f7af067986a6ac82989e0faeb59773ee,"[{""trait_type"":""Background"",""value"":""Grey""},{""trait_type"":""Body"",""value"":""Blood""},{""trait_type"":""Snout"",""value"":""Regular Snout""},{""trait_type"":""Spots"",""value"":""Spots 2""},{""trait_type"":""Tail"",""value"":""Tail 2""},{""trait_type"":""Head Accessory"",""value"":""Deal With It Pepe""},{""trait_type"":""Eyes"",""value"":""Black""}]"
95,5565151,0xfa7245189e0fd68e0e8114faf83ca4d2b9a2ec1219eba93135bbb6902a432e00,"[{""trait_type"":""Background"",""value"":""Pork Chart""},{""trait_type"":""Body"",""value"":""Pink""},{""trait_type"":""Snout"",""value"":""Regular Snout""},{""trait_type"":""Tail"",""value"":""Tail 3""},{""trait_type"":""Head Accessory"",""value"":""White Beanie""},{""trait_type"":""Eyes"",""value"":""Black""}]"
94,5565193,0xb0e27c1b85bd69e42c0b82fbf0e3aeeb5c6327683cca165826a49e0cb9aafa23,"[{""trait_type"":""Background"",""value"":""green""},{""trait_type"":""Body"",""value"":""Blood""},{""trait_type"":""Snout"",""value"":""Regular Snout""},{""trait_type"":""Tail"",""value"":""Tail 3""},{""trait_type"":""Head Accessory"",""value"":""Skateboard Cat""},{""trait_type"":""Eyes"",""value"":""Black""}]"
93,5565846,0xde625652a422a5e22a7e4ece18c73e3e4396c045c7ee467931e017a949a4ee84,"[{""trait_type"":""Background"",""value"":""purple""},{""trait_type"":""Body"",""value"":""Blood""},{""trait_type"":""Snout"",""value"":""Snout Snot""},{""trait_type"":""Spots"",""value"":""Spots 1""},{""trait_type"":""Tail"",""value"":""Tail 2""},{""trait_type"":""Head Accessory"",""value"":""Orange Beanie""},{""trait_type"":""Eyes"",""value"":""Patch""}]"
92,5564782,0x2f13b03181a40818002c2b159c95a22b396eb3e9d6c5cd8b0158ae1c25631801,"[{""trait_type"":""Background"",""value"":""Matrix""},{""trait_type"":""Body"",""value"":""Pink""},{""trait_type"":""Snout"",""value"":""Regular Snout""},{""trait_type"":""Spots"",""value"":""Spots 2""},{""trait_type"":""Head Accessory"",""value"":""Crown""},{""trait_type"":""Eyes"",""value"":""Red""},{""trait_type"":""Socks"",""value"":""White Socks""},{""trait_type"":""Accessory"",""value"":""Mud Pit""}]"
91,5565521,0xe155eec7bbeb30ea123a572d1d4a22a35ef92efc4a1187d83bde278beea40547,"[{""trait_type"":""Background"",""value"":""Field""},{""trait_type"":""Body"",""value"":""Dusty Pink""},{""trait_type"":""Snout"",""value"":""Regular Snout""},{""trait_type"":""Spots"",""value"":""Spots 1""},{""trait_type"":""Tail"",""value"":""Tail 1""},{""trait_type"":""Head Accessory"",""value"":""White Beanie""},{""trait_type"":""Eyes"",""value"":""Blue""}]"
90,5565817,0x321092c2ab2d7a2b373a03cd219ec2cf5be5997a6c80cc719f3a604daad3b82b,"[{""trait_type"":""Background"",""value"":""Grey 2""},{""trait_type"":""Body"",""value"":""Pink""},{""trait_type"":""Snout"",""value"":""Snout Wide""},{""trait_type"":""Spots"",""value"":""Spots 3""},{""trait_type"":""Tail"",""value"":""Tail 3""},{""trait_type"":""Head Accessory"",""value"":""Grey Spinner""},{""trait_type"":""Eyes"",""value"":""Black""},{""trait_type"":""Socks"",""value"":""White Socks""}]"
89,5566204,0xacbdae2068602c06d1c68c8f703b33706b6365b204250f9df44aa350b76bb92f,"[{""trait_type"":""Background"",""value"":""Rose""},{""trait_type"":""Body"",""value"":""Blood""},{""trait_type"":""Snout"",""value"":""Snout Wide""},{""trait_type"":""Spots"",""value"":""Spots 1""},{""trait_type"":""Tail"",""value"":""Tail 2""},{""trait_type"":""Head Accessory"",""value"":""Orange Beanie""},{""trait_type"":""Eyes"",""value"":""Blue""}]"
88,5565369,0xb63363eb6ba9c2edada75fb853ccd303758362b1a959827382153f31238bf483,"[{""trait_type"":""Background"",""value"":""Grey 2""},{""trait_type"":""Body"",""value"":""Purp""},{""trait_type"":""Snout"",""value"":""Regular Snout""},{""trait_type"":""Spots"",""value"":""Spots 1""},{""trait_type"":""Tail"",""value"":""Tail 2""},{""trait_type"":""Head Accessory"",""value"":""Skateboard Cat""},{""trait_type"":""Eyes"",""value"":""Orange""}]"
87,5564821,0xc3e81081b70d5e597a144c1e901d233902ab14b6a9798002afd9cd862e35e348,"[{""trait_type"":""Background"",""value"":""purple""},{""trait_type"":""Body"",""value"":""Dusty Pink""},{""trait_type"":""Snout"",""value"":""Regular Snout""},{""trait_type"":""Spots"",""value"":""Spots 3""},{""trait_type"":""Tail"",""value"":""Tail 3""},{""trait_type"":""Head Accessory"",""value"":""Crown""},{""trait_type"":""Eyes"",""value"":""Black""},{""trait_type"":""Socks"",""value"":""Grandpa Socks""},{""trait_type"":""Accessory"",""value"":""Explorer""}]"
86,5565746,0x4f716c72a52923c133dd336be895e3cd400380564ca5a523bf5bc4dbe7a21a9f,"[{""trait_type"":""Background"",""value"":""blue""},{""trait_type"":""Body"",""value"":""Mold""},{""trait_type"":""Snout"",""value"":""Regular Snout""},{""trait_type"":""Spots"",""value"":""Spots 3""},{""trait_type"":""Tail"",""value"":""Tail 2""},{""trait_type"":""Head Accessory"",""value"":""Orange Beanie""},{""trait_type"":""Eyes"",""value"":""Patch""}]"
85,5565552,0xbb0cc27bf7fa9ae4b63a89421c8dcf264696f97e83be14ee0cebf527ece19400,"[{""trait_type"":""Background"",""value"":""Pork Chart""},{""trait_type"":""Body"",""value"":""Dusty Pink""},{""trait_type"":""Snout"",""value"":""Snout Wide""},{""trait_type"":""Spots"",""value"":""Spots 3""},{""trait_type"":""Tail"",""value"":""Tail 2""},{""trait_type"":""Eyes"",""value"":""Orange""},{""trait_type"":""Accessory"",""value"":""Mud Pit""}]"
84,5565647,0xbd0badb3f0082cf743546fb4d560e3b6f448237cb1f4f59102d1c731122cdb31,"[{""trait_type"":""Background"",""value"":""orange""},{""trait_type"":""Body"",""value"":""Mold""},{""trait_type"":""Snout"",""value"":""Regular Snout""},{""trait_type"":""Spots"",""value"":""Spots 3""},{""trait_type"":""Tail"",""value"":""Tail 1""},{""trait_type"":""Head Accessory"",""value"":""Blue Cap""},{""trait_type"":""Eyes"",""value"":""Blue""}]"
83,5565226,0x43ec6e521620f89c4f46dd0f8f7b759421da028ed6d698a88e833ccf46b3cefb,"[{""trait_type"":""Background"",""value"":""Pink""},{""trait_type"":""Body"",""value"":""Dusty Pink""},{""trait_type"":""Snout"",""value"":""Regular Snout""},{""trait_type"":""Tail"",""value"":""Tail 3""},{""trait_type"":""Eyes"",""value"":""Blue""},{""trait_type"":""Accessory"",""value"":""Explorer""}]"
82,5564781,0xdb692e5689296ff623230b76b631916c69f8df7094cfc85b229d274aa71d1942,"[{""trait_type"":""Background"",""value"":""Matrix""},{""trait_type"":""Body"",""value"":""Ghost""},{""trait_type"":""Snout"",""value"":""Snout Wide""},{""trait_type"":""Spots"",""value"":""Spots 3""},{""trait_type"":""Tail"",""value"":""Tail 1""},{""trait_type"":""Head Accessory"",""value"":""Cowboy Hat""},{""trait_type"":""Eyes"",""value"":""Green""},{""trait_type"":""Accessory"",""value"":""SkateBoard""}]"
81,5565385,0x29a7ec5a4e860278f982294474da3d27c4632d958abbd4e8615b42a743104883,"[{""trait_type"":""Background"",""value"":""Field""},{""trait_type"":""Body"",""value"":""Pink""},{""trait_type"":""Snout"",""value"":""Regular Snout""},{""trait_type"":""Tail"",""value"":""Tail 1""},{""trait_type"":""Eyes"",""value"":""Orange""},{""trait_type"":""Accessory"",""value"":""Hover Board""}]"
80,5565174,0x09c1d62978d164ecbfec57f8ccfdaa340358279767aab350c1a197752b55fdce,"[{""trait_type"":""Background"",""value"":""Not Sunny""},{""trait_type"":""Body"",""value"":""Blood""},{""trait_type"":""Snout"",""value"":""Regular Snout""},{""trait_type"":""Spots"",""value"":""Spots 1""},{""trait_type"":""Head Accessory"",""value"":""Orange Beanie""},{""trait_type"":""Eyes"",""value"":""Deal With It""},{""trait_type"":""Accessory"",""value"":""Explorer""}]"
79,5565152,0x2ec86d684021b5bab4bc2fd521014c6c147c3ac018337cc0f3e3f751f2e97493,"[{""trait_type"":""Background"",""value"":""c3ff00""},{""trait_type"":""Body"",""value"":""Dusty Pink""},{""trait_type"":""Snout"",""value"":""Regular Snout""},{""trait_type"":""Spots"",""value"":""Spots 3""},{""trait_type"":""Tail"",""value"":""Tail 3""},{""trait_type"":""Head Accessory"",""value"":""Crown""},{""trait_type"":""Eyes"",""value"":""Green""}]"
78,5565145,0xaa920c7c07fd5192f44f3d46908eef9b2b563b1e9a7add41036a0c3f2be9eaae,"[{""trait_type"":""Background"",""value"":""green""},{""trait_type"":""Body"",""value"":""Pink""},{""trait_type"":""Snout"",""value"":""Regular Snout""},{""trait_type"":""Spots"",""value"":""Spots 3""},{""trait_type"":""Tail"",""value"":""Tail 3""},{""trait_type"":""Head Accessory"",""value"":""Pepe""},{""trait_type"":""Eyes"",""value"":""Black""}]"
77,5564998,0x8e06154371c73f9852061291cdecd2942f927dba315ef59a885395a6089f618d,"[{""trait_type"":""Background"",""value"":""pisser""},{""trait_type"":""Body"",""value"":""Gold""},{""trait_type"":""Snout"",""value"":""Snout Wide""},{""trait_type"":""Spots"",""value"":""Spots 2""},{""trait_type"":""Tail"",""value"":""Tail 1""},{""trait_type"":""Eyes"",""value"":""Black""},{""trait_type"":""Accessory"",""value"":""SkateBoard""}]"
76,5565150,0xe6648f6698f9ccdb912ab89aa67f68d18fb1d4b9e3193c3e540597f7230cadb3,"[{""trait_type"":""Background"",""value"":""Brown""},{""trait_type"":""Body"",""value"":""Zombie""},{""trait_type"":""Snout"",""value"":""Regular Snout""},{""trait_type"":""Head Accessory"",""value"":""Blue Cap""},{""trait_type"":""Eyes"",""value"":""Deal With It""}]"
75,5564789,0x16db627f38fbbd372a283243136cdf458b4103ee7bda579590b312682f0ec9a1,"[{""trait_type"":""Background"",""value"":""Grey""},{""trait_type"":""Body"",""value"":""Pink""},{""trait_type"":""Snout"",""value"":""Regular Snout""},{""trait_type"":""Spots"",""value"":""Spots 3""},{""trait_type"":""Tail"",""value"":""Tail 3""},{""trait_type"":""Head Accessory"",""value"":""Pepe""},{""trait_type"":""Eyes"",""value"":""Orange""}]"
74,5565516,0x6a9125af4acfbb1c7b67bc9320d4768aab12896ae60264eb23afb697c4f59ab3,"[{""trait_type"":""Background"",""value"":""blue""},{""trait_type"":""Body"",""value"":""Bot""},{""trait_type"":""Snout"",""value"":""Snout Snot""},{""trait_type"":""Spots"",""value"":""Spots 3""},{""trait_type"":""Tail"",""value"":""Tail 3""},{""trait_type"":""Eyes"",""value"":""Black""}]"
73,5565277,0x7530bd6e47161d2df3a0882dcba04dd640ad1014d23e1578eefbac15e119eb89,"[{""trait_type"":""Background"",""value"":""purple""},{""trait_type"":""Body"",""value"":""Bot""},{""trait_type"":""Snout"",""value"":""Snout Snot""},{""trait_type"":""Spots"",""value"":""Spots 2""},{""trait_type"":""Tail"",""value"":""Tail 1""},{""trait_type"":""Head Accessory"",""value"":""Pink Pepe""},{""trait_type"":""Eyes"",""value"":""Green""}]"
72,5565983,0xaa294ee37f8182775895645ea05300b58335c02a0e7b1e7f4b492d7e83d32f87,"[{""trait_type"":""Background"",""value"":""Rose""},{""trait_type"":""Body"",""value"":""Blood""},{""trait_type"":""Snout"",""value"":""Snout Snot""},{""trait_type"":""Tail"",""value"":""Tail 1""},{""trait_type"":""Head Accessory"",""value"":""Grey Spinner""},{""trait_type"":""Eyes"",""value"":""Blue""}]"
71,5564990,0x7c3d79113ef718a240d2065d26b0e253a3680651a60b1a55af32a7ff7755ca37,"[{""trait_type"":""Background"",""value"":""Pink""},{""trait_type"":""Body"",""value"":""Gold""},{""trait_type"":""Snout"",""value"":""Snout Wide""},{""trait_type"":""Spots"",""value"":""Spots 3""},{""trait_type"":""Tail"",""value"":""Tail 1""},{""trait_type"":""Head Accessory"",""value"":""Blue Cap""},{""trait_type"":""Eyes"",""value"":""Green""}]"
70,5565414,0x81c56df27fa65b9c00d16454d2d339d6183daaa2f96a74b01aa7fcbe562bc1fe,"[{""trait_type"":""Background"",""value"":""blue""},{""trait_type"":""Body"",""value"":""Dusty Pink""},{""trait_type"":""Snout"",""value"":""Snout Wide""},{""trait_type"":""Tail"",""value"":""Tail 1""},{""trait_type"":""Head Accessory"",""value"":""Cowboy Hat""},{""trait_type"":""Eyes"",""value"":""Black""}]"
69,5565382,0x5a75c1c3173a2f455db73faa6346d06150fae6dc2a1e28373724d63a71322ee8,"[{""trait_type"":""Background"",""value"":""White""},{""trait_type"":""Body"",""value"":""Blood""},{""trait_type"":""Snout"",""value"":""Snout Wide""},{""trait_type"":""Spots"",""value"":""Spots 3""},{""trait_type"":""Tail"",""value"":""Tail 1""},{""trait_type"":""Eyes"",""value"":""Patch""},{""trait_type"":""Wacky"",""value"":""Yes""},{""trait_type"":""Accessory"",""value"":""Mud Pit""}]"
68,5565231,0x31e577fdaa7ae622c95eb0ba88d015ad921d7f752069bc7b3cda7de6262dfaee,"[{""trait_type"":""Background"",""value"":""Grey 2""},{""trait_type"":""Body"",""value"":""Dusty Pink""},{""trait_type"":""Snout"",""value"":""Snout Wide""},{""trait_type"":""Tail"",""value"":""Tail 3""},{""trait_type"":""Eyes"",""value"":""Black""}]"
67,5564796,0xf9049571b8c3b47e2ac1ff12ac5c9b1cde7421e254f33d6781fbf64e8f58cca8,"[{""trait_type"":""Background"",""value"":""Rose""},{""trait_type"":""Body"",""value"":""Gold""},{""trait_type"":""Snout"",""value"":""Regular Snout""},{""trait_type"":""Spots"",""value"":""Spots 1""},{""trait_type"":""Tail"",""value"":""Tail 2""},{""trait_type"":""Eyes"",""value"":""Viper""}]"
66,5565811,0xf65de3628eb5e1258ab85e324a99f10084036add3719012390f4079e9ef03786,"[{""trait_type"":""Background"",""value"":""green""},{""trait_type"":""Body"",""value"":""Mold""},{""trait_type"":""Snout"",""value"":""Snout Wide""},{""trait_type"":""Tail"",""value"":""Tail 2""},{""trait_type"":""Head Accessory"",""value"":""Blue Cap""},{""trait_type"":""Eyes"",""value"":""Red""}]"
65,5565236,0x6eae04de183f155a71b6150400dd5decf1a426e27a8f5364bbd74dca706b4088,"[{""trait_type"":""Background"",""value"":""Pork Chart""},{""trait_type"":""Body"",""value"":""Pigdenza""},{""trait_type"":""Snout"",""value"":""Snout Wide""},{""trait_type"":""Tail"",""value"":""tail 1""},{""trait_type"":""Head Accessory"",""value"":""Cap Back Red""},{""trait_type"":""Eyes"",""value"":""Red""}]"
64,5564862,0xe1266605be6c9649b98fcf4ad471bf999b205815d801a35b9258cf8bb550a3a4,"[{""trait_type"":""Background"",""value"":""purple""},{""trait_type"":""Body"",""value"":""Gold""},{""trait_type"":""Snout"",""value"":""Regular Snout""},{""trait_type"":""Spots"",""value"":""Spots 3""},{""trait_type"":""Tail"",""value"":""Tail 3""},{""trait_type"":""Head Accessory"",""value"":""Top Hat""},{""trait_type"":""Eyes"",""value"":""Black""},{""trait_type"":""Socks"",""value"":""White Socks""}]"
63,5565461,0x6fe6dc795fe2770c7579c2312a5dee956f3f55dab8c295e0c8059b9015dc0be1,"[{""trait_type"":""Background"",""value"":""Brown""},{""trait_type"":""Body"",""value"":""Blood""},{""trait_type"":""Snout"",""value"":""Snout Wide""},{""trait_type"":""Spots"",""value"":""Spots 3""},{""trait_type"":""Tail"",""value"":""Tail 2""},{""trait_type"":""Head Accessory"",""value"":""Blue Cap""},{""trait_type"":""Eyes"",""value"":""Green""}]"
62,5565801,0xf9621d93d82ea9309f82670ffbe894436bb2fe7afafd56cdc0fed28a7f1b84c4,"[{""trait_type"":""Background"",""value"":""green""},{""trait_type"":""Body"",""value"":""Pink""},{""trait_type"":""Snout"",""value"":""Regular Snout""},{""trait_type"":""Spots"",""value"":""Spots 2""},{""trait_type"":""Eyes"",""value"":""Black""},{""trait_type"":""Accessory"",""value"":""Hover Board""}]"
61,5565662,0x0500164a9778a5262c10bdf5b7fdc25cdcc31d77392b799bd91a267bf4275df4,"[{""trait_type"":""Background"",""value"":""blue""},{""trait_type"":""Body"",""value"":""Mold""},{""trait_type"":""Snout"",""value"":""Regular Snout""},{""trait_type"":""Tail"",""value"":""Tail 2""},{""trait_type"":""Eyes"",""value"":""Patch""},{""trait_type"":""Socks"",""value"":""White Socks""},{""trait_type"":""Accessory"",""value"":""Hover Board""}]"
60,5566108,0x4a87259b8fba60613fff8110d54ab7a5bd549754375ff5b659bbea5aa127ffea,"[{""trait_type"":""Background"",""value"":""Rose""},{""trait_type"":""Body"",""value"":""Pink""},{""trait_type"":""Snout"",""value"":""Snout Wide""},{""trait_type"":""Spots"",""value"":""Spots 3""},{""trait_type"":""Head Accessory"",""value"":""Grey Spinner""},{""trait_type"":""Eyes"",""value"":""Blue""}]"
59,5565459,0xb28ed682c2c1031af79753ec4b08dc68a84b683ecb754a3ba5b685009a26ec04,"[{""trait_type"":""Background"",""value"":""c3ff00""},{""trait_type"":""Body"",""value"":""Pink""},{""trait_type"":""Snout"",""value"":""Regular Snout""},{""trait_type"":""Tail"",""value"":""Tail 2""},{""trait_type"":""Head Accessory"",""value"":""Blue Beanie""},{""trait_type"":""Eyes"",""value"":""Black""}]"
58,5565505,0x2bb8b8417b189cbeef7a5ed729f2866f548065fbf755b7d029099e7fe03d42d0,"[{""trait_type"":""Background"",""value"":""YEEEEET""},{""trait_type"":""Body"",""value"":""Pink""},{""trait_type"":""Snout"",""value"":""Snout Wide""},{""trait_type"":""Spots"",""value"":""Spots 1""},{""trait_type"":""Tail"",""value"":""Tail 1""},{""trait_type"":""Head Accessory"",""value"":""Turd Cat""},{""trait_type"":""Eyes"",""value"":""Black""},{""trait_type"":""Socks"",""value"":""Grandpa Socks""}]"
57,5564816,0xbb7dbf43a48c22e92e67b583626c01904295d1c37242ee0fcb321e1d1ea5c484,"[{""trait_type"":""Background"",""value"":""blue""},{""trait_type"":""Body"",""value"":""Mold""},{""trait_type"":""Snout"",""value"":""Snout Wide""},{""trait_type"":""Tail"",""value"":""Tail 3""},{""trait_type"":""Head Accessory"",""value"":""Top Hat""},{""trait_type"":""Eyes"",""value"":""Patch""},{""trait_type"":""Socks"",""value"":""Grandpa Socks""},{""trait_type"":""Accessory"",""value"":""SkateBoard""}]"
56,5564798,0xd082ab214adb42f0a5ce573227a007afa9432a382bf71fd3b28cead4c95cff13,"[{""trait_type"":""Background"",""value"":""purple""},{""trait_type"":""Body"",""value"":""Mold""},{""trait_type"":""Snout"",""value"":""Regular Snout""},{""trait_type"":""Spots"",""value"":""Spots 3""},{""trait_type"":""Head Accessory"",""value"":""Top Hat""},{""trait_type"":""Eyes"",""value"":""Orange""}]"
55,5565337,0xbee8738e45685b2c08be1f61af626e3a6bf6a7838f2d596f8bce27bc86e8a792,"[{""trait_type"":""Background"",""value"":""aqua""},{""trait_type"":""Body"",""value"":""Bot""},{""trait_type"":""Snout"",""value"":""Snout Wide""},{""trait_type"":""Spots"",""value"":""Spots 3""},{""trait_type"":""Tail"",""value"":""Tail 1""},{""trait_type"":""Head Accessory"",""value"":""White Beanie""},{""trait_type"":""Eyes"",""value"":""3D""},{""trait_type"":""Socks"",""value"":""Grandpa Socks""}]"
54,5565322,0xdf6207ac08e3cf2aa913ff071cda0153bd17cab6f75ed0d9ca77bd1f4c5d4520,"[{""trait_type"":""Background"",""value"":""green""},{""trait_type"":""Body"",""value"":""Mold""},{""trait_type"":""Snout"",""value"":""Regular Snout""},{""trait_type"":""Spots"",""value"":""Spots 3""},{""trait_type"":""Tail"",""value"":""Tail 1""},{""trait_type"":""Eyes"",""value"":""Green""}]"
53,5565202,0xac30addbbd1b84c6bf9aacc6ab8a3a54598c6da8b4f7db72f80f28ac59a5db88,"[{""trait_type"":""Background"",""value"":""Brown""},{""trait_type"":""Body"",""value"":""Pigdenza""},{""trait_type"":""Snout"",""value"":""Snout Wide""},{""trait_type"":""Tail"",""value"":""tail 3""},{""trait_type"":""Head Accessory"",""value"":""Cap Back Red""},{""trait_type"":""Eyes"",""value"":""Black""}]"
52,5565574,0xecf9e58fce57701488e03c825456a4ad6b62d95720c96c60279d490a4ccd0f03,"[{""trait_type"":""Background"",""value"":""Not Sunny""},{""trait_type"":""Body"",""value"":""Mold""},{""trait_type"":""Snout"",""value"":""Snout Wide""},{""trait_type"":""Spots"",""value"":""Spots 1""},{""trait_type"":""Tail"",""value"":""Tail 3""},{""trait_type"":""Eyes"",""value"":""Orange""},{""trait_type"":""Accessory"",""value"":""Mud Pit""}]"
51,5565761,0xcee7141f49032357190e740fc2abf40a8d96654324e774061915b4ace3e37fd0,"[{""trait_type"":""Background"",""value"":""Rose""},{""trait_type"":""Body"",""value"":""Bot""},{""trait_type"":""Snout"",""value"":""Regular Snout""},{""trait_type"":""Eyes"",""value"":""Green""}]"
50,5565760,0x2528137cd05d60dd82a821bf11f72280052c84313213b13dede9df58ee4fa27a,"[{""trait_type"":""Background"",""value"":""aqua""},{""trait_type"":""Body"",""value"":""Pink""},{""trait_type"":""Snout"",""value"":""Snout Wide""},{""trait_type"":""Spots"",""value"":""Spots 1""},{""trait_type"":""Tail"",""value"":""Tail 2""},{""trait_type"":""Eyes"",""value"":""Viper""},{""trait_type"":""Socks"",""value"":""White Socks""}]"
49,5565349,0xfd50a1253459d3b3e4612a706fbeaefd289841014765f90c1275981c949f9c9f,"[{""trait_type"":""Background"",""value"":""Pink""},{""trait_type"":""Body"",""value"":""Dusty Pink""},{""trait_type"":""Snout"",""value"":""Regular Snout""},{""trait_type"":""Tail"",""value"":""Tail 1""},{""trait_type"":""Head Accessory"",""value"":""Orange Cat""},{""trait_type"":""Eyes"",""value"":""Black""},{""trait_type"":""Accessory"",""value"":""Hover Board""}]"
48,5565323,0xb896c6e18083f59caef0d3292bd0d564a07ede71f15c6ae41dad1272a0de5598,"[{""trait_type"":""Background"",""value"":""blue""},{""trait_type"":""Body"",""value"":""Purp""},{""trait_type"":""Snout"",""value"":""Regular Snout""},{""trait_type"":""Spots"",""value"":""Spots 1""},{""trait_type"":""Tail"",""value"":""Probe""},{""trait_type"":""Head Accessory"",""value"":""Skateboard Cat""},{""trait_type"":""Eyes"",""value"":""Red""}]"
47,5565311,0x45f8d1797429430f3b0b0084fa8cc017db650df31986ccb06d762e37b7210f68,"[{""trait_type"":""Background"",""value"":""Brown""},{""trait_type"":""Body"",""value"":""Pink""},{""trait_type"":""Snout"",""value"":""Snout Wide""},{""trait_type"":""Spots"",""value"":""Spots 3""},{""trait_type"":""Tail"",""value"":""Tail 2""},{""trait_type"":""Head Accessory"",""value"":""Crown""},{""trait_type"":""Eyes"",""value"":""Red""},{""trait_type"":""Accessory"",""value"":""Mud Pit""}]"
46,5566090,0x0ae8e2b8f415b791dea73a78170368b5ad2cde6a859a383ea359731c065e94c9,"[{""trait_type"":""Background"",""value"":""Grey 2""},{""trait_type"":""Body"",""value"":""Pink""},{""trait_type"":""Snout"",""value"":""Regular Snout""},{""trait_type"":""Tail"",""value"":""Tail 1""},{""trait_type"":""Eyes"",""value"":""Orange""}]"
45,5565373,0x8a764b02623a4b727c3e614a8a653eea903bf6b4437ce5bd7162f448adc000a3,"[{""trait_type"":""Background"",""value"":""Rose""},{""trait_type"":""Body"",""value"":""Mold""},{""trait_type"":""Snout"",""value"":""Regular Snout""},{""trait_type"":""Spots"",""value"":""Spots 1""},{""trait_type"":""Tail"",""value"":""Tail 2""},{""trait_type"":""Eyes"",""value"":""Red""},{""trait_type"":""Accessory"",""value"":""Mud Pit""}]"
44,5565186,0xaf36f2bd65cc7041f1a2edae9e3d34b05fc7d8288f2f2202afaba82cfafc4c20,"[{""trait_type"":""Background"",""value"":""aqua""},{""trait_type"":""Body"",""value"":""Dusty Pink""},{""trait_type"":""Snout"",""value"":""Regular Snout""},{""trait_type"":""Spots"",""value"":""Spots 1""},{""trait_type"":""Tail"",""value"":""Tail 1""},{""trait_type"":""Eyes"",""value"":""Orange""},{""trait_type"":""Accessory"",""value"":""Mud Pit""}]"
43,5565409,0xa312c62cc1943136e0d21737e2d1d80dc0cbbe46a0c9bc858ddb6f1096e06200,"[{""trait_type"":""Background"",""value"":""blue""},{""trait_type"":""Body"",""value"":""Blood""},{""trait_type"":""Snout"",""value"":""Snout Wide""},{""trait_type"":""Tail"",""value"":""Tail 3""},{""trait_type"":""Eyes"",""value"":""Deal With It""},{""trait_type"":""Accessory"",""value"":""Hover Board""}]"
42,5565867,0xa48a076fd9a78fe49e95ee8db93fc6780fa60b77d553485a77d3081ebacfa04a,"[{""trait_type"":""Background"",""value"":""Pink""},{""trait_type"":""Body"",""value"":""Pink""},{""trait_type"":""Snout"",""value"":""Snout Wide""},{""trait_type"":""Spots"",""value"":""Spots 3""},{""trait_type"":""Tail"",""value"":""Tail 1""},{""trait_type"":""Head Accessory"",""value"":""Blue Cap""},{""trait_type"":""Eyes"",""value"":""Blue""},{""trait_type"":""Socks"",""value"":""White Socks""}]"
41,5566122,0x80bf1fe313974df1f8927f2054e82b6006c18a42f9df9ccba361446af6d8a985,"[{""trait_type"":""Background"",""value"":""Grey 2""},{""trait_type"":""Body"",""value"":""Dusty Pink""},{""trait_type"":""Snout"",""value"":""Regular Snout""},{""trait_type"":""Spots"",""value"":""Spots 1""},{""trait_type"":""Tail"",""value"":""Tail 2""},{""trait_type"":""Eyes"",""value"":""Patch""}]"
40,5565028,0x0dcbcdb55d3c28bb17a21a05f5bf6f8277c9686417f60d241ad3e882532f5867,"[{""trait_type"":""Background"",""value"":""c3ff00""},{""trait_type"":""Body"",""value"":""Purp""},{""trait_type"":""Snout"",""value"":""Snout Snot""},{""trait_type"":""Spots"",""value"":""Spots 3""},{""trait_type"":""Tail"",""value"":""Tail 2""},{""trait_type"":""Head Accessory"",""value"":""Deal With It Pink Pepe""},{""trait_type"":""Eyes"",""value"":""Black""}]"
39,5565959,0xd45546fc0f6c311b0929d02ea6bb24c50f0d0d27227a39e074603fbf39ba2cd6,"[{""trait_type"":""Background"",""value"":""pisser""},{""trait_type"":""Body"",""value"":""Blood""},{""trait_type"":""Snout"",""value"":""Regular Snout""},{""trait_type"":""Spots"",""value"":""Spots 3""},{""trait_type"":""Tail"",""value"":""Tail 1""},{""trait_type"":""Head Accessory"",""value"":""Grey Spinner""},{""trait_type"":""Eyes"",""value"":""Orange""}]"
38,5565780,0x0fb8231deafec57f5606126debd978f751bebdcc603ac701982c9c7cbfbb2fde,"[{""trait_type"":""Background"",""value"":""Brown""},{""trait_type"":""Body"",""value"":""Bot""},{""trait_type"":""Snout"",""value"":""Snout Snot""},{""trait_type"":""Tail"",""value"":""Tail 1""},{""trait_type"":""Head Accessory"",""value"":""Grey Spinner""},{""trait_type"":""Eyes"",""value"":""Black""}]"
37,5566120,0x7d391252f145fbaabaa90304d3794a87209bcad02f59d01edd0c16be71af4d45,"[{""trait_type"":""Background"",""value"":""Pink""},{""trait_type"":""Body"",""value"":""Pink""},{""trait_type"":""Snout"",""value"":""Regular Snout""},{""trait_type"":""Tail"",""value"":""Tail 2""},{""trait_type"":""Head Accessory"",""value"":""Grey Spinner""},{""trait_type"":""Eyes"",""value"":""Black""},{""trait_type"":""Accessory"",""value"":""Hover Board""}]"
36,5565905,0x861989827de0d99e42f194aea80e2a26f3dea41ce49a6615f3772bbbe1a6fd23,"[{""trait_type"":""Background"",""value"":""c3ff00""},{""trait_type"":""Body"",""value"":""Pink""},{""trait_type"":""Snout"",""value"":""Regular Snout""},{""trait_type"":""Spots"",""value"":""Spots 2""},{""trait_type"":""Tail"",""value"":""Tail 2""},{""trait_type"":""Head Accessory"",""value"":""Beanie""},{""trait_type"":""Eyes"",""value"":""Patch""}]"
35,5565953,0x78980a7fc936603e953d5da8a46495f226215a14ac885e16a94a2d85bceaace2,"[{""trait_type"":""Background"",""value"":""YEEEEET""},{""trait_type"":""Body"",""value"":""Blood""},{""trait_type"":""Snout"",""value"":""Regular Snout""},{""trait_type"":""Tail"",""value"":""Tail 1""},{""trait_type"":""Head Accessory"",""value"":""Orange Beanie""},{""trait_type"":""Eyes"",""value"":""Black""},{""trait_type"":""Accessory"",""value"":""Mud Pit""}]"
34,5564875,0x5a8514cd84f010f3da677637a1565c4f1a3d44de815dcd559ac8c1cf0c86bee1,"[{""trait_type"":""Background"",""value"":""Sunny""},{""trait_type"":""Body"",""value"":""Pink""},{""trait_type"":""Snout"",""value"":""Snout Wide""},{""trait_type"":""Spots"",""value"":""Spots 1""},{""trait_type"":""Tail"",""value"":""Tail 3""},{""trait_type"":""Head Accessory"",""value"":""Pepe""},{""trait_type"":""Eyes"",""value"":""Black""},{""trait_type"":""Accessory"",""value"":""Explorer""}]"
33,5565974,0x1bf1de6ad8d78caee020e511b96482e9902bd90ebc90465b7f20b01556bd79b8,"[{""trait_type"":""Background"",""value"":""orange""},{""trait_type"":""Body"",""value"":""Purp""},{""trait_type"":""Snout"",""value"":""Snout Wide""},{""trait_type"":""Spots"",""value"":""Spots 3""},{""trait_type"":""Tail"",""value"":""Tail 2""},{""trait_type"":""Eyes"",""value"":""Red""}]"
32,5565570,0xe49fb1f8a09edaf49e47b379ee51f9bb46dd2a958d7cccd02f5a981c6125e415,"[{""trait_type"":""Background"",""value"":""aqua""},{""trait_type"":""Body"",""value"":""Mold""},{""trait_type"":""Snout"",""value"":""Regular Snout""},{""trait_type"":""Spots"",""value"":""Spots 1""},{""trait_type"":""Tail"",""value"":""Tail 1""},{""trait_type"":""Head Accessory"",""value"":""Blue Cap""},{""trait_type"":""Eyes"",""value"":""3D""},{""trait_type"":""Accessory"",""value"":""Mud Pit""}]"
31,5565156,0x09e9c07435dfb84d2dc6e26cb7cbc8f99348bdae51326357410c2afe89d331b9,"[{""trait_type"":""Background"",""value"":""Sunny""},{""trait_type"":""Body"",""value"":""Zombie""},{""trait_type"":""Snout"",""value"":""Regular Snout""},{""trait_type"":""Spots"",""value"":""Spots 3""},{""trait_type"":""Tail"",""value"":""Tail 3""},{""trait_type"":""Head Accessory"",""value"":""White Beanie""},{""trait_type"":""Eyes"",""value"":""Green""}]"
30,5565722,0x9cad27b1ae8a260ecab618ff6c08ceeb232ec8d8e300591329c6ee9cb20d3d34,"[{""trait_type"":""Background"",""value"":""YEEEEET""},{""trait_type"":""Body"",""value"":""Blood""},{""trait_type"":""Snout"",""value"":""Snout Snot""},{""trait_type"":""Spots"",""value"":""Spots 3""},{""trait_type"":""Tail"",""value"":""Tail 2""},{""trait_type"":""Eyes"",""value"":""Orange""}]"
29,5565660,0x7e122d9bcb4213d9c7cbc4916ffa9ef2583dc377946d953a4785e39befd85f23,"[{""trait_type"":""Background"",""value"":""c3ff00""},{""trait_type"":""Body"",""value"":""Dusty Pink""},{""trait_type"":""Snout"",""value"":""Regular Snout""},{""trait_type"":""Spots"",""value"":""Spots 2""},{""trait_type"":""Tail"",""value"":""Tail 3""},{""trait_type"":""Head Accessory"",""value"":""White Beanie""},{""trait_type"":""Eyes"",""value"":""3D""}]"
28,5565561,0x60be862b404aeff17588fc5d714da299259aaed967019bc67413dffe9b9577aa,"[{""trait_type"":""Background"",""value"":""Not Sunny""},{""trait_type"":""Body"",""value"":""Blood""},{""trait_type"":""Snout"",""value"":""Snout Snot""},{""trait_type"":""Tail"",""value"":""Tail 3""},{""trait_type"":""Head Accessory"",""value"":""Cap Back Red""},{""trait_type"":""Eyes"",""value"":""Viper""}]"
27,5565377,0x961b7a28d59aff6bc11da49e7a71f6ed6238aa84ae327a11080a76a70f4d069d,"[{""trait_type"":""Background"",""value"":""Sunny""},{""trait_type"":""Body"",""value"":""Mold""},{""trait_type"":""Snout"",""value"":""Regular Snout""},{""trait_type"":""Tail"",""value"":""Tail 3""},{""trait_type"":""Eyes"",""value"":""Blue""},{""trait_type"":""Socks"",""value"":""Grandpa Socks""}]"
26,5566067,0xbe2b0e50ae75ff6dd82e79f92fd9883c763dfc48c5894ae849e4c7a79cb5f412,"[{""trait_type"":""Background"",""value"":""Brown""},{""trait_type"":""Body"",""value"":""Pink""},{""trait_type"":""Snout"",""value"":""Snout Wide""},{""trait_type"":""Spots"",""value"":""Spots 3""},{""trait_type"":""Tail"",""value"":""Tail 2""},{""trait_type"":""Eyes"",""value"":""Black""}]"
25,5565769,0xdb972c9409e45acf9967c3d7b96ef5600052779ce2801f2a4bc6ad61045dd605,"[{""trait_type"":""Background"",""value"":""Grey""},{""trait_type"":""Body"",""value"":""Mold""},{""trait_type"":""Snout"",""value"":""Snout Wide""},{""trait_type"":""Tail"",""value"":""Tail 1""},{""trait_type"":""Head Accessory"",""value"":""White Beanie""},{""trait_type"":""Eyes"",""value"":""Black""}]"
24,5565759,0x63014fa61dfa10dc07c702939a49dcd828df0f2b5fb658685a6839890feff4bf,"[{""trait_type"":""Background"",""value"":""green""},{""trait_type"":""Body"",""value"":""Dusty Pink""},{""trait_type"":""Snout"",""value"":""Regular Snout""},{""trait_type"":""Spots"",""value"":""Spots 3""},{""trait_type"":""Head Accessory"",""value"":""Orange Cat""},{""trait_type"":""Eyes"",""value"":""Blue""}]"
23,5565189,0x73d5f344ca63d8aba7d972df7653fe37a50a567b9849a74ba1466b55a7f09881,"[{""trait_type"":""Background"",""value"":""c3ff00""},{""trait_type"":""Body"",""value"":""Pink""},{""trait_type"":""Snout"",""value"":""Snout Wide""},{""trait_type"":""Tail"",""value"":""Tail 2""},{""trait_type"":""Eyes"",""value"":""Black""}]"
22,5565610,0xae35de6b138485fdced593dbb65eb25aed9aa6ea71d37e284f78dbe5b5957593,"[{""trait_type"":""Background"",""value"":""White""},{""trait_type"":""Body"",""value"":""Mold""},{""trait_type"":""Snout"",""value"":""Snout Wide""},{""trait_type"":""Spots"",""value"":""Spots 3""},{""trait_type"":""Tail"",""value"":""Tail 1""},{""trait_type"":""Eyes"",""value"":""Green""},{""trait_type"":""Wacky"",""value"":""Yes""},{""trait_type"":""Accessory"",""value"":""Mud Pit""}]"
21,5565359,0xf8a5055d8334d94de3d8059f116866d61ef3dc62a4ef5c0aadfe802a706270a3,"[{""trait_type"":""Background"",""value"":""orange""},{""trait_type"":""Body"",""value"":""Pink""},{""trait_type"":""Snout"",""value"":""Snout Wide""},{""trait_type"":""Spots"",""value"":""Spots 1""},{""trait_type"":""Tail"",""value"":""Tail 1""},{""trait_type"":""Head Accessory"",""value"":""Cap Back Red""},{""trait_type"":""Eyes"",""value"":""Patch""}]"
20,5564802,0xe11b06a52e4022f9c8f1efd2a6999c855d83e56113e7a6beaa72ac07af768991,"[{""trait_type"":""Background"",""value"":""Pork Chart""},{""trait_type"":""Body"",""value"":""Pink""},{""trait_type"":""Snout"",""value"":""Regular Snout""},{""trait_type"":""Tail"",""value"":""Tail 2""},{""trait_type"":""Head Accessory"",""value"":""Dino""},{""trait_type"":""Eyes"",""value"":""Viper""}]"
19,5566031,0x4aa2904f254dc8251116fc3892ef4c8023e813695a98366a0ad1d8cd15d7bbad,"[{""trait_type"":""Background"",""value"":""green""},{""trait_type"":""Body"",""value"":""Dusty Pink""},{""trait_type"":""Snout"",""value"":""Snout Snot""},{""trait_type"":""Spots"",""value"":""Spots 3""},{""trait_type"":""Tail"",""value"":""Tail 2""},{""trait_type"":""Eyes"",""value"":""Black""}]"
18,5565938,0x2109b983b4de209c10f418b6f3f0f279584a3c47675c51d9b755d03bece9bae0,"[{""trait_type"":""Background"",""value"":""purple""},{""trait_type"":""Body"",""value"":""Blood""},{""trait_type"":""Snout"",""value"":""Regular Snout""},{""trait_type"":""Spots"",""value"":""Spots 1""},{""trait_type"":""Tail"",""value"":""Tail 1""},{""trait_type"":""Head Accessory"",""value"":""Blue Cap""},{""trait_type"":""Eyes"",""value"":""Viper""}]"
17,5565111,0x620eafc7b2e9c03f9b4a09d96ac33c9f922fc15d8322870da52e1e60c9612aa2,"[{""trait_type"":""Background"",""value"":""Not Sunny""},{""trait_type"":""Body"",""value"":""Blood""},{""trait_type"":""Snout"",""value"":""Regular Snout""},{""trait_type"":""Spots"",""value"":""Spots 3""},{""trait_type"":""Tail"",""value"":""Tail 3""},{""trait_type"":""Eyes"",""value"":""Green""},{""trait_type"":""Accessory"",""value"":""Explorer""}]"
16,5564985,0xa23ae05686153ce0765ad29db66065a309da0fc40e6084b370a4de89af29dc34,"[{""trait_type"":""Background"",""value"":""Brown""},{""trait_type"":""Body"",""value"":""Purp""},{""trait_type"":""Snout"",""value"":""Regular Snout""},{""trait_type"":""Spots"",""value"":""Spots 1""},{""trait_type"":""Tail"",""value"":""Tail 2""},{""trait_type"":""Eyes"",""value"":""Black""},{""trait_type"":""Accessory"",""value"":""Explorer""}]"
15,5565287,0x2b7e1107f4ead4b0b53eb17640ef2e6a2dce8cdac830dde9deb5ecda6dd76bca,"[{""trait_type"":""Background"",""value"":""Pink""},{""trait_type"":""Body"",""value"":""Mold""},{""trait_type"":""Snout"",""value"":""Regular Snout""},{""trait_type"":""Tail"",""value"":""Tail 3""},{""trait_type"":""Head Accessory"",""value"":""Orange Beanie""},{""trait_type"":""Eyes"",""value"":""Patch""},{""trait_type"":""Accessory"",""value"":""Mud Pit""}]"
14,5564983,0x72d71027547b1675fa10522039de0e2cb0bec441780217ff39e1118d7c7321db,"[{""trait_type"":""Background"",""value"":""Brown""},{""trait_type"":""Body"",""value"":""Zombie""},{""trait_type"":""Snout"",""value"":""Regular Snout""},{""trait_type"":""Tail"",""value"":""Tail 2""},{""trait_type"":""Head Accessory"",""value"":""Top Hat""},{""trait_type"":""Eyes"",""value"":""Black""}]"
13,5564779,0xa52c48b234262e13ccd1defa6f73db7ca46671cc56052dd01c5f18f78f1d8302,"[{""trait_type"":""Background"",""value"":""Matrix""},{""trait_type"":""Body"",""value"":""Zombie""},{""trait_type"":""Snout"",""value"":""Snout Wide""},{""trait_type"":""Spots"",""value"":""Spots 1""},{""trait_type"":""Tail"",""value"":""Tail 1""},{""trait_type"":""Eyes"",""value"":""Deal With It""},{""trait_type"":""Socks"",""value"":""Grandpa Socks""}]"
12,5564988,0x7dc9d0f53973e8923be16da492a536cd40eeeaeba4f7f93384ba1a558b2e5d75,"[{""trait_type"":""Background"",""value"":""purple""},{""trait_type"":""Body"",""value"":""Mold""},{""trait_type"":""Snout"",""value"":""Regular Snout""},{""trait_type"":""Spots"",""value"":""Spots 1""},{""trait_type"":""Tail"",""value"":""Tail 3""},{""trait_type"":""Head Accessory"",""value"":""Cowboy Hat""},{""trait_type"":""Eyes"",""value"":""Black""}]"
11,5565286,0xc1ecc95027cfd4690307148d4b1672cb24ca8def2aa8958cc124437eb334365f,"[{""trait_type"":""Background"",""value"":""pisser""},{""trait_type"":""Body"",""value"":""Blood""},{""trait_type"":""Snout"",""value"":""Snout Wide""},{""trait_type"":""Tail"",""value"":""Tail 1""},{""trait_type"":""Head Accessory"",""value"":""Top Hat""},{""trait_type"":""Eyes"",""value"":""Orange""},{""trait_type"":""Accessory"",""value"":""Explorer""}]"
10,5565389,0x8d8d3114ed017b53c4a65dff9183ed412bdfb28000a0e91f076ec69a1c8d5f34,"[{""trait_type"":""Background"",""value"":""Grey 2""},{""trait_type"":""Body"",""value"":""Blood""},{""trait_type"":""Snout"",""value"":""Regular Snout""},{""trait_type"":""Spots"",""value"":""Spots 1""},{""trait_type"":""Tail"",""value"":""Tail 2""},{""trait_type"":""Head Accessory"",""value"":""Orange Cat""},{""trait_type"":""Eyes"",""value"":""Red""}]"
9,5565926,0xa374cedbf09a2a94652609f55d12c4307e57ef57d5a648511634dcfac698f66c,"[{""trait_type"":""Background"",""value"":""Grey 2""},{""trait_type"":""Body"",""value"":""Pink""},{""trait_type"":""Snout"",""value"":""Snout Wide""},{""trait_type"":""Tail"",""value"":""Tail 2""},{""trait_type"":""Head Accessory"",""value"":""Grey Spinner""},{""trait_type"":""Eyes"",""value"":""Black""}]"
8,5565572,0x6e7a80dfbeae851b7ba1749302b391b4e50a07cf65c11892239ca0f972ebf984,"[{""trait_type"":""Background"",""value"":""Field""},{""trait_type"":""Body"",""value"":""Pink""},{""trait_type"":""Snout"",""value"":""Regular Snout""},{""trait_type"":""Spots"",""value"":""Spots 3""},{""trait_type"":""Tail"",""value"":""Tail 1""},{""trait_type"":""Head Accessory"",""value"":""Pink Pepe""},{""trait_type"":""Eyes"",""value"":""Blue""},{""trait_type"":""Accessory"",""value"":""Mud Pit""}]"
7,5564815,0x2b977c952ecda9eb2470c642ff04dc569ad6532d010a7f07b32b7adc3bd5fc47,"[{""trait_type"":""Background"",""value"":""aqua""},{""trait_type"":""Body"",""value"":""Pink""},{""trait_type"":""Snout"",""value"":""Snout Wide""},{""trait_type"":""Spots"",""value"":""Spots 3""},{""trait_type"":""Tail"",""value"":""Tail 3""},{""trait_type"":""Head Accessory"",""value"":""Pink Pepe""},{""trait_type"":""Eyes"",""value"":""Patch""}]"
6,5565267,0x9e5c80ad790d5ffa0166e20592fe20d3e51843f3fd0091ce39730ad74833baeb,"[{""trait_type"":""Background"",""value"":""orange""},{""trait_type"":""Body"",""value"":""Gold""},{""trait_type"":""Snout"",""value"":""Regular Snout""},{""trait_type"":""Spots"",""value"":""Spots 3""},{""trait_type"":""Tail"",""value"":""Tail 3""},{""trait_type"":""Head Accessory"",""value"":""Skateboard Cat""},{""trait_type"":""Eyes"",""value"":""Orange""}]"
5,5565897,0x3e59628656219de00ef181485b2183ab74ef44286ec442cafb0dc9829113ef9d,"[{""trait_type"":""Background"",""value"":""orange""},{""trait_type"":""Body"",""value"":""Mold""},{""trait_type"":""Snout"",""value"":""Regular Snout""},{""trait_type"":""Spots"",""value"":""Spots 1""},{""trait_type"":""Tail"",""value"":""Tail 1""},{""trait_type"":""Eyes"",""value"":""Blue""},{""trait_type"":""Socks"",""value"":""White Socks""}]"
4,5565748,0x1d0d1d7bf78b25b5da6960167ceccea5d5cfb3bafe31f3b1f9797e4e3b46d375,"[{""trait_type"":""Background"",""value"":""Pink""},{""trait_type"":""Body"",""value"":""Dusty Pink""},{""trait_type"":""Snout"",""value"":""Regular Snout""},{""trait_type"":""Tail"",""value"":""Tail 2""},{""trait_type"":""Head Accessory"",""value"":""Orange Beanie""},{""trait_type"":""Eyes"",""value"":""Red""}]"
3,5565386,0x2fe7543f42d31ad7dd1b477f8b4a99e7760e2da501432ebf505870ef29a97457,"[{""trait_type"":""Background"",""value"":""c3ff00""},{""trait_type"":""Body"",""value"":""Pink""},{""trait_type"":""Snout"",""value"":""Snout Wide""},{""trait_type"":""Tail"",""value"":""Tail 3""},{""trait_type"":""Head Accessory"",""value"":""Blue Beanie""},{""trait_type"":""Eyes"",""value"":""Black""},{""trait_type"":""Accessory"",""value"":""Mud Pit""}]"
2,5565425,0x61395e19d8949596be5c57ee6c4a5e81e9266601b30ce2cedf7afa8c105a7170,"[{""trait_type"":""Background"",""value"":""purple""},{""trait_type"":""Body"",""value"":""Pink""},{""trait_type"":""Snout"",""value"":""Regular Snout""},{""trait_type"":""Spots"",""value"":""Spots 1""},{""trait_type"":""Tail"",""value"":""Probe""},{""trait_type"":""Eyes"",""value"":""Green""}]"
1,5565230,0x56457b4266b73e809e3c0cacfbd8ff0ec08eaac23d9da2d2c26b444aa01c4630,"[{""trait_type"":""Background"",""value"":""Brown""},{""trait_type"":""Body"",""value"":""Purp""},{""trait_type"":""Snout"",""value"":""Snout Snot""},{""trait_type"":""Spots"",""value"":""Spots 3""},{""trait_type"":""Head Accessory"",""value"":""Blue Cap""},{""trait_type"":""Eyes"",""value"":""Green""},{""trait_type"":""Accessory"",""value"":""Mud Pit""}]"
0,5564797,0x06604f495917966c9c4c6d9433217a004e1407dd839c8f191ac5ee194cc0c089,"[{""trait_type"":""Background"",""value"":""Rose""},{""trait_type"":""Body"",""value"":""Pink""},{""trait_type"":""Snout"",""value"":""Regular Snout""},{""trait_type"":""Spots"",""value"":""Spots 1""},{""trait_type"":""Tail"",""value"":""Tail 1""},{""trait_type"":""Head Accessory"",""value"":""Sad Cat""},{""trait_type"":""Eyes"",""value"":""3D""}]"
