token_id,ethscription_number,ethscription_id,attributes
399,6296764,0xe7c98f94fe8c9ec5e3d2fdda88ab455f104880e9e7ba7bd786860e90adccb477,"[{""trait_type"":""Background"",""value"":""Red""},{""trait_type"":""fur"",""value"":""Frankie""},{""trait_type"":""clothing"",""value"":""Space Suit""}]"
398,6296763,0x06948b251d36ed7a997ed2ea4578ab3f5300d25e48adfe57861bb0bc84a521c5,"[{""trait_type"":""Background"",""value"":""Green""},{""trait_type"":""fur"",""value"":""Skelly""},{""trait_type"":""clothing"",""value"":""Tie Dye Tee""},{""trait_type"":""hat"",""value"":""Vr Headset""}]"
397,6296762,0x6e07c0f537fa5d45545ceeee8c6315e61ff817de2387efa255c32d5d50e670c5,"[{""trait_type"":""eyewear"",""value"":""Red Noggles""},{""trait_type"":""Background"",""value"":""Blue""},{""trait_type"":""fur"",""value"":""Zombie_fur""},{""trait_type"":""clothing"",""value"":""Office Shirt""}]"
396,6296761,0x11980ade66592927b88062bed64d392a9e97874ba677f84377ebb714d781c94a,"[{""trait_type"":""eyewear"",""value"":""Bitcoin Maxi""},{""trait_type"":""Background"",""value"":""Yellow""},{""trait_type"":""fur"",""value"":""Zombie_fur""}]"
395,6296760,0x36e56250b443bf7a060f41cb6d2bf3257f4104304545cd5d6d2c785574c32f58,"[{""trait_type"":""eyewear"",""value"":""Viper Glasses""},{""trait_type"":""Background"",""value"":""Green""},{""trait_type"":""fur"",""value"":""Zombie_fur""},{""trait_type"":""clothing"",""value"":""Blue Tracksuit""}]"
394,6296759,0x6b479bd777be0b22473b2024c278aee9050eeacdbdaede9516e5a41f59f0d8c6,"[{""trait_type"":""Background"",""value"":""Yellow""},{""trait_type"":""fur"",""value"":""Zombie_fur""}]"
393,6296758,0x6297710eeb43fc215f445d3884b746ea7753616b6c89c649fe6f38f52503ad70,"[{""trait_type"":""Background"",""value"":""Spookypurple""},{""trait_type"":""fur"",""value"":""Skelly""},{""trait_type"":""clothing"",""value"":""Red Tee""}]"
392,6296757,0x68a03abc382d29533ffdffb191722053daf70da5171a536ae4ce858928c609d4,"[{""trait_type"":""eyewear"",""value"":""Red Noggles""},{""trait_type"":""Background"",""value"":""Yellow""},{""trait_type"":""fur"",""value"":""Siamese""},{""trait_type"":""hat"",""value"":""Witch Hat""},{""trait_type"":""mouth"",""value"":""Bubble Gum""},{""trait_type"":""eye_color"",""value"":""yellow""}]"
391,6296756,0x72e5b3ad43e45b0b729f2f1b1d5294c8be74cb9d89506b8462af6575ad3e8e8e,"[{""trait_type"":""Background"",""value"":""Spookypurple""},{""trait_type"":""fur"",""value"":""Zombie_fur""},{""trait_type"":""clothing"",""value"":""Blue Tracksuit""}]"
390,6296755,0x23c1f5a614dc262b8ba41dc58b649b21f500dde326dc08022eb8437c621897f2,"[{""trait_type"":""eyewear"",""value"":""Blue Noggles""},{""trait_type"":""Background"",""value"":""Orange""},{""trait_type"":""fur"",""value"":""Zombie_fur""}]"
389,6296754,0x1ebcccd15810ab895dcd8e31dcc908af4277f412dc731cc454c1376bf1c75bfb,"[{""trait_type"":""Background"",""value"":""Green""},{""trait_type"":""fur"",""value"":""Cool Blue""},{""trait_type"":""clothing"",""value"":""Red Tracksuit""},{""trait_type"":""hat"",""value"":""Witch Hat""},{""trait_type"":""mouth"",""value"":""Yawn""},{""trait_type"":""eye_color"",""value"":""Green""}]"
388,6296753,0x640d5efac22ab0ca699501b77dd3b82f3b2c1b804b5f381c97e32dc89092e4a7,"[{""trait_type"":""eyewear"",""value"":""Red Noggles""},{""trait_type"":""Background"",""value"":""Spookypurple""},{""trait_type"":""fur"",""value"":""Zombie_fur""},{""trait_type"":""clothing"",""value"":""Fashion Hoodie""}]"
387,6296752,0x1f9df8da143bca73ad5f82dcec83ce10904d9ede39f556f2da0ab926a0c2dd8b,"[{""trait_type"":""Background"",""value"":""Red""},{""trait_type"":""fur"",""value"":""Skelly""},{""trait_type"":""clothing"",""value"":""Tie Dye Tee""}]"
386,6296751,0xb6bcd09129b99dab2475c98721d127395bf6ccb38567d80dae644212e4e329e3,"[{""trait_type"":""Background"",""value"":""Spookypurple""},{""trait_type"":""fur"",""value"":""Skelly""},{""trait_type"":""clothing"",""value"":""Hacker""}]"
385,6296750,0x98b23910c169342a942312888f005c0cbe6dffe7dfe3f709e48ab46a24c648be,"[{""trait_type"":""Background"",""value"":""Green""},{""trait_type"":""fur"",""value"":""Cool Blue""},{""trait_type"":""hat"",""value"":""Witch Hat""},{""trait_type"":""mouth"",""value"":""Bored""},{""trait_type"":""eye_color"",""value"":""Orange""}]"
384,6296749,0x5c16831c62ab77edf80d90b7cdef32c327e336987b60b30a821bb65ce82861e1,"[{""trait_type"":""eyewear"",""value"":""Bitcoin Maxi""},{""trait_type"":""Background"",""value"":""Yellow""},{""trait_type"":""fur"",""value"":""Skelly""},{""trait_type"":""clothing"",""value"":""Bomber""},{""trait_type"":""hat"",""value"":""Rainbow""}]"
383,6296748,0xcd46873ed08e4b73315b715709a78d70c3e8547d450453e8cb95611f0146cfc7,"[{""trait_type"":""Background"",""value"":""Spookypurple""},{""trait_type"":""fur"",""value"":""Zombie_fur""},{""trait_type"":""clothing"",""value"":""Fashion Hoodie""}]"
382,6296747,0x0952aaf69865cc3a28d0c358160f3685ed8a104f246367a1618571a14600282b,"[{""trait_type"":""Background"",""value"":""Yellow""},{""trait_type"":""fur"",""value"":""Siamese""},{""trait_type"":""hat"",""value"":""Witch Hat""},{""trait_type"":""mouth"",""value"":""Yawn""},{""trait_type"":""eye_color"",""value"":""Orange""}]"
381,6296746,0x665fa08b4954ce0960f647480f601ac4f3297df3ed8c7b19f8e91b42cfa06271,"[{""trait_type"":""Background"",""value"":""This is Fine""},{""trait_type"":""fur"",""value"":""Frankie""},{""trait_type"":""clothing"",""value"":""Red Tracksuit""}]"
380,6296745,0x4dd5448a81d44b73ea66fdfe40ee5c14b9846d55af398c99bebc3561f4c3133f,"[{""trait_type"":""Background"",""value"":""Orange""},{""trait_type"":""fur"",""value"":""Skelly""},{""trait_type"":""clothing"",""value"":""Red Tee""}]"
379,6296744,0x149eeaace52e49de6b4bb7b09bb08c2b244701ef161967c9b94056346d5eba06,"[{""trait_type"":""Background"",""value"":""Yellow""},{""trait_type"":""fur"",""value"":""Frankie""},{""trait_type"":""clothing"",""value"":""Silver Chain""}]"
378,6296743,0x22830de1acbd06f15c7074762fdf48b24b85b40fd670b4634824e039b5d97900,"[{""trait_type"":""Background"",""value"":""Blue""},{""trait_type"":""fur"",""value"":""Frankie""},{""trait_type"":""clothing"",""value"":""Robe""}]"
377,6296742,0xcf41942ec08c5db6a4c9f76020fa07f22451cb4f48ae576a43fee23aeb58522a,"[{""trait_type"":""Background"",""value"":""Orange""},{""trait_type"":""fur"",""value"":""Siamese""},{""trait_type"":""hat"",""value"":""Witch Hat""},{""trait_type"":""mouth"",""value"":""Yawn""},{""trait_type"":""eye_color"",""value"":""Yellow""}]"
376,6296741,0x17fd1d8d17338f95ad6fe1763138c8a7867e7530831fa1d90c802d873084a02a,"[{""trait_type"":""eyewear"",""value"":""Deal With It""},{""trait_type"":""Background"",""value"":""Spookypurple""},{""trait_type"":""fur"",""value"":""Zombie_fur""}]"
375,6296740,0xf64000acb8a7d602c5e4a4682da7454dbdaf2ad37d555d2a1f3d045f3a39b1c2,"[{""trait_type"":""eyewear"",""value"":""Viper Glasses""},{""trait_type"":""Background"",""value"":""Red""},{""trait_type"":""fur"",""value"":""Cream""},{""trait_type"":""clothing"",""value"":""Bomber""},{""trait_type"":""hat"",""value"":""Witch Hat""},{""trait_type"":""mouth"",""value"":""Smile""},{""trait_type"":""eye_color"",""value"":""orange""}]"
374,6296739,0xe125f00090748cbe71a445fc6c8a672e66e274c76e5cc5c4483586f2b9fdcfb3,"[{""trait_type"":""eyewear"",""value"":""Viper Glasses""},{""trait_type"":""Background"",""value"":""Matrix""},{""trait_type"":""fur"",""value"":""Frankie""},{""trait_type"":""clothing"",""value"":""Blue Tracksuit""}]"
373,6296738,0x53c94c1ab7eb32fccc0e066a16dac6ddd092b099c46559d2152a75dadb49e8bf,"[{""trait_type"":""Background"",""value"":""Blue""},{""trait_type"":""fur"",""value"":""Zombie_fur""}]"
372,6296737,0xba161d4f008810634fb5e5524c694482c7c581fd1d91db246ca11a877aab95eb,"[{""trait_type"":""eyewear"",""value"":""Viper Glasses""},{""trait_type"":""Background"",""value"":""Spookypurple""},{""trait_type"":""fur"",""value"":""Frankie""},{""trait_type"":""clothing"",""value"":""Frank_hood""}]"
371,6296736,0xe54af54a88643469a053e4a381699c58f301ad9379df23f8bcf3a4b249f90953,"[{""trait_type"":""eyewear"",""value"":""Red Noggles""},{""trait_type"":""Background"",""value"":""Green""},{""trait_type"":""fur"",""value"":""Frankie""}]"
370,6296735,0x3ef87d671089312644ddc32f8b4b2b869fd1514ac368220457d0f816e23cbdeb,"[{""trait_type"":""Background"",""value"":""Orange""},{""trait_type"":""fur"",""value"":""Zombie_fur""},{""trait_type"":""clothing"",""value"":""Silver Chain""}]"
369,6296734,0x330f700945ab97136b91bbd67cb0a002a2506720a5d8224fb489194cdb8dc90f,"[{""trait_type"":""Background"",""value"":""Spookypurple""},{""trait_type"":""fur"",""value"":""Frankie""},{""trait_type"":""piercing"",""value"":""Earring""}]"
368,6296733,0x46e328b3a5bd13a5b77538f2694d676dd29e0a0af31bbba9a066bbca2c566648,"[{""trait_type"":""eyewear"",""value"":""Aviators""},{""trait_type"":""Background"",""value"":""Yellow""},{""trait_type"":""fur"",""value"":""Cream""},{""trait_type"":""clothing"",""value"":""Red Tee""},{""trait_type"":""hat"",""value"":""Witch Hat""},{""trait_type"":""mouth"",""value"":""Bubble Gum""},{""trait_type"":""piercing"",""value"":""Earring""},{""trait_type"":""eye_color"",""value"":""yellow""}]"
367,6296732,0x1f9b1193e3a6ea22903eab13a77afacd9cf8fd753ee9c5d350048f3ec9797c7d,"[{""trait_type"":""Background"",""value"":""Orange""},{""trait_type"":""fur"",""value"":""Frankie""},{""trait_type"":""clothing"",""value"":""Office Shirt""}]"
366,6296731,0xea381df94d73c5a40d5454c35e5668ca1cb585b84bc84a04f2db4c07a5ec72da,"[{""trait_type"":""eyewear"",""value"":""Viper Glasses""},{""trait_type"":""Background"",""value"":""Red""},{""trait_type"":""fur"",""value"":""Frankie""}]"
365,6296730,0x1c6aee3a0fe97cf87f8765cd36249b00e4bb34929e127e79422ec0d4538aa3b4,"[{""trait_type"":""Background"",""value"":""Spookypurple""},{""trait_type"":""fur"",""value"":""Cream""},{""trait_type"":""clothing"",""value"":""Red Tracksuit""},{""trait_type"":""hat"",""value"":""Witch Hat""},{""trait_type"":""mouth"",""value"":""Smile""},{""trait_type"":""eye_color"",""value"":""Green""}]"
364,6296729,0x7f35608a157c64c7998f833bf7c007a8824b0708d374c4e8de2efab9af27e25e,"[{""trait_type"":""eyewear"",""value"":""Red Noggles""},{""trait_type"":""Background"",""value"":""Orange""},{""trait_type"":""fur"",""value"":""Skelly""},{""trait_type"":""clothing"",""value"":""Space Suit""}]"
363,6296728,0x2507ce573c84d5b87aee37b277befdf00849e0db91044420d28260938b43e264,"[{""trait_type"":""Background"",""value"":""Blue""},{""trait_type"":""fur"",""value"":""Frankie""},{""trait_type"":""clothing"",""value"":""Hawaiian Shirt""}]"
362,6296727,0x3be06f0f1e9b227e1e45ae1ae65da966ee92180217988c68f6c272adc8cd62f5,"[{""trait_type"":""Background"",""value"":""Orange""},{""trait_type"":""fur"",""value"":""Frankie""},{""trait_type"":""clothing"",""value"":""Robe""}]"
361,6296726,0x6c93ed8f8dddb8bb8c2b38100b77bfd46d2b73d9888a404e9f0e0c0960204b4f,"[{""trait_type"":""Background"",""value"":""Yellow""},{""trait_type"":""fur"",""value"":""Frankie""},{""trait_type"":""clothing"",""value"":""Red Tracksuit""}]"
360,6296725,0x6a063f2c1fe436a7da51a43f25b8ab26aecd6ebe703a158e860a561f44b8c607,"[{""trait_type"":""eyewear"",""value"":""Viper Glasses""},{""trait_type"":""Background"",""value"":""Orange""},{""trait_type"":""fur"",""value"":""Siamese""},{""trait_type"":""hat"",""value"":""Witch Hat""},{""trait_type"":""mouth"",""value"":""Smile""},{""trait_type"":""eye_color"",""value"":""orange""}]"
359,6296724,0x9c02118f71c740e9a11675e66b37ee25c83b1b249ebe8d18c4bd3e36b8417a76,"[{""trait_type"":""eyewear"",""value"":""Nerd""},{""trait_type"":""Background"",""value"":""Blue""},{""trait_type"":""fur"",""value"":""Skelly""},{""trait_type"":""clothing"",""value"":""Office Shirt""}]"
358,6296723,0x056b9c1cedced6b2f0ab1d039f4f214094f23b94a7bd92ea66040473f093493a,"[{""trait_type"":""Background"",""value"":""Yellow""},{""trait_type"":""fur"",""value"":""Frankie""},{""trait_type"":""clothing"",""value"":""Robe""}]"
357,6296722,0x3b7d4e982542e77862e8983aa8737984479e7c217f47823aff46dbe8ba198063,"[{""trait_type"":""eyewear"",""value"":""Viper Glasses""},{""trait_type"":""Background"",""value"":""Blue""},{""trait_type"":""fur"",""value"":""Zombie_fur""},{""trait_type"":""clothing"",""value"":""Red Tee""}]"
356,6296721,0x117e77a826b015b4dafbb021b8d60c941549723dd512da43724ee968c17b0002,"[{""trait_type"":""Background"",""value"":""Orange""},{""trait_type"":""fur"",""value"":""Skelly""},{""trait_type"":""clothing"",""value"":""Hawaiian Shirt""}]"
355,6296720,0x20a7ced5db3127e1ec1fc8b404026fd0c5487910323e3e10262aedaa73e68cdd,"[{""trait_type"":""eyewear"",""value"":""Nerd""},{""trait_type"":""Background"",""value"":""Spookypurple""},{""trait_type"":""fur"",""value"":""Frankie""},{""trait_type"":""clothing"",""value"":""Frank_fashion""}]"
354,6296719,0xbcb05cd1e5b8b0e7585b32fb20f3d426376847b4a3350b8a505425cc37bb027a,"[{""trait_type"":""Background"",""value"":""Orange""},{""trait_type"":""fur"",""value"":""Cream""},{""trait_type"":""clothing"",""value"":""Robe""},{""trait_type"":""hat"",""value"":""Witch Hat""},{""trait_type"":""mouth"",""value"":""Smile""},{""trait_type"":""eye_color"",""value"":""Purple""}]"
353,6296718,0x8b235280c82a4d8313b657aa59d915fffaa254517602b2f8d40384573fa5cc27,"[{""trait_type"":""Background"",""value"":""Red""},{""trait_type"":""fur"",""value"":""Cream""},{""trait_type"":""hat"",""value"":""Witch Hat""},{""trait_type"":""mouth"",""value"":""Smile""},{""trait_type"":""eye_color"",""value"":""Yellow""}]"
352,6296717,0xf9c839cb92bf4c6fc346ba43531ad1bb5b94e9d2ecd48f8cf11f23907f8cc8eb,"[{""trait_type"":""Background"",""value"":""Green""},{""trait_type"":""fur"",""value"":""Zombie_fur""},{""trait_type"":""clothing"",""value"":""Space Suit""}]"
351,6296716,0x5485801af8f5595558e1f55661c7ce5d6949042f0257461a8fc6040795c1f403,"[{""trait_type"":""Background"",""value"":""Green""},{""trait_type"":""fur"",""value"":""Frankie""},{""trait_type"":""clothing"",""value"":""Space Suit""}]"
350,6296715,0x535d3dddaa64a34f4313068f3b862ed063f4135bcf4cd5dbcca8ab1750c2eeac,"[{""trait_type"":""Background"",""value"":""Yellow""},{""trait_type"":""fur"",""value"":""Zombie_fur""},{""trait_type"":""clothing"",""value"":""Robe""}]"
349,6296714,0x566768584c722393c6a42ccb51f50b3655e8d8411bde07c9a9d9c241b4eaf1f8,"[{""trait_type"":""Background"",""value"":""Spookypurple""},{""trait_type"":""fur"",""value"":""Frankie""},{""trait_type"":""clothing"",""value"":""Tie Dye Tee""}]"
348,6296713,0xed61fbbf477da5524263744a4fed1ffd3ed6fe28c2d3e17f64f5f5513082c628,"[{""trait_type"":""eyewear"",""value"":""Red Noggles""},{""trait_type"":""Background"",""value"":""Orange""},{""trait_type"":""fur"",""value"":""Frankie""},{""trait_type"":""clothing"",""value"":""Red Tracksuit""}]"
347,6296712,0xf1de121bd66820183e2fcfd694ea940e2e98f53782d87e5c4aef08615617d6c6,"[{""trait_type"":""eyewear"",""value"":""Blue Noggles""},{""trait_type"":""Background"",""value"":""Orange""},{""trait_type"":""fur"",""value"":""Skelly""},{""trait_type"":""clothing"",""value"":""Bomber""}]"
346,6296711,0x900aa309c0cddb2c38b384a209446c47f985276e91968b465f4fe712d674577a,"[{""trait_type"":""eyewear"",""value"":""Morpheus""},{""trait_type"":""Background"",""value"":""Windows""},{""trait_type"":""fur"",""value"":""Skelly""},{""trait_type"":""hat"",""value"":""Black Headphones""}]"
345,6296710,0xb150ede28f4980494c9dbfd597c5cb37105aa8b333ad0b4269936c252e6fe92d,"[{""trait_type"":""eyewear"",""value"":""Viper Glasses""},{""trait_type"":""Background"",""value"":""Blue""},{""trait_type"":""fur"",""value"":""Orange Tabby""},{""trait_type"":""clothing"",""value"":""Blue Tracksuit""},{""trait_type"":""hat"",""value"":""Witch Hat""},{""trait_type"":""mouth"",""value"":""Smile""},{""trait_type"":""eye_color"",""value"":""blue""}]"
344,6296709,0xb3ada57f847b1bd31eed73e1cf163d95f86f5af43a1f41e66523b35b33bef5ad,"[{""trait_type"":""eyewear"",""value"":""Red Noggles""},{""trait_type"":""Background"",""value"":""Matrix""},{""trait_type"":""fur"",""value"":""Zombie_fur""},{""trait_type"":""hat"",""value"":""Safari""}]"
343,6296708,0xf185535a2652619fce855e81051b23c717c863fad00739d57be9de0f7a072929,"[{""trait_type"":""eyewear"",""value"":""Viper Glasses""},{""trait_type"":""Background"",""value"":""Orange""},{""trait_type"":""fur"",""value"":""Frankie""},{""trait_type"":""clothing"",""value"":""Bomber""}]"
342,6296707,0xe5d49aed3b93bf6c1ddddeb9dab1b22056ef903f111d1d7db660edc74645ab77,"[{""trait_type"":""Background"",""value"":""Green""},{""trait_type"":""fur"",""value"":""Frankie""}]"
341,6296706,0x67d6b62166616e6ee2fc5fcd237700f798e0e1481d188010cacbe44410122d6e,"[{""trait_type"":""Background"",""value"":""Spookypurple""},{""trait_type"":""fur"",""value"":""Skelly""},{""trait_type"":""clothing"",""value"":""Red Tracksuit""}]"
340,6296705,0xf238c36a6189e084d0a33f148e4e09207954cd3731d05858cfbf93ca032ac226,"[{""trait_type"":""eyewear"",""value"":""Viper Glasses""},{""trait_type"":""Background"",""value"":""Green""},{""trait_type"":""fur"",""value"":""Orange Tabby""},{""trait_type"":""hat"",""value"":""Witch Hat""},{""trait_type"":""mouth"",""value"":""Mustache""},{""trait_type"":""eye_color"",""value"":""blue""}]"
339,6296704,0xb5a449aa2ea072ff1ce6ba5e9d3211a0c0ef2ee9b06fedd99e83140e8a1d8720,"[{""trait_type"":""Background"",""value"":""Orange""},{""trait_type"":""fur"",""value"":""Frankie""}]"
338,6296702,0xdeeefac25022781a680dff4800bcf935aa054e74beaa7ad4189b6055fe461fe2,"[{""trait_type"":""eyewear"",""value"":""Nerd""},{""trait_type"":""Background"",""value"":""Spookypurple""},{""trait_type"":""fur"",""value"":""Zombie_fur""},{""trait_type"":""clothing"",""value"":""Fashion Hoodie""}]"
337,6296701,0x218fbed99c55b82f7bcc60803ab414806d8716357e797ec0f9ea83adc318137b,"[{""trait_type"":""eyewear"",""value"":""Blue Noggles""},{""trait_type"":""Background"",""value"":""Red""},{""trait_type"":""fur"",""value"":""Frankie""},{""trait_type"":""clothing"",""value"":""Space Suit""}]"
336,6296700,0x5e7530a8a37e26f9c3f947e5b4f914910248cd9aa3b202bbbd9e6773e03904da,"[{""trait_type"":""eyewear"",""value"":""Deal With It""},{""trait_type"":""Background"",""value"":""Orange""},{""trait_type"":""fur"",""value"":""Siamese""},{""trait_type"":""clothing"",""value"":""Office Shirt""},{""trait_type"":""hat"",""value"":""Witch Hat""},{""trait_type"":""mouth"",""value"":""Cig""},{""trait_type"":""eye_color"",""value"":""orange""}]"
335,6296699,0x4e4390517573d2dea7d6d3cc060c9b4640220be0f7cdcf24456081781091aa6e,"[{""trait_type"":""Background"",""value"":""This is Fine""},{""trait_type"":""fur"",""value"":""Skelly""}]"
334,6296698,0x99758eba5b93d734ae3e7076d868239d5d48e17d320683d4d7e6e3815236c046,"[{""trait_type"":""Background"",""value"":""This is Fine""},{""trait_type"":""fur"",""value"":""Frankie""},{""trait_type"":""clothing"",""value"":""Hawaiian Shirt""}]"
333,6296697,0x2ca558e0b3adf8a7c759fe97f1657f141d8a585af2ef65780ae6d5523940f589,"[{""trait_type"":""Background"",""value"":""Spookypurple""},{""trait_type"":""fur"",""value"":""Cream""},{""trait_type"":""clothing"",""value"":""Blue Tracksuit""},{""trait_type"":""hat"",""value"":""Witch Hat""},{""trait_type"":""mouth"",""value"":""Mustache""},{""trait_type"":""eye_color"",""value"":""Yellow""}]"
332,6296696,0x686861084a289714491b1c3fe28e56badfd146e85c66e1843e4cb0b5be970a9f,"[{""trait_type"":""Background"",""value"":""Green""},{""trait_type"":""fur"",""value"":""Zombie_fur""}]"
331,6296695,0x7999410ddccdd27c1e6614e5900c792a518804c8cfd2a9a2f1748877fc3f6e23,"[{""trait_type"":""eyewear"",""value"":""Viper Glasses""},{""trait_type"":""Background"",""value"":""Orange""},{""trait_type"":""fur"",""value"":""Skelly""}]"
330,6296694,0xb64e431224fcd497f359fae64785ab22e5f646e1737266767ada6681ee73a7a2,"[{""trait_type"":""eyewear"",""value"":""Viper Glasses""},{""trait_type"":""Background"",""value"":""Spookypurple""},{""trait_type"":""fur"",""value"":""Zombie_fur""},{""trait_type"":""clothing"",""value"":""Black Hoodie""}]"
329,6296693,0x8df0a4b0379d779ca2bd5816b01f5bdcf7ce0e9d04d716c532925284b712fcc1,"[{""trait_type"":""Background"",""value"":""Orange""},{""trait_type"":""fur"",""value"":""Skelly""},{""trait_type"":""clothing"",""value"":""Hacker""}]"
328,6296692,0xf56a8092d78a8bc563018c8123b6b19b68cb99e74453178d88b9d72fc70d06f6,"[{""trait_type"":""Background"",""value"":""Green""},{""trait_type"":""fur"",""value"":""Cream""},{""trait_type"":""hat"",""value"":""Witch Hat""},{""trait_type"":""mouth"",""value"":""Yawn""},{""trait_type"":""eye_color"",""value"":""Yellow""}]"
327,6296691,0xc887bc57427970a857ed61608da1e71fa5b77c64920f28f5d0ea890433b8c7d2,"[{""trait_type"":""Background"",""value"":""Space""},{""trait_type"":""fur"",""value"":""Cream""},{""trait_type"":""hat"",""value"":""Witch Hat""},{""trait_type"":""mouth"",""value"":""Smile""},{""trait_type"":""eye_color"",""value"":""Yellow""},{""trait_type"":""piercing"",""value"":""Earring""}]"
326,6296690,0xd445e0dfa43a50f6e45b68f9eda4210385678f7e5ed4f71acb274002b8c2cba7,"[{""trait_type"":""eyewear"",""value"":""Bitcoin Maxi""},{""trait_type"":""Background"",""value"":""Orange""},{""trait_type"":""fur"",""value"":""Frankie""},{""trait_type"":""clothing"",""value"":""Hawaiian Shirt""},{""trait_type"":""hat"",""value"":""Black Headphones""}]"
325,6296689,0xbd1cd7e27e8bba90468d4961ea100dfb0de9d07b80ca08e0816b64cfbb679cd7,"[{""trait_type"":""Background"",""value"":""Orange""},{""trait_type"":""fur"",""value"":""Cream""},{""trait_type"":""hat"",""value"":""Witch Hat""},{""trait_type"":""mouth"",""value"":""Smile""},{""trait_type"":""eye_color"",""value"":""Green""}]"
324,6296688,0x401145db035fdc942b28c83ea5b34ac9a55027b842a5bf8cb10f345d7503d69f,"[{""trait_type"":""Background"",""value"":""Red""},{""trait_type"":""fur"",""value"":""Zombie_fur""},{""trait_type"":""clothing"",""value"":""Silver Chain""}]"
323,6296687,0xb2191a0a486ef56e8b9f147137f992afa12668f31a5799374eac3d0ddd23b0e3,"[{""trait_type"":""eyewear"",""value"":""Red Noggles""},{""trait_type"":""Background"",""value"":""Spookypurple""},{""trait_type"":""fur"",""value"":""Zombie_fur""},{""trait_type"":""clothing"",""value"":""Black Hoodie""},{""trait_type"":""piercing"",""value"":""Earring""}]"
322,6296686,0x1eee06ca8450e35ad4c84b4280471d8ba0937527a691fa54205df767e2e6ea1a,"[{""trait_type"":""eyewear"",""value"":""Morpheus""},{""trait_type"":""Background"",""value"":""Orange""},{""trait_type"":""fur"",""value"":""Skelly""}]"
321,6296685,0x2f4c93bf6487aad20d84f62207b524f05a0870c5ab603328c8f2c0a6ad3013bd,"[{""trait_type"":""eyewear"",""value"":""Blue Noggles""},{""trait_type"":""Background"",""value"":""Red""},{""trait_type"":""fur"",""value"":""Skelly""},{""trait_type"":""clothing"",""value"":""Office Shirt""}]"
320,6296684,0xae10b7c5efa3947b0ed6f6cb86a22354efc470eb5c6a8c375271c8dee38e1714,"[{""trait_type"":""eyewear"",""value"":""Deal With It""},{""trait_type"":""Background"",""value"":""Spookypurple""},{""trait_type"":""fur"",""value"":""Skelly""},{""trait_type"":""clothing"",""value"":""Fashion Hoodie""}]"
319,6296683,0x829eac8542a7e2ece2042f12c32b3f5f5b00e7cd34b7d4ea2d12eecf60ff90d9,"[{""trait_type"":""Background"",""value"":""Red""},{""trait_type"":""fur"",""value"":""Siamese""},{""trait_type"":""clothing"",""value"":""Robe""},{""trait_type"":""hat"",""value"":""Witch Hat""},{""trait_type"":""mouth"",""value"":""Smile""},{""trait_type"":""eye_color"",""value"":""Green""}]"
318,6296682,0xbe7574a9078395dc0240677d470364ed8c0dcfdc695efd29017ba1cc1236aff3,"[{""trait_type"":""Background"",""value"":""Orange""},{""trait_type"":""fur"",""value"":""Orange Tabby""},{""trait_type"":""clothing"",""value"":""Red Tracksuit""},{""trait_type"":""hat"",""value"":""Witch Hat""},{""trait_type"":""mouth"",""value"":""Bored""},{""trait_type"":""eye_color"",""value"":""Orange""}]"
317,6296681,0xb9e99b4522d10c58309ed0ff97ee0ce1ee3cd9e48d2d28cbd9cdf56e1737a8d4,"[{""trait_type"":""eyewear"",""value"":""Red Noggles""},{""trait_type"":""Background"",""value"":""Spookypurple""},{""trait_type"":""fur"",""value"":""Frankie""}]"
316,6296680,0x84a0c6aa1ed845a8babdb1223fb60b511159453087a8f6a0a1d1051830ff0c77,"[{""trait_type"":""Background"",""value"":""Orange""},{""trait_type"":""fur"",""value"":""Zombie_fur""},{""trait_type"":""clothing"",""value"":""Office Shirt""}]"
315,6296679,0x806a944e5238ddd900a319e80c2ada4a79cbab58ccb21dae89fef319f517f4c2,"[{""trait_type"":""eyewear"",""value"":""Morpheus""},{""trait_type"":""Background"",""value"":""Green""},{""trait_type"":""fur"",""value"":""Frankie""},{""trait_type"":""clothing"",""value"":""Hawaiian Shirt""},{""trait_type"":""hat"",""value"":""Wizard Hat""}]"
314,6296678,0x350a8248923fb9d9bc2c873de0bb7239c97693403353ad63bc1b585b998a2fbe,"[{""trait_type"":""Background"",""value"":""Red""},{""trait_type"":""fur"",""value"":""Cool Blue""},{""trait_type"":""hat"",""value"":""Witch Hat""},{""trait_type"":""mouth"",""value"":""Smile""},{""trait_type"":""eye_color"",""value"":""Green""}]"
313,6296677,0x8ba95df3ba07cfaf68dcdf2e4f301b8902a699fed386dd1f314bc8576679b15d,"[{""trait_type"":""Background"",""value"":""Spookypurple""},{""trait_type"":""fur"",""value"":""Cool Blue""},{""trait_type"":""hat"",""value"":""Witch Hat""},{""trait_type"":""mouth"",""value"":""Vape""},{""trait_type"":""eye_color"",""value"":""Purple""},{""trait_type"":""piercing"",""value"":""Earring""}]"
312,6296676,0xb9f03e57ff11111fb5caced267bbb763388499c5961b5dbd8f4a82806d8fa2e2,"[{""trait_type"":""Background"",""value"":""Orange""},{""trait_type"":""fur"",""value"":""Frankie""},{""trait_type"":""clothing"",""value"":""Tie Dye Tee""}]"
311,6296675,0x419a05b229a9813017a28086563e8b2cfc5da598d35be8759fb912f28db2e075,"[{""trait_type"":""eyewear"",""value"":""Deal With It""},{""trait_type"":""Background"",""value"":""Spookypurple""},{""trait_type"":""fur"",""value"":""Gold""},{""trait_type"":""hat"",""value"":""Witch Hat""},{""trait_type"":""mouth"",""value"":""Vape""},{""trait_type"":""eye_color"",""value"":""green""}]"
310,6296674,0x2a378ac9b170e80925592a992eedac160a18bb90f6c3b74935fd5a3677b3c3dc,"[{""trait_type"":""Background"",""value"":""Spookypurple""},{""trait_type"":""fur"",""value"":""Skelly""},{""trait_type"":""clothing"",""value"":""Space Suit""}]"
309,6296673,0x017929fc35cd9bbc28fe33706714c6a55dc55c7b4df7eabdd8ee2bba75800150,"[{""trait_type"":""Background"",""value"":""Yellow""},{""trait_type"":""fur"",""value"":""Zombie_fur""},{""trait_type"":""clothing"",""value"":""Red Tee""}]"
308,6296672,0x1ae17c679642655eb26fdff7065d8dd895518cb4477dd642282d4ee1f571c7d6,"[{""trait_type"":""eyewear"",""value"":""Deal With It""},{""trait_type"":""Background"",""value"":""Spookypurple""},{""trait_type"":""fur"",""value"":""Skelly""},{""trait_type"":""clothing"",""value"":""Tie Dye Tee""}]"
307,6296671,0xe9a68e3b7d4d891c6caef66237e4402dd7ca513aa3ebe25a927d107cf10c1589,"[{""trait_type"":""eyewear"",""value"":""Deal With It""},{""trait_type"":""Background"",""value"":""Red""},{""trait_type"":""fur"",""value"":""Skelly""},{""trait_type"":""clothing"",""value"":""Blue Tracksuit""}]"
306,6296670,0xd7370563ce5ff15cc3c28fc8a2c26394455f38042cbe0f538dc51f59613210aa,"[{""trait_type"":""eyewear"",""value"":""Red Noggles""},{""trait_type"":""Background"",""value"":""Space""},{""trait_type"":""fur"",""value"":""Frankie""},{""trait_type"":""clothing"",""value"":""Blue Tee""}]"
305,6296669,0xc0eb7a2f322ff3459369ade25e55574d15f6c089fe436e9eae00e31bbcf4934c,"[{""trait_type"":""Background"",""value"":""Yellow""},{""trait_type"":""fur"",""value"":""Zombie_fur""},{""trait_type"":""clothing"",""value"":""Space Suit""}]"
304,6296668,0x2b29aca998cf8f0ba1445a8825135a39bb2d7f6bb652b62223d3e89727df068c,"[{""trait_type"":""Background"",""value"":""Green""},{""trait_type"":""fur"",""value"":""Frankie""},{""trait_type"":""clothing"",""value"":""Red Tee""}]"
303,6296667,0xe689de91acd436c5b5006e0022b5f911685079601bf00fc5742c32e2bf05e43e,"[{""trait_type"":""Background"",""value"":""Blue""},{""trait_type"":""fur"",""value"":""Frankie""}]"
302,6296666,0x57c89d0b245f928f21173f0c152d41381ac0749de3cf1d417fb349e52f031bbb,"[{""trait_type"":""eyewear"",""value"":""Blue Noggles""},{""trait_type"":""Background"",""value"":""Space""},{""trait_type"":""fur"",""value"":""Frankie""},{""trait_type"":""clothing"",""value"":""Robe""}]"
301,6296665,0x23da27292b7f587e74165d35c395a7c7ff6b6a61020100e38629c8da0c466e95,"[{""trait_type"":""Background"",""value"":""Red""},{""trait_type"":""fur"",""value"":""Siamese""},{""trait_type"":""clothing"",""value"":""Bomber""},{""trait_type"":""hat"",""value"":""Witch Hat""},{""trait_type"":""mouth"",""value"":""Cig""},{""trait_type"":""eye_color"",""value"":""Blue""}]"
300,6296664,0x13d9c15cf1f32871cd2dd6fa364373b32bf576de90972668d9c694536f5bdcd6,"[{""trait_type"":""eyewear"",""value"":""Viper Glasses""},{""trait_type"":""Background"",""value"":""Blue""},{""trait_type"":""fur"",""value"":""Skelly""},{""trait_type"":""clothing"",""value"":""Space Suit""}]"
299,6296663,0x858a5d657897a090c160c38538b9ac7d9069edae96a8d6e5e81731bcc2d9ef34,"[{""trait_type"":""Background"",""value"":""Green""},{""trait_type"":""fur"",""value"":""Frankie""},{""trait_type"":""clothing"",""value"":""Red Tracksuit""},{""trait_type"":""piercing"",""value"":""Earring""}]"
298,6296662,0xabab42c2f82ada3bee2f7faec08d15433e3ec4b9a8a5d757210d997843367b1b,"[{""trait_type"":""Background"",""value"":""Green""},{""trait_type"":""fur"",""value"":""Zombie_fur""},{""trait_type"":""clothing"",""value"":""Blue Tee""}]"
297,6296661,0x0e149c06e3044b4be87f9bcdb80a5bda056074314d3213a9b608413101dd5991,"[{""trait_type"":""eyewear"",""value"":""Red Noggles""},{""trait_type"":""Background"",""value"":""Orange""},{""trait_type"":""fur"",""value"":""Orange Tabby""},{""trait_type"":""clothing"",""value"":""Robe""},{""trait_type"":""hat"",""value"":""Witch Hat""},{""trait_type"":""mouth"",""value"":""Bored""},{""trait_type"":""eye_color"",""value"":""blue""}]"
296,6296660,0xb6662cb73975ca5a7f60aca6ab15d38000a2e8a7c125ef51912a9205e724bee0,"[{""trait_type"":""Background"",""value"":""Green""},{""trait_type"":""fur"",""value"":""Cream""},{""trait_type"":""clothing"",""value"":""Red Tee""},{""trait_type"":""hat"",""value"":""Witch Hat""},{""trait_type"":""mouth"",""value"":""Bored""},{""trait_type"":""eye_color"",""value"":""Green""}]"
295,6296659,0x95de7c981714e76864af778b5c8325e78311a4ed07b02dbeba1472cbab064f38,"[{""trait_type"":""eyewear"",""value"":""Morpheus""},{""trait_type"":""Background"",""value"":""Blue""},{""trait_type"":""fur"",""value"":""Frankie""},{""trait_type"":""clothing"",""value"":""Gold Chain""},{""trait_type"":""hat"",""value"":""Sports Headband""}]"
294,6296658,0x8dd243e104d70f6e363470d216e1fac9bc623a06f978f9b4a61d0c8520d2cbea,"[{""trait_type"":""Background"",""value"":""Yellow""},{""trait_type"":""fur"",""value"":""Orange Tabby""},{""trait_type"":""hat"",""value"":""Witch Hat""},{""trait_type"":""mouth"",""value"":""Bubble Gum""},{""trait_type"":""eye_color"",""value"":""Green""}]"
293,6296657,0x05fc395bd0cf433fe00a67867aee5ce69dc54529a8df88a60a6f7ee82e9b824f,"[{""trait_type"":""Background"",""value"":""Space""},{""trait_type"":""fur"",""value"":""Zombie_fur""},{""trait_type"":""clothing"",""value"":""Robe""}]"
292,6296656,0xe5f539157894aeae2b4c0afed7ec4d843458068ba9612d6d2db8b37a38241910,"[{""trait_type"":""eyewear"",""value"":""Nerd""},{""trait_type"":""Background"",""value"":""Orange""},{""trait_type"":""fur"",""value"":""Frankie""}]"
291,6296655,0xe1e662465e6e0cfafde43fb340fcb4f8c89b4d831af0edd034c1fdeee8985ae3,"[{""trait_type"":""eyewear"",""value"":""Aviators""},{""trait_type"":""Background"",""value"":""Blue""},{""trait_type"":""fur"",""value"":""Frankie""},{""trait_type"":""clothing"",""value"":""Hacker""}]"
290,6296654,0xe836114d66970eea5f1d2bfe5f848354c2134aa4329a2e91c98a3c7564c0c952,"[{""trait_type"":""eyewear"",""value"":""Deal With It""},{""trait_type"":""Background"",""value"":""Green""},{""trait_type"":""fur"",""value"":""Frankie""},{""trait_type"":""clothing"",""value"":""Blue Tracksuit""}]"
289,6296653,0x35ccba3e789b2c1be0f802c1317c3119a1337961fa00e5ff1a61c719221def6f,"[{""trait_type"":""Background"",""value"":""Spookypurple""},{""trait_type"":""fur"",""value"":""Skelly""}]"
288,6296652,0x0d534a2f8101918c697c291bc5b40e4ef844ea1cc48f5b8af08f3cebcba4cda0,"[{""trait_type"":""eyewear"",""value"":""Bitcoin Maxi""},{""trait_type"":""Background"",""value"":""Space""},{""trait_type"":""fur"",""value"":""Zombie_fur""},{""trait_type"":""clothing"",""value"":""Robe""},{""trait_type"":""hat"",""value"":""Fedora""},{""trait_type"":""piercing"",""value"":""Earring""}]"
287,6296651,0xe5b77c8d15bf8f5594659edeeff737759ea1102b34b5db7417d8d4e42fdd5d6d,"[{""trait_type"":""eyewear"",""value"":""Nerd""},{""trait_type"":""Background"",""value"":""Yellow""},{""trait_type"":""fur"",""value"":""Zombie_fur""}]"
286,6296650,0xa85168088c0da7abe61c3532f2f803f679a879f95ad591b3ff5311d5e4dfbfda,"[{""trait_type"":""Background"",""value"":""Spookypurple""},{""trait_type"":""fur"",""value"":""Skelly""},{""trait_type"":""clothing"",""value"":""Office Shirt""}]"
285,6296649,0x4a2fa95ad33ff5325f92459164cdb36815649e3454c8f52fd4f3c0b65a3b75dd,"[{""trait_type"":""eyewear"",""value"":""Bitcoin Maxi""},{""trait_type"":""Background"",""value"":""Red""},{""trait_type"":""fur"",""value"":""Frankie""},{""trait_type"":""clothing"",""value"":""Hawaiian Shirt""}]"
284,6296648,0x635842ce44f376e89473cc57eb7d8e66f09ee72827cebf38e6e985772e2332c3,"[{""trait_type"":""eyewear"",""value"":""Blue Noggles""},{""trait_type"":""Background"",""value"":""Red""},{""trait_type"":""fur"",""value"":""Cream""},{""trait_type"":""clothing"",""value"":""Blue Tee""},{""trait_type"":""hat"",""value"":""Witch Hat""},{""trait_type"":""mouth"",""value"":""Vape""},{""trait_type"":""eye_color"",""value"":""orange""}]"
283,6296647,0x667d8dd06475563be070575c013f735977d099e4ed1723c0df1db1f26ee1d4b7,"[{""trait_type"":""eyewear"",""value"":""Viper Glasses""},{""trait_type"":""Background"",""value"":""Space""},{""trait_type"":""fur"",""value"":""Frankie""},{""trait_type"":""clothing"",""value"":""Red Tee""}]"
282,6296646,0xb81ee1cff5718fd93528ad8cc2992f3c63da423ac5e2e2db09403f5707fbbf1b,"[{""trait_type"":""Background"",""value"":""Green""},{""trait_type"":""fur"",""value"":""Siamese""},{""trait_type"":""clothing"",""value"":""Hacker""},{""trait_type"":""hat"",""value"":""Witch Hat""},{""trait_type"":""mouth"",""value"":""Yawn""},{""trait_type"":""eye_color"",""value"":""Orange""}]"
281,6296645,0x7530d10be9f9a35d56a58ba3aa246e0b9e49ae9878faad464a691ca3bc51d1c2,"[{""trait_type"":""eyewear"",""value"":""Nerd""},{""trait_type"":""Background"",""value"":""Windows""},{""trait_type"":""fur"",""value"":""Orange Tabby""},{""trait_type"":""clothing"",""value"":""Hawaiian Shirt""},{""trait_type"":""hat"",""value"":""Witch Hat""},{""trait_type"":""mouth"",""value"":""Yawn""},{""trait_type"":""piercing"",""value"":""Earring""},{""trait_type"":""eye_color"",""value"":""blue""}]"
280,6296644,0x1ca8b55237d92288e67ffdff57b4220e02d2f613f320c66af16d11e72a294ca2,"[{""trait_type"":""Background"",""value"":""Red""},{""trait_type"":""fur"",""value"":""Frankie""},{""trait_type"":""clothing"",""value"":""Hawaiian Shirt""}]"
279,6296643,0xf075b1729ace8bd3af1e720c82f23820ac975802b938a11eba53c3dbd982ae35,"[{""trait_type"":""Background"",""value"":""Yellow""},{""trait_type"":""fur"",""value"":""Skelly""},{""trait_type"":""clothing"",""value"":""Red Tee""},{""trait_type"":""hat"",""value"":""Snapback""}]"
278,6296642,0x72b0bf044c6e2bee810a99b2da014c7b2bb6c654b866446d73d01fd0fa524be4,"[{""trait_type"":""eyewear"",""value"":""Nerd""},{""trait_type"":""Background"",""value"":""Orange""},{""trait_type"":""fur"",""value"":""Frankie""},{""trait_type"":""clothing"",""value"":""Tie Dye Tee""}]"
277,6296641,0xc22a3c37adf8de3ec8a35a0b340d583b0b0f1d9f6d596087c223404d9da17872,"[{""trait_type"":""Background"",""value"":""Spookypurple""},{""trait_type"":""fur"",""value"":""Skelly""},{""trait_type"":""clothing"",""value"":""Hawaiian Shirt""}]"
276,6296640,0x19c39b96beaecf96aa013c4f44e74510f6db5a10ed76d39e8b62976ee74422b5,"[{""trait_type"":""eyewear"",""value"":""Deal With It""},{""trait_type"":""Background"",""value"":""Spookypurple""},{""trait_type"":""fur"",""value"":""Skelly""},{""trait_type"":""clothing"",""value"":""Black Hoodie""}]"
275,6296639,0x9c77f3d0e562ab4dba7e482c72040fde6ed34edf561871687300da90b47fa8fd,"[{""trait_type"":""Background"",""value"":""Orange""},{""trait_type"":""fur"",""value"":""Skelly""}]"
274,6296638,0xb12bd41447298e5c37d1eff679cfcfe7b933086d4e3537135f9bd1875c7a5b6c,"[{""trait_type"":""eyewear"",""value"":""Morpheus""},{""trait_type"":""Background"",""value"":""Spookypurple""},{""trait_type"":""fur"",""value"":""Zombie_fur""},{""trait_type"":""clothing"",""value"":""Black Hoodie""}]"
273,6296637,0x142304376c5863532364220239811a8d244a43a73b5ecba2b19a262f2cbb42fb,"[{""trait_type"":""eyewear"",""value"":""Deal With It""},{""trait_type"":""Background"",""value"":""Green""},{""trait_type"":""fur"",""value"":""Zombie_fur""},{""trait_type"":""clothing"",""value"":""Hacker""}]"
272,6296636,0xa46b12b4e6de8b04c9b0e4006b09558e82567285d3e327e863978b02e4495dd8,"[{""trait_type"":""Background"",""value"":""Green""},{""trait_type"":""fur"",""value"":""Skelly""}]"
271,6296635,0xb98086d86024fa47bdbde4c48594b84b617a03ae8616da12536e5c2857a4e6e1,"[{""trait_type"":""Background"",""value"":""Spookypurple""},{""trait_type"":""fur"",""value"":""Gold_frankie""},{""trait_type"":""clothing"",""value"":""Hacker""},{""trait_type"":""hat"",""value"":""Orange Beanie""}]"
270,6296634,0x504cb00a2646eef1c31832863b7a5dff199495bfb382b84c224b80f951aabc9a,"[{""trait_type"":""eyewear"",""value"":""Viper Glasses""},{""trait_type"":""Background"",""value"":""Space""},{""trait_type"":""fur"",""value"":""Zombie_fur""}]"
269,6296633,0x05233d57069899be330890235fa774f3575bf4e0cbb740616754b74d0bbd595e,"[{""trait_type"":""Background"",""value"":""Blue""},{""trait_type"":""fur"",""value"":""Zombie_fur""},{""trait_type"":""clothing"",""value"":""Hacker""}]"
268,6296632,0x784ec726ba730c27be9681a58b063a576432deec523f5444b8b12186e03b368d,"[{""trait_type"":""Background"",""value"":""Red""},{""trait_type"":""fur"",""value"":""Skelly""},{""trait_type"":""hat"",""value"":""Wizard Hat""}]"
267,6296631,0x087f29e0e327852f529ae818a1d3be5fe93555d82027f49292783c5ecfeebaec,"[{""trait_type"":""Background"",""value"":""Orange""},{""trait_type"":""fur"",""value"":""Siamese""},{""trait_type"":""clothing"",""value"":""Gold Chain""},{""trait_type"":""hat"",""value"":""Witch Hat""},{""trait_type"":""mouth"",""value"":""Bubble Gum""},{""trait_type"":""eye_color"",""value"":""Blue""}]"
266,6296630,0xa08b7cdece82311b70317e855c35513ea0b36e012ee37389b2e7fa9e9155a23e,"[{""trait_type"":""eyewear"",""value"":""Bitcoin Maxi""},{""trait_type"":""Background"",""value"":""Spookypurple""},{""trait_type"":""fur"",""value"":""Zombie_fur""},{""trait_type"":""clothing"",""value"":""Bomber""}]"
265,6296629,0x809c90e7c09ca77a29cece841a6fad11ccb51a1ffb70698850e49812a266babf,"[{""trait_type"":""eyewear"",""value"":""Viper Glasses""},{""trait_type"":""Background"",""value"":""Spookypurple""},{""trait_type"":""fur"",""value"":""Skelly""},{""trait_type"":""clothing"",""value"":""Fashion Hoodie""}]"
264,6296628,0x558b794f99c65526945df7828c134ec3a4e79accdd15179563a561596a5b4d5d,"[{""trait_type"":""eyewear"",""value"":""Bitcoin Maxi""},{""trait_type"":""Background"",""value"":""Space""},{""trait_type"":""fur"",""value"":""Skelly""},{""trait_type"":""clothing"",""value"":""Bomber""},{""trait_type"":""piercing"",""value"":""Earring""}]"
263,6296627,0xe4ba7e8a5f0a4b8087f4b612af6df45bd9efcaa2e0f2dd90e117f393b9aea01f,"[{""trait_type"":""eyewear"",""value"":""Nerd""},{""trait_type"":""Background"",""value"":""Yellow""},{""trait_type"":""fur"",""value"":""Zombie_fur""},{""trait_type"":""clothing"",""value"":""Space Suit""},{""trait_type"":""hat"",""value"":""Snapback""}]"
262,6296626,0x5facfbc43982cb62703e4a3119b84270a1912770d7e551040d62e35bde7cc837,"[{""trait_type"":""eyewear"",""value"":""Viper Glasses""},{""trait_type"":""Background"",""value"":""Orange""},{""trait_type"":""fur"",""value"":""Skelly""},{""trait_type"":""clothing"",""value"":""Blue Tee""}]"
261,6296625,0x465064470aa4b8b30fb30da5681690a490be3d8ab5dc1f169b8b29ff18ec97ec,"[{""trait_type"":""eyewear"",""value"":""Aviators""},{""trait_type"":""Background"",""value"":""Spookypurple""},{""trait_type"":""fur"",""value"":""Frankie""}]"
260,6296624,0x2fbfa6f2fc74ee0d200236259d142dc0894631be521739ff6f5df4324f307960,"[{""trait_type"":""eyewear"",""value"":""Bitcoin Maxi""},{""trait_type"":""Background"",""value"":""Blue""},{""trait_type"":""fur"",""value"":""Skelly""},{""trait_type"":""clothing"",""value"":""Office Shirt""}]"
259,6296623,0x8340c45e94d01fbc29f25da912f48fa0b3b01a844c083829a2e66cd38c9c4118,"[{""trait_type"":""eyewear"",""value"":""Aviators""},{""trait_type"":""Background"",""value"":""Spookypurple""},{""trait_type"":""fur"",""value"":""Frankie""},{""trait_type"":""clothing"",""value"":""Frank_hood""}]"
258,6296622,0x674dea1522c69745b5dc8676eec25c64b34bb286b487e7241dfdc96c9ab9706a,"[{""trait_type"":""Background"",""value"":""Orange""},{""trait_type"":""fur"",""value"":""Cream""},{""trait_type"":""clothing"",""value"":""Bomber""},{""trait_type"":""hat"",""value"":""Witch Hat""},{""trait_type"":""mouth"",""value"":""Vape""},{""trait_type"":""eye_color"",""value"":""Yellow""}]"
257,6296621,0x8c24d6639c55cb35171c969a9e930d00c2af0a77111e53a2e5aa9868a2f87e5c,"[{""trait_type"":""Background"",""value"":""Spookypurple""},{""trait_type"":""fur"",""value"":""Cream""},{""trait_type"":""clothing"",""value"":""Bomber""},{""trait_type"":""hat"",""value"":""Witch Hat""},{""trait_type"":""mouth"",""value"":""Smile""},{""trait_type"":""eye_color"",""value"":""Yellow""}]"
256,6296620,0xebaca1d5ead88cf9a67d7f2362d09d97eb50a17d262c146c04a6ba10e8b7722e,"[{""trait_type"":""Background"",""value"":""Spookypurple""},{""trait_type"":""fur"",""value"":""Frankie""},{""trait_type"":""clothing"",""value"":""Blue Tracksuit""}]"
255,6296619,0x9494d4d8621433bbaf197b01365c14a1f03b4838154b03bbbbd1b837092baae3,"[{""trait_type"":""eyewear"",""value"":""Morpheus""},{""trait_type"":""Background"",""value"":""Green""},{""trait_type"":""fur"",""value"":""Orange Tabby""},{""trait_type"":""clothing"",""value"":""Office Shirt""},{""trait_type"":""hat"",""value"":""Witch Hat""},{""trait_type"":""mouth"",""value"":""Bored""},{""trait_type"":""eye_color"",""value"":""orange""}]"
254,6296618,0x8738c4cb468d84a32c086cc716c5a7e32653adca9a59782c32925ec38a2b9f8f,"[{""trait_type"":""eyewear"",""value"":""Nerd""},{""trait_type"":""Background"",""value"":""Green""},{""trait_type"":""fur"",""value"":""Zombie_fur""},{""trait_type"":""clothing"",""value"":""Blue Tracksuit""}]"
253,6296617,0x87889f4aec54bcccfff4acdfd8ac9dfea5e51e14d51a882e11a9ba573b550f4c,"[{""trait_type"":""eyewear"",""value"":""Viper Glasses""},{""trait_type"":""Background"",""value"":""Orange""},{""trait_type"":""fur"",""value"":""Skelly""},{""trait_type"":""clothing"",""value"":""Space Suit""}]"
252,6296616,0x33c8a7f3ec668505f3831708201107fb971215240e3dd421462b13440dd88d86,"[{""trait_type"":""eyewear"",""value"":""Deal With It""},{""trait_type"":""Background"",""value"":""Yellow""},{""trait_type"":""fur"",""value"":""Frankie""},{""trait_type"":""clothing"",""value"":""Bomber""}]"
251,6296615,0x405868814e786f0ff1232730eaf4baca0b5f583d4e42e8ab68cdd237e854bbee,"[{""trait_type"":""eyewear"",""value"":""Viper Glasses""},{""trait_type"":""Background"",""value"":""Green""},{""trait_type"":""fur"",""value"":""Zombie_fur""},{""trait_type"":""clothing"",""value"":""Red Tee""}]"
250,6296614,0xac8b135fa6bb902ec90e6c631460574b302ca00b58158804d92271e50fb546ff,"[{""trait_type"":""eyewear"",""value"":""Nerd""},{""trait_type"":""Background"",""value"":""Blue""},{""trait_type"":""fur"",""value"":""Zombie_fur""}]"
249,6296613,0xf9ed6437b642c99414c1d34193230434932b4e32f20b9ea518b9470f56e7d74e,"[{""trait_type"":""eyewear"",""value"":""Deal With It""},{""trait_type"":""Background"",""value"":""Red""},{""trait_type"":""fur"",""value"":""Frankie""},{""trait_type"":""clothing"",""value"":""Bomber""}]"
248,6296612,0x9c9b67bdb8533efa89346e9df8cce43c5271d61d3ee7fec53059b29eee3f1fc1,"[{""trait_type"":""eyewear"",""value"":""Red Noggles""},{""trait_type"":""Background"",""value"":""Spookypurple""},{""trait_type"":""fur"",""value"":""Zombie_fur""},{""trait_type"":""clothing"",""value"":""Black Hoodie""}]"
247,6296611,0x98ceb1998ff679310f49d547342a7a523b1aa817e334211a6beb63f47f8bfa75,"[{""trait_type"":""eyewear"",""value"":""Deal With It""},{""trait_type"":""Background"",""value"":""Yellow""},{""trait_type"":""fur"",""value"":""Frankie""},{""trait_type"":""clothing"",""value"":""Robe""}]"
246,6296610,0xafc9e7895bd2e062a5332b994564139b51f60c358f905089ea14db3a7cca6669,"[{""trait_type"":""Background"",""value"":""Blue""},{""trait_type"":""fur"",""value"":""Skelly""},{""trait_type"":""clothing"",""value"":""Bomber""},{""trait_type"":""hat"",""value"":""Safari""}]"
245,6296609,0x2480d5d496febbaf344171d599914ce92261b6540801337020dfaa168a5f743e,"[{""trait_type"":""eyewear"",""value"":""Viper Glasses""},{""trait_type"":""Background"",""value"":""Red""},{""trait_type"":""fur"",""value"":""Cream""},{""trait_type"":""hat"",""value"":""Witch Hat""},{""trait_type"":""mouth"",""value"":""Vape""},{""trait_type"":""eye_color"",""value"":""green""}]"
244,6296608,0xcdfd387a3a8b11cd6f2b8453c7f8530156834943a9c37a1ac9f9f1e9fbeb3527,"[{""trait_type"":""eyewear"",""value"":""Viper Glasses""},{""trait_type"":""Background"",""value"":""Yellow""},{""trait_type"":""fur"",""value"":""Zombie_fur""},{""trait_type"":""clothing"",""value"":""Robe""}]"
243,6296607,0xaed4b7c10c9778b5ea189e20b886805ebf29512f2e471af0fcf99a855803c515,"[{""trait_type"":""eyewear"",""value"":""Aviators""},{""trait_type"":""Background"",""value"":""Orange""},{""trait_type"":""fur"",""value"":""Cream""},{""trait_type"":""clothing"",""value"":""Robe""},{""trait_type"":""hat"",""value"":""Witch Hat""},{""trait_type"":""mouth"",""value"":""Cig""},{""trait_type"":""eye_color"",""value"":""green""}]"
242,6296606,0x7ffce088cb42c34acc15787a994139f1abc17c0deda7132365f9171c8d70f455,"[{""trait_type"":""eyewear"",""value"":""Deal With It""},{""trait_type"":""Background"",""value"":""Matrix""},{""trait_type"":""fur"",""value"":""Zombie_fur""},{""trait_type"":""clothing"",""value"":""Space Suit""}]"
241,6296605,0xb78f79841055894a544414e9a757ec351218dab0bbfe5fbcffcd9a6fa6313e72,"[{""trait_type"":""Background"",""value"":""Spookypurple""},{""trait_type"":""fur"",""value"":""Frankie""},{""trait_type"":""clothing"",""value"":""Red Tracksuit""}]"
240,6296604,0x64ad60d3e49996a1fd1857a2ba1fc91b377b2583ea3f9de6d96d3fbe007f1e0e,"[{""trait_type"":""eyewear"",""value"":""Viper Glasses""},{""trait_type"":""Background"",""value"":""Spookypurple""},{""trait_type"":""fur"",""value"":""Skelly""},{""trait_type"":""clothing"",""value"":""Black Hoodie""}]"
239,6296603,0xe830a1cc76cde7464a5536df376594037a170d6ca99becb1a07be1b3c9106fda,"[{""trait_type"":""Background"",""value"":""Red""},{""trait_type"":""fur"",""value"":""Skelly""}]"
238,6296602,0x9bcf38c81cd0bd97428a33a64011c23e07ec331517a1239f23551421b47d5f2c,"[{""trait_type"":""eyewear"",""value"":""Deal With It""},{""trait_type"":""Background"",""value"":""Matrix""},{""trait_type"":""fur"",""value"":""Skelly""},{""trait_type"":""clothing"",""value"":""Bomber""}]"
237,6296601,0xb1b5360148b2c563ceccde6e24c8ac91ce238a34f181de81635d98debeba4fd5,"[{""trait_type"":""eyewear"",""value"":""Blue Noggles""},{""trait_type"":""Background"",""value"":""Spookypurple""},{""trait_type"":""fur"",""value"":""Frankie""},{""trait_type"":""clothing"",""value"":""Silver Chain""}]"
236,6296600,0x514c6acc4c919ee1978a3771e07b2b6c9e655ebc85b9ea0a9901d1c2bc022938,"[{""trait_type"":""eyewear"",""value"":""Viper Glasses""},{""trait_type"":""Background"",""value"":""Blue""},{""trait_type"":""fur"",""value"":""Cool Blue""},{""trait_type"":""hat"",""value"":""Witch Hat""},{""trait_type"":""mouth"",""value"":""Vape""},{""trait_type"":""eye_color"",""value"":""blue""}]"
235,6296599,0x9848c19e8d38aab476f72c22a373684957463d6a1463874d5cfb28bfe3407a0e,"[{""trait_type"":""eyewear"",""value"":""Morpheus""},{""trait_type"":""Background"",""value"":""Blue""},{""trait_type"":""fur"",""value"":""Siamese""},{""trait_type"":""clothing"",""value"":""Hacker""},{""trait_type"":""hat"",""value"":""Witch Hat""},{""trait_type"":""mouth"",""value"":""Smile""},{""trait_type"":""eye_color"",""value"":""blue""}]"
234,6296598,0x1720adf582dfabde12414438d2818e29062214b281395d98353406e31bf07b46,"[{""trait_type"":""eyewear"",""value"":""Blue Noggles""},{""trait_type"":""Background"",""value"":""Spookypurple""},{""trait_type"":""fur"",""value"":""Cool Blue""},{""trait_type"":""clothing"",""value"":""Tie Dye Tee""},{""trait_type"":""hat"",""value"":""Witch Hat""},{""trait_type"":""mouth"",""value"":""Smile""},{""trait_type"":""eye_color"",""value"":""green""}]"
233,6296597,0xa4ba15730a77a52f6e6b762f1e63c2caf016184a662ce06e5af0612d3634ff64,"[{""trait_type"":""Background"",""value"":""Orange""},{""trait_type"":""fur"",""value"":""Frankie""},{""trait_type"":""clothing"",""value"":""Bomber""}]"
232,6296596,0x75e56f15793df75f840471f46767aac9907555371da82d93d8ea597e7b0a3c52,"[{""trait_type"":""eyewear"",""value"":""Aviators""},{""trait_type"":""Background"",""value"":""Red""},{""trait_type"":""fur"",""value"":""Frankie""},{""trait_type"":""clothing"",""value"":""Bomber""}]"
231,6296595,0xb4ccec8fa4be394f53eba9c7de1a63206c2617192b7917565434eeb67767be6f,"[{""trait_type"":""eyewear"",""value"":""Morpheus""},{""trait_type"":""Background"",""value"":""Green""},{""trait_type"":""fur"",""value"":""Skelly""},{""trait_type"":""clothing"",""value"":""Bomber""},{""trait_type"":""piercing"",""value"":""Earring""}]"
230,6296594,0x3b895ce37fc996a1d9cc97c6942e6051131c7add2017083c8dcd081838e9a358,"[{""trait_type"":""eyewear"",""value"":""Red Noggles""},{""trait_type"":""Background"",""value"":""Spookypurple""},{""trait_type"":""fur"",""value"":""Cool Blue""},{""trait_type"":""clothing"",""value"":""Office Shirt""},{""trait_type"":""hat"",""value"":""Witch Hat""},{""trait_type"":""mouth"",""value"":""Smile""},{""trait_type"":""eye_color"",""value"":""blue""}]"
229,6296593,0x2293295cb721dd0bb6fe71dadf17d69834e92f9858bd9402fbe82ef549e34aee,"[{""trait_type"":""eyewear"",""value"":""Deal With It""},{""trait_type"":""Background"",""value"":""Spookypurple""},{""trait_type"":""fur"",""value"":""Frankie""},{""trait_type"":""clothing"",""value"":""Frank_hood""}]"
228,6296592,0xf297fb8af97d572b532990c73afc0cf18b3c96b810e410b8a6d6a7dce46a9495,"[{""trait_type"":""Background"",""value"":""Yellow""},{""trait_type"":""fur"",""value"":""Skelly""},{""trait_type"":""clothing"",""value"":""Space Suit""}]"
227,6296591,0xc3b440399803d981b3e01565a12361c62a9acec34c340c473465a949e4d5efad,"[{""trait_type"":""eyewear"",""value"":""Nerd""},{""trait_type"":""Background"",""value"":""Red""},{""trait_type"":""fur"",""value"":""Orange Tabby""},{""trait_type"":""hat"",""value"":""Witch Hat""},{""trait_type"":""mouth"",""value"":""Bored""},{""trait_type"":""eye_color"",""value"":""purple""}]"
226,6296590,0xf7b8ed896a1596d46447d04e9b74480251f7ab04e90340e5c7055f1663a79c07,"[{""trait_type"":""Background"",""value"":""Orange""},{""trait_type"":""fur"",""value"":""Skelly""},{""trait_type"":""clothing"",""value"":""Robe""}]"
225,6296589,0x43f53985a84ab30dc40a96da1a4582951ea77d67bb469b894a4c5db34449c6ad,"[{""trait_type"":""eyewear"",""value"":""Nerd""},{""trait_type"":""Background"",""value"":""Red""},{""trait_type"":""fur"",""value"":""Zombie_fur""},{""trait_type"":""clothing"",""value"":""Red Tee""}]"
224,6296588,0x79ec81f9400a4b64a6e49e21fb9a587d5bbc1c1374a1632c580e09b46fd0863b,"[{""trait_type"":""eyewear"",""value"":""Deal With It""},{""trait_type"":""Background"",""value"":""Spookypurple""},{""trait_type"":""fur"",""value"":""Zombie_fur""},{""trait_type"":""piercing"",""value"":""Earring""}]"
223,6296587,0x7d8d3e0c89254665583d0eebe6ff09ca85462b4cc9527d019064c8bbbd638127,"[{""trait_type"":""eyewear"",""value"":""Deal With It""},{""trait_type"":""Background"",""value"":""Blue""},{""trait_type"":""fur"",""value"":""Frankie""},{""trait_type"":""clothing"",""value"":""Robe""},{""trait_type"":""hat"",""value"":""Fitted Cap""}]"
222,6296586,0x49b7c442ed59bbc20bc14a9663145b9267f540cf02b56187196f25f25f977e18,"[{""trait_type"":""Background"",""value"":""Red""},{""trait_type"":""fur"",""value"":""Zombie_fur""},{""trait_type"":""hat"",""value"":""Witch Hat""}]"
221,6296585,0x1a549d10ab1e22c1946689dca0ae2af2a1786b077780570d87fe4481312f1ec0,"[{""trait_type"":""Background"",""value"":""Yellow""},{""trait_type"":""fur"",""value"":""Siamese""},{""trait_type"":""hat"",""value"":""Witch Hat""},{""trait_type"":""mouth"",""value"":""Bored""},{""trait_type"":""eye_color"",""value"":""Yellow""}]"
220,6296584,0x70384921fa4972fc3a805598ef45c294593b5b49acd69ddb6896f15e87012dc9,"[{""trait_type"":""eyewear"",""value"":""Nerd""},{""trait_type"":""Background"",""value"":""Green""},{""trait_type"":""fur"",""value"":""Cool Blue""},{""trait_type"":""clothing"",""value"":""Office Shirt""},{""trait_type"":""hat"",""value"":""Witch Hat""},{""trait_type"":""mouth"",""value"":""Smile""},{""trait_type"":""eye_color"",""value"":""blue""}]"
219,6296583,0x542168df8ac2caa498f4f8e004dd6068cdc756b4e1330d37ed5e7ed31e7457f5,"[{""trait_type"":""Background"",""value"":""Blue""},{""trait_type"":""fur"",""value"":""Frankie""},{""trait_type"":""clothing"",""value"":""Blue Tracksuit""}]"
218,6296582,0x15c74e0191e2095245090cd91bf314a3e4b731bc93162c2587101fc7e764eb99,"[{""trait_type"":""eyewear"",""value"":""Deal With It""},{""trait_type"":""Background"",""value"":""Blue""},{""trait_type"":""fur"",""value"":""Zombie_fur""},{""trait_type"":""clothing"",""value"":""Space Suit""}]"
217,6296581,0x17f4e021e402bfce4fe82c7af27b2e205d3eb792f8eb07fc5eadba3631b64f47,"[{""trait_type"":""eyewear"",""value"":""Red Noggles""},{""trait_type"":""Background"",""value"":""Blue""},{""trait_type"":""fur"",""value"":""Cream""},{""trait_type"":""clothing"",""value"":""Office Shirt""},{""trait_type"":""hat"",""value"":""Witch Hat""},{""trait_type"":""mouth"",""value"":""Cig""},{""trait_type"":""eye_color"",""value"":""yellow""}]"
216,6296580,0xa854dd981fe48721351ba53a8e5235851b90a96dc3b27c90da5277d2421ec88a,"[{""trait_type"":""Background"",""value"":""Spookypurple""},{""trait_type"":""fur"",""value"":""Orange Tabby""},{""trait_type"":""clothing"",""value"":""Red Tee""},{""trait_type"":""hat"",""value"":""Witch Hat""},{""trait_type"":""mouth"",""value"":""Bored""},{""trait_type"":""eye_color"",""value"":""Blue""}]"
215,6296579,0xb1f474235b5657d825ca2630e7a5c37c2e6263232950a13c4a6ce99367d76d48,"[{""trait_type"":""Background"",""value"":""Red""},{""trait_type"":""fur"",""value"":""Cool Blue""},{""trait_type"":""hat"",""value"":""Witch Hat""},{""trait_type"":""mouth"",""value"":""Cig""},{""trait_type"":""eye_color"",""value"":""Orange""}]"
214,6296578,0x0de9d18d10bec7872278673c60e98e0fe478bec24977a50c4b001c51d01ec68f,"[{""trait_type"":""Background"",""value"":""Orange""},{""trait_type"":""fur"",""value"":""Frankie""},{""trait_type"":""clothing"",""value"":""Silver Chain""}]"
213,6296577,0xfb58c0e5fa0b0d4a8ede438cc3a7b9d119e331a30f84a67623c239af307d87d3,"[{""trait_type"":""eyewear"",""value"":""Nerd""},{""trait_type"":""Background"",""value"":""Space""},{""trait_type"":""fur"",""value"":""Cool Blue""},{""trait_type"":""hat"",""value"":""Witch Hat""},{""trait_type"":""mouth"",""value"":""Bubble Gum""},{""trait_type"":""eye_color"",""value"":""orange""}]"
212,6296576,0x89653fed37b38324a93eba6195d24508075114315bc18ec18433278050dda317,"[{""trait_type"":""Background"",""value"":""Green""},{""trait_type"":""fur"",""value"":""Frankie""},{""trait_type"":""clothing"",""value"":""Hawaiian Shirt""},{""trait_type"":""hat"",""value"":""420 Bucket Hat""}]"
211,6296575,0xff3faa895fb0c6ee7026147fea00f45d5faeb8f01ddbec057052fa723c921cbd,"[{""trait_type"":""eyewear"",""value"":""Bitcoin Maxi""},{""trait_type"":""Background"",""value"":""Spookypurple""},{""trait_type"":""fur"",""value"":""Frankie""},{""trait_type"":""clothing"",""value"":""Robe""}]"
210,6296574,0x02cb9cff6d23c99492e54a79f1f88476fab047e05aa75c8c9ef17ab6c41ef29e,"[{""trait_type"":""eyewear"",""value"":""Bitcoin Maxi""},{""trait_type"":""Background"",""value"":""Green""},{""trait_type"":""fur"",""value"":""Cool Blue""},{""trait_type"":""clothing"",""value"":""Bomber""},{""trait_type"":""hat"",""value"":""Witch Hat""},{""trait_type"":""mouth"",""value"":""Bored""},{""trait_type"":""eye_color"",""value"":""blue""}]"
209,6296573,0x2a750bfea8896d0a62e36287970bdd11137ff052331b752920761fd36237fa90,"[{""trait_type"":""Background"",""value"":""Spookypurple""},{""trait_type"":""fur"",""value"":""Skelly""},{""trait_type"":""clothing"",""value"":""Blue Tracksuit""}]"
208,6296572,0xc421e35af54045312e44220e5f9df63c1120d1e3d4129d4fa9a79c565e44b3c9,"[{""trait_type"":""Background"",""value"":""Green""},{""trait_type"":""fur"",""value"":""Skelly""},{""trait_type"":""clothing"",""value"":""Tie Dye Tee""}]"
207,6296571,0x89a2b28e9ad65e8c5a6802757f4f2581a49e7b5e34264c310e629bc67e2a6b0c,"[{""trait_type"":""Background"",""value"":""Blue""},{""trait_type"":""fur"",""value"":""Cream""},{""trait_type"":""clothing"",""value"":""Space Suit""},{""trait_type"":""hat"",""value"":""Witch Hat""},{""trait_type"":""mouth"",""value"":""Bored""},{""trait_type"":""eye_color"",""value"":""Purple""}]"
206,6296570,0x8cb068bc4717b19c641a12f6bd75f3c912f6e91808ec2df06196027cbcee965b,"[{""trait_type"":""Background"",""value"":""Red""},{""trait_type"":""fur"",""value"":""Skelly""},{""trait_type"":""clothing"",""value"":""Blue Tracksuit""}]"
205,6296569,0xb6ba803e5c1a2f6225d7e65bd8e4bd0c95cae786a28aa92299be3c3fa437ee47,"[{""trait_type"":""Background"",""value"":""Green""},{""trait_type"":""fur"",""value"":""Frankie""},{""trait_type"":""clothing"",""value"":""Silver Chain""}]"
204,6296568,0xb8a03e10fb98efcb9bafd4cc229cec8463b56df3c2a6507b271155298adff001,"[{""trait_type"":""Background"",""value"":""Blue""},{""trait_type"":""fur"",""value"":""Skelly""},{""trait_type"":""clothing"",""value"":""Hawaiian Shirt""}]"
203,6296567,0x8bfd1c2d5f8692dd4cba633bb6847c0f65ff51a44127b107a6aac2c77c137543,"[{""trait_type"":""eyewear"",""value"":""Morpheus""},{""trait_type"":""Background"",""value"":""Spookypurple""},{""trait_type"":""fur"",""value"":""Zombie_fur""},{""trait_type"":""clothing"",""value"":""Office Shirt""}]"
202,6296566,0xcf4dd92adf5c593e50e0f38da37f8821a6a891f839e36573e2deba980edbf7d6,"[{""trait_type"":""eyewear"",""value"":""Morpheus""},{""trait_type"":""Background"",""value"":""Blue""},{""trait_type"":""fur"",""value"":""Zombie_fur""},{""trait_type"":""clothing"",""value"":""Office Shirt""}]"
201,6296565,0x2e1e13d8ef6e56929117879c51a76397565e777a585a5a040301e9e190ad8c84,"[{""trait_type"":""Background"",""value"":""Red""},{""trait_type"":""fur"",""value"":""Cool Blue""},{""trait_type"":""clothing"",""value"":""Robe""},{""trait_type"":""hat"",""value"":""Witch Hat""},{""trait_type"":""mouth"",""value"":""Smile""},{""trait_type"":""eye_color"",""value"":""Blue""}]"
200,6296564,0x6f97cd241acd08849ee33192c9122573adf0fa13e7aa3385c8d3315189ec7517,"[{""trait_type"":""Background"",""value"":""Space""},{""trait_type"":""fur"",""value"":""Zombie_fur""},{""trait_type"":""clothing"",""value"":""Bomber""}]"
199,6296563,0xa2c21184d37276c65ccdce81c2db7e4168acaf6a3289444da65d9873701e7c02,"[{""trait_type"":""Background"",""value"":""Yellow""},{""trait_type"":""fur"",""value"":""Zombie_fur""},{""trait_type"":""clothing"",""value"":""Red Tracksuit""}]"
198,6296562,0x57ae80d6d76566a7223aa4b74f7b49f7a20fd9f712139a8f6515efa6181cec4a,"[{""trait_type"":""eyewear"",""value"":""Blue Noggles""},{""trait_type"":""Background"",""value"":""Green""},{""trait_type"":""fur"",""value"":""Skelly""},{""trait_type"":""clothing"",""value"":""Hawaiian Shirt""}]"
197,6296561,0xf87cc099b1e212f16332fcce9efc47c70aa1e22c494687fd90589192a3eb8f5f,"[{""trait_type"":""Background"",""value"":""Spookypurple""},{""trait_type"":""fur"",""value"":""Skelly""},{""trait_type"":""clothing"",""value"":""Bomber""}]"
196,6296560,0xc544c003577e7de3835c307b00eefe3f1c5c0da968e66820aed7f0823e9c967e,"[{""trait_type"":""Background"",""value"":""Spookypurple""},{""trait_type"":""fur"",""value"":""Skelly""},{""trait_type"":""clothing"",""value"":""Blue Tee""}]"
195,6296559,0xb04e7564a2bf9d284d2fceaf56d1f0f134d1f05eafdd39ada677feefcfafb33d,"[{""trait_type"":""Background"",""value"":""Spookypurple""},{""trait_type"":""fur"",""value"":""Frankie""},{""trait_type"":""clothing"",""value"":""Frank_hood""}]"
194,6296558,0x353db0349e50473b17b6436826064b91597afe78d248dfd5e2b072d0301e5feb,"[{""trait_type"":""eyewear"",""value"":""Viper Glasses""},{""trait_type"":""Background"",""value"":""This is Fine""},{""trait_type"":""fur"",""value"":""Siamese""},{""trait_type"":""clothing"",""value"":""Space Suit""},{""trait_type"":""hat"",""value"":""Witch Hat""},{""trait_type"":""mouth"",""value"":""Yawn""},{""trait_type"":""eye_color"",""value"":""orange""}]"
193,6296557,0xb541081857e1f4a9d88dc54b67f8229f8a807f81b697356bc1d285fe518f6c63,"[{""trait_type"":""eyewear"",""value"":""Aviators""},{""trait_type"":""Background"",""value"":""Red""},{""trait_type"":""fur"",""value"":""Cream""},{""trait_type"":""clothing"",""value"":""Space Suit""},{""trait_type"":""hat"",""value"":""Witch Hat""},{""trait_type"":""mouth"",""value"":""Smile""},{""trait_type"":""eye_color"",""value"":""yellow""}]"
192,6296556,0x83f14d19b8eab9b40c6ed8f71213520cee5aeb06a23965094a68ff2e26a30b53,"[{""trait_type"":""eyewear"",""value"":""Viper Glasses""},{""trait_type"":""Background"",""value"":""Spookypurple""},{""trait_type"":""fur"",""value"":""Zombie_fur""},{""trait_type"":""clothing"",""value"":""Fashion Hoodie""}]"
191,6296555,0x064b61a1759b5cba9496a58271e7b6e0dc37e6f30b8611412174e3b317e8475c,"[{""trait_type"":""eyewear"",""value"":""Viper Glasses""},{""trait_type"":""Background"",""value"":""Yellow""},{""trait_type"":""fur"",""value"":""Zombie_fur""}]"
190,6296554,0x38badaa087cb3a0e30d07081beff48ea41d0aecd5ed4142a53039f4d769295c3,"[{""trait_type"":""Background"",""value"":""Red""},{""trait_type"":""fur"",""value"":""Skelly""},{""trait_type"":""clothing"",""value"":""Tie Dye Tee""},{""trait_type"":""hat"",""value"":""Sports Headband""}]"
189,6296523,0x4ff885d7c02bd2365dbf268c5bf7c803093c711ca3fbe5433e7c5a831ffec8f4,"[{""trait_type"":""Background"",""value"":""Orange""},{""trait_type"":""fur"",""value"":""Cream""},{""trait_type"":""hat"",""value"":""Witch Hat""},{""trait_type"":""mouth"",""value"":""Bubble Gum""},{""trait_type"":""eye_color"",""value"":""Blue""}]"
188,6296522,0x3bd28aa7ca077396444be25698baba0a7deb562e85b2e5be6264fa9c1801acd8,"[{""trait_type"":""eyewear"",""value"":""Viper Glasses""},{""trait_type"":""Background"",""value"":""Spookypurple""},{""trait_type"":""fur"",""value"":""Gold_zombie""},{""trait_type"":""clothing"",""value"":""Blue Tee""}]"
187,6296521,0x4feda0d0467c0b992f3dee2e6d734810564ac01d7a32a78f971cf699166b2491,"[{""trait_type"":""eyewear"",""value"":""Deal With It""},{""trait_type"":""Background"",""value"":""Orange""},{""trait_type"":""fur"",""value"":""Skelly""},{""trait_type"":""clothing"",""value"":""Robe""}]"
186,6296520,0xd55ac5df6b6f1644435958aea183d29e5f18f31f1b24d97fc1ecc531d97099bf,"[{""trait_type"":""Background"",""value"":""Spookypurple""},{""trait_type"":""fur"",""value"":""Siamese""},{""trait_type"":""hat"",""value"":""Witch Hat""},{""trait_type"":""mouth"",""value"":""Smile""},{""trait_type"":""eye_color"",""value"":""Purple""}]"
185,6296519,0x4d7bf4cbc282312fdf4597f96a8663a5c80f36e9968f2970bbcf5e5e898f8e55,"[{""trait_type"":""Background"",""value"":""Red""},{""trait_type"":""fur"",""value"":""Siamese""},{""trait_type"":""clothing"",""value"":""Red Tracksuit""},{""trait_type"":""hat"",""value"":""Witch Hat""},{""trait_type"":""mouth"",""value"":""Mustache""},{""trait_type"":""eye_color"",""value"":""Purple""}]"
184,6296518,0xd4812b41d625979f41b35594eed281c7977842552438b7e19f74ac171db925fe,"[{""trait_type"":""Background"",""value"":""Orange""},{""trait_type"":""fur"",""value"":""Frankie""},{""trait_type"":""clothing"",""value"":""Blue Tracksuit""}]"
183,6296517,0x825e026d81bd6380818a8e82a93880cab08489cab47a63b56488a52a2d25eeda,"[{""trait_type"":""eyewear"",""value"":""Blue Noggles""},{""trait_type"":""Background"",""value"":""Matrix""},{""trait_type"":""fur"",""value"":""Skelly""},{""trait_type"":""piercing"",""value"":""Earring""}]"
182,6296516,0xa36ffe0946e7e396423639a1edb02f09b5877e7a9e687138223e553c2674fea8,"[{""trait_type"":""Background"",""value"":""Yellow""},{""trait_type"":""fur"",""value"":""Siamese""},{""trait_type"":""clothing"",""value"":""Office Shirt""},{""trait_type"":""hat"",""value"":""Witch Hat""},{""trait_type"":""mouth"",""value"":""Bored""},{""trait_type"":""eye_color"",""value"":""Yellow""}]"
181,6296515,0x23643972e189ba4257baec0d3d4059edee408a6e430bac8d772416ce129f9616,"[{""trait_type"":""Background"",""value"":""Blue""},{""trait_type"":""fur"",""value"":""Frankie""},{""trait_type"":""clothing"",""value"":""Silver Chain""}]"
180,6296514,0x1061d92258c21189295d3d4aa04b83dc24bbe981cfe82c125a64d5c11defb360,"[{""trait_type"":""eyewear"",""value"":""Blue Noggles""},{""trait_type"":""Background"",""value"":""Blue""},{""trait_type"":""fur"",""value"":""Cool Blue""},{""trait_type"":""hat"",""value"":""Witch Hat""},{""trait_type"":""mouth"",""value"":""Cig""},{""trait_type"":""eye_color"",""value"":""orange""}]"
179,6296513,0xf2c681f970cc3036abcb18c6d556e206a684e25c9ad50fa84efda031b8cf0945,"[{""trait_type"":""Background"",""value"":""This is Fine""},{""trait_type"":""fur"",""value"":""Frankie""},{""trait_type"":""clothing"",""value"":""Bomber""},{""trait_type"":""hat"",""value"":""Wizard Hat""}]"
178,6296512,0x95350fa025a9d974c7a19a4e2e90bb5779d59bdd828ae88485c4b752af64fce8,"[{""trait_type"":""eyewear"",""value"":""Viper Glasses""},{""trait_type"":""Background"",""value"":""Blue""},{""trait_type"":""fur"",""value"":""Siamese""},{""trait_type"":""clothing"",""value"":""Office Shirt""},{""trait_type"":""hat"",""value"":""Witch Hat""},{""trait_type"":""mouth"",""value"":""Bored""},{""trait_type"":""eye_color"",""value"":""purple""}]"
177,6296511,0x0dc59ce865d69075c28636681a67136151b7b7279f22cdae54c9ec26183118ba,"[{""trait_type"":""Background"",""value"":""This is Fine""},{""trait_type"":""fur"",""value"":""Orange Tabby""},{""trait_type"":""hat"",""value"":""Witch Hat""},{""trait_type"":""mouth"",""value"":""Yawn""},{""trait_type"":""eye_color"",""value"":""Blue""}]"
176,6296510,0xacc9feb4e2cf0a68218dbf9cc05b012824998d0aeb1df542051129084eec4308,"[{""trait_type"":""Background"",""value"":""Matrix""},{""trait_type"":""fur"",""value"":""Frankie""},{""trait_type"":""clothing"",""value"":""Office Shirt""}]"
175,6296509,0xb64c409e5b59aae85aca3c938eea5c9a00becc5a0f7b5528413d78f75383af90,"[{""trait_type"":""eyewear"",""value"":""Blue Noggles""},{""trait_type"":""Background"",""value"":""Orange""},{""trait_type"":""fur"",""value"":""Skelly""},{""trait_type"":""clothing"",""value"":""Blue Tracksuit""},{""trait_type"":""hat"",""value"":""Snapback""}]"
174,6296508,0x3dfbe11c24e3cd97aa6b038f5c95d45ed8355527eeac3f156b036c16c6b8341a,"[{""trait_type"":""eyewear"",""value"":""Nerd""},{""trait_type"":""Background"",""value"":""Spookypurple""},{""trait_type"":""fur"",""value"":""Skelly""},{""trait_type"":""clothing"",""value"":""Black Hoodie""}]"
173,6296507,0xfc10006169cdc2ec65c320577a6ae5ed7999a57ba756cf1ed0238eb33d7f9c72,"[{""trait_type"":""Background"",""value"":""Red""},{""trait_type"":""fur"",""value"":""Cool Blue""},{""trait_type"":""clothing"",""value"":""Red Tee""},{""trait_type"":""hat"",""value"":""Witch Hat""},{""trait_type"":""mouth"",""value"":""Bored""},{""trait_type"":""eye_color"",""value"":""Green""}]"
172,6296506,0xa5359de119655d3161489d954df37b064a99051170eef85a1237b7d4c53f29ab,"[{""trait_type"":""Background"",""value"":""Blue""},{""trait_type"":""fur"",""value"":""Cool Blue""},{""trait_type"":""clothing"",""value"":""Silver Chain""},{""trait_type"":""hat"",""value"":""Witch Hat""},{""trait_type"":""mouth"",""value"":""Smile""},{""trait_type"":""eye_color"",""value"":""Orange""}]"
171,6296505,0x6ccfbf120f95381504dcd31002c7792d64afb42ac2d4346174f328a1f55387b5,"[{""trait_type"":""Background"",""value"":""Blue""},{""trait_type"":""fur"",""value"":""Skelly""},{""trait_type"":""clothing"",""value"":""Silver Chain""}]"
170,6296504,0x060c0f3cdecd45b83b359f5f3d2c64ec0c0bff6986e1dfc80198e53bdc14a164,"[{""trait_type"":""eyewear"",""value"":""Nerd""},{""trait_type"":""Background"",""value"":""Blue""},{""trait_type"":""fur"",""value"":""Frankie""}]"
169,6296503,0x1fb1ce88761ddebc348e1ec65f9b6b8fa3637254aec146a8fa292d47e9643b43,"[{""trait_type"":""eyewear"",""value"":""Morpheus""},{""trait_type"":""Background"",""value"":""Green""},{""trait_type"":""fur"",""value"":""Zombie_fur""},{""trait_type"":""clothing"",""value"":""Hacker""},{""trait_type"":""hat"",""value"":""Golf""}]"
168,6296502,0xae124519b840fa4c6ab213f6723dcb33cfcf4c3666a966f840df122009b5cd84,"[{""trait_type"":""eyewear"",""value"":""Red Noggles""},{""trait_type"":""Background"",""value"":""Yellow""},{""trait_type"":""fur"",""value"":""Zombie_fur""},{""trait_type"":""clothing"",""value"":""Blue Tee""}]"
167,6296501,0xcff1e2b72d844762a36fdedf0919ce2f2c076b3e05ed25998e814702527b6e42,"[{""trait_type"":""Background"",""value"":""Yellow""},{""trait_type"":""fur"",""value"":""Frankie""}]"
166,6296500,0xc9fc5f0da16e93066932da4d99e707bfb3e6771d6fa28757521b51fec68e5f44,"[{""trait_type"":""Background"",""value"":""Yellow""},{""trait_type"":""fur"",""value"":""Cool Blue""},{""trait_type"":""hat"",""value"":""Witch Hat""},{""trait_type"":""mouth"",""value"":""Bored""},{""trait_type"":""eye_color"",""value"":""Blue""}]"
165,6296499,0x5c097dc0133c3f4a8da273f26d398fe65be675c0b3fe414e1e642c5b009c53f1,"[{""trait_type"":""eyewear"",""value"":""Red Noggles""},{""trait_type"":""Background"",""value"":""Green""},{""trait_type"":""fur"",""value"":""Zombie_fur""},{""trait_type"":""clothing"",""value"":""Tie Dye Tee""}]"
164,6296498,0xd854d9bb9eb185818152cbe8a42e0aa2efa928b4c6a6eaa71cbd3dbbdef26ffa,"[{""trait_type"":""eyewear"",""value"":""Aviators""},{""trait_type"":""Background"",""value"":""Red""},{""trait_type"":""fur"",""value"":""Zombie_fur""},{""trait_type"":""clothing"",""value"":""Blue Tee""},{""trait_type"":""piercing"",""value"":""Earring""}]"
163,6296497,0x6e4d0268f7fe88eb6b68a374734ee0b78cb2391764b8af3a3b187b6838a1f3b3,"[{""trait_type"":""eyewear"",""value"":""Red Noggles""},{""trait_type"":""Background"",""value"":""Spookypurple""},{""trait_type"":""fur"",""value"":""Skelly""},{""trait_type"":""clothing"",""value"":""Black Hoodie""}]"
162,6296496,0x8f2bc3fb147001e19acf92649302d0da40a92d286420649ee06c7e213eb92496,"[{""trait_type"":""eyewear"",""value"":""Bitcoin Maxi""},{""trait_type"":""Background"",""value"":""Spookypurple""},{""trait_type"":""fur"",""value"":""Zombie_fur""},{""trait_type"":""clothing"",""value"":""Office Shirt""}]"
161,6296495,0x4b54729717e56f1fb822e9487f3e17fd3292ee274bd8cc74c1bcf7f2e5420a83,"[{""trait_type"":""eyewear"",""value"":""Nerd""},{""trait_type"":""Background"",""value"":""Spookypurple""},{""trait_type"":""fur"",""value"":""Skelly""},{""trait_type"":""clothing"",""value"":""Tie Dye Tee""}]"
160,6296494,0xfca4923bdb87bbf5b6f32ac168d41fa9c6bbc6dc83238498090c9ad0d8750ed2,"[{""trait_type"":""eyewear"",""value"":""Deal With It""},{""trait_type"":""Background"",""value"":""This is Fine""},{""trait_type"":""fur"",""value"":""Frankie""},{""trait_type"":""clothing"",""value"":""Hawaiian Shirt""}]"
159,6296493,0xd5c6cfd825beb0d737e4cadf351bd6829502c22d5900703153f21fd823bc3548,"[{""trait_type"":""Background"",""value"":""Spookypurple""},{""trait_type"":""fur"",""value"":""Zombie_fur""}]"
158,6296492,0x45604650d5840c008edd5994ef5c6e506076e8f025910668a88b986e227c96ef,"[{""trait_type"":""Background"",""value"":""Green""},{""trait_type"":""fur"",""value"":""Skelly""},{""trait_type"":""clothing"",""value"":""Hacker""}]"
157,6296491,0x7a839690510d12b45879be0e777ce6c1c45a77d519c3b3806d83c7c9a06f451d,"[{""trait_type"":""Background"",""value"":""Spookypurple""},{""trait_type"":""fur"",""value"":""Frankie""}]"
156,6296490,0xfed467583f8222a512481d456bed0dfbf37bf42fc13bc6d824919308399c5f3f,"[{""trait_type"":""Background"",""value"":""Blue""},{""trait_type"":""fur"",""value"":""Frankie""},{""trait_type"":""clothing"",""value"":""Space Suit""}]"
155,6296489,0x313bef0c3844f2df44713ada790de341a4b5c12e62bc86c8033262eb0cfd317c,"[{""trait_type"":""Background"",""value"":""Windows""},{""trait_type"":""fur"",""value"":""Skelly""},{""trait_type"":""clothing"",""value"":""Office Shirt""}]"
154,6296488,0x2f4cc6f741a7f7753ab4331fd80e7d1e5bfebafb0ffe222b92721b5369dd0008,"[{""trait_type"":""Background"",""value"":""Orange""},{""trait_type"":""fur"",""value"":""Cream""},{""trait_type"":""hat"",""value"":""Witch Hat""},{""trait_type"":""mouth"",""value"":""Bored""},{""trait_type"":""eye_color"",""value"":""Purple""}]"
153,6296487,0x1c9d5f33e7f424db9b0ea9dd9a2bd585de8689299fb86c0c6b54040fa8578b75,"[{""trait_type"":""eyewear"",""value"":""Aviators""},{""trait_type"":""Background"",""value"":""Orange""},{""trait_type"":""fur"",""value"":""Skelly""}]"
152,6296486,0x37daa83b34ee891952608d0ed193147ad409f7e7ca48c0d45ad552fdc71de4dc,"[{""trait_type"":""Background"",""value"":""Spookypurple""},{""trait_type"":""fur"",""value"":""Cream""},{""trait_type"":""clothing"",""value"":""Blue Tee""},{""trait_type"":""hat"",""value"":""Witch Hat""},{""trait_type"":""mouth"",""value"":""Smile""},{""trait_type"":""eye_color"",""value"":""Green""}]"
151,6296485,0x880bb39dd2314293065d5a64788ff508eaeef957de7c4ed57a723b2770315910,"[{""trait_type"":""eyewear"",""value"":""Deal With It""},{""trait_type"":""Background"",""value"":""Green""},{""trait_type"":""fur"",""value"":""Frankie""},{""trait_type"":""clothing"",""value"":""Hawaiian Shirt""},{""trait_type"":""piercing"",""value"":""Earring""}]"
150,6296484,0xa132f7d460f3d8dd5f34c86b7784bebc9eaf728913be7682afb8163e6c7fefb5,"[{""trait_type"":""Background"",""value"":""Yellow""},{""trait_type"":""fur"",""value"":""Cool Blue""},{""trait_type"":""clothing"",""value"":""Blue Tracksuit""},{""trait_type"":""hat"",""value"":""Witch Hat""},{""trait_type"":""mouth"",""value"":""Bubble Gum""},{""trait_type"":""eye_color"",""value"":""Blue""}]"
149,6296483,0x78e0ca53e2a20cb0bb39b23048a192253911646b47bdd2751beb5b1c5aa75c9d,"[{""trait_type"":""eyewear"",""value"":""Blue Noggles""},{""trait_type"":""Background"",""value"":""Spookypurple""},{""trait_type"":""fur"",""value"":""Frankie""},{""trait_type"":""clothing"",""value"":""Blue Tee""}]"
148,6296482,0x97ae586bfa03b96be8b892792e815d14974058a2f77c6da148f5e787261e3ca5,"[{""trait_type"":""eyewear"",""value"":""Red Noggles""},{""trait_type"":""Background"",""value"":""Spookypurple""},{""trait_type"":""fur"",""value"":""Frankie""},{""trait_type"":""clothing"",""value"":""Frank_fashion""}]"
147,6296481,0x9f2325137951b8231c6c132a506af2fc40272170a688ac3e71bfe6c572ec276b,"[{""trait_type"":""Background"",""value"":""Space""},{""trait_type"":""fur"",""value"":""Cool Blue""},{""trait_type"":""clothing"",""value"":""Bomber""},{""trait_type"":""hat"",""value"":""Witch Hat""},{""trait_type"":""mouth"",""value"":""Vape""},{""trait_type"":""eye_color"",""value"":""Orange""}]"
146,6296480,0xdd49c86c45a62b662985fe4ad5361f3fc849a6047fe3043949f3952d6fee1a8b,"[{""trait_type"":""eyewear"",""value"":""Morpheus""},{""trait_type"":""Background"",""value"":""Spookypurple""},{""trait_type"":""fur"",""value"":""Skelly""},{""trait_type"":""clothing"",""value"":""Red Tee""}]"
145,6296479,0x9d6528f4553c9d507377b9d5bb4ce6f9237641372d5c53ecfd8b11ca8f58431f,"[{""trait_type"":""eyewear"",""value"":""Viper Glasses""},{""trait_type"":""Background"",""value"":""Yellow""},{""trait_type"":""fur"",""value"":""Skelly""},{""trait_type"":""clothing"",""value"":""Hacker""},{""trait_type"":""hat"",""value"":""Cowboy Hat""}]"
144,6296478,0xd2877d5e202c54302769557f2ab2f02508921a68ec8b534bb3ac81aa28e70e30,"[{""trait_type"":""Background"",""value"":""Green""},{""trait_type"":""fur"",""value"":""Frankie""},{""trait_type"":""clothing"",""value"":""Red Tracksuit""}]"
143,6296477,0x283147a1d81a95c0c22399077a8b814c8f144960a4f2024b8cc2e13f8d8dab89,"[{""trait_type"":""eyewear"",""value"":""Deal With It""},{""trait_type"":""Background"",""value"":""Yellow""},{""trait_type"":""fur"",""value"":""Skelly""},{""trait_type"":""clothing"",""value"":""Hacker""},{""trait_type"":""hat"",""value"":""Witch Hat""}]"
142,6296476,0x33d8eaa30ea2dcd9ee6882a052e18de04fef0ebfdf47976039373717d339020a,"[{""trait_type"":""Background"",""value"":""Red""},{""trait_type"":""fur"",""value"":""Frankie""},{""trait_type"":""clothing"",""value"":""Tie Dye Tee""}]"
141,6296475,0x69b322b6f3e6222221859a2bc1680136c27170015e39953a8d84b60548a5c164,"[{""trait_type"":""Background"",""value"":""Spookypurple""},{""trait_type"":""fur"",""value"":""Skelly""},{""trait_type"":""clothing"",""value"":""Red Tracksuit""},{""trait_type"":""piercing"",""value"":""Earring""}]"
140,6296474,0x63f194cb043ac6904af2d910cfc619c32e1d9d09b542ec6e17e99964b699a344,"[{""trait_type"":""Background"",""value"":""Blue""},{""trait_type"":""fur"",""value"":""Skelly""}]"
139,6296473,0x181b2317acc14c0214c1850f5dd85e8332f4577b61890f07998dcde660c63f28,"[{""trait_type"":""eyewear"",""value"":""Viper Glasses""},{""trait_type"":""Background"",""value"":""Spookypurple""},{""trait_type"":""fur"",""value"":""Skelly""},{""trait_type"":""clothing"",""value"":""Bomber""},{""trait_type"":""hat"",""value"":""Keffiyeh""}]"
138,6296472,0x756a1b37b2078dab8faee171b9a86382ea0eb695ff6a3a4262b289d9e521ad4a,"[{""trait_type"":""eyewear"",""value"":""Nerd""},{""trait_type"":""Background"",""value"":""Yellow""},{""trait_type"":""fur"",""value"":""Zombie_fur""},{""trait_type"":""clothing"",""value"":""Hawaiian Shirt""}]"
137,6296471,0xcbbfca8d6086b1feb57a96c92a948bc52677014a571ec2d9951aa0d94a2e8788,"[{""trait_type"":""Background"",""value"":""Blue""},{""trait_type"":""fur"",""value"":""Skelly""},{""trait_type"":""clothing"",""value"":""Blue Tracksuit""},{""trait_type"":""hat"",""value"":""Safari""}]"
136,6296470,0x0d2b6e744ef0dd81083048f9db8b9302c68a46962e4a96751f3036336d14fccf,"[{""trait_type"":""eyewear"",""value"":""Viper Glasses""},{""trait_type"":""Background"",""value"":""Spookypurple""},{""trait_type"":""fur"",""value"":""Frankie""},{""trait_type"":""clothing"",""value"":""Blue Tee""},{""trait_type"":""hat"",""value"":""Golden Headphones""}]"
135,6296469,0xc059e1ba0af61e8cbc9569738ad506bb3cc0b2b96add33217847707a37d09a57,"[{""trait_type"":""Background"",""value"":""Yellow""},{""trait_type"":""fur"",""value"":""Skelly""},{""trait_type"":""clothing"",""value"":""Space Suit""},{""trait_type"":""piercing"",""value"":""Earring""}]"
134,6296468,0x238c77c94a150d388c772fafdefa974cad5bc6cc5f163be750ab52711cedf627,"[{""trait_type"":""Background"",""value"":""Yellow""},{""trait_type"":""fur"",""value"":""Skelly""},{""trait_type"":""clothing"",""value"":""Hacker""},{""trait_type"":""hat"",""value"":""Black Beanie""}]"
133,6296467,0x20b0cf630580921cba34c4732b3e66469c179042ebb23fd1bd880772944253eb,"[{""trait_type"":""Background"",""value"":""Yellow""},{""trait_type"":""fur"",""value"":""Zombie_fur""},{""trait_type"":""clothing"",""value"":""Hacker""},{""trait_type"":""hat"",""value"":""Keffiyeh""}]"
132,6296466,0x0298657fd6aabde7c9d086a131bbe4e033a543563b81089c67b940dbff8d7439,"[{""trait_type"":""Background"",""value"":""Orange""},{""trait_type"":""fur"",""value"":""Siamese""},{""trait_type"":""hat"",""value"":""Witch Hat""},{""trait_type"":""mouth"",""value"":""Bored""},{""trait_type"":""eye_color"",""value"":""Blue""}]"
131,6296465,0x6a00dce5c9a5fa4430a8ccad8e64340615070af8b7bbb7236a2f476f5f9cd5de,"[{""trait_type"":""Background"",""value"":""Green""},{""trait_type"":""fur"",""value"":""Skelly""},{""trait_type"":""clothing"",""value"":""Silver Chain""},{""trait_type"":""hat"",""value"":""Vr Headset""}]"
130,6296464,0x093c797b0556e461efbc9a5faef0293422217eaa4e3a481a110e65f588464587,"[{""trait_type"":""Background"",""value"":""Orange""},{""trait_type"":""fur"",""value"":""Zombie_fur""}]"
129,6296463,0x283e74deee79d03a3aa6f18acd86b1e9e1a8a84667fae00b1391abf89e353f7e,"[{""trait_type"":""eyewear"",""value"":""Blue Noggles""},{""trait_type"":""Background"",""value"":""Blue""},{""trait_type"":""fur"",""value"":""Zombie_fur""},{""trait_type"":""clothing"",""value"":""Hacker""}]"
128,6296462,0x56ff86cef7bd1c937e567df5cc9a9647c51b5646331a2481f32dd28b108c07b0,"[{""trait_type"":""Background"",""value"":""Blue""},{""trait_type"":""fur"",""value"":""Skelly""},{""trait_type"":""clothing"",""value"":""Robe""},{""trait_type"":""hat"",""value"":""Durag""}]"
127,6296461,0x8faf11e2068ed7b698c34c3c6da1543f994957105c4fff49a05e601825eb4505,"[{""trait_type"":""Background"",""value"":""Blue""},{""trait_type"":""fur"",""value"":""Siamese""},{""trait_type"":""clothing"",""value"":""Space Suit""},{""trait_type"":""hat"",""value"":""Witch Hat""},{""trait_type"":""mouth"",""value"":""Bubble Gum""},{""trait_type"":""eye_color"",""value"":""Purple""}]"
126,6296460,0x711e92567dfe5d2763365d842623cf2578a4b83f7cb9010da87e787cbaa3ed3b,"[{""trait_type"":""eyewear"",""value"":""Viper Glasses""},{""trait_type"":""Background"",""value"":""Spookypurple""},{""trait_type"":""fur"",""value"":""Frankie""},{""trait_type"":""clothing"",""value"":""Frank_fashion""}]"
125,6296459,0x68e58bab14235eb18d1319f10cdf81802fa9defaf4701b22aa97458bc6391707,"[{""trait_type"":""eyewear"",""value"":""Red Noggles""},{""trait_type"":""Background"",""value"":""Red""},{""trait_type"":""fur"",""value"":""Skelly""},{""trait_type"":""hat"",""value"":""Durag""}]"
124,6296458,0xecf00248ab1e9cca7c14a8bfb2f76968bb0655e117e61aad4511016ce6158f6e,"[{""trait_type"":""eyewear"",""value"":""Aviators""},{""trait_type"":""Background"",""value"":""Green""},{""trait_type"":""fur"",""value"":""Skelly""},{""trait_type"":""clothing"",""value"":""Tie Dye Tee""},{""trait_type"":""hat"",""value"":""Black Headphones""}]"
123,6296457,0x855be94f1881d05dc601b45f45c26d9ec5f05c42c91d6cd96dfd88ccae782229,"[{""trait_type"":""Background"",""value"":""Matrix""},{""trait_type"":""fur"",""value"":""Skelly""},{""trait_type"":""hat"",""value"":""Wizard Hat""}]"
122,6296456,0x12bfeb5cd230218c9b32ee2259c1fa8cf71b6af526a251987d7c5137a306c069,"[{""trait_type"":""Background"",""value"":""Yellow""},{""trait_type"":""fur"",""value"":""Frankie""},{""trait_type"":""clothing"",""value"":""Hawaiian Shirt""},{""trait_type"":""hat"",""value"":""Cowboy Hat""}]"
121,6296455,0x516e0bbf074b547aff2608b44c72f14e86c095db7169d4aa46225af8a504ed70,"[{""trait_type"":""Background"",""value"":""Space""},{""trait_type"":""fur"",""value"":""Skelly""}]"
120,6296454,0xe4c35f544822c87f011cc87a751d9074f93bce50e28ef36962add3e47a5f09a9,"[{""trait_type"":""Background"",""value"":""Red""},{""trait_type"":""fur"",""value"":""Frankie""}]"
119,6296453,0xfa4f68c3194470c22060fc6726fa2d66c0e001b0a946cb47c460c47e68be099e,"[{""trait_type"":""eyewear"",""value"":""Red Noggles""},{""trait_type"":""Background"",""value"":""Yellow""},{""trait_type"":""fur"",""value"":""Frankie""},{""trait_type"":""clothing"",""value"":""Space Suit""}]"
118,6296452,0xf4decdf9ed0f9e0ff40dc200dbea545de839da7256037592d3ef9c8c93fcf2a1,"[{""trait_type"":""Background"",""value"":""Spookypurple""},{""trait_type"":""fur"",""value"":""Skelly""},{""trait_type"":""clothing"",""value"":""Black Hoodie""}]"
117,6296451,0x182754686f37c0f61a7bd9b0346a1fd9cd247ce1001cc1fe436749edc7e499be,"[{""trait_type"":""eyewear"",""value"":""Red Noggles""},{""trait_type"":""Background"",""value"":""Yellow""},{""trait_type"":""fur"",""value"":""Skelly""},{""trait_type"":""clothing"",""value"":""Hacker""},{""trait_type"":""hat"",""value"":""Red Bucket Hat""}]"
116,6296450,0x9f877d254d898f23679f028b46e49d6512936f2ff2d8a89c2d0a3865d7524553,"[{""trait_type"":""Background"",""value"":""Spookypurple""},{""trait_type"":""fur"",""value"":""Zombie_fur""},{""trait_type"":""clothing"",""value"":""Black Hoodie""}]"
115,6296449,0x3a5a7e03b5501e59224e93738394aff444578252cd4d954894899397ebf84b43,"[{""trait_type"":""eyewear"",""value"":""Bitcoin Maxi""},{""trait_type"":""Background"",""value"":""Red""},{""trait_type"":""fur"",""value"":""Skelly""}]"
114,6296448,0x026bfbcb8f6805c38237a1c0ab18f5087f1ffac946570b02d19f1e9fb805e241,"[{""trait_type"":""eyewear"",""value"":""Viper Glasses""},{""trait_type"":""Background"",""value"":""Orange""},{""trait_type"":""fur"",""value"":""Orange Tabby""},{""trait_type"":""hat"",""value"":""Witch Hat""},{""trait_type"":""mouth"",""value"":""Smile""},{""trait_type"":""eye_color"",""value"":""purple""}]"
113,6296447,0x5b8789e4ecb46eeb6ea2838da80c9329932c6168705619beadb4c8ace199c83d,"[{""trait_type"":""Background"",""value"":""Green""},{""trait_type"":""fur"",""value"":""Zombie_fur""},{""trait_type"":""piercing"",""value"":""Earring""}]"
112,6296446,0xc1b41e5c19bb5e18088511b5ce7281bda0dc03ad8188448bfee60b189e8edfe9,"[{""trait_type"":""Background"",""value"":""Blue""},{""trait_type"":""fur"",""value"":""Cream""},{""trait_type"":""clothing"",""value"":""Office Shirt""},{""trait_type"":""hat"",""value"":""Witch Hat""},{""trait_type"":""mouth"",""value"":""Vape""},{""trait_type"":""eye_color"",""value"":""Yellow""}]"
111,6296445,0xa1ad7e8adffa231c99784af1349c5361fa9dc3a497ad97545479c58c72c4282a,"[{""trait_type"":""Background"",""value"":""Windows""},{""trait_type"":""fur"",""value"":""Skelly""}]"
110,6296444,0x520a5830ae61d02c6c329659ad380a41c5f1f2edb8542b2a43e5d78044aa2df9,"[{""trait_type"":""Background"",""value"":""Red""},{""trait_type"":""fur"",""value"":""Frankie""},{""trait_type"":""clothing"",""value"":""Office Shirt""}]"
109,6296443,0x4f84d04e90764e99dfbf3bcd9eaa04bca56bc91348b608a3aefa0012441f1d7d,"[{""trait_type"":""eyewear"",""value"":""Red Noggles""},{""trait_type"":""Background"",""value"":""Orange""},{""trait_type"":""fur"",""value"":""Skelly""},{""trait_type"":""clothing"",""value"":""Red Tee""},{""trait_type"":""piercing"",""value"":""Earring""}]"
108,6296442,0xb93baa576ad70238d84ece1d284958a96d740bbfde4a14ee3d3a1cc043a69657,"[{""trait_type"":""eyewear"",""value"":""Viper Glasses""},{""trait_type"":""Background"",""value"":""Spookypurple""},{""trait_type"":""fur"",""value"":""Zombie_fur""}]"
107,6296441,0x7c0ca2e05710aba0d1b63fcab1605ee460d5a1ac5a0e5a11a84157f740d3559d,"[{""trait_type"":""eyewear"",""value"":""Deal With It""},{""trait_type"":""Background"",""value"":""Green""},{""trait_type"":""fur"",""value"":""Cool Blue""},{""trait_type"":""clothing"",""value"":""Blue Tee""},{""trait_type"":""hat"",""value"":""Witch Hat""},{""trait_type"":""mouth"",""value"":""Cig""},{""trait_type"":""eye_color"",""value"":""green""}]"
106,6296440,0xb7ff72115aedc35fd93d6495ca59ccca89dc239592cfc986e7e363960f61fed2,"[{""trait_type"":""eyewear"",""value"":""Bitcoin Maxi""},{""trait_type"":""Background"",""value"":""Orange""},{""trait_type"":""fur"",""value"":""Skelly""},{""trait_type"":""hat"",""value"":""Safari""}]"
105,6296439,0xe63c7f514dd746efaedcfa44efbd946cd884c9753b086fd80c39bac3c0c706c9,"[{""trait_type"":""Background"",""value"":""Spookypurple""},{""trait_type"":""fur"",""value"":""Frankie""},{""trait_type"":""clothing"",""value"":""Hawaiian Shirt""},{""trait_type"":""hat"",""value"":""Red Bucket Hat""}]"
104,6296438,0x5f9dbff56a54489ebebabcba129bd28c436dbd8defabd26e9becb7465dca6305,"[{""trait_type"":""Background"",""value"":""Orange""},{""trait_type"":""fur"",""value"":""Skelly""},{""trait_type"":""clothing"",""value"":""Red Tracksuit""}]"
103,6296437,0x8096703641bac5e0c9e7c8f83506f03b5613454c0db4ee8a70ca9de40c202f12,"[{""trait_type"":""eyewear"",""value"":""Bitcoin Maxi""},{""trait_type"":""Background"",""value"":""Yellow""},{""trait_type"":""fur"",""value"":""Cream""},{""trait_type"":""clothing"",""value"":""Red Tee""},{""trait_type"":""hat"",""value"":""Witch Hat""},{""trait_type"":""mouth"",""value"":""Cig""},{""trait_type"":""eye_color"",""value"":""orange""}]"
102,6296436,0x45bf41c40f2f225e4d82ae4d121bbf2b3bd27145811697ab30c4354428a37487,"[{""trait_type"":""eyewear"",""value"":""Morpheus""},{""trait_type"":""Background"",""value"":""Yellow""},{""trait_type"":""fur"",""value"":""Zombie_fur""},{""trait_type"":""clothing"",""value"":""Bomber""}]"
101,6296435,0xf890c57ab3a7234e150e59417ac94ead675ab36210bea3d32f35428d5a9ee17d,"[{""trait_type"":""eyewear"",""value"":""Viper Glasses""},{""trait_type"":""Background"",""value"":""Windows""},{""trait_type"":""fur"",""value"":""Frankie""},{""trait_type"":""clothing"",""value"":""Hawaiian Shirt""},{""trait_type"":""hat"",""value"":""Red Bucket Hat""}]"
100,6296434,0xe076ddb218c2da52062d7502c761b7d73834380b9c6099481b38e4dcc7246411,"[{""trait_type"":""eyewear"",""value"":""Viper Glasses""},{""trait_type"":""Background"",""value"":""Green""},{""trait_type"":""fur"",""value"":""Frankie""},{""trait_type"":""clothing"",""value"":""Blue Tracksuit""}]"
99,6296433,0xa97bd34691bbdc396a88ad1e537f9163709b4eff3e577cd8ab8f4b9b7bd4f09f,"[{""trait_type"":""Background"",""value"":""Yellow""},{""trait_type"":""fur"",""value"":""Skelly""}]"
98,6296432,0xe51272c1b37f3a3b5bb8f0f64b600837c0e430cb1b871952c1e0827c107a4623,"[{""trait_type"":""Background"",""value"":""Blue""},{""trait_type"":""fur"",""value"":""Frankie""},{""trait_type"":""hat"",""value"":""Fitted Cap""}]"
97,6296431,0xf3abf24201467dc211bd6d2e9c559da5cf314044cf195ab3c34059e80d7c3257,"[{""trait_type"":""eyewear"",""value"":""Nerd""},{""trait_type"":""Background"",""value"":""Spookypurple""},{""trait_type"":""fur"",""value"":""Orange Tabby""},{""trait_type"":""hat"",""value"":""Witch Hat""},{""trait_type"":""mouth"",""value"":""Vape""},{""trait_type"":""eye_color"",""value"":""yellow""}]"
96,6296430,0xb54cc777e0564bf2345ce7bd146404a712c959811395faafd2a1c32adabb2b49,"[{""trait_type"":""Background"",""value"":""Matrix""},{""trait_type"":""fur"",""value"":""Zombie_fur""},{""trait_type"":""hat"",""value"":""420 Bucket Hat""}]"
95,6296429,0x5a9e38d0ec2e0af344ee480a827708fd8c09318632124087ece53c8ce76219ad,"[{""trait_type"":""Background"",""value"":""Yellow""},{""trait_type"":""fur"",""value"":""Skelly""},{""trait_type"":""clothing"",""value"":""Silver Chain""},{""trait_type"":""piercing"",""value"":""Earring""}]"
94,6296428,0x701ca0436d360391b24ead2ab4793f3f49f49718ddbd1c37cb47fb2963199425,"[{""trait_type"":""eyewear"",""value"":""Red Noggles""},{""trait_type"":""Background"",""value"":""Matrix""},{""trait_type"":""fur"",""value"":""Cool Blue""},{""trait_type"":""hat"",""value"":""Witch Hat""},{""trait_type"":""mouth"",""value"":""Vape""},{""trait_type"":""eye_color"",""value"":""orange""}]"
93,6296427,0x049fd97ac314220bd43c84a0d80e0fc8c3610f93640c39f20bcd98e8be0f2887,"[{""trait_type"":""eyewear"",""value"":""Viper Glasses""},{""trait_type"":""Background"",""value"":""Orange""},{""trait_type"":""fur"",""value"":""Cream""},{""trait_type"":""clothing"",""value"":""Silver Chain""},{""trait_type"":""hat"",""value"":""Witch Hat""},{""trait_type"":""mouth"",""value"":""Cig""},{""trait_type"":""eye_color"",""value"":""purple""}]"
92,6296426,0x8d62661f2fec0ecc7064fc0cd71608d06d05112ea5414b834a2421a2f915a17f,"[{""trait_type"":""eyewear"",""value"":""Aviators""},{""trait_type"":""Background"",""value"":""Green""},{""trait_type"":""fur"",""value"":""Cool Blue""},{""trait_type"":""clothing"",""value"":""Red Tee""},{""trait_type"":""hat"",""value"":""Witch Hat""},{""trait_type"":""mouth"",""value"":""Mustache""},{""trait_type"":""eye_color"",""value"":""green""}]"
91,6296425,0x40925f66cae9c686c2674c9fdd01c99e1f0d724704f27ad435c4ac4c5cce27b4,"[{""trait_type"":""eyewear"",""value"":""Nerd""},{""trait_type"":""Background"",""value"":""Yellow""},{""trait_type"":""fur"",""value"":""Zombie_fur""},{""trait_type"":""clothing"",""value"":""Robe""}]"
90,6296424,0x9e6b577700dd354bff8a8bd17b354287831b17043b415766f2e0b27172aef341,"[{""trait_type"":""Background"",""value"":""Spookypurple""},{""trait_type"":""fur"",""value"":""Zombie_fur""},{""trait_type"":""clothing"",""value"":""Red Tracksuit""}]"
89,6296423,0x5f0d65fc5e9737f027fe652a5031e09e032db92c44795d9584ef78fe219bed76,"[{""trait_type"":""Background"",""value"":""Red""},{""trait_type"":""fur"",""value"":""Zombie_fur""},{""trait_type"":""clothing"",""value"":""Hacker""}]"
88,6296422,0x0f61372f443696424d8e89a2f1ba8af43e4c241a1851a53d6d86ddbe42f2f175,"[{""trait_type"":""eyewear"",""value"":""Morpheus""},{""trait_type"":""Background"",""value"":""Spookypurple""},{""trait_type"":""fur"",""value"":""Zombie_fur""},{""trait_type"":""clothing"",""value"":""Fashion Hoodie""}]"
87,6296421,0xe6a682b48c9ac396c4e48a0549337bef7d8c7948d04cc24824e7569c369f1fc4,"[{""trait_type"":""Background"",""value"":""Blue""},{""trait_type"":""fur"",""value"":""Zombie_fur""},{""trait_type"":""clothing"",""value"":""Space Suit""}]"
86,6296420,0xdc3190f1e2c3c12de90f79a4547a15a9cf730ac2cfaa79666d17d495962415f0,"[{""trait_type"":""Background"",""value"":""Green""},{""trait_type"":""fur"",""value"":""Frankie""},{""trait_type"":""clothing"",""value"":""Space Suit""},{""trait_type"":""hat"",""value"":""Fitted Cap""}]"
85,6296419,0x188d4f706d61ba351332c4507c017727db7bb8c7ed44a9122dbf7d09a9b7573d,"[{""trait_type"":""Background"",""value"":""Yellow""},{""trait_type"":""fur"",""value"":""Skelly""},{""trait_type"":""clothing"",""value"":""Robe""}]"
84,6296418,0x071a24b158cf49d084c86c4508bf5ee53418398900094879e59d305afc870658,"[{""trait_type"":""eyewear"",""value"":""Deal With It""},{""trait_type"":""Background"",""value"":""Green""},{""trait_type"":""fur"",""value"":""Zombie_fur""},{""trait_type"":""clothing"",""value"":""Office Shirt""}]"
83,6296417,0x0945a5498b17fa02b0e4aa0042674675408ef955538ce28d7d34a26186e1cbc8,"[{""trait_type"":""eyewear"",""value"":""Deal With It""},{""trait_type"":""Background"",""value"":""Spookypurple""},{""trait_type"":""fur"",""value"":""Zombie_fur""},{""trait_type"":""clothing"",""value"":""Hacker""}]"
82,6296416,0xc795c87f8a47c12b877e8dc529a2c8a3e1e49ec1558a416e1507589dd33efc72,"[{""trait_type"":""Background"",""value"":""Orange""},{""trait_type"":""fur"",""value"":""Cream""},{""trait_type"":""clothing"",""value"":""Red Tee""},{""trait_type"":""hat"",""value"":""Witch Hat""},{""trait_type"":""mouth"",""value"":""Smile""},{""trait_type"":""eye_color"",""value"":""Purple""}]"
81,6296415,0xc2d13c694aa1859e130d7d9d9b47e5b2860260d2169ed693feafb88a5618a84c,"[{""trait_type"":""Background"",""value"":""Yellow""},{""trait_type"":""fur"",""value"":""Zombie_fur""},{""trait_type"":""clothing"",""value"":""Blue Tee""}]"
80,6296414,0x34f301fe26730d967387fe6f027a3171494afaf37b95fcfd99bb063c66b2b75b,"[{""trait_type"":""Background"",""value"":""Green""},{""trait_type"":""fur"",""value"":""Frankie""},{""trait_type"":""clothing"",""value"":""Robe""}]"
79,6296413,0xe7f2496c47d1bce6a85d4277b1e66dfbc7cf8e835156491816c67d24a5e5fe1c,"[{""trait_type"":""eyewear"",""value"":""Aviators""},{""trait_type"":""Background"",""value"":""Blue""},{""trait_type"":""fur"",""value"":""Zombie_fur""}]"
78,6296412,0x8fb408064b30393e5b6d63a87b6b3ad501fbaa70d6723a6e934e3375a1fa5206,"[{""trait_type"":""Background"",""value"":""Red""},{""trait_type"":""fur"",""value"":""Zombie_fur""},{""trait_type"":""clothing"",""value"":""Blue Tracksuit""}]"
77,6296411,0x384870b825531fa89b9bdc5ba6455903dbca0cb81610d6585d4cbbb922d16899,"[{""trait_type"":""eyewear"",""value"":""Blue Noggles""},{""trait_type"":""Background"",""value"":""Spookypurple""},{""trait_type"":""fur"",""value"":""Frankie""},{""trait_type"":""clothing"",""value"":""Red Tracksuit""},{""trait_type"":""hat"",""value"":""420 Bucket Hat""}]"
76,6296410,0xe61b0fb65802e3a111dbd70e59e74090c4880e98dcb10b83ca8bc0f0c77c52b1,"[{""trait_type"":""Background"",""value"":""Blue""},{""trait_type"":""fur"",""value"":""Orange Tabby""},{""trait_type"":""hat"",""value"":""Witch Hat""},{""trait_type"":""mouth"",""value"":""Smile""},{""trait_type"":""eye_color"",""value"":""Blue""}]"
75,6296409,0xbb5f24a6acb8aed8b1470dd8bb119c964a2ca1f769c36e410c74db6149aa5ce0,"[{""trait_type"":""Background"",""value"":""Red""},{""trait_type"":""fur"",""value"":""Frankie""},{""trait_type"":""clothing"",""value"":""Space Suit""},{""trait_type"":""hat"",""value"":""Durag""}]"
74,6296408,0x7174280957dbd17887903ea98cc59e87020229255da783105c6796a547d016a0,"[{""trait_type"":""eyewear"",""value"":""Blue Noggles""},{""trait_type"":""Background"",""value"":""Yellow""},{""trait_type"":""fur"",""value"":""Zombie_fur""}]"
73,6296407,0x11def86c50bedf413eedd82627048725e137f22e4ce80c58cc10c8038ea41ef2,"[{""trait_type"":""Background"",""value"":""Spookypurple""},{""trait_type"":""fur"",""value"":""Siamese""},{""trait_type"":""hat"",""value"":""Witch Hat""},{""trait_type"":""mouth"",""value"":""Bored""},{""trait_type"":""eye_color"",""value"":""Orange""}]"
72,6296406,0xa874e1b18fc21663fe6e72d785e401b12faed8bbb198a741923941414595175b,"[{""trait_type"":""Background"",""value"":""Red""},{""trait_type"":""fur"",""value"":""Siamese""},{""trait_type"":""clothing"",""value"":""Hawaiian Shirt""},{""trait_type"":""hat"",""value"":""Witch Hat""},{""trait_type"":""mouth"",""value"":""Smile""},{""trait_type"":""eye_color"",""value"":""Blue""}]"
71,6296405,0xc25022bafd1b9c97badd6721adad3194960e9d71517c3e21add5b9bc1524c120,"[{""trait_type"":""Background"",""value"":""Yellow""},{""trait_type"":""fur"",""value"":""Cream""},{""trait_type"":""clothing"",""value"":""Red Tee""},{""trait_type"":""hat"",""value"":""Witch Hat""},{""trait_type"":""mouth"",""value"":""Vape""},{""trait_type"":""eye_color"",""value"":""Orange""}]"
70,6296404,0xdebb77682f9753a3138237e5465a12029587685cd2c642236669858132259576,"[{""trait_type"":""Background"",""value"":""Blue""},{""trait_type"":""fur"",""value"":""Skelly""},{""trait_type"":""clothing"",""value"":""Red Tee""}]"
69,6296403,0x19e5dd0a6fc8482b46c1598f1198ba824c4f30ef3738da7a6affb239bb08bc32,"[{""trait_type"":""eyewear"",""value"":""Aviators""},{""trait_type"":""Background"",""value"":""Orange""},{""trait_type"":""fur"",""value"":""Frankie""},{""trait_type"":""clothing"",""value"":""Blue Tracksuit""}]"
68,6296402,0x8e008f8cdf3076f9dffe15f0d3e08880e9d5af7f5a172d9ea301ee192636a0a6,"[{""trait_type"":""Background"",""value"":""Yellow""},{""trait_type"":""fur"",""value"":""Cream""},{""trait_type"":""clothing"",""value"":""Hawaiian Shirt""},{""trait_type"":""hat"",""value"":""Witch Hat""},{""trait_type"":""mouth"",""value"":""Cig""},{""trait_type"":""eye_color"",""value"":""Yellow""}]"
67,6296401,0x2354f206d04f522ed6cf34daff4797de26c7a7a431f4967bcc9f552243ff28be,"[{""trait_type"":""Background"",""value"":""Yellow""},{""trait_type"":""fur"",""value"":""Cream""},{""trait_type"":""clothing"",""value"":""Blue Tee""},{""trait_type"":""hat"",""value"":""Witch Hat""},{""trait_type"":""mouth"",""value"":""Vape""},{""trait_type"":""eye_color"",""value"":""Orange""}]"
66,6296400,0xd6bae48f978614cc7af466cd70993365b188255f0208a41b101675d5ad61d970,"[{""trait_type"":""Background"",""value"":""Orange""},{""trait_type"":""fur"",""value"":""Skelly""},{""trait_type"":""clothing"",""value"":""Bomber""}]"
65,6296399,0xe1b4fa273a39667ebee63d416e817eb5cedb8532cc91098fc8be82c237f91402,"[{""trait_type"":""Background"",""value"":""Blue""},{""trait_type"":""fur"",""value"":""Zombie_fur""},{""trait_type"":""clothing"",""value"":""Office Shirt""}]"
64,6296398,0x7ba1e6c6ef5b8f61801c59a0684839eaca7d6130f271a6a45b675ae331457d4a,"[{""trait_type"":""eyewear"",""value"":""Blue Noggles""},{""trait_type"":""Background"",""value"":""Orange""},{""trait_type"":""fur"",""value"":""Cool Blue""},{""trait_type"":""clothing"",""value"":""Red Tee""},{""trait_type"":""hat"",""value"":""Witch Hat""},{""trait_type"":""mouth"",""value"":""Bubble Gum""},{""trait_type"":""eye_color"",""value"":""green""}]"
63,6296397,0x5ef528a7d49a8fdb8a7c8e2b53332631e22e697e96b8247e70e6b6868dab71b9,"[{""trait_type"":""Background"",""value"":""Red""},{""trait_type"":""fur"",""value"":""Orange Tabby""},{""trait_type"":""clothing"",""value"":""Blue Tee""},{""trait_type"":""hat"",""value"":""Witch Hat""},{""trait_type"":""mouth"",""value"":""Bored""},{""trait_type"":""eye_color"",""value"":""Blue""}]"
62,6296396,0x483550096e557f20f604a14aa8e9d1f53bac19b72436fa11042fdc79ed6e2fdb,"[{""trait_type"":""eyewear"",""value"":""Viper Glasses""},{""trait_type"":""Background"",""value"":""Red""},{""trait_type"":""fur"",""value"":""Frankie""},{""trait_type"":""clothing"",""value"":""Red Tee""},{""trait_type"":""hat"",""value"":""Rainbow""}]"
61,6296395,0xc7f4468fccfd2b9a9d52658cd5c84d366773125bd72bcd7e53a1255a830baf4a,"[{""trait_type"":""eyewear"",""value"":""Deal With It""},{""trait_type"":""Background"",""value"":""Orange""},{""trait_type"":""fur"",""value"":""Orange Tabby""},{""trait_type"":""clothing"",""value"":""Tie Dye Tee""},{""trait_type"":""hat"",""value"":""Witch Hat""},{""trait_type"":""mouth"",""value"":""Cig""},{""trait_type"":""eye_color"",""value"":""yellow""}]"
60,6296394,0x3e93211cdec808ec675efc31ff4700a012161f54bf105153271dea265dd1d7bc,"[{""trait_type"":""Background"",""value"":""Green""},{""trait_type"":""fur"",""value"":""Frankie""},{""trait_type"":""clothing"",""value"":""Blue Tee""}]"
59,6296393,0xd08e7ecdd70d41e6d21e51072fb407468b53eca8ff7a5e1a0f47e2aced2019c1,"[{""trait_type"":""Background"",""value"":""Matrix""},{""trait_type"":""fur"",""value"":""Skelly""},{""trait_type"":""clothing"",""value"":""Tie Dye Tee""}]"
58,6296392,0x3907431cd87205b60c7a322c9553bd2a093f9cdec617bd0d6a3fe97eab10ca80,"[{""trait_type"":""Background"",""value"":""Spookypurple""},{""trait_type"":""fur"",""value"":""Skelly""},{""trait_type"":""clothing"",""value"":""Fashion Hoodie""}]"
57,6296391,0x4bd49e8ee4eac254e931c218f68b72aa6e38ac31c1e3d58b80de1f72caf422ea,"[{""trait_type"":""eyewear"",""value"":""Nerd""},{""trait_type"":""Background"",""value"":""Blue""},{""trait_type"":""fur"",""value"":""Zombie_fur""},{""trait_type"":""clothing"",""value"":""Blue Tee""}]"
56,6296390,0x297bf7274027570b2ab05acabb6a427c27bbc0433961a963e6b83bae9c30c37e,"[{""trait_type"":""eyewear"",""value"":""Morpheus""},{""trait_type"":""Background"",""value"":""Blue""},{""trait_type"":""fur"",""value"":""Zombie_fur""},{""trait_type"":""clothing"",""value"":""Red Tracksuit""},{""trait_type"":""hat"",""value"":""Red Bucket Hat""}]"
55,6296389,0x50119a798ded772c8e719a10e3a9ebbcec2e0571a3b8f9cc242819db4378856d,"[{""trait_type"":""eyewear"",""value"":""Viper Glasses""},{""trait_type"":""Background"",""value"":""Yellow""},{""trait_type"":""fur"",""value"":""Orange Tabby""},{""trait_type"":""clothing"",""value"":""Bomber""},{""trait_type"":""hat"",""value"":""Witch Hat""},{""trait_type"":""mouth"",""value"":""Smile""},{""trait_type"":""eye_color"",""value"":""green""}]"
54,6296388,0x2dac95db35f730292ee071f0736fad704dcde042a255bfbf25a0684291bd7b2d,"[{""trait_type"":""eyewear"",""value"":""Nerd""},{""trait_type"":""Background"",""value"":""Yellow""},{""trait_type"":""fur"",""value"":""Frankie""}]"
53,6296387,0xd41ce37d18b8786acf3da97c83100b5d3570cbfc79d4b848a633eb0a1b383344,"[{""trait_type"":""eyewear"",""value"":""Red Noggles""},{""trait_type"":""Background"",""value"":""Spookypurple""},{""trait_type"":""fur"",""value"":""Frankie""},{""trait_type"":""clothing"",""value"":""Frank_hood""}]"
52,6296386,0x3d82eba4ce3a947d3b3d65a8ed4a5025700fd9a5681bdccb711f355fc43a1515,"[{""trait_type"":""Background"",""value"":""Green""},{""trait_type"":""fur"",""value"":""Frankie""},{""trait_type"":""clothing"",""value"":""Tie Dye Tee""}]"
51,6296385,0x3960c8782b2d00a8c5a0d885c1b7c3ce20df446253fa9dad4ba72061b2dab94d,"[{""trait_type"":""Background"",""value"":""Red""},{""trait_type"":""fur"",""value"":""Cream""},{""trait_type"":""hat"",""value"":""Witch Hat""},{""trait_type"":""mouth"",""value"":""Cig""},{""trait_type"":""eye_color"",""value"":""Yellow""}]"
50,6296384,0x9bda5f4666990aa12b44c9d22a09e2bb7881230a3d67bb3f7c69a77e70937d67,"[{""trait_type"":""Background"",""value"":""Yellow""},{""trait_type"":""fur"",""value"":""Orange Tabby""},{""trait_type"":""clothing"",""value"":""Blue Tee""},{""trait_type"":""hat"",""value"":""Witch Hat""},{""trait_type"":""mouth"",""value"":""Smile""},{""trait_type"":""eye_color"",""value"":""Yellow""}]"
49,6296383,0x4a87929319b1af86ac603397c2033e505245553a9f5f929835e59ddcee7055ba,"[{""trait_type"":""eyewear"",""value"":""Aviators""},{""trait_type"":""Background"",""value"":""Blue""},{""trait_type"":""fur"",""value"":""Cream""},{""trait_type"":""hat"",""value"":""Witch Hat""},{""trait_type"":""mouth"",""value"":""Bored""},{""trait_type"":""eye_color"",""value"":""yellow""}]"
48,6296382,0x7c3b270005ef30854a6328c0017e7b76abb857658b949ac5e50178fa9bc0a9df,"[{""trait_type"":""Background"",""value"":""Space""},{""trait_type"":""fur"",""value"":""Zombie_fur""},{""trait_type"":""clothing"",""value"":""Blue Tee""}]"
47,6296381,0x4bccb449d34137a6c82a90b33eb61b33f9c84cfa9ea1d2178d799907e980b523,"[{""trait_type"":""eyewear"",""value"":""Blue Noggles""},{""trait_type"":""Background"",""value"":""Spookypurple""},{""trait_type"":""fur"",""value"":""Frankie""},{""trait_type"":""clothing"",""value"":""Frank_fashion""},{""trait_type"":""piercing"",""value"":""Earring""}]"
46,6296380,0x944bf6be311302161b42026fbad357f6e83170b0200b13973baaa9f4536db458,"[{""trait_type"":""Background"",""value"":""Blue""},{""trait_type"":""fur"",""value"":""Siamese""},{""trait_type"":""hat"",""value"":""Witch Hat""},{""trait_type"":""mouth"",""value"":""Cig""},{""trait_type"":""eye_color"",""value"":""Orange""}]"
45,6296379,0xf458e39efd41827de3f37e06d18869b1efec93778a9f0d03e9cbb804c165a434,"[{""trait_type"":""eyewear"",""value"":""Nerd""},{""trait_type"":""Background"",""value"":""Orange""},{""trait_type"":""fur"",""value"":""Zombie_fur""},{""trait_type"":""clothing"",""value"":""Blue Tee""},{""trait_type"":""piercing"",""value"":""Earring""}]"
44,6296378,0x76b72443d3b821dcc286669924c4947e188547739c8d1097c7f71ab6c332fd79,"[{""trait_type"":""eyewear"",""value"":""Blue Noggles""},{""trait_type"":""Background"",""value"":""Windows""},{""trait_type"":""fur"",""value"":""Skelly""}]"
43,6296377,0x586f45c421c3c7cafdac3a8bdf342e620d7ab3f4f233e9f89381a0ffaa1dcd6b,"[{""trait_type"":""eyewear"",""value"":""Nerd""},{""trait_type"":""Background"",""value"":""Green""},{""trait_type"":""fur"",""value"":""Frankie""}]"
42,6296376,0x9df4b005fcec979bd3f584287d74da6dcc3b81c406c2c6b5086821f1563e3b2a,"[{""trait_type"":""eyewear"",""value"":""Morpheus""},{""trait_type"":""Background"",""value"":""Spookypurple""},{""trait_type"":""fur"",""value"":""Frankie""}]"
41,6296375,0x087e030882de1828e5031a70363babe2dc6b4152c55725c7a178aa431503a7af,"[{""trait_type"":""eyewear"",""value"":""Viper Glasses""},{""trait_type"":""Background"",""value"":""Orange""},{""trait_type"":""fur"",""value"":""Zombie_fur""},{""trait_type"":""clothing"",""value"":""Hacker""}]"
40,6296374,0xa5e6ea60b13fb772f542dee38793be7b49f16ce5ebcf6171351e73f660949fd3,"[{""trait_type"":""Background"",""value"":""Spookypurple""},{""trait_type"":""fur"",""value"":""Frankie""},{""trait_type"":""clothing"",""value"":""Frank_fashion""}]"
39,6296373,0xdc12c2e97f8ad65a3118e920596705da1e5e4aa82b4d90a73a416b81eb116bf9,"[{""trait_type"":""eyewear"",""value"":""Morpheus""},{""trait_type"":""Background"",""value"":""Windows""},{""trait_type"":""fur"",""value"":""Skelly""}]"
38,6296372,0x456b18023b4324eebc4aa4810c173ad33c3775082f8a16476318c104ea9a2d93,"[{""trait_type"":""eyewear"",""value"":""Nerd""},{""trait_type"":""Background"",""value"":""Orange""},{""trait_type"":""fur"",""value"":""Siamese""},{""trait_type"":""hat"",""value"":""Witch Hat""},{""trait_type"":""mouth"",""value"":""Bored""},{""trait_type"":""eye_color"",""value"":""purple""}]"
37,6296371,0xe45e1f468e52de9cb2a075eba0382d2eb84d6fc5c4573df10a190a56e69e0971,"[{""trait_type"":""Background"",""value"":""Red""},{""trait_type"":""fur"",""value"":""Frankie""},{""trait_type"":""clothing"",""value"":""Hacker""}]"
36,6296370,0xb2906e8f49dfeadbb6f37a5661e5fe004c2fe2a41fe8a35d064b3788b340207d,"[{""trait_type"":""eyewear"",""value"":""Blue Noggles""},{""trait_type"":""Background"",""value"":""Orange""},{""trait_type"":""fur"",""value"":""Zombie_fur""},{""trait_type"":""clothing"",""value"":""Red Tee""}]"
35,6296369,0x8e1583e30fd59fc3e281a6a9adf1524585de90f616eb07ca680a45d707d76714,"[{""trait_type"":""eyewear"",""value"":""Blue Noggles""},{""trait_type"":""Background"",""value"":""Matrix""},{""trait_type"":""fur"",""value"":""Orange Tabby""},{""trait_type"":""clothing"",""value"":""Office Shirt""},{""trait_type"":""hat"",""value"":""Witch Hat""},{""trait_type"":""mouth"",""value"":""Bubble Gum""},{""trait_type"":""eye_color"",""value"":""blue""}]"
34,6296368,0x7cb0bde2348b2aa53652c3bed44e4e2e80846cc38de6afe01d4a709ed785db6b,"[{""trait_type"":""Background"",""value"":""This is Fine""},{""trait_type"":""fur"",""value"":""Siamese""},{""trait_type"":""hat"",""value"":""Witch Hat""},{""trait_type"":""mouth"",""value"":""Yawn""},{""trait_type"":""eye_color"",""value"":""Yellow""}]"
33,6296367,0x008f43f517a38af921de6da1205a921c4e0cd19b9790a043da147441e77e4e7a,"[{""trait_type"":""eyewear"",""value"":""Blue Noggles""},{""trait_type"":""Background"",""value"":""Blue""},{""trait_type"":""fur"",""value"":""Cream""},{""trait_type"":""clothing"",""value"":""Robe""},{""trait_type"":""hat"",""value"":""Witch Hat""},{""trait_type"":""mouth"",""value"":""Smile""},{""trait_type"":""eye_color"",""value"":""blue""}]"
32,6296366,0xff98d63c740387e153e36b62cf2dabb05971e69c6f678f9cec65ecf09f40f105,"[{""trait_type"":""eyewear"",""value"":""Deal With It""},{""trait_type"":""Background"",""value"":""Yellow""},{""trait_type"":""fur"",""value"":""Zombie_fur""},{""trait_type"":""clothing"",""value"":""Robe""}]"
31,6296365,0x1b6a8abea9c7eeea7264958f963274eeb5dd17bd3d173f1101bb2c6fb623abcf,"[{""trait_type"":""Background"",""value"":""Green""},{""trait_type"":""fur"",""value"":""Frankie""},{""trait_type"":""clothing"",""value"":""Hacker""}]"
30,6296364,0xb6358bdd4cf1e24f5ac57e8aad13b9a1a88d30cb830c214bb5c803db60abe7ae,"[{""trait_type"":""eyewear"",""value"":""Red Noggles""},{""trait_type"":""Background"",""value"":""Blue""},{""trait_type"":""fur"",""value"":""Zombie_fur""},{""trait_type"":""hat"",""value"":""Cowboy Hat""}]"
29,6296363,0x2d01e3a812875efed564fb4bc87c04017200cc871c87130bc124cbaf2eef8d06,"[{""trait_type"":""Background"",""value"":""Orange""},{""trait_type"":""fur"",""value"":""Zombie_fur""},{""trait_type"":""clothing"",""value"":""Blue Tee""}]"
28,6296362,0x232dd26b6ff47fdca20b930f1735d9f95be991956b69c1585f5a43c297b558f8,"[{""trait_type"":""eyewear"",""value"":""Blue Noggles""},{""trait_type"":""Background"",""value"":""Spookypurple""},{""trait_type"":""fur"",""value"":""Siamese""},{""trait_type"":""hat"",""value"":""Witch Hat""},{""trait_type"":""mouth"",""value"":""Bubble Gum""},{""trait_type"":""eye_color"",""value"":""green""}]"
27,6296361,0xdc64e015713540e43adcd69bde21faaa0fd54d7fe2720eb1f235a57db13e9114,"[{""trait_type"":""Background"",""value"":""Orange""},{""trait_type"":""fur"",""value"":""Orange Tabby""},{""trait_type"":""clothing"",""value"":""Tie Dye Tee""},{""trait_type"":""hat"",""value"":""Witch Hat""},{""trait_type"":""mouth"",""value"":""Bored""},{""trait_type"":""eye_color"",""value"":""Purple""}]"
26,6296360,0xe501fd68898579844b3136661ae649047de81eb1e51f75f1e9b62322d7fe0e3a,"[{""trait_type"":""Background"",""value"":""Spookypurple""},{""trait_type"":""fur"",""value"":""Zombie_fur""},{""trait_type"":""clothing"",""value"":""Red Tracksuit""},{""trait_type"":""hat"",""value"":""Rainbow""}]"
25,6296359,0xff0853754368df416b41a43ad6bd65cf00f1764cf3ac854c13eec5361beff2d2,"[{""trait_type"":""Background"",""value"":""Spookypurple""},{""trait_type"":""fur"",""value"":""Cream""},{""trait_type"":""hat"",""value"":""Witch Hat""},{""trait_type"":""mouth"",""value"":""Bubble Gum""},{""trait_type"":""eye_color"",""value"":""Blue""}]"
24,6296358,0xa482a9d5b1e618b2fc1f840563a38897f430dc36c98d778aebf643590f6596ca,"[{""trait_type"":""eyewear"",""value"":""Aviators""},{""trait_type"":""Background"",""value"":""Spookypurple""},{""trait_type"":""fur"",""value"":""Skelly""},{""trait_type"":""clothing"",""value"":""Fashion Hoodie""}]"
23,6296357,0xfc42242bc3b45836ac3bc07d229678fd48b28dc770e91afbe09b5c8e53e106dc,"[{""trait_type"":""Background"",""value"":""Red""},{""trait_type"":""fur"",""value"":""Orange Tabby""},{""trait_type"":""clothing"",""value"":""Red Tracksuit""},{""trait_type"":""hat"",""value"":""Witch Hat""},{""trait_type"":""mouth"",""value"":""Bored""},{""trait_type"":""eye_color"",""value"":""Green""}]"
22,6296356,0x20dbc68c98999e2d3876eeae9eac7d26f9402ebfd49fa3d177328def3a547b96,"[{""trait_type"":""eyewear"",""value"":""Deal With It""},{""trait_type"":""Background"",""value"":""Matrix""},{""trait_type"":""fur"",""value"":""Skelly""},{""trait_type"":""clothing"",""value"":""Hawaiian Shirt""}]"
21,6296355,0x2a08e2246bae173948cb59a5f1eee3bad527222877503d2f4f8905e418a7fbd5,"[{""trait_type"":""eyewear"",""value"":""Deal With It""},{""trait_type"":""Background"",""value"":""Blue""},{""trait_type"":""fur"",""value"":""Cream""},{""trait_type"":""hat"",""value"":""Witch Hat""},{""trait_type"":""mouth"",""value"":""Bored""},{""trait_type"":""eye_color"",""value"":""yellow""}]"
20,6296354,0x60892e11783187c9e5e61f791900de33faf80ef32cd68b49a56fe8cc0d8ca723,"[{""trait_type"":""Background"",""value"":""This is Fine""},{""trait_type"":""fur"",""value"":""Zombie_fur""}]"
19,6296353,0xc3fb18505b55fd5c99371f7935e5ac8b798da82881e175796f9c949b3622be84,"[{""trait_type"":""Background"",""value"":""Orange""},{""trait_type"":""fur"",""value"":""Zombie_fur""},{""trait_type"":""clothing"",""value"":""Red Tracksuit""},{""trait_type"":""hat"",""value"":""Orange Beanie""}]"
18,6296352,0xac3e3fd398f112a279a826433856b2fbaa715e635868e0f6151ba433a4308421,"[{""trait_type"":""eyewear"",""value"":""Red Noggles""},{""trait_type"":""Background"",""value"":""Red""},{""trait_type"":""fur"",""value"":""Zombie_fur""},{""trait_type"":""clothing"",""value"":""Hacker""},{""trait_type"":""piercing"",""value"":""Earring""}]"
17,6296351,0xb601013099f7858aba9e62b8fb70b8f79e62be00677dd0cead4bf5de21ed7604,"[{""trait_type"":""eyewear"",""value"":""Deal With It""},{""trait_type"":""Background"",""value"":""Blue""},{""trait_type"":""fur"",""value"":""Skelly""},{""trait_type"":""clothing"",""value"":""Tie Dye Tee""},{""trait_type"":""hat"",""value"":""Golden Headphones""}]"
16,6296350,0x6e3ac75cb01fc06d4444c876d3cdec9ba2770ae279ecab8827276eb75f7468c4,"[{""trait_type"":""Background"",""value"":""Blue""},{""trait_type"":""fur"",""value"":""Zombie_fur""},{""trait_type"":""clothing"",""value"":""Office Shirt""},{""trait_type"":""hat"",""value"":""Snapback""}]"
15,6296349,0xbad28e695b4a38cca7062fd7d51a845c4dd36c9e5a1b6ae6c0ff81a24522b3a7,"[{""trait_type"":""Background"",""value"":""This is Fine""},{""trait_type"":""fur"",""value"":""Frankie""}]"
14,6296348,0xf3f970bd3f90a9bb847620f1f4de6de50237cbd69574b954dd971c7be395312d,"[{""trait_type"":""Background"",""value"":""Red""},{""trait_type"":""fur"",""value"":""Zombie_fur""}]"
13,6296347,0x27d9f2645c2d880e7fbeef80870c00f5f2717989f032466633056ba23622e087,"[{""trait_type"":""eyewear"",""value"":""Bitcoin Maxi""},{""trait_type"":""Background"",""value"":""Spookypurple""},{""trait_type"":""fur"",""value"":""Skelly""},{""trait_type"":""clothing"",""value"":""Fashion Hoodie""}]"
12,6296346,0xde45358a345581f385561bdb9fb955c31def2a80a8e32c6c0616a2fcc47a2cb5,"[{""trait_type"":""eyewear"",""value"":""Morpheus""},{""trait_type"":""Background"",""value"":""Green""},{""trait_type"":""fur"",""value"":""Zombie_fur""},{""trait_type"":""clothing"",""value"":""Space Suit""}]"
11,6296345,0xa5990098972ee23b2e1738475db8893102359bec4c0a5f74127a7acf14618881,"[{""trait_type"":""Background"",""value"":""Matrix""},{""trait_type"":""fur"",""value"":""Zombie_fur""},{""trait_type"":""clothing"",""value"":""Blue Tee""}]"
10,6296344,0xd1465cb93ae1eb280319c6b25c7a8900a6b7925da41e1a2d8feb733ca9870720,"[{""trait_type"":""Background"",""value"":""Yellow""},{""trait_type"":""fur"",""value"":""Zombie_fur""},{""trait_type"":""clothing"",""value"":""Tie Dye Tee""},{""trait_type"":""hat"",""value"":""Sports Headband""}]"
9,6296343,0xd66fe5e041bb6c57ccbc3f4327aa7d3cb76fb816df6a5e3025b5c8e2b1653fe8,"[{""trait_type"":""Background"",""value"":""Spookypurple""},{""trait_type"":""fur"",""value"":""Zombie_fur""},{""trait_type"":""clothing"",""value"":""Hawaiian Shirt""}]"
8,6296342,0x21d9f76dfab66f1ffcac3e98e033bfc7b6c1dc365d639b78958595fc0cba8aac,"[{""trait_type"":""Background"",""value"":""Green""},{""trait_type"":""fur"",""value"":""Zombie_fur""},{""trait_type"":""clothing"",""value"":""Blue Tracksuit""}]"
7,6296341,0x63670dfad5f1411418b74f6b395eed57a841f4ef9fcdb24e1100917979384970,"[{""trait_type"":""eyewear"",""value"":""Blue Noggles""},{""trait_type"":""Background"",""value"":""Green""},{""trait_type"":""fur"",""value"":""Skelly""},{""trait_type"":""clothing"",""value"":""Office Shirt""},{""trait_type"":""hat"",""value"":""Wizard Hat""}]"
6,6296340,0xd863b88724517cfa1c9f35f2dba7ceb14c89cb13106f28264fce1d90d2a80914,"[{""trait_type"":""eyewear"",""value"":""Deal With It""},{""trait_type"":""Background"",""value"":""Orange""},{""trait_type"":""fur"",""value"":""Skelly""}]"
5,6296339,0x3b4385e82d2022e5380610e9814bd96be9d6b492c704e433da7f2e711c73ffff,"[{""trait_type"":""Background"",""value"":""Spookypurple""},{""trait_type"":""fur"",""value"":""Gold_skelly""},{""trait_type"":""clothing"",""value"":""Robe""},{""trait_type"":""hat"",""value"":""Golf""}]"
4,6296338,0x4d1a982781a181bcb6e8e4662485376bec4c6142e9e8d7c682ae79d739c73178,"[{""trait_type"":""Background"",""value"":""Red""},{""trait_type"":""fur"",""value"":""Zombie_fur""},{""trait_type"":""clothing"",""value"":""Hawaiian Shirt""}]"
3,6296337,0xbeb3937e1f69cb157daf4ae48f836c98fc1548d191ded7a66ef6ee4ff4e29a96,"[{""trait_type"":""Background"",""value"":""This is Fine""},{""trait_type"":""fur"",""value"":""Zombie_fur""},{""trait_type"":""clothing"",""value"":""Bomber""}]"
2,6296336,0x43e55efd40d60ee06d924400638f7e2d4955c603ac7fd1e6900f1c31ac3fd7c5,"[{""trait_type"":""eyewear"",""value"":""Nerd""},{""trait_type"":""Background"",""value"":""Red""},{""trait_type"":""fur"",""value"":""Zombie_fur""},{""trait_type"":""clothing"",""value"":""Robe""}]"
1,6296335,0xd352af87d0adf3c95da5f750d2e72125241b12a0eaf01778ac88492dc39c3efe,"[{""trait_type"":""eyewear"",""value"":""Aviators""},{""trait_type"":""Background"",""value"":""Orange""},{""trait_type"":""fur"",""value"":""Skelly""},{""trait_type"":""clothing"",""value"":""Blue Tee""}]"
0,6296328,0xe1a02e343b9db0da5299721f16d96356ecdfafccf266161123dd0dc24024965e,"[{""trait_type"":""eyewear"",""value"":""Blue Noggles""},{""trait_type"":""Background"",""value"":""Green""},{""trait_type"":""fur"",""value"":""Skelly""},{""trait_type"":""clothing"",""value"":""Office Shirt""}]"
